season,week,game_id,team,opp,third_att,third_conv,fourth_att,fourth_conv,first_downs,penalties,penalty_yards,sacks_taken,sacks_made,explosive,rz_trips,rz_td,pass_att,completions,rush_yards,pass_yards
2016,1,2016_01_BUF_BAL,BAL,BUF,15,6,1,0,18,6,35,4,2,3,2,1,33,22,83,225
2016,1,2016_01_BUF_BAL,BUF,BAL,13,3,2,2,10,8,89,2,4,1,1,1,22,15,65,95
2016,1,2016_01_CAR_DEN,CAR,DEN,15,9,0,0,21,8,85,3,2,1,3,2,33,18,157,176
2016,1,2016_01_CAR_DEN,DEN,CAR,10,5,1,1,21,4,22,2,3,5,4,3,26,18,148,159
2016,1,2016_01_CHI_HOU,CHI,HOU,13,4,2,0,14,4,30,5,2,2,2,2,29,16,73,185
2016,1,2016_01_CHI_HOU,HOU,CHI,20,12,0,0,17,6,69,2,5,4,5,2,35,22,129,215
2016,1,2016_01_CIN_NYJ,CIN,NYJ,11,3,0,0,18,5,44,7,1,6,4,2,30,23,57,324
2016,1,2016_01_CIN_NYJ,NYJ,CIN,12,4,0,0,22,7,95,1,7,3,5,2,35,19,152,188
2016,1,2016_01_CLE_PHI,CLE,PHI,10,2,2,0,14,4,15,3,2,4,2,1,26,12,120,168
2016,1,2016_01_CLE_PHI,PHI,CLE,15,5,1,1,23,7,46,2,3,3,5,3,37,22,133,270
2016,1,2016_01_DET_IND,DET,IND,9,5,0,0,27,8,70,1,2,4,5,5,39,31,116,332
2016,1,2016_01_DET_IND,IND,DET,16,9,0,0,24,5,45,2,1,4,4,4,48,31,82,370
2016,1,2016_01_GB_JAX,GB,JAX,14,7,1,1,18,5,24,1,3,4,5,3,34,20,95,199
2016,1,2016_01_GB_JAX,JAX,GB,15,4,4,3,20,9,79,3,1,6,4,2,39,24,48,300
2016,1,2016_01_LA_SF,LA,SF,15,3,2,1,10,9,87,2,0,2,0,0,35,17,65,120
2016,1,2016_01_LA_SF,SF,LA,17,8,2,1,25,2,10,0,2,1,4,4,35,22,150,170
2016,1,2016_01_MIA_SEA,MIA,SEA,14,3,1,0,11,4,40,5,3,3,3,1,29,16,64,150
2016,1,2016_01_MIA_SEA,SEA,MIA,16,5,3,2,21,8,69,3,5,2,3,1,43,27,112,240
2016,1,2016_01_MIN_TEN,MIN,TEN,14,6,0,0,15,3,39,0,2,3,5,0,33,18,65,236
2016,1,2016_01_MIN_TEN,TEN,MIN,14,8,0,0,19,2,10,2,0,2,3,2,42,25,64,252
2016,1,2016_01_NE_ARI,ARI,NE,12,6,0,0,21,6,58,3,2,4,3,3,37,24,92,252
2016,1,2016_01_NE_ARI,NE,ARI,16,10,0,0,19,8,69,2,3,4,3,2,33,24,106,257
2016,1,2016_01_NYG_DAL,DAL,NYG,17,10,0,0,24,6,50,0,2,1,3,1,45,25,101,227
2016,1,2016_01_NYG_DAL,NYG,DAL,10,5,0,0,18,4,40,2,0,3,3,3,28,19,113,203
2016,1,2016_01_OAK_NO,LV,NO,11,4,0,0,25,14,141,0,1,7,5,4,41,24,167,321
2016,1,2016_01_OAK_NO,NO,LV,11,4,1,1,27,7,53,1,0,6,7,4,42,28,88,419
2016,1,2016_01_PIT_WAS,PIT,WAS,14,9,2,2,23,4,81,1,0,5,5,5,37,27,147,290
2016,1,2016_01_PIT_WAS,WAS,PIT,10,3,2,0,18,9,55,0,1,3,5,1,43,30,55,329
2016,1,2016_01_SD_KC,KC,LAC,14,5,2,2,25,6,46,3,1,5,5,4,48,34,83,330
2016,1,2016_01_SD_KC,LAC,KC,15,7,0,0,25,5,30,1,3,4,5,3,36,25,155,233
2016,1,2016_01_TB_ATL,ATL,TB,13,3,2,1,19,7,74,3,0,4,5,2,40,27,52,324
2016,1,2016_01_TB_ATL,TB,ATL,9,3,0,0,20,6,48,0,3,5,5,4,32,23,90,281
2016,2,2016_02_ATL_OAK,ATL,LV,10,5,0,0,27,7,72,1,1,7,7,4,34,26,141,389
2016,2,2016_02_ATL_OAK,LV,ATL,12,5,2,1,29,9,58,1,1,3,4,4,45,34,155,299
2016,2,2016_02_BAL_CLE,BAL,CLE,16,10,1,0,21,4,29,0,3,5,2,2,45,25,80,302
2016,2,2016_02_BAL_CLE,CLE,BAL,15,8,1,1,17,8,59,3,0,4,4,3,33,20,145,242
2016,2,2016_02_CIN_PIT,CIN,PIT,16,4,1,1,20,5,31,1,1,7,4,1,54,31,46,366
2016,2,2016_02_CIN_PIT,PIT,CIN,17,7,1,0,19,5,54,1,1,4,3,3,37,19,124,250
2016,2,2016_02_DAL_WAS,DAL,WAS,12,6,1,1,24,6,39,4,2,5,5,3,30,22,102,278
2016,2,2016_02_DAL_WAS,WAS,DAL,12,5,1,0,23,8,51,2,4,5,6,2,46,28,82,350
2016,2,2016_02_GB_MIN,GB,MIN,13,6,1,0,20,6,72,5,4,2,3,2,36,20,83,180
2016,2,2016_02_GB_MIN,MIN,GB,14,4,2,1,14,13,137,4,5,3,3,2,31,22,30,254
2016,2,2016_02_IND_DEN,DEN,IND,11,5,0,0,24,8,54,1,5,2,7,1,34,22,134,268
2016,2,2016_02_IND_DEN,IND,DEN,14,6,1,1,18,8,94,5,1,3,2,2,40,21,83,170
2016,2,2016_02_JAX_SD,JAX,LAC,11,2,2,1,20,13,88,2,3,6,3,2,50,31,69,319
2016,2,2016_02_JAX_SD,LAC,JAX,13,7,0,0,25,3,23,3,2,5,7,5,25,17,150,207
2016,2,2016_02_KC_HOU,HOU,KC,15,4,1,1,15,5,44,2,4,4,5,1,33,19,97,254
2016,2,2016_02_KC_HOU,KC,HOU,14,3,0,0,14,9,77,4,2,4,2,0,37,20,119,172
2016,2,2016_02_MIA_NE,MIA,NE,10,5,1,0,23,5,49,0,2,7,4,3,45,32,70,387
2016,2,2016_02_MIA_NE,NE,MIA,14,7,0,0,28,7,65,2,0,5,5,4,35,24,161,302
2016,2,2016_02_NO_NYG,NO,NYG,13,3,0,0,16,7,76,2,2,2,3,2,44,29,41,247
2016,2,2016_02_NO_NYG,NYG,NO,15,7,1,0,22,3,25,2,2,4,5,0,41,32,64,353
2016,2,2016_02_NYJ_BUF,BUF,NYJ,10,3,2,1,16,6,59,0,1,4,4,3,31,19,86,307
2016,2,2016_02_NYJ_BUF,NYJ,BUF,13,8,0,0,27,7,50,1,0,8,7,4,34,24,123,370
2016,2,2016_02_PHI_CHI,CHI,PHI,10,4,1,0,16,7,60,3,2,3,4,1,29,21,64,220
2016,2,2016_02_PHI_CHI,PHI,CHI,15,3,3,3,20,5,34,2,3,3,6,3,34,21,100,180
2016,2,2016_02_SEA_LA,LA,SEA,12,3,0,0,17,9,78,3,2,3,1,0,30,18,64,219
2016,2,2016_02_SEA_LA,SEA,LA,13,4,0,0,17,10,114,2,3,2,1,0,35,22,67,239
2016,2,2016_02_SF_CAR,CAR,SF,15,7,0,0,26,8,65,1,2,6,7,4,40,24,176,353
2016,2,2016_02_SF_CAR,SF,CAR,14,4,1,0,16,6,50,2,1,3,6,3,36,17,65,237
2016,2,2016_02_TB_ARI,ARI,TB,14,6,0,0,20,3,30,1,3,6,7,4,34,18,105,311
2016,2,2016_02_TB_ARI,TB,ARI,13,5,1,0,21,5,39,3,1,2,1,1,52,27,85,221
2016,2,2016_02_TEN_DET,DET,TEN,16,7,0,0,22,17,138,4,3,7,3,1,40,22,137,238
2016,2,2016_02_TEN_DET,TEN,DET,12,5,1,1,22,12,83,3,4,5,2,2,34,25,139,224
2016,3,2016_03_ARI_BUF,ARI,BUF,15,5,1,0,25,8,50,5,4,3,4,3,51,26,88,260
2016,3,2016_03_ARI_BUF,BUF,ARI,13,4,0,0,16,9,75,4,5,5,5,3,25,14,208,89
2016,3,2016_03_ATL_NO,ATL,NO,11,5,2,2,25,4,35,2,2,6,8,5,30,20,217,225
2016,3,2016_03_ATL_NO,NO,ATL,13,7,2,1,31,5,75,2,2,7,5,5,54,36,117,359
2016,3,2016_03_BAL_JAX,BAL,JAX,13,3,1,1,18,8,58,2,4,2,2,1,40,29,84,199
2016,3,2016_03_BAL_JAX,JAX,BAL,16,6,0,0,14,7,75,4,2,1,2,2,38,24,48,168
2016,3,2016_03_CHI_DAL,CHI,DAL,10,2,1,1,21,6,45,1,0,6,4,2,49,30,78,312
2016,3,2016_03_CHI_DAL,DAL,CHI,11,5,1,1,25,4,45,0,1,3,4,4,24,19,199,248
2016,3,2016_03_CLE_MIA,CLE,MIA,15,4,0,0,21,13,91,4,1,7,7,1,39,24,169,263
2016,3,2016_03_CLE_MIA,MIA,CLE,10,2,0,0,23,8,67,1,4,5,5,4,39,25,115,311
2016,3,2016_03_DEN_CIN,CIN,DEN,12,5,1,0,20,9,69,4,2,4,4,2,31,21,143,189
2016,3,2016_03_DEN_CIN,DEN,CIN,12,6,0,0,21,5,41,2,4,3,5,4,35,23,52,303
2016,3,2016_03_DET_GB,DET,GB,14,8,1,1,22,4,86,3,2,6,5,3,41,28,50,368
2016,3,2016_03_DET_GB,GB,DET,10,5,0,0,17,4,45,2,3,3,5,4,24,15,123,201
2016,3,2016_03_HOU_NE,HOU,NE,15,6,3,0,19,6,43,2,1,0,0,0,41,24,109,175
2016,3,2016_03_HOU_NE,NE,HOU,14,4,0,0,15,3,15,1,2,4,5,3,19,11,185,97
2016,3,2016_03_LA_TB,LA,TB,13,6,0,0,18,8,69,1,2,3,5,4,26,14,137,183
2016,3,2016_03_LA_TB,TB,LA,16,8,2,2,30,9,80,2,1,5,7,5,60,36,83,389
2016,3,2016_03_MIN_CAR,CAR,MIN,16,6,2,0,18,10,65,8,2,4,1,1,36,22,105,201
2016,3,2016_03_MIN_CAR,MIN,CAR,12,3,0,0,13,6,42,2,8,0,5,1,28,18,60,153
2016,3,2016_03_NYJ_KC,KC,NYJ,15,7,1,0,18,5,59,2,0,2,5,1,33,25,72,221
2016,3,2016_03_NYJ_KC,NYJ,KC,14,7,2,1,17,3,15,0,2,2,4,0,44,20,117,188
2016,3,2016_03_OAK_TEN,LV,TEN,13,5,0,0,17,8,58,1,1,6,2,2,35,21,123,245
2016,3,2016_03_OAK_TEN,TEN,LV,12,2,1,0,19,8,70,1,1,4,3,1,33,17,181,212
2016,3,2016_03_PIT_PHI,PHI,PIT,10,4,0,0,25,10,99,0,4,4,6,4,31,23,125,301
2016,3,2016_03_PIT_PHI,PIT,PHI,11,4,2,0,14,7,77,4,0,4,3,0,44,24,29,222
2016,3,2016_03_SD_IND,IND,LAC,9,2,1,1,24,10,66,2,2,3,5,3,38,24,93,317
2016,3,2016_03_SD_IND,LAC,IND,11,4,0,0,17,10,80,2,2,5,5,1,39,26,37,315
2016,3,2016_03_SF_SEA,SEA,SF,14,9,0,0,18,6,50,2,0,5,7,4,32,22,127,291
2016,3,2016_03_SF_SEA,SF,SEA,15,4,1,1,12,4,35,0,2,2,3,2,25,14,137,119
2016,3,2016_03_WAS_NYG,NYG,WAS,9,4,0,0,26,11,128,2,2,6,6,3,38,25,120,337
2016,3,2016_03_WAS_NYG,WAS,NYG,16,7,1,1,20,8,70,2,2,6,6,2,36,22,90,313
2016,4,2016_04_BUF_NE,BUF,NE,15,7,0,0,23,6,60,2,3,2,2,1,39,27,134,244
2016,4,2016_04_BUF_NE,NE,BUF,12,1,3,2,13,9,74,3,2,1,1,0,27,17,90,187
2016,4,2016_04_CAR_ATL,ATL,CAR,13,8,0,0,25,8,77,3,1,7,8,5,37,28,90,481
2016,4,2016_04_CAR_ATL,CAR,ATL,16,7,1,1,20,6,55,1,3,5,4,3,49,31,49,331
2016,4,2016_04_CLE_WAS,CLE,WAS,12,8,1,0,26,7,101,1,3,0,3,2,40,28,163,217
2016,4,2016_04_CLE_WAS,WAS,CLE,8,4,0,0,24,9,75,3,1,4,5,4,27,21,145,156
2016,4,2016_04_DAL_SF,DAL,SF,14,6,0,0,26,6,45,2,1,4,4,3,32,23,194,234
2016,4,2016_04_DAL_SF,SF,DAL,14,8,1,0,14,5,32,1,2,5,3,2,23,16,106,189
2016,4,2016_04_DEN_TB,DEN,TB,13,3,0,0,22,9,88,4,5,2,5,3,31,19,89,218
2016,4,2016_04_DEN_TB,TB,DEN,16,5,1,0,15,9,69,5,4,1,1,1,35,17,72,143
2016,4,2016_04_DET_CHI,CHI,DET,13,5,1,0,23,8,55,2,2,2,3,2,36,28,114,294
2016,4,2016_04_DET_CHI,DET,CHI,12,4,0,0,16,10,76,2,2,1,2,0,37,23,66,199
2016,4,2016_04_IND_JAX,IND,JAX,17,9,2,0,23,7,78,6,3,2,3,3,42,27,94,190
2016,4,2016_04_IND_JAX,JAX,IND,11,3,1,1,23,11,145,3,6,1,4,3,33,19,136,195
2016,4,2016_04_KC_PIT,KC,PIT,17,8,3,2,22,7,40,4,2,2,4,2,50,30,87,270
2016,4,2016_04_KC_PIT,PIT,KC,11,6,0,0,18,9,68,2,4,6,6,6,28,22,149,289
2016,4,2016_04_LA_ARI,ARI,LA,13,6,0,0,25,6,45,3,2,6,3,1,47,27,118,302
2016,4,2016_04_LA_ARI,LA,ARI,14,6,1,0,12,9,84,2,3,5,3,2,30,18,41,247
2016,4,2016_04_MIA_CIN,CIN,MIA,15,3,1,1,18,6,40,1,5,4,4,1,31,22,77,285
2016,4,2016_04_MIA_CIN,MIA,CIN,11,2,1,0,8,7,68,5,1,2,1,1,25,15,62,160
2016,4,2016_04_NO_SD,LAC,NO,13,6,1,0,21,5,46,3,2,4,6,4,43,28,38,308
2016,4,2016_04_NO_SD,NO,LAC,18,11,1,1,21,6,34,2,3,2,5,5,36,23,83,192
2016,4,2016_04_NYG_MIN,MIN,NYG,16,8,0,0,22,6,37,0,0,5,3,3,36,26,104,262
2016,4,2016_04_NYG_MIN,NYG,MIN,12,2,2,0,17,8,69,0,0,1,2,1,45,25,78,261
2016,4,2016_04_OAK_BAL,BAL,LV,17,5,2,1,25,10,105,2,0,3,4,3,54,32,130,282
2016,4,2016_04_OAK_BAL,LV,BAL,12,3,0,0,13,12,93,0,2,2,4,4,35,25,62,199
2016,4,2016_04_SEA_NYJ,NYJ,SEA,15,7,1,1,20,7,60,4,2,1,3,2,41,23,58,247
2016,4,2016_04_SEA_NYJ,SEA,NYJ,10,3,0,0,20,7,71,2,4,6,5,3,32,23,66,288
2016,4,2016_04_TEN_HOU,HOU,TEN,12,5,1,0,20,6,59,1,1,3,4,2,37,25,115,244
2016,4,2016_04_TEN_HOU,TEN,HOU,15,7,1,0,16,11,93,1,1,4,3,2,29,13,124,196
2016,5,2016_05_ARI_SF,ARI,SF,16,5,0,0,17,7,50,1,7,4,6,4,28,11,172,116
2016,5,2016_05_ARI_SF,SF,ARI,14,4,1,1,25,4,34,7,1,2,3,3,31,18,151,135
2016,5,2016_05_ATL_DEN,ATL,DEN,12,2,3,2,19,7,78,2,6,5,4,2,28,15,122,250
2016,5,2016_05_ATL_DEN,DEN,ATL,16,4,4,4,17,8,57,6,2,1,2,1,35,23,84,183
2016,5,2016_05_BUF_LA,BUF,LA,12,4,0,0,15,7,60,2,4,4,6,3,23,12,193,112
2016,5,2016_05_BUF_LA,LA,BUF,12,4,2,0,23,6,40,4,2,6,4,1,31,21,102,243
2016,5,2016_05_CHI_IND,CHI,IND,9,2,1,0,24,10,80,0,5,5,4,2,43,33,125,397
2016,5,2016_05_CHI_IND,IND,CHI,12,3,1,1,20,9,68,5,0,8,4,2,39,28,98,298
2016,5,2016_05_CIN_DAL,CIN,DAL,12,5,1,1,27,6,49,4,1,2,2,2,41,29,96,249
2016,5,2016_05_CIN_DAL,DAL,CIN,8,4,0,0,21,7,45,1,4,4,5,4,24,18,180,222
2016,5,2016_05_HOU_MIN,HOU,MIN,13,1,1,0,16,4,15,4,2,2,3,1,42,19,59,155
2016,5,2016_05_HOU_MIN,MIN,HOU,14,7,0,0,22,9,97,2,4,5,6,3,30,22,96,255
2016,5,2016_05_NE_CLE,CLE,NE,13,5,1,0,16,5,35,2,1,3,2,2,36,20,27,235
2016,5,2016_05_NE_CLE,NE,CLE,17,9,1,0,24,5,61,1,2,6,6,4,41,28,98,403
2016,5,2016_05_NYG_GB,GB,NYG,19,9,0,0,22,6,57,0,4,4,4,2,45,23,147,259
2016,5,2016_05_NYG_GB,NYG,GB,13,4,0,0,14,6,51,4,0,1,2,1,35,18,43,178
2016,5,2016_05_NYJ_PIT,NYJ,PIT,11,2,1,0,16,4,18,3,1,1,2,1,38,25,72,244
2016,5,2016_05_NYJ_PIT,PIT,NYJ,10,5,1,0,30,1,10,1,3,2,5,4,47,34,61,375
2016,5,2016_05_PHI_DET,DET,PHI,9,3,2,2,19,2,18,4,3,2,4,3,25,19,80,164
2016,5,2016_05_PHI_DET,PHI,DET,11,5,0,0,18,14,111,3,4,4,3,2,33,25,116,230
2016,5,2016_05_SD_OAK,LAC,LV,8,2,1,0,17,4,38,2,3,7,6,4,30,21,72,351
2016,5,2016_05_SD_OAK,LV,LAC,14,5,1,1,20,6,36,3,2,5,5,3,41,25,89,302
2016,5,2016_05_TB_CAR,CAR,TB,8,1,1,1,20,7,60,0,2,6,4,2,28,18,136,278
2016,5,2016_05_TB_CAR,TB,CAR,15,6,0,0,20,5,40,2,0,2,5,1,31,18,113,204
2016,5,2016_05_TEN_MIA,MIA,TEN,11,4,0,0,8,8,83,6,0,3,3,1,18,12,51,149
2016,5,2016_05_TEN_MIA,TEN,MIA,12,5,1,0,22,5,40,0,6,4,4,4,29,20,235,163
2016,5,2016_05_WAS_BAL,BAL,WAS,15,3,3,1,18,9,65,3,1,2,3,1,47,30,118,188
2016,5,2016_05_WAS_BAL,WAS,BAL,12,3,2,1,18,4,46,1,3,3,4,1,41,29,60,250
2016,6,2016_06_ATL_SEA,ATL,SEA,11,3,2,1,22,8,66,4,1,4,4,3,42,27,52,310
2016,6,2016_06_ATL_SEA,SEA,ATL,14,5,0,0,21,3,30,1,4,3,5,3,37,25,72,261
2016,6,2016_06_BAL_NYG,BAL,NYG,18,5,2,1,21,15,111,2,1,4,6,2,48,26,98,293
2016,6,2016_06_BAL_NYG,NYG,BAL,14,4,3,3,19,7,119,1,2,4,5,3,46,32,38,397
2016,6,2016_06_CAR_NO,CAR,NO,11,3,1,1,32,5,51,2,1,3,6,5,48,27,103,305
2016,6,2016_06_CAR_NO,NO,CAR,16,8,1,1,23,10,126,1,2,6,6,5,49,34,63,460
2016,6,2016_06_CIN_NE,CIN,NE,12,5,2,1,20,7,46,2,3,5,5,2,31,21,120,237
2016,6,2016_06_CIN_NE,NE,CIN,10,4,1,1,24,6,55,3,2,6,5,4,35,29,79,358
2016,6,2016_06_CLE_TEN,CLE,TEN,14,3,2,2,16,11,69,6,2,4,4,3,43,27,40,301
2016,6,2016_06_CLE_TEN,TEN,CLE,13,7,0,0,19,7,96,2,6,5,4,4,24,17,137,270
2016,6,2016_06_DAL_GB,DAL,GB,11,3,1,1,24,7,60,2,1,6,6,3,27,18,191,233
2016,6,2016_06_DAL_GB,GB,DAL,13,7,1,0,23,5,23,1,2,3,4,1,42,31,78,294
2016,6,2016_06_DEN_SD,DEN,LAC,15,6,1,0,16,12,103,2,2,1,3,1,50,30,84,220
2016,6,2016_06_DEN_SD,LAC,DEN,13,3,1,1,15,3,20,2,2,3,6,2,29,18,99,166
2016,6,2016_06_IND_HOU,HOU,IND,11,5,0,0,26,7,59,1,3,4,5,3,39,25,158,256
2016,6,2016_06_IND_HOU,IND,HOU,14,5,1,0,19,7,42,3,1,6,6,2,32,21,161,231
2016,6,2016_06_JAX_CHI,CHI,JAX,17,7,1,0,22,10,87,1,2,2,4,1,49,30,92,297
2016,6,2016_06_JAX_CHI,JAX,CHI,10,2,0,0,20,5,50,2,1,3,4,2,33,20,54,263
2016,6,2016_06_KC_OAK,KC,LV,13,7,0,0,22,2,10,1,2,5,6,3,23,19,183,223
2016,6,2016_06_KC_OAK,LV,KC,10,4,2,0,16,3,25,2,1,2,2,1,34,22,64,221
2016,6,2016_06_LA_DET,DET,LA,11,6,2,2,20,7,62,1,1,3,5,4,31,23,83,265
2016,6,2016_06_LA_DET,LA,DET,9,6,1,0,23,8,62,1,1,3,5,4,32,27,76,311
2016,6,2016_06_NYJ_ARI,ARI,NYJ,11,6,0,0,28,9,64,0,1,1,4,4,35,24,171,225
2016,6,2016_06_NYJ_ARI,NYJ,ARI,13,2,2,1,11,10,83,1,0,2,2,0,37,20,33,197
2016,6,2016_06_PHI_WAS,PHI,WAS,12,4,0,0,12,13,114,5,0,4,4,1,22,11,94,145
2016,6,2016_06_PHI_WAS,WAS,PHI,13,7,0,0,26,9,75,0,5,8,5,3,34,18,230,263
2016,6,2016_06_PIT_MIA,MIA,PIT,14,7,0,0,22,8,95,0,2,6,7,3,32,24,222,252
2016,6,2016_06_PIT_MIA,PIT,MIA,11,3,1,0,15,6,65,2,0,2,3,2,36,19,128,171
2016,6,2016_06_SF_BUF,BUF,SF,13,8,0,0,29,7,71,3,3,7,6,6,27,16,313,179
2016,6,2016_06_SF_BUF,SF,BUF,13,3,2,0,15,6,52,3,3,2,3,1,29,13,133,167
2016,7,2016_07_BAL_NYJ,BAL,NYJ,14,3,1,0,11,4,35,2,5,3,1,0,44,25,11,234
2016,7,2016_07_BAL_NYJ,NYJ,BAL,16,6,1,0,16,4,25,5,2,5,5,3,22,13,155,189
2016,7,2016_07_BUF_MIA,BUF,MIA,13,3,0,0,16,6,45,4,1,3,4,3,29,14,67,202
2016,7,2016_07_BUF_MIA,MIA,BUF,12,5,0,0,26,13,116,1,4,4,5,3,26,15,256,200
2016,7,2016_07_CHI_GB,CHI,GB,8,2,0,0,13,10,108,1,2,3,1,0,26,10,69,120
2016,7,2016_07_CHI_GB,GB,CHI,16,9,2,1,32,9,56,2,1,3,6,3,56,39,103,303
2016,7,2016_07_CLE_CIN,CIN,CLE,10,5,0,0,23,3,30,3,2,7,5,4,28,19,271,288
2016,7,2016_07_CLE_CIN,CLE,CIN,14,6,0,0,22,5,35,2,3,3,3,2,35,21,180,172
2016,7,2016_07_HOU_DEN,DEN,HOU,11,3,0,0,19,7,83,0,1,2,5,3,25,14,190,157
2016,7,2016_07_HOU_DEN,HOU,DEN,18,7,2,0,14,2,15,1,0,1,1,0,41,22,140,131
2016,7,2016_07_IND_TEN,IND,TEN,10,4,0,0,26,12,131,2,3,8,6,3,39,27,81,341
2016,7,2016_07_IND_TEN,TEN,IND,15,9,0,0,25,6,38,3,2,3,3,3,38,22,124,207
2016,7,2016_07_MIN_PHI,MIN,PHI,19,9,3,1,18,6,46,6,0,4,4,1,41,24,93,189
2016,7,2016_07_MIN_PHI,PHI,MIN,11,4,1,1,15,7,53,0,6,2,4,2,28,16,103,138
2016,7,2016_07_NE_PIT,NE,PIT,12,7,0,0,20,4,40,0,0,3,4,4,26,19,140,222
2016,7,2016_07_NE_PIT,PIT,NE,16,5,2,1,17,10,85,0,0,3,4,1,47,29,94,281
2016,7,2016_07_NO_KC,KC,NO,9,3,0,0,19,4,30,0,1,2,3,2,24,17,112,214
2016,7,2016_07_NO_KC,NO,KC,14,9,0,0,27,10,75,1,0,4,4,3,48,37,104,359
2016,7,2016_07_NYG_LA,LA,NYG,19,9,1,1,20,8,43,3,0,4,4,1,53,32,74,271
2016,7,2016_07_NYG_LA,NYG,LA,13,4,0,0,13,3,33,0,3,3,3,1,37,24,36,196
2016,7,2016_07_OAK_JAX,JAX,LV,13,4,0,0,18,12,97,1,0,5,5,1,43,23,105,239
2016,7,2016_07_OAK_JAX,LV,JAX,18,8,1,1,19,11,117,0,1,4,5,3,37,23,144,200
2016,7,2016_07_SD_ATL,ATL,LAC,12,6,1,0,21,9,70,3,4,4,5,2,34,22,130,256
2016,7,2016_07_SD_ATL,LAC,ATL,16,9,1,1,26,3,14,4,3,5,5,3,45,27,78,348
2016,7,2016_07_SEA_ARI,ARI,SEA,21,10,1,0,23,6,45,4,1,5,3,0,49,29,132,311
2016,7,2016_07_SEA_ARI,SEA,ARI,14,3,0,0,11,10,90,1,4,2,2,0,37,24,52,205
2016,7,2016_07_TB_SF,SF,TB,15,6,1,1,20,4,31,4,2,1,3,2,34,16,160,113
2016,7,2016_07_TB_SF,TB,SF,14,6,1,0,25,7,78,2,4,6,6,4,30,21,249,264
2016,7,2016_07_WAS_DET,DET,WAS,9,3,0,0,18,4,30,3,2,5,3,2,29,18,94,250
2016,7,2016_07_WAS_DET,WAS,DET,15,9,0,0,26,4,20,2,3,3,4,2,39,30,130,283
2016,8,2016_08_ARI_CAR,ARI,CAR,12,4,1,1,22,9,78,8,1,2,3,3,47,35,24,316
2016,8,2016_08_ARI_CAR,CAR,ARI,14,6,2,1,19,5,40,1,8,4,5,2,27,14,141,208
2016,8,2016_08_DET_HOU,DET,HOU,11,3,1,0,19,8,75,1,3,2,2,1,41,27,58,231
2016,8,2016_08_DET_HOU,HOU,DET,15,6,1,1,20,6,49,3,1,2,5,2,29,20,105,164
2016,8,2016_08_GB_ATL,ATL,GB,9,4,1,1,25,7,46,2,3,2,5,4,35,28,90,277
2016,8,2016_08_GB_ATL,GB,ATL,10,6,1,0,24,6,68,3,2,4,5,4,38,28,110,223
2016,8,2016_08_JAX_TEN,JAX,TEN,13,6,1,0,27,7,75,2,0,4,4,3,54,33,50,322
2016,8,2016_08_JAX_TEN,TEN,JAX,15,9,0,0,24,7,54,0,2,5,7,4,23,19,214,280
2016,8,2016_08_KC_IND,IND,KC,13,4,2,1,18,5,45,6,3,2,2,2,35,19,105,172
2016,8,2016_08_KC_IND,KC,IND,16,7,0,0,20,6,40,3,6,6,6,3,41,25,88,334
2016,8,2016_08_MIN_CHI,CHI,MIN,14,7,0,0,19,2,20,1,5,5,4,2,31,20,158,245
2016,8,2016_08_MIN_CHI,MIN,CHI,13,2,2,2,15,1,10,5,1,4,2,1,37,23,57,201
2016,8,2016_08_NE_BUF,BUF,NE,13,4,4,2,25,12,84,2,5,6,5,3,41,20,167,211
2016,8,2016_08_NE_BUF,NE,BUF,13,9,0,0,22,10,116,5,2,3,6,5,33,22,72,285
2016,8,2016_08_NYJ_CLE,CLE,NYJ,16,8,0,0,22,2,10,1,2,6,4,3,52,27,68,341
2016,8,2016_08_NYJ_CLE,NYJ,CLE,15,7,1,1,21,5,37,2,1,6,5,4,34,16,171,222
2016,8,2016_08_OAK_TB,LV,TB,18,7,1,1,27,23,200,2,2,10,4,3,59,40,128,498
2016,8,2016_08_OAK_TB,TB,LV,13,4,0,0,18,6,64,2,2,1,4,3,33,16,102,170
2016,8,2016_08_PHI_DAL,DAL,PHI,14,4,2,2,26,11,84,2,3,6,6,3,40,19,187,273
2016,8,2016_08_PHI_DAL,PHI,DAL,15,6,0,0,21,5,40,3,2,0,4,2,44,32,97,194
2016,8,2016_08_SD_DEN,DEN,LAC,15,5,1,0,15,6,45,1,4,4,7,2,38,20,57,267
2016,8,2016_08_SD_DEN,LAC,DEN,17,7,2,0,21,8,52,4,1,4,4,2,48,20,123,246
2016,8,2016_08_SEA_NO,NO,SEA,15,9,0,0,27,2,10,2,1,3,6,2,36,27,123,252
2016,8,2016_08_SEA_NO,SEA,NO,11,5,1,0,15,11,76,1,2,4,4,1,36,23,74,285
2016,8,2016_08_WAS_CIN,CIN,WAS,15,8,0,0,35,7,85,3,1,2,5,4,42,27,152,263
2016,8,2016_08_WAS_CIN,WAS,CIN,17,8,2,0,28,15,106,1,3,7,6,3,56,38,100,446
2016,9,2016_09_ATL_TB,ATL,TB,10,6,0,0,31,6,34,2,2,9,6,5,35,25,136,325
2016,9,2016_09_ATL_TB,TB,ATL,14,8,2,1,23,11,85,2,2,3,4,4,49,33,70,328
2016,9,2016_09_BUF_SEA,BUF,SEA,17,12,1,0,29,11,115,5,4,3,5,3,39,27,164,263
2016,9,2016_09_BUF_SEA,SEA,BUF,7,2,0,0,19,10,75,4,5,2,4,4,26,20,33,245
2016,9,2016_09_CAR_LA,CAR,LA,15,6,0,0,16,5,35,5,4,2,3,1,32,20,59,185
2016,9,2016_09_CAR_LA,LA,CAR,14,4,3,2,18,10,109,4,5,3,2,1,46,27,59,280
2016,9,2016_09_DAL_CLE,CLE,DAL,9,1,1,1,13,5,33,4,0,1,2,1,27,19,45,177
2016,9,2016_09_DAL_CLE,DAL,CLE,12,8,2,2,29,4,38,0,4,3,6,5,28,22,168,255
2016,9,2016_09_DEN_OAK,DEN,LV,11,3,1,0,13,12,104,2,2,5,2,2,37,18,33,266
2016,9,2016_09_DEN_OAK,LV,DEN,14,5,0,0,30,8,72,2,2,4,6,3,31,20,218,179
2016,9,2016_09_DET_MIN,DET,MIN,14,7,0,0,18,6,57,1,2,5,1,1,36,23,97,214
2016,9,2016_09_DET_MIN,MIN,DET,14,6,2,1,22,8,54,2,1,2,5,2,40,31,78,259
2016,9,2016_09_IND_GB,GB,IND,12,4,0,0,25,4,25,3,2,6,5,3,44,26,116,289
2016,9,2016_09_IND_GB,IND,GB,14,7,0,0,22,4,35,2,3,4,6,4,36,23,85,270
2016,9,2016_09_JAX_KC,JAX,KC,13,5,2,0,24,5,46,2,2,4,3,2,41,22,205,244
2016,9,2016_09_JAX_KC,KC,JAX,14,1,1,1,10,7,60,2,2,3,4,1,33,20,62,169
2016,9,2016_09_NO_SF,NO,SF,17,11,0,0,29,4,40,1,1,6,7,5,39,28,248,323
2016,9,2016_09_NO_SF,SF,NO,9,2,2,0,19,9,78,1,1,6,4,2,39,24,93,393
2016,9,2016_09_NYJ_MIA,MIA,NYJ,11,5,1,0,20,8,85,1,3,4,6,3,29,17,137,137
2016,9,2016_09_NYJ_MIA,NYJ,MIA,10,3,0,0,18,10,77,3,1,7,6,2,29,18,140,191
2016,9,2016_09_PHI_NYG,NYG,PHI,13,4,1,0,15,5,30,1,2,4,4,4,36,22,54,248
2016,9,2016_09_PHI_NYG,PHI,NYG,15,3,4,1,21,4,43,2,1,7,6,2,47,27,96,347
2016,9,2016_09_PIT_BAL,BAL,PIT,17,4,0,0,13,10,94,3,2,2,3,1,32,19,50,226
2016,9,2016_09_PIT_BAL,PIT,BAL,16,4,2,1,15,14,99,2,3,5,3,2,45,23,36,241
2016,9,2016_09_TEN_SD,LAC,TEN,11,5,0,0,31,14,107,1,0,3,9,3,33,24,208,268
2016,9,2016_09_TEN_SD,TEN,LAC,11,5,1,1,23,8,57,0,1,5,5,5,43,27,80,313
2016,10,2016_10_ATL_PHI,ATL,PHI,11,2,1,0,11,8,67,2,2,4,3,1,33,18,48,255
2016,10,2016_10_ATL_PHI,PHI,ATL,14,5,1,0,25,10,77,2,2,5,4,2,36,25,210,221
2016,10,2016_10_CHI_TB,CHI,TB,11,2,0,0,14,9,74,4,4,2,3,1,30,16,122,161
2016,10,2016_10_CHI_TB,TB,CHI,15,8,0,0,22,9,85,4,4,3,6,3,33,23,80,280
2016,10,2016_10_CIN_NYG,CIN,NYG,11,2,0,0,12,9,60,3,1,3,4,2,29,16,78,186
2016,10,2016_10_CIN_NYG,NYG,CIN,14,6,2,1,22,2,15,1,3,4,3,3,44,28,122,229
2016,10,2016_10_CLE_BAL,BAL,CLE,12,7,0,0,28,6,61,2,4,4,5,3,42,30,119,279
2016,10,2016_10_CLE_BAL,CLE,BAL,10,2,0,0,11,3,35,4,2,2,1,1,31,17,33,111
2016,10,2016_10_DAL_PIT,DAL,PIT,13,7,0,0,20,10,98,2,1,3,6,4,34,22,127,295
2016,10,2016_10_DAL_PIT,PIT,DAL,10,4,0,0,30,4,40,1,2,6,5,4,50,37,48,400
2016,10,2016_10_DEN_NO,DEN,NO,19,11,0,0,24,1,10,6,1,0,5,2,40,25,103,234
2016,10,2016_10_DEN_NO,NO,DEN,9,4,0,0,19,3,25,1,6,6,4,3,29,21,80,293
2016,10,2016_10_GB_TEN,GB,TEN,15,4,4,2,21,11,92,5,1,5,5,3,55,32,69,333
2016,10,2016_10_GB_TEN,TEN,GB,14,7,1,0,19,7,65,1,5,7,7,6,28,20,154,292
2016,10,2016_10_HOU_JAX,HOU,JAX,15,7,1,0,16,4,89,1,2,1,3,2,27,14,181,92
2016,10,2016_10_HOU_JAX,JAX,HOU,17,10,1,0,23,4,49,2,1,0,2,2,50,32,80,249
2016,10,2016_10_KC_CAR,CAR,KC,14,6,1,1,22,6,53,2,3,3,3,2,38,23,99,242
2016,10,2016_10_KC_CAR,KC,CAR,12,2,1,1,18,9,45,3,2,1,4,0,39,25,91,167
2016,10,2016_10_LA_NYJ,LA,NYJ,17,6,0,0,16,7,55,3,1,4,3,0,30,17,125,155
2016,10,2016_10_LA_NYJ,NYJ,LA,12,4,0,0,16,4,31,1,3,3,1,1,32,19,139,157
2016,10,2016_10_MIA_SD,LAC,MIA,11,6,0,0,28,4,29,3,1,4,4,3,44,23,70,309
2016,10,2016_10_MIA_SD,MIA,LAC,10,4,0,0,16,10,69,1,3,5,5,3,24,17,106,231
2016,10,2016_10_MIN_WAS,MIN,WAS,11,5,1,0,22,4,35,3,1,5,3,3,40,31,47,284
2016,10,2016_10_MIN_WAS,WAS,MIN,12,6,0,0,23,4,35,1,3,3,5,2,33,22,128,260
2016,10,2016_10_SEA_NE,NE,SEA,10,6,1,0,25,7,61,2,3,5,5,3,32,23,81,304
2016,10,2016_10_SEA_NE,SEA,NE,12,6,0,0,23,8,60,3,2,5,7,3,38,25,96,324
2016,10,2016_10_SF_ARI,ARI,SF,14,7,0,0,25,2,10,2,3,5,5,2,49,30,80,363
2016,10,2016_10_SF_ARI,SF,ARI,17,7,1,1,15,9,100,3,2,4,2,2,30,17,83,198
2016,11,2016_11_ARI_MIN,ARI,MIN,13,4,1,0,24,8,96,4,2,2,5,4,38,20,135,155
2016,11,2016_11_ARI_MIN,MIN,ARI,13,6,1,0,14,10,73,2,4,2,6,3,28,20,72,145
2016,11,2016_11_BAL_DAL,BAL,DAL,9,3,0,0,17,12,136,1,1,4,2,2,35,23,101,267
2016,11,2016_11_BAL_DAL,DAL,BAL,12,7,0,0,27,5,45,1,1,2,5,3,36,27,118,299
2016,11,2016_11_BUF_CIN,BUF,CIN,12,3,1,1,20,9,75,2,1,3,3,1,27,19,183,159
2016,11,2016_11_BUF_CIN,CIN,BUF,15,8,0,0,22,4,25,1,2,2,2,2,43,24,93,207
2016,11,2016_11_CHI_NYG,CHI,NYG,12,4,0,0,17,5,40,4,0,5,2,2,30,17,93,222
2016,11,2016_11_CHI_NYG,NYG,CHI,14,5,2,2,19,4,35,0,4,3,3,3,36,21,102,227
2016,11,2016_11_GB_WAS,GB,WAS,15,7,2,1,19,6,59,2,2,6,5,3,44,27,84,340
2016,11,2016_11_GB_WAS,WAS,GB,14,9,1,1,21,6,40,2,2,6,7,6,30,21,151,364
2016,11,2016_11_HOU_OAK,HOU,LV,16,8,2,1,22,7,101,2,0,4,5,2,39,26,124,230
2016,11,2016_11_HOU_OAK,LV,HOU,11,4,2,1,14,4,21,0,2,4,6,3,31,21,30,295
2016,11,2016_11_JAX_DET,DET,JAX,14,5,0,0,14,5,32,3,0,3,4,1,33,24,14,263
2016,11,2016_11_JAX_DET,JAX,DET,14,4,0,0,16,4,25,0,3,3,3,2,35,22,83,202
2016,11,2016_11_MIA_LA,LA,MIA,13,2,1,1,12,8,70,1,4,3,1,1,31,17,102,125
2016,11,2016_11_MIA_LA,MIA,LA,11,1,0,0,15,8,82,4,1,1,2,2,34,24,98,142
2016,11,2016_11_NE_SF,NE,SF,16,8,1,1,27,5,40,1,5,6,6,4,40,24,171,273
2016,11,2016_11_NE_SF,SF,NE,14,5,0,0,20,9,63,5,1,2,3,2,30,16,122,177
2016,11,2016_11_NO_CAR,CAR,NO,17,7,0,0,16,6,45,2,3,2,3,2,33,14,50,173
2016,11,2016_11_NO_CAR,NO,CAR,13,4,2,2,28,6,48,3,2,3,5,2,44,35,107,264
2016,11,2016_11_PHI_SEA,PHI,SEA,16,6,3,1,20,8,48,2,1,2,2,2,46,23,113,197
2016,11,2016_11_PHI_SEA,SEA,PHI,15,5,0,0,18,7,48,1,2,6,5,3,32,19,152,287
2016,11,2016_11_PIT_CLE,CLE,PIT,15,4,5,5,16,9,52,8,0,5,3,1,41,21,33,176
2016,11,2016_11_PIT_CLE,PIT,CLE,12,5,1,1,24,8,70,0,8,1,5,1,37,23,146,169
2016,11,2016_11_TB_KC,KC,TB,8,4,0,0,19,5,30,0,1,3,4,2,31,24,82,261
2016,11,2016_11_TB_KC,TB,KC,16,11,0,0,26,7,42,1,0,3,5,1,39,24,116,326
2016,11,2016_11_TEN_IND,IND,TEN,12,5,1,1,18,8,70,2,5,4,3,3,28,15,76,251
2016,11,2016_11_TEN_IND,TEN,IND,14,5,3,1,20,11,109,5,2,4,3,2,38,25,97,254
2016,12,2016_12_ARI_ATL,ARI,ATL,11,4,2,1,23,8,60,2,3,2,3,2,46,25,58,274
2016,12,2016_12_ARI_ATL,ATL,ARI,9,4,1,1,28,4,23,3,2,4,5,5,34,26,116,244
2016,12,2016_12_CAR_OAK,CAR,LV,10,3,1,0,19,7,67,2,1,4,5,5,31,14,129,229
2016,12,2016_12_CAR_OAK,LV,CAR,15,8,0,0,22,7,46,1,2,4,6,3,40,26,56,312
2016,12,2016_12_CIN_BAL,BAL,CIN,16,5,2,1,16,8,69,2,3,1,3,1,36,25,92,219
2016,12,2016_12_CIN_BAL,CIN,BAL,16,5,1,1,21,2,15,3,2,5,5,1,48,26,64,261
2016,12,2016_12_GB_PHI,GB,PHI,14,10,1,1,25,7,51,0,4,5,5,3,39,30,74,313
2016,12,2016_12_GB_PHI,PHI,GB,11,5,1,0,20,7,42,4,0,3,1,1,36,24,81,211
2016,12,2016_12_JAX_BUF,BUF,JAX,12,5,1,1,15,6,31,5,2,3,4,4,18,12,155,151
2016,12,2016_12_JAX_BUF,JAX,BUF,15,8,1,0,20,6,60,2,5,3,3,3,26,13,183,118
2016,12,2016_12_KC_DEN,DEN,KC,20,9,1,1,20,15,97,5,6,6,5,3,34,20,124,340
2016,12,2016_12_KC_DEN,KC,DEN,17,5,1,1,23,9,71,6,5,1,5,3,45,26,83,192
2016,12,2016_12_LA_NO,LA,NO,10,2,1,0,13,6,62,3,2,3,3,3,32,20,69,178
2016,12,2016_12_LA_NO,NO,LA,13,6,2,2,27,6,45,2,3,9,8,7,37,29,209,346
2016,12,2016_12_MIN_DET,DET,MIN,14,6,2,0,18,4,16,2,0,3,3,1,40,23,94,214
2016,12,2016_12_MIN_DET,MIN,DET,10,2,1,0,17,5,40,0,2,3,3,1,37,31,82,224
2016,12,2016_12_NE_NYJ,NE,NYJ,14,4,1,1,26,2,15,0,1,4,5,2,51,30,91,286
2016,12,2016_12_NE_NYJ,NYJ,NE,11,5,0,0,16,6,66,1,0,6,2,2,32,22,64,269
2016,12,2016_12_NYG_CLE,CLE,NYG,14,3,2,1,20,5,35,7,1,4,3,1,44,25,58,285
2016,12,2016_12_NYG_CLE,NYG,CLE,13,4,0,0,13,9,100,1,7,4,4,3,27,15,104,192
2016,12,2016_12_PIT_IND,IND,PIT,15,8,4,2,18,2,10,3,0,2,3,1,37,23,91,219
2016,12,2016_12_PIT_IND,PIT,IND,11,7,0,0,16,7,67,0,3,6,4,4,21,14,148,221
2016,12,2016_12_SD_HOU,HOU,LAC,11,4,2,1,22,9,58,1,1,3,2,1,37,22,114,239
2016,12,2016_12_SD_HOU,LAC,HOU,11,4,0,0,17,10,78,1,1,3,3,3,30,22,67,235
2016,12,2016_12_SEA_TB,SEA,TB,11,1,1,1,16,2,27,6,0,1,1,0,33,17,127,118
2016,12,2016_12_SEA_TB,TB,SEA,11,4,0,0,19,7,68,0,6,3,3,2,28,21,118,220
2016,12,2016_12_SF_MIA,MIA,SF,12,6,0,0,19,4,42,2,2,3,5,4,30,20,95,263
2016,12,2016_12_SF_MIA,SF,MIA,14,7,2,2,25,7,65,2,2,5,5,3,46,29,193,282
2016,12,2016_12_TEN_CHI,CHI,TEN,17,9,3,1,25,7,48,0,0,4,6,3,54,28,95,316
2016,12,2016_12_TEN_CHI,TEN,CHI,11,5,0,0,18,6,118,0,0,6,5,3,23,15,149,226
2016,12,2016_12_WAS_DAL,DAL,WAS,8,4,0,0,23,3,25,1,0,4,4,4,24,17,163,190
2016,12,2016_12_WAS_DAL,WAS,DAL,15,8,2,2,25,3,30,0,1,7,6,3,54,41,56,449
2016,13,2016_13_BUF_OAK,BUF,LV,15,9,0,0,24,7,58,4,0,3,5,3,35,18,212,170
2016,13,2016_13_BUF_OAK,LV,BUF,13,5,0,0,24,7,65,0,4,6,5,4,36,19,139,262
2016,13,2016_13_CAR_SEA,CAR,SEA,12,5,1,0,14,6,63,0,3,4,2,1,33,14,89,182
2016,13,2016_13_CAR_SEA,SEA,CAR,14,7,1,0,27,6,37,3,0,7,8,4,39,28,240,294
2016,13,2016_13_DAL_MIN,DAL,MIN,9,1,0,0,13,10,78,3,3,2,2,2,18,12,140,124
2016,13,2016_13_DAL_MIN,MIN,DAL,16,6,0,0,21,8,57,3,3,2,3,1,48,33,87,231
2016,13,2016_13_DEN_JAX,DEN,JAX,13,1,0,0,10,4,32,2,1,1,3,1,24,12,104,102
2016,13,2016_13_DEN_JAX,JAX,DEN,18,6,2,1,19,6,65,1,2,2,1,1,42,19,154,179
2016,13,2016_13_DET_NO,DET,NO,12,5,0,0,24,6,39,2,1,3,6,2,43,30,85,337
2016,13,2016_13_DET_NO,NO,DET,13,6,0,0,20,10,83,1,2,5,3,1,44,31,50,319
2016,13,2016_13_HOU_GB,GB,HOU,12,4,2,1,16,4,30,1,2,3,4,3,30,20,109,200
2016,13,2016_13_HOU_GB,HOU,GB,15,6,2,1,17,3,12,2,1,3,2,2,35,22,123,187
2016,13,2016_13_IND_NYJ,IND,NYJ,13,7,1,0,26,3,28,1,1,6,8,5,29,23,139,282
2016,13,2016_13_IND_NYJ,NYJ,IND,11,3,2,1,12,6,90,1,1,2,2,1,37,16,36,214
2016,13,2016_13_KC_ATL,ATL,KC,10,6,1,0,31,5,30,2,1,4,6,3,36,22,128,290
2016,13,2016_13_KC_ATL,KC,ATL,10,3,2,2,17,13,128,1,2,7,4,3,25,21,123,266
2016,13,2016_13_LA_NE,LA,NE,12,1,1,1,7,4,30,4,0,1,1,1,32,14,36,126
2016,13,2016_13_LA_NE,NE,LA,16,4,2,2,20,8,46,0,4,3,3,2,46,33,133,269
2016,13,2016_13_MIA_BAL,BAL,MIA,11,5,2,2,28,7,68,0,2,4,5,5,50,37,110,386
2016,13,2016_13_MIA_BAL,MIA,BAL,13,4,0,0,16,7,57,2,0,2,2,1,41,29,62,215
2016,13,2016_13_NYG_PIT,NYG,PIT,11,4,3,0,16,4,24,2,2,3,4,2,39,24,56,178
2016,13,2016_13_NYG_PIT,PIT,NYG,15,7,1,1,20,12,115,2,2,5,5,2,38,24,117,272
2016,13,2016_13_PHI_CIN,CIN,PHI,14,7,0,0,20,3,23,0,1,5,7,3,31,23,80,332
2016,13,2016_13_PHI_CIN,PHI,CIN,17,8,5,3,22,10,88,1,0,2,2,2,60,36,53,306
2016,13,2016_13_SF_CHI,CHI,SF,14,6,0,0,19,5,40,1,6,6,5,3,18,11,142,184
2016,13,2016_13_SF_CHI,SF,CHI,14,4,0,0,10,11,106,6,1,0,2,0,15,5,141,6
2016,13,2016_13_TB_SD,LAC,TB,8,4,0,0,18,6,45,2,1,3,3,3,26,15,119,211
2016,13,2016_13_TB_SD,TB,LAC,13,5,1,1,20,6,35,1,2,4,6,2,31,20,81,270
2016,13,2016_13_WAS_ARI,ARI,WAS,16,10,1,1,24,6,51,2,2,4,5,4,46,30,88,281
2016,13,2016_13_WAS_ARI,WAS,ARI,11,5,0,0,19,7,35,2,2,4,3,2,37,21,87,246
2016,14,2016_14_ARI_MIA,ARI,MIA,13,4,0,0,21,7,54,3,1,2,5,3,34,18,175,127
2016,14,2016_14_ARI_MIA,MIA,ARI,13,4,0,0,15,14,118,1,3,3,5,3,25,18,83,231
2016,14,2016_14_ATL_LA,ATL,LA,13,4,0,0,17,5,40,2,3,2,6,4,30,18,66,220
2016,14,2016_14_ATL_LA,LA,ATL,14,6,0,0,20,11,105,3,2,2,3,2,41,24,104,208
2016,14,2016_14_BAL_NE,BAL,NE,16,6,0,0,16,8,47,2,1,4,5,2,52,37,42,306
2016,14,2016_14_BAL_NE,NE,BAL,16,8,1,1,20,5,48,1,2,6,6,4,38,25,95,401
2016,14,2016_14_CHI_DET,CHI,DET,10,4,1,0,16,11,139,1,3,5,3,1,32,20,92,204
2016,14,2016_14_CHI_DET,DET,CHI,12,6,0,0,23,7,55,3,1,2,4,2,35,21,114,209
2016,14,2016_14_CIN_CLE,CIN,CLE,15,8,0,0,21,6,43,4,3,1,5,3,28,20,213,147
2016,14,2016_14_CIN_CLE,CLE,CIN,14,6,1,1,12,5,34,3,4,4,2,1,28,12,169,85
2016,14,2016_14_DAL_NYG,DAL,NYG,15,1,2,1,13,5,54,3,3,1,1,1,37,17,108,152
2016,14,2016_14_DAL_NYG,NYG,DAL,14,2,2,2,12,7,50,3,3,1,2,1,28,17,93,167
2016,14,2016_14_DEN_TEN,DEN,TEN,11,3,2,1,19,9,87,3,2,1,3,1,52,36,18,330
2016,14,2016_14_DEN_TEN,TEN,DEN,16,6,0,0,15,5,55,2,3,2,3,1,21,6,180,73
2016,14,2016_14_HOU_IND,HOU,IND,14,5,0,0,20,7,124,2,1,4,5,1,24,14,185,131
2016,14,2016_14_HOU_IND,IND,HOU,12,5,1,0,21,9,59,1,2,3,4,2,45,24,83,265
2016,14,2016_14_MIN_JAX,JAX,MIN,16,7,1,1,16,14,114,4,0,3,2,1,37,23,85,230
2016,14,2016_14_MIN_JAX,MIN,JAX,11,3,1,0,22,6,88,0,4,6,5,2,34,24,85,292
2016,14,2016_14_NO_TB,NO,TB,13,4,2,1,13,13,104,1,2,3,2,0,41,25,46,248
2016,14,2016_14_NO_TB,TB,NO,13,6,0,0,21,7,65,2,1,0,2,1,26,16,104,166
2016,14,2016_14_NYJ_SF,NYJ,SF,18,8,1,1,24,9,56,6,2,3,4,2,35,23,190,216
2016,14,2016_14_NYJ_SF,SF,NYJ,12,2,1,0,17,3,25,2,6,6,2,2,26,15,248,116
2016,14,2016_14_OAK_KC,KC,LV,11,5,1,0,14,9,73,1,1,5,3,2,26,17,65,258
2016,14,2016_14_OAK_KC,LV,KC,18,5,3,1,18,10,82,1,1,0,4,1,41,17,135,109
2016,14,2016_14_PIT_BUF,BUF,PIT,9,3,0,0,14,7,46,5,0,4,3,3,25,15,67,208
2016,14,2016_14_PIT_BUF,PIT,BUF,14,6,1,1,24,6,45,0,5,5,6,3,31,17,240,220
2016,14,2016_14_SD_CAR,CAR,LAC,15,5,1,1,17,5,35,2,5,4,5,2,27,10,126,146
2016,14,2016_14_SD_CAR,LAC,CAR,13,5,1,0,17,7,32,5,2,4,3,2,40,21,58,220
2016,14,2016_14_SEA_GB,GB,SEA,11,4,1,0,17,5,50,1,3,4,6,5,25,18,93,237
2016,14,2016_14_SEA_GB,SEA,GB,12,6,1,0,22,7,63,3,1,2,4,1,39,22,136,218
2016,14,2016_14_WAS_PHI,PHI,WAS,18,9,3,2,24,5,54,4,2,2,5,1,47,32,95,288
2016,14,2016_14_WAS_PHI,WAS,PHI,7,2,1,1,16,5,86,2,4,5,5,4,22,14,107,227
2016,15,2016_15_CAR_WAS,CAR,WAS,15,4,0,0,21,6,62,2,1,6,6,2,37,21,148,290
2016,15,2016_15_CAR_WAS,WAS,CAR,12,2,1,1,17,7,70,1,2,4,3,1,47,32,29,306
2016,15,2016_15_CLE_BUF,BUF,CLE,9,4,1,0,28,5,42,1,5,5,7,4,25,17,280,171
2016,15,2016_15_CLE_BUF,CLE,BUF,11,3,1,1,15,4,51,5,1,4,3,1,28,17,107,162
2016,15,2016_15_DET_NYG,DET,NYG,14,5,0,0,16,2,15,1,2,5,3,0,39,24,56,268
2016,15,2016_15_DET_NYG,NYG,DET,15,7,0,0,17,5,46,2,1,4,2,2,28,20,114,186
2016,15,2016_15_GB_CHI,CHI,GB,8,3,0,0,29,6,40,1,4,4,5,3,43,30,95,354
2016,15,2016_15_GB_CHI,GB,CHI,10,3,1,0,19,8,64,4,1,8,7,3,31,19,226,225
2016,15,2016_15_IND_MIN,IND,MIN,13,7,1,0,27,5,55,0,5,3,5,4,28,21,161,250
2016,15,2016_15_IND_MIN,MIN,IND,9,3,1,0,20,6,27,5,0,4,2,0,42,32,34,248
2016,15,2016_15_JAX_HOU,HOU,JAX,14,4,1,0,23,6,71,0,2,3,5,1,47,29,79,308
2016,15,2016_15_JAX_HOU,JAX,HOU,13,3,1,0,9,12,91,2,0,0,3,2,28,12,67,83
2016,15,2016_15_LA_SEA,LA,SEA,12,3,4,0,13,7,61,4,2,3,3,0,35,18,47,136
2016,15,2016_15_LA_SEA,SEA,LA,15,7,1,1,18,13,86,2,4,4,4,3,26,19,72,227
2016,15,2016_15_MIA_NYJ,MIA,NYJ,12,5,0,0,13,9,70,1,3,4,5,4,18,12,67,236
2016,15,2016_15_MIA_NYJ,NYJ,MIA,15,5,3,0,20,3,42,3,1,4,5,1,46,25,116,244
2016,15,2016_15_NE_DEN,DEN,NE,12,2,1,0,15,5,49,4,2,4,2,0,40,25,58,251
2016,15,2016_15_NE_DEN,NE,DEN,17,5,1,0,19,4,30,2,4,1,2,1,32,16,136,177
2016,15,2016_15_NO_ARI,ARI,NO,10,5,1,1,26,7,52,1,3,4,6,5,40,28,116,309
2016,15,2016_15_NO_ARI,NO,ARI,14,9,1,1,33,5,46,3,1,3,7,6,48,37,130,358
2016,15,2016_15_OAK_SD,LAC,LV,15,8,1,0,14,6,44,3,2,4,3,2,30,17,73,190
2016,15,2016_15_OAK_SD,LV,LAC,13,4,0,0,18,2,15,2,3,6,7,1,30,19,145,200
2016,15,2016_15_PHI_BAL,BAL,PHI,11,4,0,0,18,7,62,3,1,4,4,3,30,16,151,189
2016,15,2016_15_PHI_BAL,PHI,BAL,18,8,3,1,27,3,30,1,3,2,5,2,43,22,171,159
2016,15,2016_15_PIT_CIN,CIN,PIT,12,6,1,1,19,8,86,1,1,1,4,2,27,16,76,146
2016,15,2016_15_PIT_CIN,PIT,CIN,13,5,0,0,24,7,104,1,1,6,5,1,37,21,97,285
2016,15,2016_15_SF_ATL,ATL,SF,9,5,0,0,29,4,27,1,2,11,6,5,24,18,248,302
2016,15,2016_15_SF_ATL,SF,ATL,13,6,0,0,14,4,20,2,1,1,2,2,33,20,107,165
2016,15,2016_15_TB_DAL,DAL,TB,13,5,0,0,24,8,91,3,4,5,5,2,36,32,185,264
2016,15,2016_15_TB_DAL,TB,DAL,12,4,1,0,16,3,35,4,3,3,5,2,35,17,52,224
2016,15,2016_15_TEN_KC,KC,TEN,14,4,2,1,13,5,40,1,1,2,5,2,28,15,157,159
2016,15,2016_15_TEN_KC,TEN,KC,14,6,1,1,21,2,25,1,1,2,2,2,34,19,148,241
2016,16,2016_16_ARI_SEA,ARI,SEA,9,1,0,0,21,7,85,1,6,6,4,4,27,16,94,276
2016,16,2016_16_ARI_SEA,SEA,ARI,17,8,2,0,24,5,40,6,1,5,7,4,46,29,78,315
2016,16,2016_16_ATL_CAR,ATL,CAR,14,6,0,0,20,6,45,4,2,6,5,3,33,27,152,256
2016,16,2016_16_ATL_CAR,CAR,ATL,15,4,4,3,17,4,24,2,4,2,3,1,43,18,119,183
2016,16,2016_16_BAL_PIT,BAL,PIT,17,9,1,0,21,7,95,2,0,2,5,2,45,30,122,248
2016,16,2016_16_BAL_PIT,PIT,BAL,7,3,0,0,23,4,45,0,2,7,5,4,33,24,127,279
2016,16,2016_16_CIN_HOU,CIN,HOU,16,7,1,1,15,6,60,3,4,2,1,1,41,28,50,244
2016,16,2016_16_CIN_HOU,HOU,CIN,14,4,0,0,17,3,25,4,3,3,3,1,29,18,95,155
2016,16,2016_16_DEN_KC,DEN,KC,15,4,2,1,13,9,70,0,0,3,2,1,43,17,63,183
2016,16,2016_16_DEN_KC,KC,DEN,17,9,0,0,23,8,65,0,0,5,6,4,37,26,238,246
2016,16,2016_16_DET_DAL,DAL,DET,8,4,0,0,23,8,47,1,4,5,6,6,21,16,164,211
2016,16,2016_16_DET_DAL,DET,DAL,12,5,2,2,23,5,62,4,1,2,4,3,46,26,90,229
2016,16,2016_16_IND_OAK,IND,LV,8,4,1,0,20,4,22,0,1,4,3,3,30,19,102,290
2016,16,2016_16_IND_OAK,LV,IND,15,9,0,0,27,10,97,1,0,5,5,5,34,23,210,253
2016,16,2016_16_MIA_BUF,BUF,MIA,18,8,2,1,30,5,35,2,0,7,6,4,39,26,272,317
2016,16,2016_16_MIA_BUF,MIA,BUF,12,5,0,0,22,2,15,0,2,5,5,4,30,16,261,233
2016,16,2016_16_MIN_GB,GB,MIN,13,6,0,0,19,3,21,4,4,6,6,5,39,28,40,308
2016,16,2016_16_MIN_GB,MIN,GB,15,5,3,3,22,8,70,4,4,5,5,3,50,34,93,353
2016,16,2016_16_NYG_PHI,NYG,PHI,22,10,2,1,24,5,50,0,0,5,5,1,63,38,114,356
2016,16,2016_16_NYG_PHI,PHI,NYG,12,4,1,0,15,1,5,0,0,2,4,2,25,14,118,168
2016,16,2016_16_NYJ_NE,NE,NYJ,18,11,0,0,21,3,20,1,2,4,7,5,29,18,114,211
2016,16,2016_16_NYJ_NE,NYJ,NE,11,1,3,2,14,6,77,2,1,3,2,0,24,8,111,128
2016,16,2016_16_SD_CLE,CLE,LAC,15,6,1,1,23,4,44,9,0,3,3,2,28,19,124,127
2016,16,2016_16_SD_CLE,LAC,CLE,15,5,2,2,18,9,92,0,9,5,4,2,46,23,34,322
2016,16,2016_16_SF_LA,LA,SF,13,4,1,1,13,5,45,4,4,2,4,3,24,11,99,78
2016,16,2016_16_SF_LA,SF,LA,16,6,1,1,21,11,100,4,4,1,3,3,37,28,70,253
2016,16,2016_16_TB_NO,NO,TB,12,5,0,0,25,7,59,2,2,4,5,3,34,23,125,294
2016,16,2016_16_TB_NO,TB,NO,12,7,0,0,23,7,63,2,2,3,4,3,35,23,89,260
2016,16,2016_16_TEN_JAX,JAX,TEN,12,4,0,0,25,4,45,2,3,6,5,3,39,27,84,331
2016,16,2016_16_TEN_JAX,TEN,JAX,14,5,1,0,19,6,49,3,2,1,3,2,44,21,58,205
2016,16,2016_16_WAS_CHI,CHI,WAS,10,7,1,1,30,4,52,1,0,6,4,3,40,24,140,318
2016,16,2016_16_WAS_CHI,WAS,CHI,13,8,1,0,21,7,73,0,1,6,8,5,29,18,208,270
2016,17,2016_17_ARI_LA,ARI,LA,14,4,2,1,21,4,51,1,7,5,7,4,42,22,84,260
2016,17,2016_17_ARI_LA,LA,ARI,14,2,2,1,9,9,61,7,1,2,2,0,28,17,52,71
2016,17,2016_17_BAL_CIN,BAL,CIN,16,8,3,1,22,4,41,3,1,1,4,1,51,33,72,263
2016,17,2016_17_BAL_CIN,CIN,BAL,8,1,0,0,25,2,20,1,3,3,5,3,28,18,153,218
2016,17,2016_17_BUF_NYJ,BUF,NYJ,16,6,1,0,14,0,0,3,1,2,3,1,31,15,68,162
2016,17,2016_17_BUF_NYJ,NYJ,BUF,13,4,2,0,18,2,15,1,3,3,8,3,30,20,127,202
2016,17,2016_17_CAR_TB,CAR,TB,15,4,2,2,18,4,45,3,3,3,4,2,33,18,128,207
2016,17,2016_17_CAR_TB,TB,CAR,12,4,0,0,18,5,30,3,3,4,4,1,35,20,112,188
2016,17,2016_17_CHI_MIN,CHI,MIN,9,2,2,1,19,6,49,2,0,2,4,1,20,13,183,140
2016,17,2016_17_CHI_MIN,MIN,CHI,12,6,1,0,20,2,15,0,2,5,6,4,34,25,124,250
2016,17,2016_17_CLE_PIT,CLE,PIT,15,8,0,0,27,5,37,4,4,2,6,3,40,29,231,206
2016,17,2016_17_CLE_PIT,PIT,CLE,14,3,2,2,21,9,43,4,4,2,3,3,37,24,69,243
2016,17,2016_17_DAL_PHI,DAL,PHI,12,5,0,0,15,5,35,3,2,2,2,1,29,16,69,126
2016,17,2016_17_DAL_PHI,PHI,DAL,14,6,1,0,24,4,61,2,3,1,5,3,43,27,114,232
2016,17,2016_17_GB_DET,DET,GB,12,5,0,0,24,5,30,2,1,5,6,3,41,26,76,332
2016,17,2016_17_GB_DET,GB,DET,13,7,0,0,28,10,75,1,2,4,4,4,40,27,153,297
2016,17,2016_17_HOU_TEN,HOU,TEN,15,3,6,4,20,6,35,4,4,3,3,2,48,26,46,243
2016,17,2016_17_HOU_TEN,TEN,HOU,15,9,0,0,16,7,50,4,4,2,4,2,26,16,103,133
2016,17,2016_17_JAX_IND,IND,JAX,10,2,1,1,24,4,35,4,2,5,4,3,41,24,94,290
2016,17,2016_17_JAX_IND,JAX,IND,14,4,0,0,23,8,54,2,4,4,3,2,39,25,182,288
2016,17,2016_17_KC_SD,KC,LAC,12,8,0,0,26,4,19,1,0,5,8,4,28,21,103,262
2016,17,2016_17_KC_SD,LAC,KC,10,3,2,2,26,10,50,0,1,3,6,2,38,22,129,269
2016,17,2016_17_NE_MIA,MIA,NE,12,7,0,0,16,9,73,0,0,1,3,2,34,24,75,205
2016,17,2016_17_NE_MIA,NE,MIA,12,7,0,0,22,7,64,0,0,3,6,4,35,25,120,276
2016,17,2016_17_NO_ATL,ATL,NO,11,6,0,0,25,9,63,1,2,5,6,5,36,27,142,323
2016,17,2016_17_NO_ATL,NO,ATL,16,7,3,3,25,6,70,2,1,10,6,4,51,29,132,341
2016,17,2016_17_NYG_WAS,NYG,WAS,17,6,1,0,16,5,42,1,4,3,4,1,27,17,161,171
2016,17,2016_17_NYG_WAS,WAS,NYG,12,4,0,0,15,5,42,4,1,6,2,1,35,22,38,246
2016,17,2016_17_OAK_DEN,DEN,LV,15,5,3,1,18,5,43,0,2,4,4,3,27,17,143,206
2016,17,2016_17_OAK_DEN,LV,DEN,11,2,1,0,11,13,125,2,0,2,1,1,33,20,57,164
2016,17,2016_17_SEA_SF,SEA,SF,12,3,1,0,18,4,34,2,5,5,6,2,38,23,87,289
2016,17,2016_17_SEA_SF,SF,SEA,11,2,3,2,14,4,25,5,2,5,4,3,22,17,62,191
2017,1,2017_01_ARI_DET,ARI,DET,15,6,1,1,23,6,55,1,1,3,5,2,49,27,45,263
2017,1,2017_01_ARI_DET,DET,ARI,16,8,1,0,19,10,100,1,1,2,5,4,43,29,82,285
2017,1,2017_01_ATL_CHI,ATL,CHI,11,5,0,0,18,8,73,2,4,4,4,2,30,21,64,308
2017,1,2017_01_ATL_CHI,CHI,ATL,13,5,2,1,20,4,40,4,2,2,3,2,40,26,125,176
2017,1,2017_01_BAL_CIN,BAL,CIN,14,6,0,0,17,11,85,1,5,1,4,2,17,9,157,111
2017,1,2017_01_BAL_CIN,CIN,BAL,13,4,1,0,13,9,66,5,1,3,3,0,31,16,77,144
2017,1,2017_01_CAR_SF,CAR,SF,13,7,0,0,20,5,40,0,4,2,4,2,25,14,116,171
2017,1,2017_01_CAR_SF,SF,CAR,11,2,4,1,13,10,74,4,0,2,1,0,35,24,51,166
2017,1,2017_01_IND_LA,IND,LA,10,0,1,0,10,4,20,4,1,6,3,1,21,11,75,150
2017,1,2017_01_IND_LA,LA,IND,14,5,0,0,19,7,50,1,4,7,6,3,30,22,63,310
2017,1,2017_01_JAX_HOU,HOU,JAX,12,5,1,0,23,9,94,10,0,1,2,1,36,19,93,110
2017,1,2017_01_JAX_HOU,JAX,HOU,12,3,1,1,18,10,89,0,10,1,6,2,21,11,155,125
2017,1,2017_01_KC_NE,KC,NE,11,4,0,0,26,15,139,3,3,5,6,6,35,28,185,352
2017,1,2017_01_KC_NE,NE,KC,15,5,2,0,25,6,55,3,3,5,6,3,36,16,124,247
2017,1,2017_01_LAC_DEN,DEN,LAC,15,8,0,0,21,3,62,4,1,4,6,3,28,17,140,181
2017,1,2017_01_LAC_DEN,LAC,DEN,12,3,2,1,17,4,40,1,4,2,3,3,33,22,64,185
2017,1,2017_01_NO_MIN,MIN,NO,14,9,0,0,21,5,50,1,1,10,6,3,32,27,129,341
2017,1,2017_01_NO_MIN,NO,MIN,11,4,0,0,19,6,52,1,1,3,5,1,37,27,60,284
2017,1,2017_01_NYG_DAL,DAL,NYG,15,8,0,0,22,5,50,1,3,4,4,1,39,24,129,263
2017,1,2017_01_NYG_DAL,NYG,DAL,12,4,1,1,13,6,55,3,1,2,1,0,38,29,35,198
2017,1,2017_01_NYJ_BUF,BUF,NYJ,17,8,0,0,23,6,50,2,1,8,5,3,28,16,190,218
2017,1,2017_01_NYJ_BUF,NYJ,BUF,14,4,1,1,11,5,62,1,2,2,1,1,40,26,38,176
2017,1,2017_01_OAK_TEN,LV,TEN,12,5,1,1,22,5,49,2,1,3,3,2,32,22,109,250
2017,1,2017_01_OAK_TEN,TEN,LV,14,7,0,0,20,5,49,1,2,4,3,1,41,25,95,255
2017,1,2017_01_PHI_WAS,PHI,WAS,14,8,0,0,19,8,76,2,4,4,4,2,40,26,58,300
2017,1,2017_01_PHI_WAS,WAS,PHI,11,3,1,0,16,2,15,4,2,3,4,1,40,23,64,200
2017,1,2017_01_PIT_CLE,CLE,PIT,12,3,2,2,20,4,61,7,1,4,3,2,30,20,59,180
2017,1,2017_01_PIT_CLE,PIT,CLE,13,5,0,0,16,13,143,1,7,2,3,2,36,24,35,255
2017,1,2017_01_SEA_GB,GB,SEA,16,9,0,0,26,8,70,4,3,5,2,2,42,28,84,286
2017,1,2017_01_SEA_GB,SEA,GB,12,3,0,0,12,8,50,3,4,4,2,0,27,14,90,135
2017,2,2017_02_ARI_IND,ARI,IND,15,6,1,0,16,6,41,4,4,8,4,1,36,19,83,306
2017,2,2017_02_ARI_IND,IND,ARI,18,8,0,0,18,8,70,4,4,1,2,1,37,20,76,190
2017,2,2017_02_BUF_CAR,BUF,CAR,13,4,2,0,10,5,44,3,6,0,0,0,25,17,69,107
2017,2,2017_02_BUF_CAR,CAR,BUF,16,7,0,0,19,6,40,6,3,3,3,0,32,20,77,178
2017,2,2017_02_CHI_TB,CHI,TB,14,7,2,0,18,8,59,1,2,1,3,1,45,31,20,290
2017,2,2017_02_CHI_TB,TB,CHI,15,8,0,0,22,4,34,2,1,1,6,2,31,18,117,194
2017,2,2017_02_CLE_BAL,BAL,CLE,11,4,0,0,24,7,45,2,3,3,4,3,34,25,136,201
2017,2,2017_02_CLE_BAL,CLE,BAL,12,2,2,1,20,11,65,3,2,7,3,1,42,20,93,293
2017,2,2017_02_DAL_DEN,DAL,DEN,14,3,5,2,16,8,69,2,2,1,4,3,50,30,40,228
2017,2,2017_02_DAL_DEN,DEN,DAL,15,9,0,0,26,8,61,2,2,4,6,5,32,22,178,202
2017,2,2017_02_DET_NYG,DET,NYG,15,7,1,0,12,6,50,3,5,3,4,2,21,15,138,119
2017,2,2017_02_DET_NYG,NYG,DET,12,4,2,0,14,7,50,5,3,2,2,1,32,22,62,208
2017,2,2017_02_GB_ATL,ATL,GB,11,5,0,0,19,6,34,3,3,6,4,3,28,19,141,223
2017,2,2017_02_GB_ATL,GB,ATL,12,5,3,3,24,10,70,3,3,3,4,3,51,33,59,308
2017,2,2017_02_HOU_CIN,CIN,HOU,15,4,2,1,12,7,45,3,3,3,3,0,35,20,82,213
2017,2,2017_02_HOU_CIN,HOU,CIN,15,4,0,0,14,9,61,3,3,2,2,1,24,15,168,98
2017,2,2017_02_MIA_LAC,LAC,MIA,8,2,0,0,24,6,56,1,2,4,3,2,39,31,44,323
2017,2,2017_02_MIA_LAC,MIA,LAC,13,5,1,0,21,5,23,2,1,4,4,1,34,24,111,225
2017,2,2017_02_MIN_PIT,MIN,PIT,15,5,3,0,14,11,131,2,2,4,1,1,38,20,91,146
2017,2,2017_02_MIN_PIT,PIT,MIN,13,3,0,0,22,10,72,2,2,3,4,2,35,23,102,233
2017,2,2017_02_NE_NO,NE,NO,12,6,0,0,29,9,66,2,1,9,8,4,39,30,119,436
2017,2,2017_02_NE_NO,NO,NE,12,4,2,1,20,5,35,1,2,7,3,2,45,27,81,348
2017,2,2017_02_NYJ_OAK,LV,NYJ,12,8,0,0,21,9,79,0,4,6,7,6,28,23,180,230
2017,2,2017_02_NYJ_OAK,NYJ,LV,12,7,0,0,17,5,47,4,0,3,3,2,24,16,126,145
2017,2,2017_02_PHI_KC,KC,PHI,12,5,0,0,16,5,40,4,6,3,4,3,28,21,112,232
2017,2,2017_02_PHI_KC,PHI,KC,15,8,0,0,27,4,30,6,4,4,5,2,46,25,107,299
2017,2,2017_02_SF_SEA,SEA,SF,19,8,1,1,21,9,71,3,2,1,3,1,39,23,131,181
2017,2,2017_02_SF_SEA,SF,SEA,12,2,0,0,10,6,66,2,3,2,3,0,27,15,159,89
2017,2,2017_02_TEN_JAX,JAX,TEN,13,6,0,0,20,10,99,2,1,2,2,2,35,20,99,211
2017,2,2017_02_TEN_JAX,TEN,JAX,13,6,0,0,21,7,70,1,2,3,5,4,27,15,179,211
2017,2,2017_02_WAS_LA,LA,WAS,12,5,1,1,14,7,75,2,2,5,4,2,25,15,97,235
2017,2,2017_02_WAS_LA,WAS,LA,13,5,0,0,21,4,25,2,2,4,5,3,27,18,229,156
2017,3,2017_03_ATL_DET,ATL,DET,9,4,0,0,26,8,68,2,2,2,5,3,35,24,151,277
2017,3,2017_03_ATL_DET,DET,ATL,13,3,0,0,20,9,98,2,2,3,4,1,45,25,71,253
2017,3,2017_03_BAL_JAX,BAL,JAX,11,3,1,0,12,10,88,2,0,0,1,1,27,14,134,52
2017,3,2017_03_BAL_JAX,JAX,BAL,12,3,2,2,23,9,70,0,2,3,7,5,33,20,166,244
2017,3,2017_03_CIN_GB,CIN,GB,12,4,0,0,20,7,68,3,6,4,3,2,27,21,110,191
2017,3,2017_03_CIN_GB,GB,CIN,15,7,0,0,22,4,33,6,3,4,5,3,42,28,64,280
2017,3,2017_03_CLE_IND,CLE,IND,13,5,0,0,24,10,113,1,3,5,5,4,47,22,111,235
2017,3,2017_03_CLE_IND,IND,CLE,17,8,0,0,16,11,99,3,1,7,5,4,24,17,92,243
2017,3,2017_03_DAL_ARI,ARI,DAL,18,8,1,0,22,6,50,6,1,7,5,2,48,29,49,283
2017,3,2017_03_DAL_ARI,DAL,ARI,9,2,0,0,15,9,76,1,6,5,4,4,18,13,99,174
2017,3,2017_03_DEN_BUF,BUF,DEN,16,6,0,0,16,8,69,4,3,4,3,2,26,20,75,197
2017,3,2017_03_DEN_BUF,DEN,BUF,14,6,2,0,20,10,79,3,4,7,4,1,40,24,111,255
2017,3,2017_03_HOU_NE,HOU,NE,14,6,0,0,22,10,60,2,5,5,5,2,33,22,125,292
2017,3,2017_03_HOU_NE,NE,HOU,13,6,0,0,21,5,69,5,2,6,5,5,36,25,59,339
2017,3,2017_03_KC_LAC,KC,LAC,12,4,1,0,16,13,122,5,2,4,4,3,21,16,189,122
2017,3,2017_03_KC_LAC,LAC,KC,13,5,0,0,23,8,61,2,5,2,3,1,40,20,104,226
2017,3,2017_03_LA_SF,LA,SF,12,8,0,0,25,7,52,0,4,8,7,5,28,22,126,292
2017,3,2017_03_LA_SF,SF,LA,18,9,3,2,24,10,55,4,0,5,6,5,38,23,113,308
2017,3,2017_03_MIA_NYJ,MIA,NYJ,12,1,3,0,15,8,51,3,2,1,1,1,45,26,30,195
2017,3,2017_03_MIA_NYJ,NYJ,MIA,13,4,0,0,16,10,94,2,3,3,3,2,23,18,103,233
2017,3,2017_03_NO_CAR,CAR,NO,14,7,0,0,18,1,5,4,1,3,2,1,33,19,132,156
2017,3,2017_03_NO_CAR,NO,CAR,12,6,0,0,21,1,10,1,4,5,5,4,29,22,149,213
2017,3,2017_03_NYG_PHI,NYG,PHI,10,3,2,0,21,10,137,0,3,2,7,3,47,35,49,366
2017,3,2017_03_NYG_PHI,PHI,NYG,14,5,3,2,24,9,103,3,0,2,4,3,31,21,193,161
2017,3,2017_03_OAK_WAS,LV,WAS,11,0,2,1,7,4,35,4,1,1,2,1,31,19,32,96
2017,3,2017_03_OAK_WAS,WAS,LV,15,7,0,0,18,10,77,1,4,6,5,3,30,25,116,356
2017,3,2017_03_PIT_CHI,CHI,PIT,12,4,0,0,18,10,73,2,3,2,4,3,22,15,222,84
2017,3,2017_03_PIT_CHI,PIT,CHI,11,4,0,0,19,6,40,3,2,3,4,2,39,22,70,212
2017,3,2017_03_SEA_TEN,SEA,TEN,14,4,2,1,24,10,82,1,0,5,5,4,50,29,69,364
2017,3,2017_03_SEA_TEN,TEN,SEA,14,4,0,0,20,5,45,0,1,4,6,3,32,20,195,225
2017,3,2017_03_TB_MIN,MIN,TB,13,7,0,0,25,5,53,0,2,5,6,4,33,25,125,369
2017,3,2017_03_TB_MIN,TB,MIN,6,1,0,0,20,7,37,2,0,2,2,2,40,28,26,316
2017,4,2017_04_BUF_ATL,ATL,BUF,13,5,2,1,25,4,45,1,3,3,4,2,42,24,147,242
2017,4,2017_04_BUF_ATL,BUF,ATL,13,6,0,0,15,9,55,3,1,2,3,1,20,12,117,164
2017,4,2017_04_CAR_NE,CAR,NE,9,6,0,0,28,1,33,2,3,5,6,4,29,22,140,304
2017,4,2017_04_CAR_NE,NE,CAR,14,7,2,2,24,7,55,3,2,2,4,3,45,32,80,293
2017,4,2017_04_CHI_GB,CHI,GB,12,5,2,2,19,8,62,1,2,2,2,2,33,21,103,205
2017,4,2017_04_CHI_GB,GB,CHI,14,7,1,1,17,7,55,2,1,3,5,5,27,19,91,169
2017,4,2017_04_CIN_CLE,CIN,CLE,11,6,0,0,24,8,66,3,2,3,4,4,30,25,86,264
2017,4,2017_04_CIN_CLE,CLE,CIN,16,5,2,1,16,4,28,2,3,2,2,1,42,21,45,170
2017,4,2017_04_DET_MIN,DET,MIN,13,3,0,0,19,6,60,6,2,2,3,1,32,19,97,156
2017,4,2017_04_DET_MIN,MIN,DET,10,3,1,0,15,2,10,2,6,4,2,1,30,16,87,197
2017,4,2017_04_IND_SEA,IND,SEA,14,6,0,0,16,5,31,3,3,2,3,2,30,16,98,139
2017,4,2017_04_IND_SEA,SEA,IND,15,10,1,1,22,6,45,3,3,9,7,4,27,21,194,285
2017,4,2017_04_JAX_NYJ,JAX,NYJ,15,4,0,0,20,6,47,1,5,2,4,1,35,15,175,136
2017,4,2017_04_JAX_NYJ,NYJ,JAX,17,6,1,1,18,10,70,5,1,7,4,3,32,23,256,215
2017,4,2017_04_LA_DAL,DAL,LA,14,7,2,1,22,4,45,2,1,4,5,4,37,20,189,251
2017,4,2017_04_LA_DAL,LA,DAL,13,5,0,0,24,7,41,1,2,3,5,2,36,21,168,244
2017,4,2017_04_NO_MIA,MIA,NO,8,1,1,0,11,11,90,4,1,2,1,0,28,20,58,128
2017,4,2017_04_NO_MIA,NO,MIA,13,6,2,1,22,8,71,1,4,3,4,2,41,29,86,261
2017,4,2017_04_NYG_TB,NYG,TB,17,8,1,0,24,1,0,0,1,2,4,3,50,30,91,288
2017,4,2017_04_NYG_TB,TB,NYG,11,3,1,0,20,4,19,1,0,6,5,3,39,22,111,323
2017,4,2017_04_OAK_DEN,DEN,LV,16,5,0,0,16,6,40,4,3,3,5,1,26,16,143,155
2017,4,2017_04_OAK_DEN,LV,DEN,12,2,3,0,11,7,75,3,4,4,2,1,35,21,24,230
2017,4,2017_04_PHI_LAC,LAC,PHI,10,5,0,0,18,9,39,2,1,6,4,3,38,22,58,342
2017,4,2017_04_PHI_LAC,PHI,LAC,16,9,1,1,26,9,58,1,2,5,4,2,31,17,214,240
2017,4,2017_04_PIT_BAL,BAL,PIT,13,5,2,0,18,6,55,4,1,2,3,1,49,31,82,206
2017,4,2017_04_PIT_BAL,PIT,BAL,15,7,0,0,22,8,60,1,4,3,5,3,31,18,173,208
2017,4,2017_04_SF_ARI,ARI,SF,16,5,0,0,25,10,80,6,3,2,4,1,51,33,51,317
2017,4,2017_04_SF_ARI,SF,ARI,19,5,1,1,20,13,113,3,6,2,3,0,49,24,95,210
2017,4,2017_04_TEN_HOU,HOU,TEN,12,6,1,1,33,3,20,2,2,3,10,6,34,25,173,272
2017,4,2017_04_TEN_HOU,TEN,HOU,8,2,0,0,9,6,88,2,2,4,2,2,20,10,86,109
2017,4,2017_04_WAS_KC,KC,WAS,13,8,0,0,28,3,15,4,0,6,5,2,37,27,168,261
2017,4,2017_04_WAS_KC,WAS,KC,11,4,1,1,15,7,44,0,4,4,3,2,24,14,111,220
2017,5,2017_05_ARI_PHI,ARI,PHI,14,4,3,2,16,7,61,2,1,2,1,1,44,28,31,276
2017,5,2017_05_ARI_PHI,PHI,ARI,14,9,0,0,19,5,60,1,2,4,6,4,30,21,122,297
2017,5,2017_05_BAL_OAK,BAL,LV,14,7,0,0,19,1,5,0,3,4,6,2,26,19,143,222
2017,5,2017_05_BAL_OAK,LV,BAL,12,6,1,0,15,3,24,3,0,2,3,2,26,13,108,137
2017,5,2017_05_BUF_CIN,BUF,CIN,18,6,0,0,17,6,71,6,1,1,4,1,37,20,82,139
2017,5,2017_05_BUF_CIN,CIN,BUF,15,6,0,0,18,6,71,1,6,4,5,2,36,22,65,323
2017,5,2017_05_CAR_DET,CAR,DET,16,7,0,0,16,11,100,3,6,5,4,3,33,26,28,334
2017,5,2017_05_CAR_DET,DET,CAR,13,5,1,0,19,1,10,6,3,4,4,3,35,23,50,192
2017,5,2017_05_GB_DAL,DAL,GB,12,7,3,3,26,7,70,1,4,4,4,4,36,25,163,245
2017,5,2017_05_GB_DAL,GB,DAL,7,3,1,1,25,6,38,4,1,3,6,4,30,19,160,182
2017,5,2017_05_JAX_PIT,JAX,PIT,12,6,0,0,15,4,19,2,2,2,4,2,14,8,231,82
2017,5,2017_05_JAX_PIT,PIT,JAX,15,7,0,0,21,5,37,2,2,4,3,0,55,33,70,301
2017,5,2017_05_KC_HOU,HOU,KC,10,3,1,1,20,7,59,3,1,6,5,5,33,16,146,248
2017,5,2017_05_KC_HOU,KC,HOU,16,9,0,0,27,6,64,1,3,5,6,3,38,29,127,323
2017,5,2017_05_LAC_NYG,LAC,NYG,18,8,0,0,20,11,87,0,5,3,6,3,44,21,124,258
2017,5,2017_05_LAC_NYG,NYG,LAC,15,5,1,0,18,10,67,5,0,3,4,3,37,21,152,183
2017,5,2017_05_MIN_CHI,CHI,MIN,12,3,1,1,15,8,55,1,4,2,3,2,26,13,117,159
2017,5,2017_05_MIN_CHI,MIN,CHI,15,6,0,0,17,9,69,4,1,2,4,2,32,22,159,141
2017,5,2017_05_NE_TB,NE,TB,12,4,0,0,23,12,108,3,2,3,3,1,40,30,113,289
2017,5,2017_05_NE_TB,TB,NE,13,4,0,0,25,9,70,2,3,4,4,2,46,26,90,319
2017,5,2017_05_NYJ_CLE,CLE,NYJ,14,6,2,1,22,6,60,1,3,4,5,2,36,24,140,279
2017,5,2017_05_NYJ_CLE,NYJ,CLE,12,4,0,0,14,9,80,3,1,2,2,2,30,23,34,178
2017,5,2017_05_SEA_LA,LA,SEA,15,8,1,0,21,5,45,2,3,6,6,1,47,22,100,275
2017,5,2017_05_SEA_LA,SEA,LA,17,8,0,0,15,7,40,3,2,1,3,1,38,24,62,179
2017,5,2017_05_SF_IND,IND,SF,16,8,0,0,24,7,62,4,2,6,5,2,34,22,159,288
2017,5,2017_05_SF_IND,SF,IND,14,4,2,2,23,10,77,2,4,4,3,2,46,29,66,336
2017,5,2017_05_TEN_MIA,MIA,TEN,15,5,0,0,12,5,23,1,6,0,2,1,27,12,100,78
2017,5,2017_05_TEN_MIA,TEN,MIA,13,2,0,0,13,11,77,6,1,0,1,1,32,21,69,119
2017,6,2017_06_CHI_BAL,BAL,CHI,18,3,1,1,16,8,69,3,4,1,4,1,42,24,125,168
2017,6,2017_06_CHI_BAL,CHI,BAL,17,5,0,0,18,5,44,4,3,3,4,2,17,9,231,111
2017,6,2017_06_CLE_HOU,CLE,HOU,14,3,0,0,16,11,72,4,1,1,3,1,37,20,134,113
2017,6,2017_06_CLE_HOU,HOU,CLE,13,5,0,0,18,4,44,1,4,5,4,3,30,17,123,217
2017,6,2017_06_DET_NO,DET,NO,18,9,1,0,18,7,46,5,0,6,7,3,52,25,66,281
2017,6,2017_06_DET_NO,NO,DET,12,2,1,1,19,13,118,0,5,6,8,4,30,20,193,186
2017,6,2017_06_GB_MIN,GB,MIN,17,4,3,2,14,8,92,4,0,1,3,1,37,20,72,155
2017,6,2017_06_GB_MIN,MIN,GB,12,4,1,0,24,7,65,0,4,5,4,2,38,24,112,239
2017,6,2017_06_IND_TEN,IND,TEN,9,2,1,0,18,5,51,1,1,2,5,1,37,21,85,212
2017,6,2017_06_IND_TEN,TEN,IND,13,6,1,1,24,4,45,1,1,5,5,3,32,23,168,305
2017,6,2017_06_LAC_OAK,LAC,LV,14,6,2,1,20,4,32,1,1,3,3,2,36,25,80,263
2017,6,2017_06_LAC_OAK,LV,LAC,12,6,1,0,15,5,40,1,1,2,3,2,30,21,109,165
2017,6,2017_06_LA_JAX,JAX,LA,15,4,1,1,19,5,40,5,3,5,3,2,35,23,169,220
2017,6,2017_06_LA_JAX,LA,JAX,13,4,0,0,12,7,70,3,5,3,4,2,21,11,142,107
2017,6,2017_06_MIA_ATL,ATL,MIA,11,6,1,0,19,6,73,2,0,4,2,2,35,24,100,239
2017,6,2017_06_MIA_ATL,MIA,ATL,12,5,3,2,20,4,42,0,2,0,3,2,33,19,138,151
2017,6,2017_06_NE_NYJ,NE,NYJ,13,7,0,0,21,6,45,0,4,3,4,3,38,20,118,257
2017,6,2017_06_NE_NYJ,NYJ,NE,17,9,3,1,21,6,69,4,0,5,4,2,47,31,74,334
2017,6,2017_06_NYG_DEN,DEN,NYG,17,5,2,0,20,5,46,4,3,7,4,1,54,31,46,366
2017,6,2017_06_NYG_DEN,NYG,DEN,14,4,0,0,12,5,77,3,4,3,3,1,19,11,148,118
2017,6,2017_06_PHI_CAR,CAR,PHI,16,4,3,1,23,1,1,2,3,1,3,2,52,28,80,225
2017,6,2017_06_PHI_CAR,PHI,CAR,14,5,1,1,15,10,126,3,2,5,3,3,30,16,103,209
2017,6,2017_06_PIT_KC,KC,PIT,11,3,2,0,11,7,48,3,1,4,4,1,34,19,28,223
2017,6,2017_06_PIT_KC,PIT,KC,11,4,0,0,23,6,57,1,3,6,4,2,25,17,194,245
2017,6,2017_06_SF_WAS,SF,WAS,17,6,2,1,21,7,40,3,1,4,4,3,47,23,85,250
2017,6,2017_06_SF_WAS,WAS,SF,14,7,0,0,25,5,43,1,3,4,4,3,37,25,94,325
2017,6,2017_06_TB_ARI,ARI,TB,9,4,1,0,23,7,61,2,2,6,6,5,22,18,160,272
2017,6,2017_06_TB_ARI,TB,ARI,14,7,3,2,21,9,49,2,2,7,6,4,44,27,72,344
2017,7,2017_07_ARI_LA,ARI,LA,12,3,2,1,10,10,65,3,1,3,1,0,32,15,25,171
2017,7,2017_07_ARI_LA,LA,ARI,19,13,0,0,28,6,45,1,3,1,6,3,37,22,197,228
2017,7,2017_07_ATL_NE,ATL,NE,9,2,3,1,21,6,40,1,2,2,4,1,33,23,120,223
2017,7,2017_07_ATL_NE,NE,ATL,13,7,0,0,25,8,65,2,1,5,6,2,29,21,162,241
2017,7,2017_07_BAL_MIN,BAL,MIN,16,6,1,1,16,3,15,5,0,2,1,1,39,27,64,144
2017,7,2017_07_BAL_MIN,MIN,BAL,15,7,0,0,17,4,47,0,5,3,4,1,31,20,169,188
2017,7,2017_07_CAR_CHI,CAR,CHI,15,6,1,0,20,4,35,5,4,4,2,0,34,21,108,185
2017,7,2017_07_CAR_CHI,CHI,CAR,11,2,0,0,5,5,40,4,5,2,3,0,7,4,68,85
2017,7,2017_07_CIN_PIT,CIN,PIT,11,3,2,1,11,5,54,4,0,2,2,2,30,17,71,108
2017,7,2017_07_CIN_PIT,PIT,CIN,11,2,3,1,21,1,5,0,4,6,7,2,25,15,152,268
2017,7,2017_07_DAL_SF,DAL,SF,11,7,1,0,27,5,36,0,5,5,8,6,28,17,265,236
2017,7,2017_07_DAL_SF,SF,DAL,13,6,2,0,22,2,22,5,0,1,2,1,38,22,103,187
2017,7,2017_07_DEN_LAC,DEN,LAC,14,3,2,0,12,10,68,5,3,1,1,0,35,25,69,182
2017,7,2017_07_DEN_LAC,LAC,DEN,12,3,1,0,14,9,81,3,5,3,4,2,26,15,80,162
2017,7,2017_07_JAX_IND,IND,JAX,15,5,3,0,15,5,55,10,1,2,1,0,37,22,96,136
2017,7,2017_07_JAX_IND,JAX,IND,14,8,1,0,22,4,34,1,10,8,4,3,27,18,188,330
2017,7,2017_07_KC_OAK,KC,LV,15,8,0,0,19,7,94,1,0,5,4,3,36,25,94,331
2017,7,2017_07_KC_OAK,LV,KC,13,6,1,1,32,10,97,0,1,6,5,4,52,29,88,417
2017,7,2017_07_NO_GB,GB,NO,11,4,0,0,15,8,54,1,1,3,2,2,25,12,181,79
2017,7,2017_07_NO_GB,NO,GB,15,8,1,1,24,7,80,1,1,7,5,3,38,27,161,324
2017,7,2017_07_NYJ_MIA,MIA,NYJ,13,5,0,0,25,9,76,3,3,7,4,4,37,25,53,304
2017,7,2017_07_NYJ_MIA,NYJ,MIA,11,4,0,0,16,12,124,3,3,5,4,4,27,17,92,180
2017,7,2017_07_SEA_NYG,NYG,SEA,12,2,1,0,14,7,28,1,1,1,1,1,39,19,46,131
2017,7,2017_07_SEA_NYG,SEA,NYG,13,6,1,0,26,15,110,1,1,6,4,3,39,27,104,321
2017,7,2017_07_TB_BUF,BUF,TB,16,10,0,0,22,4,35,1,1,8,6,3,33,20,173,261
2017,7,2017_07_TB_BUF,TB,BUF,11,6,0,0,27,5,55,1,1,4,4,3,44,32,69,378
2017,7,2017_07_TEN_CLE,CLE,TEN,13,3,2,1,19,12,81,2,2,2,1,0,39,22,66,218
2017,7,2017_07_TEN_CLE,TEN,CLE,17,5,1,0,16,5,35,2,2,1,2,0,34,21,80,189
2017,7,2017_07_WAS_PHI,PHI,WAS,12,6,0,0,21,9,55,3,4,6,5,4,25,17,127,244
2017,7,2017_07_WAS_PHI,WAS,PHI,12,4,1,0,19,5,55,4,3,5,4,3,40,30,75,269
2017,8,2017_08_ATL_NYJ,ATL,NYJ,14,5,0,0,18,6,68,1,3,6,6,2,29,18,140,246
2017,8,2017_08_ATL_NYJ,NYJ,ATL,15,5,1,1,14,6,50,3,1,4,3,2,33,26,43,236
2017,8,2017_08_CAR_TB,CAR,TB,17,8,0,0,14,5,51,0,3,2,3,2,32,18,100,154
2017,8,2017_08_CAR_TB,TB,CAR,12,2,1,0,16,6,55,3,0,1,1,0,38,21,85,194
2017,8,2017_08_CHI_NO,CHI,NO,17,8,1,0,16,4,31,2,2,5,2,1,33,14,157,150
2017,8,2017_08_CHI_NO,NO,CHI,9,2,0,0,19,7,51,2,2,5,3,2,28,23,101,286
2017,8,2017_08_DAL_WAS,DAL,WAS,14,5,1,1,18,8,89,2,4,1,6,2,22,14,169,138
2017,8,2017_08_DAL_WAS,WAS,DAL,13,4,1,1,15,5,32,4,2,4,4,2,39,26,49,236
2017,8,2017_08_DEN_KC,DEN,KC,13,5,1,0,23,7,53,3,1,3,5,2,37,19,177,187
2017,8,2017_08_DEN_KC,KC,DEN,12,2,0,0,16,7,69,1,3,3,5,1,32,14,79,197
2017,8,2017_08_HOU_SEA,HOU,SEA,10,2,1,1,25,8,93,5,2,9,6,5,30,19,142,367
2017,8,2017_08_HOU_SEA,SEA,HOU,12,5,0,0,21,10,120,2,5,7,8,4,41,26,33,446
2017,8,2017_08_IND_CIN,CIN,IND,11,4,0,0,17,5,54,3,4,2,5,2,29,17,58,218
2017,8,2017_08_IND_CIN,IND,CIN,16,8,1,0,19,7,45,4,3,2,5,2,39,25,115,216
2017,8,2017_08_LAC_NE,LAC,NE,10,3,1,1,16,10,77,1,3,3,2,2,31,17,157,192
2017,8,2017_08_LAC_NE,NE,LAC,19,9,1,1,26,6,80,3,1,3,4,1,47,32,97,317
2017,8,2017_08_MIA_BAL,BAL,MIA,13,3,0,0,19,5,40,0,3,2,5,3,23,13,174,121
2017,8,2017_08_MIA_BAL,MIA,BAL,15,4,2,0,13,7,43,3,0,3,0,0,44,25,45,151
2017,8,2017_08_MIN_CLE,CLE,MIN,13,4,1,0,16,5,74,3,1,3,4,2,34,18,115,161
2017,8,2017_08_MIN_CLE,MIN,CLE,16,6,0,0,25,5,58,1,3,4,5,3,43,27,90,287
2017,8,2017_08_OAK_BUF,BUF,LV,15,6,1,1,17,11,95,0,0,4,5,3,27,20,166,165
2017,8,2017_08_OAK_BUF,LV,BUF,10,3,2,1,23,6,50,0,0,3,2,2,49,31,54,313
2017,8,2017_08_PIT_DET,DET,PIT,12,2,2,0,20,6,57,2,0,8,5,0,45,27,71,411
2017,8,2017_08_PIT_DET,PIT,DET,14,7,0,0,17,5,37,0,2,4,4,2,31,17,75,317
2017,8,2017_08_SF_PHI,PHI,SF,14,4,1,1,19,4,35,3,4,3,4,3,33,18,112,194
2017,8,2017_08_SF_PHI,SF,PHI,15,3,0,0,14,6,69,4,3,3,2,1,36,17,94,144
2017,9,2017_09_ARI_SF,ARI,SF,16,7,0,0,20,2,25,0,5,4,7,2,30,15,167,201
2017,9,2017_09_ARI_SF,SF,ARI,17,6,2,0,17,8,53,5,0,2,2,1,51,24,63,266
2017,9,2017_09_ATL_CAR,ATL,CAR,12,4,3,0,17,8,70,2,1,5,2,2,38,24,53,302
2017,9,2017_09_ATL_CAR,CAR,ATL,13,4,2,1,19,5,29,1,2,3,4,2,24,13,201,129
2017,9,2017_09_BAL_TEN,BAL,TEN,16,6,4,3,23,6,39,2,3,0,5,2,53,35,73,268
2017,9,2017_09_BAL_TEN,TEN,BAL,11,3,0,0,14,3,39,3,2,5,4,3,28,19,71,186
2017,9,2017_09_BUF_NYJ,BUF,NYJ,16,6,1,0,21,11,99,7,1,3,3,3,40,29,63,244
2017,9,2017_09_BUF_NYJ,NYJ,BUF,14,6,0,0,19,10,66,1,7,4,6,4,20,14,194,137
2017,9,2017_09_CIN_JAX,CIN,JAX,8,1,0,0,8,8,77,2,0,2,1,1,18,10,29,119
2017,9,2017_09_CIN_JAX,JAX,CIN,18,12,1,0,25,5,50,0,2,3,7,1,38,24,149,259
2017,9,2017_09_DEN_PHI,DEN,PHI,13,3,1,1,14,14,105,3,2,2,3,1,38,19,35,191
2017,9,2017_09_DEN_PHI,PHI,DEN,13,5,4,2,25,5,35,2,3,6,7,7,28,16,197,222
2017,9,2017_09_DET_GB,DET,GB,13,8,0,0,24,2,19,1,3,5,5,3,33,26,64,353
2017,9,2017_09_DET_GB,GB,DET,9,2,2,0,21,2,20,3,1,2,4,2,38,26,78,233
2017,9,2017_09_IND_HOU,HOU,IND,14,4,1,0,18,7,74,2,3,2,4,1,44,19,94,194
2017,9,2017_09_IND_HOU,IND,HOU,14,4,0,0,17,6,68,3,2,3,3,2,30,20,92,279
2017,9,2017_09_KC_DAL,DAL,KC,12,7,0,0,24,5,65,1,2,3,4,4,33,21,131,244
2017,9,2017_09_KC_DAL,KC,DAL,11,4,1,0,17,8,52,2,1,3,3,2,34,25,68,255
2017,9,2017_09_LA_NYG,LA,NYG,12,6,1,0,20,6,55,0,2,7,7,6,22,14,162,311
2017,9,2017_09_LA_NYG,NYG,LA,16,8,0,0,17,4,52,2,0,4,2,2,38,20,111,208
2017,9,2017_09_OAK_MIA,LV,MIA,15,8,0,0,19,10,105,1,1,7,4,3,30,21,84,295
2017,9,2017_09_OAK_MIA,MIA,LV,12,5,1,0,20,11,107,1,1,3,3,3,42,34,88,309
2017,9,2017_09_TB_NO,NO,TB,13,7,0,0,21,4,28,1,4,5,4,3,27,22,151,256
2017,9,2017_09_TB_NO,TB,NO,13,4,0,0,14,7,50,4,1,0,1,1,28,15,87,113
2017,9,2017_09_WAS_SEA,SEA,WAS,14,5,0,0,22,16,138,2,6,6,4,2,47,24,148,289
2017,9,2017_09_WAS_SEA,WAS,SEA,13,4,0,0,15,7,62,6,2,4,3,2,31,21,51,193
2017,10,2017_10_CIN_TEN,CIN,TEN,10,1,1,1,15,12,84,1,4,3,4,3,35,20,53,255
2017,10,2017_10_CIN_TEN,TEN,CIN,15,7,0,0,27,5,55,4,1,6,4,3,44,25,180,236
2017,10,2017_10_CLE_DET,CLE,DET,15,5,4,4,26,7,60,4,4,4,6,3,40,22,201,212
2017,10,2017_10_CLE_DET,DET,CLE,11,5,0,0,16,7,81,4,4,7,5,4,26,17,104,241
2017,10,2017_10_DAL_ATL,ATL,DAL,13,7,1,0,21,5,35,1,8,2,4,3,29,22,132,204
2017,10,2017_10_DAL_ATL,DAL,ATL,11,5,1,0,18,5,54,8,1,3,3,1,30,20,107,126
2017,10,2017_10_GB_CHI,CHI,GB,14,4,1,0,14,8,78,5,3,5,1,1,35,21,55,268
2017,10,2017_10_GB_CHI,GB,CHI,16,7,1,1,18,5,35,3,5,3,4,2,25,18,160,182
2017,10,2017_10_HOU_LA,HOU,LA,12,4,1,0,17,8,60,3,3,4,4,1,36,18,89,194
2017,10,2017_10_HOU_LA,LA,HOU,16,6,1,0,19,10,86,3,3,5,6,3,38,26,104,339
2017,10,2017_10_LAC_JAX,JAX,LAC,18,5,2,1,19,9,106,3,0,3,4,2,52,28,135,265
2017,10,2017_10_LAC_JAX,LAC,JAX,15,3,0,0,16,7,77,0,3,4,2,2,37,21,87,235
2017,10,2017_10_MIA_CAR,CAR,MIA,14,11,0,0,30,6,37,0,0,6,6,6,35,21,294,254
2017,10,2017_10_MIA_CAR,MIA,CAR,12,7,1,0,16,7,57,0,0,3,3,3,37,22,100,213
2017,10,2017_10_MIN_WAS,MIN,WAS,12,8,0,0,21,3,40,0,1,4,5,5,29,21,102,304
2017,10,2017_10_MIN_WAS,WAS,MIN,14,5,5,3,24,2,15,1,0,5,5,3,45,26,81,313
2017,10,2017_10_NE_DEN,DEN,NE,15,8,0,0,17,5,28,0,1,5,3,1,33,18,118,221
2017,10,2017_10_NE_DEN,NE,DEN,11,4,3,1,28,1,5,1,0,5,7,5,37,28,99,297
2017,10,2017_10_NO_BUF,BUF,NO,11,2,1,0,10,8,56,2,0,2,2,1,28,16,69,129
2017,10,2017_10_NO_BUF,NO,BUF,12,6,2,2,32,4,41,0,2,6,8,6,25,18,298,184
2017,10,2017_10_NYG_SF,NYG,SF,14,5,3,3,19,4,35,3,0,4,3,2,37,28,116,260
2017,10,2017_10_NYG_SF,SF,NYG,12,8,1,0,20,6,44,0,3,7,6,4,25,19,186,288
2017,10,2017_10_NYJ_TB,NYJ,TB,15,3,2,1,15,8,77,6,1,5,2,1,39,23,56,219
2017,10,2017_10_NYJ_TB,TB,NYJ,16,7,0,0,17,6,50,1,6,3,3,1,34,17,90,181
2017,10,2017_10_PIT_IND,IND,PIT,15,6,0,0,13,9,82,3,1,2,2,2,24,14,71,196
2017,10,2017_10_PIT_IND,PIT,IND,13,5,0,0,18,9,70,1,3,3,4,2,32,19,88,230
2017,10,2017_10_SEA_ARI,ARI,SEA,15,6,3,1,24,9,58,2,5,1,3,2,47,24,34,256
2017,10,2017_10_SEA_ARI,SEA,ARI,13,3,0,0,14,12,108,5,2,3,5,2,32,22,75,212
2017,11,2017_11_ARI_HOU,ARI,HOU,10,3,1,0,17,10,90,2,1,5,3,3,34,22,48,244
2017,11,2017_11_ARI_HOU,HOU,ARI,15,8,0,0,22,6,42,1,2,5,5,4,32,22,134,223
2017,11,2017_11_ATL_SEA,ATL,SEA,14,9,0,0,21,7,69,1,3,3,5,3,27,19,89,190
2017,11,2017_11_ATL_SEA,SEA,ATL,12,5,2,1,26,9,106,3,1,3,7,3,44,27,136,226
2017,11,2017_11_BAL_GB,BAL,GB,14,3,1,1,13,3,30,3,6,3,4,2,28,22,58,161
2017,11,2017_11_BAL_GB,GB,BAL,13,4,4,1,16,5,53,6,3,2,1,0,36,21,75,190
2017,11,2017_11_BUF_LAC,BUF,LAC,14,6,2,1,18,6,48,1,1,6,3,3,39,21,173,220
2017,11,2017_11_BUF_LAC,LAC,BUF,14,7,0,0,28,1,13,1,1,5,9,4,37,25,146,283
2017,11,2017_11_CIN_DEN,CIN,DEN,15,7,0,0,12,3,14,2,3,2,3,3,25,15,49,141
2017,11,2017_11_CIN_DEN,DEN,CIN,21,12,2,1,20,5,50,3,2,2,3,2,42,23,112,229
2017,11,2017_11_DET_CHI,CHI,DET,9,3,1,1,25,5,64,1,3,2,4,3,30,18,222,176
2017,11,2017_11_DET_CHI,DET,CHI,10,3,0,0,20,6,49,3,1,4,4,2,31,21,65,287
2017,11,2017_11_JAX_CLE,CLE,JAX,13,3,1,0,11,0,0,5,2,3,1,1,32,16,50,134
2017,11,2017_11_JAX_CLE,JAX,CLE,20,6,1,1,15,6,40,2,5,2,3,1,30,17,139,145
2017,11,2017_11_KC_NYG,KC,NYG,11,3,1,1,22,9,87,1,0,4,3,0,41,27,134,229
2017,11,2017_11_KC_NYG,NYG,KC,13,3,3,2,20,5,48,0,1,1,4,1,36,19,112,205
2017,11,2017_11_LA_MIN,LA,MIN,11,3,1,0,15,8,60,2,0,2,3,1,37,23,45,209
2017,11,2017_11_LA_MIN,MIN,LA,14,7,1,1,27,7,65,0,2,6,3,3,38,27,171,280
2017,11,2017_11_NE_OAK,LV,NE,15,7,4,2,21,8,66,1,1,3,3,1,50,28,109,237
2017,11,2017_11_NE_OAK,NE,LV,10,5,0,0,24,2,10,1,1,3,4,3,37,30,89,332
2017,11,2017_11_PHI_DAL,DAL,PHI,14,3,1,0,14,2,10,4,0,2,3,0,32,18,112,113
2017,11,2017_11_PHI_DAL,PHI,DAL,14,5,1,1,17,3,30,0,4,5,6,4,30,14,217,170
2017,11,2017_11_TB_MIA,MIA,TB,13,6,1,0,17,17,123,1,1,6,5,2,40,23,83,365
2017,11,2017_11_TB_MIA,TB,MIA,13,3,0,0,19,9,82,1,1,5,6,2,37,22,53,268
2017,11,2017_11_TEN_PIT,PIT,TEN,13,5,1,0,26,7,61,3,5,3,8,4,46,31,65,292
2017,11,2017_11_TEN_PIT,TEN,PIT,13,5,2,1,17,9,65,5,3,3,3,2,34,22,52,264
2017,11,2017_11_WAS_NO,NO,WAS,12,4,1,1,27,7,54,2,2,10,5,3,41,29,162,375
2017,11,2017_11_WAS_NO,WAS,NO,12,4,2,2,23,9,67,2,2,6,5,4,32,22,156,300
2017,12,2017_12_BUF_KC,BUF,KC,17,6,0,0,15,6,50,2,2,2,3,1,29,19,104,164
2017,12,2017_12_BUF_KC,KC,BUF,13,2,1,0,14,6,50,2,2,2,1,1,36,23,55,181
2017,12,2017_12_CAR_NYJ,CAR,NYJ,14,3,1,1,16,10,84,3,3,5,5,2,30,11,147,154
2017,12,2017_12_CAR_NYJ,NYJ,CAR,14,5,0,0,21,7,68,3,3,6,5,3,36,19,109,282
2017,12,2017_12_CHI_PHI,CHI,PHI,13,3,2,0,8,9,56,2,1,0,1,0,33,17,6,134
2017,12,2017_12_CHI_PHI,PHI,CHI,16,7,4,3,24,11,70,1,2,4,6,4,39,26,176,244
2017,12,2017_12_CLE_CIN,CIN,CLE,10,4,0,0,23,4,35,1,4,2,5,3,28,18,152,209
2017,12,2017_12_CLE_CIN,CLE,CIN,15,6,3,2,20,7,69,4,1,7,5,1,32,18,169,236
2017,12,2017_12_DEN_OAK,DEN,LV,14,5,1,1,12,9,75,5,2,3,3,2,35,20,56,160
2017,12,2017_12_DEN_OAK,LV,DEN,13,5,0,0,20,7,68,2,5,5,4,3,24,18,104,244
2017,12,2017_12_GB_PIT,GB,PIT,13,6,1,1,15,3,27,4,1,4,4,4,26,17,80,227
2017,12,2017_12_GB_PIT,PIT,GB,13,8,1,1,28,5,45,1,4,4,4,4,46,33,121,343
2017,12,2017_12_HOU_BAL,BAL,HOU,14,3,2,2,17,7,89,1,2,4,4,2,33,21,139,155
2017,12,2017_12_HOU_BAL,HOU,BAL,14,6,0,0,19,6,36,2,1,4,4,1,37,22,66,237
2017,12,2017_12_JAX_ARI,ARI,JAX,17,7,0,0,20,10,98,1,3,3,3,2,39,22,108,238
2017,12,2017_12_JAX_ARI,JAX,ARI,12,1,1,1,19,5,45,3,1,2,3,2,33,19,91,128
2017,12,2017_12_LAC_DAL,DAL,LAC,11,6,0,0,14,7,60,2,0,1,2,2,28,20,79,168
2017,12,2017_12_LAC_DAL,LAC,DAL,14,9,1,0,24,5,56,0,2,8,8,3,33,27,81,434
2017,12,2017_12_MIA_NE,MIA,NE,11,2,3,2,15,6,52,7,1,1,4,1,34,23,67,154
2017,12,2017_12_MIA_NE,NE,MIA,12,5,2,1,24,7,70,1,7,10,5,5,28,18,196,221
2017,12,2017_12_MIN_DET,DET,MIN,11,3,1,0,17,8,54,3,2,4,4,2,35,20,53,236
2017,12,2017_12_MIN_DET,MIN,DET,13,6,0,0,27,9,74,2,3,5,6,4,30,21,136,272
2017,12,2017_12_NO_LA,LA,NO,14,3,0,0,24,9,90,4,3,6,4,2,44,28,88,327
2017,12,2017_12_NO_LA,NO,LA,13,3,1,1,14,7,112,3,4,5,3,2,32,22,123,223
2017,12,2017_12_NYG_WAS,NYG,WAS,14,2,3,1,7,6,79,5,6,1,2,0,27,13,84,86
2017,12,2017_12_NYG_WAS,WAS,NYG,15,4,1,0,17,8,55,6,5,3,4,2,31,19,122,201
2017,12,2017_12_SEA_SF,SEA,SF,13,5,0,0,20,6,35,0,3,5,4,3,34,20,90,228
2017,12,2017_12_SEA_SF,SF,SEA,16,5,1,1,16,7,74,3,0,3,2,1,40,24,84,196
2017,12,2017_12_TB_ATL,ATL,TB,14,11,0,0,23,4,42,0,1,10,5,4,36,27,148,368
2017,12,2017_12_TB_ATL,TB,ATL,11,4,2,1,27,2,15,1,0,2,5,2,44,27,94,279
2017,12,2017_12_TEN_IND,IND,TEN,14,6,0,0,15,9,67,8,0,2,4,1,29,17,89,165
2017,12,2017_12_TEN_IND,TEN,IND,8,3,0,0,19,2,15,0,8,1,4,2,25,17,92,184
2017,13,2017_13_CAR_NO,CAR,NO,10,3,2,0,15,6,54,2,2,4,4,3,28,17,112,167
2017,13,2017_13_CAR_NO,NO,CAR,15,6,1,1,19,7,68,2,2,7,6,4,34,25,148,252
2017,13,2017_13_CLE_LAC,CLE,LAC,11,5,1,0,17,4,24,3,1,5,3,1,32,15,89,202
2017,13,2017_13_CLE_LAC,LAC,CLE,15,8,1,1,23,5,62,1,3,5,6,1,43,31,94,335
2017,13,2017_13_DEN_MIA,DEN,MIA,13,1,1,0,14,9,57,3,2,5,3,0,42,19,103,167
2017,13,2017_13_DEN_MIA,MIA,DEN,15,4,0,0,15,7,85,2,3,7,7,3,32,18,145,222
2017,13,2017_13_DET_BAL,BAL,DET,12,5,0,0,24,2,25,0,3,3,6,4,36,23,101,269
2017,13,2017_13_DET_BAL,DET,BAL,13,4,0,0,18,6,45,3,0,7,3,3,34,27,78,294
2017,13,2017_13_HOU_TEN,HOU,TEN,16,8,1,1,23,11,85,4,2,4,4,1,49,31,53,331
2017,13,2017_13_HOU_TEN,TEN,HOU,11,5,1,1,18,7,63,2,4,5,3,3,23,15,198,146
2017,13,2017_13_IND_JAX,IND,JAX,15,5,4,4,17,4,31,4,1,2,3,1,36,21,141,149
2017,13,2017_13_IND_JAX,JAX,IND,15,9,1,1,21,6,55,1,4,7,5,3,38,27,96,332
2017,13,2017_13_KC_NYJ,KC,NYJ,8,3,1,0,17,7,29,2,0,8,7,4,33,19,112,362
2017,13,2017_13_KC_NYJ,NYJ,KC,20,13,1,1,29,5,40,0,2,4,6,4,36,26,159,331
2017,13,2017_13_LA_ARI,ARI,LA,15,7,0,0,19,4,25,7,1,4,2,2,32,18,118,187
2017,13,2017_13_LA_ARI,LA,ARI,11,3,1,1,18,7,36,1,7,4,5,2,31,21,90,213
2017,13,2017_13_MIN_ATL,ATL,MIN,10,1,1,1,14,7,55,0,2,1,2,0,29,16,102,173
2017,13,2017_13_MIN_ATL,MIN,ATL,12,6,0,0,22,6,51,2,0,2,3,2,30,25,105,207
2017,13,2017_13_NE_BUF,BUF,NE,13,5,3,0,16,3,34,4,3,1,2,0,34,15,183,85
2017,13,2017_13_NE_BUF,NE,BUF,12,5,0,0,23,9,66,3,4,4,5,2,30,21,191,244
2017,13,2017_13_NYG_OAK,LV,NYG,15,6,3,1,18,6,42,1,3,4,4,3,36,22,119,282
2017,13,2017_13_NYG_OAK,NYG,LV,14,5,0,0,15,1,5,3,1,3,3,2,34,21,65,200
2017,13,2017_13_PHI_SEA,PHI,SEA,16,8,4,2,23,7,64,3,2,6,3,1,45,29,98,327
2017,13,2017_13_PHI_SEA,SEA,PHI,12,6,0,0,20,5,46,2,3,5,3,3,31,20,101,209
2017,13,2017_13_PIT_CIN,CIN,PIT,14,7,0,0,19,13,173,2,1,2,3,2,36,21,130,223
2017,13,2017_13_PIT_CIN,PIT,CIN,12,4,1,1,23,7,66,1,2,4,5,2,40,24,92,282
2017,13,2017_13_SF_CHI,CHI,SF,10,5,0,0,8,4,29,2,2,1,2,1,15,12,62,85
2017,13,2017_13_SF_CHI,SF,CHI,18,10,0,0,23,8,53,2,2,3,5,0,37,26,110,278
2017,13,2017_13_TB_GB,GB,TB,12,5,0,0,15,7,47,2,7,2,5,2,22,13,199,77
2017,13,2017_13_TB_GB,TB,GB,16,9,0,0,25,8,74,7,2,3,4,2,32,21,165,230
2017,13,2017_13_WAS_DAL,DAL,WAS,14,7,1,0,21,3,25,1,4,1,6,4,22,11,182,93
2017,13,2017_13_WAS_DAL,WAS,DAL,14,6,1,0,15,7,43,4,1,3,3,2,37,26,56,224
2017,14,2017_14_BAL_PIT,BAL,PIT,10,4,0,0,25,5,35,1,3,6,5,5,35,20,152,261
2017,14,2017_14_BAL_PIT,PIT,BAL,18,12,0,0,31,6,101,3,1,6,5,4,66,44,59,486
2017,14,2017_14_CHI_CIN,CHI,CIN,11,4,2,1,29,10,74,2,3,3,6,4,32,25,232,250
2017,14,2017_14_CHI_CIN,CIN,CHI,12,3,2,0,13,7,56,3,2,3,1,1,37,18,70,164
2017,14,2017_14_DAL_NYG,DAL,NYG,14,7,0,0,19,8,51,0,0,4,5,4,30,20,122,332
2017,14,2017_14_DAL_NYG,NYG,DAL,16,6,0,0,21,7,69,0,0,1,2,1,46,31,102,228
2017,14,2017_14_DET_TB,DET,TB,11,5,0,0,21,8,105,0,3,5,3,3,44,36,53,381
2017,14,2017_14_DET_TB,TB,DET,8,4,0,0,28,7,65,3,0,3,3,3,38,26,133,267
2017,14,2017_14_GB_CLE,CLE,GB,13,7,0,0,17,6,45,2,1,3,3,3,28,20,136,209
2017,14,2017_14_GB_CLE,GB,CLE,16,8,3,2,24,3,20,1,2,2,4,3,46,35,85,256
2017,14,2017_14_IND_BUF,BUF,IND,17,9,2,0,13,2,10,0,1,5,2,2,15,6,227,71
2017,14,2017_14_IND_BUF,IND,BUF,16,4,4,3,16,2,20,1,0,1,2,1,22,11,163,64
2017,14,2017_14_MIN_CAR,CAR,MIN,15,5,0,0,15,6,48,2,6,4,5,4,25,13,216,129
2017,14,2017_14_MIN_CAR,MIN,CAR,15,7,1,0,21,2,30,6,2,2,5,2,45,27,100,258
2017,14,2017_14_NE_MIA,MIA,NE,14,4,1,1,21,8,102,2,2,4,4,3,38,25,120,242
2017,14,2017_14_NE_MIA,NE,MIA,11,0,0,0,14,9,78,2,2,5,3,2,43,24,25,223
2017,14,2017_14_NO_ATL,ATL,NO,12,7,0,0,26,4,35,1,2,5,4,2,27,15,132,211
2017,14,2017_14_NO_ATL,NO,ATL,10,3,1,1,18,11,82,2,1,6,4,2,35,26,50,256
2017,14,2017_14_NYJ_DEN,DEN,NYJ,17,7,1,1,17,3,21,2,4,3,5,2,31,19,84,189
2017,14,2017_14_NYJ_DEN,NYJ,DEN,13,3,1,0,6,4,20,4,2,0,0,0,21,8,59,41
2017,14,2017_14_OAK_KC,KC,LV,13,5,0,0,23,7,69,4,3,4,4,2,34,20,165,243
2017,14,2017_14_OAK_KC,LV,KC,13,5,1,1,15,7,39,3,4,3,2,2,42,24,70,200
2017,14,2017_14_PHI_LA,LA,PHI,7,2,0,0,16,7,102,2,2,5,5,4,26,16,109,198
2017,14,2017_14_PHI_LA,PHI,LA,20,8,2,2,28,10,67,2,2,4,7,4,51,29,139,316
2017,14,2017_14_SEA_JAX,JAX,SEA,12,4,0,0,20,7,48,0,2,4,6,3,27,18,156,268
2017,14,2017_14_SEA_JAX,SEA,JAX,9,2,1,0,17,6,73,2,0,5,5,3,31,17,141,260
2017,14,2017_14_SF_HOU,HOU,SF,13,3,2,1,18,8,81,3,2,4,2,2,38,20,90,221
2017,14,2017_14_SF_HOU,SF,HOU,11,2,0,0,19,11,87,2,3,7,4,2,33,20,102,314
2017,14,2017_14_TEN_ARI,ARI,TEN,14,3,0,0,16,5,30,8,3,4,4,0,26,17,136,125
2017,14,2017_14_TEN_ARI,TEN,ARI,12,4,2,0,14,6,48,3,8,2,1,1,31,16,65,139
2017,14,2017_14_WAS_LAC,LAC,WAS,15,6,0,0,23,5,40,2,2,8,7,4,34,19,174,314
2017,14,2017_14_WAS_LAC,WAS,LAC,12,2,2,1,9,4,47,2,2,2,2,1,27,15,65,136
2017,15,2017_15_ARI_WAS,ARI,WAS,19,4,3,2,19,8,71,5,1,3,6,0,41,16,141,145
2017,15,2017_15_ARI_WAS,WAS,ARI,9,1,0,0,14,7,82,1,5,3,4,2,26,18,31,187
2017,15,2017_15_ATL_TB,ATL,TB,15,9,0,0,24,6,60,1,2,6,4,3,31,17,201,209
2017,15,2017_15_ATL_TB,TB,ATL,8,4,0,0,22,7,53,2,1,3,4,3,35,27,84,289
2017,15,2017_15_BAL_CLE,BAL,CLE,16,7,1,0,23,7,57,1,2,4,5,2,42,26,97,279
2017,15,2017_15_BAL_CLE,CLE,BAL,14,5,1,0,14,6,35,2,1,2,2,1,37,20,130,136
2017,15,2017_15_CHI_DET,CHI,DET,12,5,1,0,22,13,97,2,4,2,2,1,46,31,43,306
2017,15,2017_15_CHI_DET,DET,CHI,13,6,0,0,18,8,58,4,2,1,3,2,33,25,91,202
2017,15,2017_15_CIN_MIN,CIN,MIN,13,1,3,1,8,5,44,3,2,1,1,1,28,14,46,115
2017,15,2017_15_CIN_MIN,MIN,CIN,12,4,0,0,17,11,93,2,3,7,5,3,25,20,124,222
2017,15,2017_15_DAL_OAK,DAL,LV,10,2,2,2,21,7,100,2,0,3,3,2,27,18,126,204
2017,15,2017_15_DAL_OAK,LV,DAL,15,8,0,0,19,14,105,0,2,2,4,2,38,21,122,171
2017,15,2017_15_DEN_IND,DEN,IND,15,7,3,1,23,12,80,2,1,6,5,3,27,17,211,253
2017,15,2017_15_DEN_IND,IND,DEN,13,6,1,0,14,4,39,1,2,2,1,1,30,17,70,158
2017,15,2017_15_GB_CAR,CAR,GB,12,6,0,0,29,5,40,1,3,4,5,4,31,20,151,236
2017,15,2017_15_GB_CAR,GB,CAR,11,4,3,2,24,6,28,3,1,6,4,3,45,26,120,264
2017,15,2017_15_HOU_JAX,HOU,JAX,16,4,0,0,9,14,127,4,1,2,1,1,31,12,87,99
2017,15,2017_15_HOU_JAX,JAX,HOU,10,3,0,0,24,8,54,1,4,5,7,6,29,21,138,326
2017,15,2017_15_LAC_KC,KC,LAC,14,6,1,1,20,7,71,1,2,5,5,3,30,23,174,223
2017,15,2017_15_LAC_KC,LAC,KC,11,4,2,1,20,9,61,2,1,2,2,2,36,20,98,209
2017,15,2017_15_LA_SEA,LA,SEA,16,6,3,1,19,3,25,2,7,1,8,5,23,15,244,108
2017,15,2017_15_LA_SEA,SEA,LA,14,4,0,0,11,9,60,7,2,2,1,1,30,14,78,71
2017,15,2017_15_MIA_BUF,BUF,MIA,15,7,1,0,20,3,28,2,3,4,4,3,29,17,116,212
2017,15,2017_15_MIA_BUF,MIA,BUF,16,5,2,1,21,6,50,3,2,2,3,1,49,28,100,249
2017,15,2017_15_NE_PIT,NE,PIT,9,3,1,1,21,2,4,2,2,5,4,3,36,22,77,285
2017,15,2017_15_NE_PIT,PIT,NE,16,10,0,0,21,6,63,2,2,2,5,3,30,22,143,270
2017,15,2017_15_NYJ_NO,NO,NYJ,10,3,1,1,22,8,92,0,1,6,6,4,36,26,131,281
2017,15,2017_15_NYJ_NO,NYJ,NO,15,5,1,0,19,8,50,1,0,2,4,2,40,19,124,170
2017,15,2017_15_PHI_NYG,NYG,PHI,18,10,1,0,27,5,67,1,1,5,6,4,58,37,75,429
2017,15,2017_15_PHI_NYG,PHI,NYG,13,6,1,0,22,7,44,1,1,2,6,4,38,24,108,233
2017,15,2017_15_TEN_SF,SF,TEN,14,7,0,0,23,7,70,3,1,3,5,1,43,31,51,363
2017,15,2017_15_TEN_SF,TEN,SF,12,6,1,1,22,3,22,1,3,3,3,2,33,23,90,238
2017,16,2017_16_ATL_NO,ATL,NO,13,2,2,1,15,10,91,5,1,4,4,1,36,22,67,264
2017,16,2017_16_ATL_NO,NO,ATL,13,3,1,1,15,3,30,1,5,5,4,2,28,21,86,229
2017,16,2017_16_BUF_NE,BUF,NE,17,8,2,0,17,4,83,6,2,4,5,0,38,21,84,242
2017,16,2017_16_BUF_NE,NE,BUF,11,5,1,1,28,2,10,2,6,2,6,4,28,21,193,218
2017,16,2017_16_CLE_CHI,CHI,CLE,16,7,1,1,16,4,25,5,1,4,3,3,23,14,97,161
2017,16,2017_16_CLE_CHI,CLE,CHI,13,4,1,0,12,8,60,1,5,2,1,0,36,18,76,178
2017,16,2017_16_DEN_WAS,DEN,WAS,17,5,2,1,18,3,30,4,0,4,2,1,39,22,159,173
2017,16,2017_16_DEN_WAS,WAS,DEN,13,5,0,0,19,6,35,0,4,5,6,3,37,19,87,299
2017,16,2017_16_DET_CIN,CIN,DET,14,7,0,0,28,5,60,3,2,2,5,2,41,27,142,222
2017,16,2017_16_DET_CIN,DET,CIN,15,6,2,1,15,9,74,2,3,3,3,2,35,19,87,189
2017,16,2017_16_IND_BAL,BAL,IND,14,6,1,1,23,5,25,1,2,2,4,2,38,29,103,220
2017,16,2017_16_IND_BAL,IND,BAL,13,5,2,1,17,2,19,2,1,3,5,1,33,16,93,203
2017,16,2017_16_JAX_SF,JAX,SF,13,5,2,2,30,12,99,1,1,5,4,4,51,32,92,382
2017,16,2017_16_JAX_SF,SF,JAX,15,10,0,0,25,8,68,1,1,4,8,5,30,21,131,238
2017,16,2017_16_LAC_NYJ,LAC,NYJ,15,5,0,0,21,8,80,0,3,6,2,2,40,22,89,290
2017,16,2017_16_LAC_NYJ,NYJ,LAC,14,3,1,0,13,5,34,3,0,4,3,1,28,15,197,98
2017,16,2017_16_LA_TEN,LA,TEN,14,6,2,1,20,5,44,1,1,3,5,4,39,22,116,286
2017,16,2017_16_LA_TEN,TEN,LA,12,3,1,0,19,5,54,1,1,4,5,1,39,22,97,269
2017,16,2017_16_MIA_KC,KC,MIA,16,8,1,0,22,5,40,1,0,5,7,2,39,25,103,301
2017,16,2017_16_MIA_KC,MIA,KC,8,0,2,0,15,11,75,0,1,4,3,1,38,19,59,286
2017,16,2017_16_MIN_GB,GB,MIN,15,4,4,0,12,6,79,1,3,2,2,0,40,17,113,126
2017,16,2017_16_MIN_GB,MIN,GB,15,4,0,0,15,2,10,3,1,3,3,1,25,14,112,124
2017,16,2017_16_NYG_ARI,ARI,NYG,14,5,0,0,19,6,45,2,2,4,4,2,35,21,74,215
2017,16,2017_16_NYG_ARI,NYG,ARI,14,1,4,1,12,10,101,2,2,3,1,0,45,27,43,250
2017,16,2017_16_OAK_PHI,LV,PHI,13,3,2,0,13,7,50,1,2,3,2,1,29,15,137,137
2017,16,2017_16_OAK_PHI,PHI,LV,14,1,2,2,12,8,60,2,1,1,4,1,38,19,78,138
2017,16,2017_16_PIT_HOU,HOU,PIT,12,3,1,0,13,7,80,7,0,2,2,1,18,8,176,51
2017,16,2017_16_PIT_HOU,PIT,HOU,12,7,0,0,20,4,24,0,7,4,6,4,30,20,104,226
2017,16,2017_16_SEA_DAL,DAL,SEA,13,6,1,1,21,7,75,4,3,1,3,0,34,21,128,154
2017,16,2017_16_SEA_DAL,SEA,DAL,11,4,0,0,15,11,142,3,4,1,3,2,21,14,76,60
2017,16,2017_16_TB_CAR,CAR,TB,13,4,1,1,20,6,50,2,6,2,6,2,26,16,115,140
2017,16,2017_16_TB_CAR,TB,CAR,11,6,0,0,20,12,72,6,2,6,6,1,27,21,66,326
2017,17,2017_17_ARI_SEA,ARI,SEA,14,4,0,0,19,4,25,1,3,1,2,2,34,15,116,143
2017,17,2017_17_ARI_SEA,SEA,ARI,12,1,1,1,13,8,100,3,1,7,3,3,29,18,101,195
2017,17,2017_17_BUF_MIA,BUF,MIA,12,5,0,0,20,6,45,4,1,2,5,2,27,19,126,186
2017,17,2017_17_BUF_MIA,MIA,BUF,13,5,3,1,21,14,145,1,4,4,4,2,45,30,93,263
2017,17,2017_17_CAR_ATL,ATL,CAR,16,6,0,0,19,7,60,1,2,3,5,1,45,28,60,311
2017,17,2017_17_CAR_ATL,CAR,ATL,15,5,1,1,15,5,35,2,1,3,3,1,34,14,87,161
2017,17,2017_17_CHI_MIN,CHI,MIN,12,1,2,0,12,10,116,1,2,4,3,0,37,20,30,171
2017,17,2017_17_CHI_MIN,MIN,CHI,13,5,0,0,21,12,103,2,1,2,4,3,29,21,147,180
2017,17,2017_17_CIN_BAL,BAL,CIN,17,5,2,1,19,5,47,1,1,0,4,3,47,25,118,194
2017,17,2017_17_CIN_BAL,CIN,BAL,15,5,1,1,22,6,60,1,1,4,5,3,44,23,146,213
2017,17,2017_17_CLE_PIT,CLE,PIT,15,7,1,0,17,9,77,6,3,6,3,3,30,16,102,272
2017,17,2017_17_CLE_PIT,PIT,CLE,10,3,2,0,19,3,15,3,6,5,5,4,27,23,124,224
2017,17,2017_17_DAL_PHI,DAL,PHI,15,5,1,0,16,7,64,1,3,4,2,1,30,17,129,172
2017,17,2017_17_DAL_PHI,PHI,DAL,11,2,2,0,12,7,49,3,1,1,0,0,34,23,70,149
2017,17,2017_17_GB_DET,DET,GB,12,4,0,0,18,5,62,2,4,4,6,4,30,20,51,307
2017,17,2017_17_GB_DET,GB,DET,14,4,2,1,17,8,68,4,2,4,2,1,33,20,103,155
2017,17,2017_17_HOU_IND,HOU,IND,11,5,0,0,15,7,34,2,1,1,1,1,24,14,85,124
2017,17,2017_17_HOU_IND,IND,HOU,13,6,0,0,20,4,20,1,2,1,4,2,25,15,146,104
2017,17,2017_17_JAX_TEN,JAX,TEN,16,6,0,0,13,6,41,2,3,1,2,0,34,15,83,146
2017,17,2017_17_JAX_TEN,TEN,JAX,16,3,1,1,11,2,15,3,2,1,3,1,21,12,116,116
2017,17,2017_17_KC_DEN,DEN,KC,12,5,2,1,21,4,30,5,2,4,5,2,31,21,110,226
2017,17,2017_17_KC_DEN,KC,DEN,11,4,1,1,23,4,40,2,5,3,5,2,36,22,110,269
2017,17,2017_17_NO_TB,NO,TB,12,6,1,0,18,7,38,2,2,3,3,3,30,22,92,231
2017,17,2017_17_NO_TB,TB,NO,18,13,1,1,27,2,15,2,2,2,5,3,52,28,110,347
2017,17,2017_17_NYJ_NE,NE,NYJ,15,4,1,1,28,4,49,2,4,3,5,3,40,19,147,183
2017,17,2017_17_NYJ_NE,NYJ,NE,12,0,1,1,13,9,84,4,2,4,1,0,36,19,40,207
2017,17,2017_17_OAK_LAC,LAC,LV,13,7,1,0,26,7,65,1,2,7,6,4,37,28,115,380
2017,17,2017_17_OAK_LAC,LV,LAC,11,4,3,0,14,6,85,2,1,3,3,1,28,19,105,231
2017,17,2017_17_SF_LA,LA,SF,15,5,1,1,15,6,46,3,0,3,3,1,34,20,102,149
2017,17,2017_17_SF_LA,SF,LA,12,6,0,0,25,4,23,0,3,5,5,4,33,20,169,292
2017,17,2017_17_WAS_NYG,NYG,WAS,16,4,0,0,17,3,25,2,3,4,5,2,29,10,260,121
2017,17,2017_17_WAS_NYG,WAS,NYG,13,1,1,1,10,4,35,3,2,1,1,1,37,20,61,136
2018,1,2018_01_ATL_PHI,ATL,PHI,17,4,2,0,16,15,135,4,2,5,5,1,43,21,74,225
2018,1,2018_01_ATL_PHI,PHI,ATL,19,8,2,0,18,11,101,2,4,1,3,2,35,20,115,119
2018,1,2018_01_BUF_BAL,BAL,BUF,14,6,0,0,26,9,78,2,6,5,7,6,39,26,117,252
2018,1,2018_01_BUF_BAL,BUF,BAL,15,2,1,0,10,10,100,6,2,1,1,0,33,11,83,70
2018,1,2018_01_CHI_GB,CHI,GB,17,7,2,0,17,5,35,4,4,2,5,1,35,23,139,155
2018,1,2018_01_CHI_GB,GB,CHI,13,5,1,0,16,8,72,4,4,4,4,3,37,24,69,301
2018,1,2018_01_CIN_IND,CIN,IND,8,4,0,0,19,8,94,2,2,4,4,3,28,21,101,229
2018,1,2018_01_CIN_IND,IND,CIN,17,11,0,0,23,7,91,2,2,1,5,2,53,39,75,305
2018,1,2018_01_DAL_CAR,CAR,DAL,12,4,0,0,20,9,80,3,6,1,5,2,26,17,147,146
2018,1,2018_01_DAL_CAR,DAL,CAR,11,2,1,0,17,10,85,6,3,1,1,1,29,19,96,138
2018,1,2018_01_HOU_NE,HOU,NE,11,2,1,0,21,6,44,3,2,2,5,2,34,17,167,158
2018,1,2018_01_HOU_NE,NE,HOU,14,4,1,1,23,6,36,2,3,4,5,3,39,26,122,267
2018,1,2018_01_JAX_NYG,JAX,NYG,13,4,0,0,17,11,119,1,2,3,3,1,33,18,137,168
2018,1,2018_01_JAX_NYG,NYG,JAX,13,4,2,0,15,6,43,2,1,3,3,1,37,23,114,210
2018,1,2018_01_KC_LAC,KC,LAC,10,4,0,0,19,6,50,1,1,7,5,4,27,15,106,256
2018,1,2018_01_KC_LAC,LAC,KC,11,3,1,1,32,7,45,1,1,8,3,3,53,34,125,420
2018,1,2018_01_LA_OAK,LA,LV,11,4,0,0,23,8,70,1,1,4,7,2,33,18,140,225
2018,1,2018_01_LA_OAK,LV,LA,11,5,0,0,20,11,155,1,1,4,2,1,40,29,95,300
2018,1,2018_01_NYJ_DET,DET,NYJ,13,3,2,0,20,3,15,0,2,5,4,1,52,29,39,300
2018,1,2018_01_NYJ_DET,NYJ,DET,14,6,3,2,18,7,49,2,0,4,9,4,21,16,169,180
2018,1,2018_01_PIT_CLE,CLE,PIT,18,5,1,0,22,11,87,7,4,5,4,3,40,15,177,150
2018,1,2018_01_PIT_CLE,PIT,CLE,15,7,0,0,25,12,116,4,7,5,4,3,41,23,159,313
2018,1,2018_01_SEA_DEN,DEN,SEA,12,4,0,0,24,7,60,1,6,7,3,3,39,25,146,324
2018,1,2018_01_SEA_DEN,SEA,DEN,12,2,0,0,13,7,45,6,1,5,4,3,33,19,64,242
2018,1,2018_01_SF_MIN,MIN,SF,17,7,1,0,19,7,52,3,3,2,4,2,36,20,116,227
2018,1,2018_01_SF_MIN,SF,MIN,13,5,0,0,20,3,21,3,3,4,4,1,33,15,90,237
2018,1,2018_01_TB_NO,NO,TB,9,4,1,1,26,8,77,1,0,6,6,5,46,37,45,434
2018,1,2018_01_TB_NO,TB,NO,13,8,0,0,25,7,70,0,1,9,8,5,28,21,112,417
2018,1,2018_01_TEN_MIA,MIA,TEN,10,2,1,0,18,7,51,1,0,3,7,3,28,20,120,222
2018,1,2018_01_TEN_MIA,TEN,MIA,14,6,2,0,19,5,48,0,1,2,3,2,38,20,116,220
2018,1,2018_01_WAS_ARI,ARI,WAS,8,1,1,0,14,9,67,2,3,2,2,1,35,20,68,145
2018,1,2018_01_WAS_ARI,WAS,ARI,13,6,1,1,29,9,63,3,2,3,4,3,30,21,182,247
2018,2,2018_02_ARI_LA,ARI,LA,12,3,1,1,5,9,47,1,2,0,0,0,27,17,54,83
2018,2,2018_02_ARI_LA,LA,ARI,15,8,3,1,23,5,49,2,1,7,6,4,33,24,94,344
2018,2,2018_02_BAL_CIN,BAL,CIN,16,7,4,2,28,7,51,4,0,5,3,3,56,32,66,359
2018,2,2018_02_BAL_CIN,CIN,BAL,13,5,0,0,24,9,92,0,4,5,5,4,42,24,108,265
2018,2,2018_02_CAR_ATL,ATL,CAR,11,6,0,0,23,2,26,0,2,7,4,4,28,23,170,272
2018,2,2018_02_CAR_ATL,CAR,ATL,11,5,1,1,27,7,49,2,0,5,3,3,45,32,121,318
2018,2,2018_02_CLE_NO,CLE,NO,12,4,2,1,16,4,43,3,3,4,2,2,30,22,93,234
2018,2,2018_02_CLE_NO,NO,CLE,12,3,0,0,18,4,53,3,3,2,4,2,35,28,64,213
2018,2,2018_02_DET_SF,DET,SF,16,7,1,0,25,10,105,2,6,4,5,3,53,34,98,329
2018,2,2018_02_DET_SF,SF,DET,11,3,0,0,23,9,86,6,2,5,6,3,26,18,190,156
2018,2,2018_02_HOU_TEN,HOU,TEN,11,5,0,0,21,11,88,4,1,6,3,2,32,22,148,289
2018,2,2018_02_HOU_TEN,TEN,HOU,15,5,2,2,14,8,70,1,4,1,3,2,22,15,100,183
2018,2,2018_02_IND_WAS,IND,WAS,16,9,0,0,16,6,26,1,3,2,3,3,31,21,104,177
2018,2,2018_02_IND_WAS,WAS,IND,15,5,2,1,20,7,90,3,1,3,2,1,46,33,65,269
2018,2,2018_02_KC_PIT,KC,PIT,5,2,0,0,23,12,76,1,1,7,6,6,28,23,127,322
2018,2,2018_02_KC_PIT,PIT,KC,11,3,2,2,33,12,90,1,1,6,6,5,61,39,33,444
2018,2,2018_02_LAC_BUF,BUF,LAC,14,5,0,0,16,6,31,5,2,4,3,2,32,17,84,179
2018,2,2018_02_LAC_BUF,LAC,BUF,9,3,0,0,21,6,45,2,5,5,5,4,27,23,109,240
2018,2,2018_02_MIA_NYJ,MIA,NYJ,13,6,0,0,18,2,10,4,3,3,4,3,23,17,135,122
2018,2,2018_02_MIA_NYJ,NYJ,MIA,10,3,0,0,21,7,50,3,4,6,3,1,41,25,42,320
2018,2,2018_02_MIN_GB,GB,MIN,13,4,0,0,23,7,54,4,2,3,6,1,42,30,98,253
2018,2,2018_02_MIN_GB,MIN,GB,14,7,0,0,24,8,70,2,4,7,5,4,49,35,68,414
2018,2,2018_02_NE_JAX,JAX,NE,14,10,0,0,27,7,71,0,2,6,5,4,45,29,104,376
2018,2,2018_02_NE_JAX,NE,JAX,12,4,0,0,17,2,25,2,0,3,3,2,35,24,82,220
2018,2,2018_02_NYG_DAL,DAL,NYG,10,3,1,1,16,6,47,0,6,1,4,2,25,16,138,160
2018,2,2018_02_NYG_DAL,NYG,DAL,17,8,2,2,17,3,24,6,0,1,3,1,44,33,35,220
2018,2,2018_02_OAK_DEN,DEN,LV,16,8,1,1,20,6,35,1,1,8,4,2,35,19,168,217
2018,2,2018_02_OAK_DEN,LV,DEN,10,3,1,0,21,4,30,1,1,6,3,2,32,29,92,281
2018,2,2018_02_PHI_TB,PHI,TB,15,5,5,3,24,6,55,3,2,4,3,3,48,35,91,321
2018,2,2018_02_PHI_TB,TB,PHI,10,4,0,0,18,4,44,2,3,4,4,4,33,27,43,393
2018,2,2018_02_SEA_CHI,CHI,SEA,12,5,1,1,20,7,55,2,6,0,4,2,34,25,86,185
2018,2,2018_02_SEA_CHI,SEA,CHI,13,5,0,0,17,5,37,6,2,2,2,2,36,22,74,202
2018,3,2018_03_BUF_MIN,BUF,MIN,13,4,1,1,16,12,84,3,4,3,4,3,22,15,128,164
2018,3,2018_03_BUF_MIN,MIN,BUF,14,5,1,0,21,6,59,4,3,0,1,1,56,40,14,278
2018,3,2018_03_CHI_ARI,ARI,CHI,10,3,1,0,13,6,43,4,3,4,2,2,26,17,53,168
2018,3,2018_03_CHI_ARI,CHI,ARI,14,5,1,1,21,7,45,3,4,3,3,1,35,24,122,194
2018,3,2018_03_CIN_CAR,CAR,CIN,13,6,1,0,23,3,17,1,2,4,4,4,24,15,230,147
2018,3,2018_03_CIN_CAR,CIN,CAR,10,4,0,0,25,4,36,2,1,8,3,3,46,29,66,330
2018,3,2018_03_DAL_SEA,DAL,SEA,13,3,2,1,16,7,55,5,2,3,3,1,34,19,166,137
2018,3,2018_03_DAL_SEA,SEA,DAL,16,7,0,0,18,10,67,2,5,2,3,3,26,16,113,182
2018,3,2018_03_DEN_BAL,BAL,DEN,16,8,0,0,20,7,52,2,3,3,3,3,40,25,77,265
2018,3,2018_03_DEN_BAL,DEN,BAL,14,6,1,0,18,13,120,3,2,3,4,2,34,22,120,173
2018,3,2018_03_GB_WAS,GB,WAS,14,6,2,0,19,11,115,4,0,1,3,2,45,27,100,240
2018,3,2018_03_GB_WAS,WAS,GB,11,5,0,0,20,6,66,0,4,5,6,4,20,12,166,220
2018,3,2018_03_IND_PHI,IND,PHI,12,2,2,1,14,11,77,2,5,3,5,1,41,25,68,141
2018,3,2018_03_IND_PHI,PHI,IND,14,6,0,0,26,10,110,5,2,2,4,2,37,25,152,227
2018,3,2018_03_LAC_LA,LA,LAC,11,8,0,0,33,6,64,1,2,6,6,4,36,29,171,350
2018,3,2018_03_LAC_LA,LAC,LA,13,7,2,1,16,4,30,2,1,7,5,3,30,18,141,215
2018,3,2018_03_NE_DET,DET,NE,14,7,0,0,25,6,70,1,2,3,5,2,36,27,159,255
2018,3,2018_03_NE_DET,NE,DET,9,2,1,0,12,5,38,2,1,0,2,1,26,14,89,120
2018,3,2018_03_NO_ATL,ATL,NO,11,4,0,0,24,5,54,3,1,2,5,5,37,26,48,363
2018,3,2018_03_NO_ATL,NO,ATL,14,7,1,1,31,11,120,1,3,7,6,5,49,39,143,391
2018,3,2018_03_NYG_HOU,HOU,NYG,12,5,2,2,21,7,50,3,4,7,5,2,41,24,59,368
2018,3,2018_03_NYG_HOU,NYG,HOU,13,7,0,0,21,3,20,4,3,5,4,3,29,25,114,265
2018,3,2018_03_NYJ_CLE,CLE,NYJ,18,7,0,0,20,5,41,4,2,3,4,2,38,21,133,192
2018,3,2018_03_NYJ_CLE,NYJ,CLE,15,6,1,1,14,6,55,2,4,2,3,2,31,15,107,161
2018,3,2018_03_OAK_MIA,LV,MIA,13,7,1,0,25,8,38,3,1,2,5,2,39,27,109,325
2018,3,2018_03_OAK_MIA,MIA,LV,8,2,0,0,13,9,74,1,3,5,4,4,24,18,41,332
2018,3,2018_03_PIT_TB,PIT,TB,11,3,0,0,21,12,150,3,3,4,5,3,38,30,78,335
2018,3,2018_03_PIT_TB,TB,PIT,9,3,1,1,27,9,80,3,3,6,6,3,50,30,63,392
2018,3,2018_03_SF_KC,KC,SF,11,7,1,1,31,6,48,2,4,3,6,5,38,24,77,307
2018,3,2018_03_SF_KC,SF,KC,9,2,2,2,26,14,147,4,2,6,4,3,31,20,178,230
2018,3,2018_03_TEN_JAX,JAX,TEN,14,5,1,0,12,8,75,3,3,0,1,0,34,21,87,145
2018,3,2018_03_TEN_JAX,TEN,JAX,15,5,0,0,15,4,30,3,3,1,3,0,21,13,150,83
2018,4,2018_04_BAL_PIT,BAL,PIT,17,8,1,1,24,7,50,2,1,3,6,2,42,28,96,355
2018,4,2018_04_BAL_PIT,PIT,BAL,12,2,1,0,14,5,40,1,2,4,3,1,48,27,19,267
2018,4,2018_04_BUF_GB,BUF,GB,16,3,0,0,11,3,20,7,2,1,1,0,33,16,58,87
2018,4,2018_04_BUF_GB,GB,BUF,19,11,1,0,22,5,60,2,7,5,3,2,40,22,141,282
2018,4,2018_04_CIN_ATL,ATL,CIN,15,11,1,0,25,10,95,3,3,5,6,4,40,29,92,403
2018,4,2018_04_CIN_ATL,CIN,ATL,12,7,2,2,30,6,55,3,3,3,6,5,42,29,99,308
2018,4,2018_04_CLE_OAK,CLE,LV,15,5,1,1,20,8,55,2,3,6,7,5,42,21,212,279
2018,4,2018_04_CLE_OAK,LV,CLE,16,5,1,0,27,6,65,3,2,6,8,4,59,35,139,428
2018,4,2018_04_DET_DAL,DAL,DET,12,5,1,1,26,2,20,3,3,5,5,2,27,17,183,231
2018,4,2018_04_DET_DAL,DET,DAL,11,6,0,0,18,8,58,3,3,7,4,3,30,24,96,286
2018,4,2018_04_HOU_IND,HOU,IND,16,8,1,1,30,10,54,7,4,5,6,3,42,29,119,347
2018,4,2018_04_HOU_IND,IND,HOU,17,10,1,0,28,10,85,4,7,4,4,4,64,40,41,439
2018,4,2018_04_KC_DEN,DEN,KC,11,2,3,2,21,3,25,4,1,3,3,2,33,21,159,226
2018,4,2018_04_KC_DEN,KC,DEN,15,7,2,2,22,10,93,1,4,7,5,3,45,28,142,304
2018,4,2018_04_MIA_NE,MIA,NE,11,3,1,1,11,10,89,2,0,1,1,1,25,15,56,116
2018,4,2018_04_MIA_NE,NE,MIA,15,10,0,0,26,6,57,0,2,5,6,5,35,23,175,274
2018,4,2018_04_MIN_LA,LA,MIN,6,1,1,0,24,2,15,1,4,7,7,5,34,26,100,456
2018,4,2018_04_MIN_LA,MIN,LA,16,8,2,2,25,4,35,4,1,5,5,3,51,36,54,394
2018,4,2018_04_NO_NYG,NO,NYG,13,5,1,1,25,5,51,1,3,7,7,3,34,19,170,219
2018,4,2018_04_NO_NYG,NYG,NO,10,5,0,0,21,6,67,3,1,3,3,2,42,31,65,236
2018,4,2018_04_NYJ_JAX,JAX,NYJ,15,6,1,1,22,9,89,2,3,8,6,3,39,29,126,377
2018,4,2018_04_NYJ_JAX,NYJ,JAX,13,3,1,0,10,6,43,3,2,1,3,1,35,17,34,144
2018,4,2018_04_PHI_TEN,PHI,TEN,15,5,0,0,25,8,77,4,3,3,5,2,50,33,117,315
2018,4,2018_04_PHI_TEN,TEN,PHI,16,5,3,3,22,4,30,3,4,4,4,3,43,30,70,327
2018,4,2018_04_SEA_ARI,ARI,SEA,12,5,0,0,18,5,38,1,2,5,3,2,27,15,92,171
2018,4,2018_04_SEA_ARI,SEA,ARI,10,0,2,1,19,8,57,2,1,2,4,2,26,19,171,160
2018,4,2018_04_SF_LAC,LAC,SF,14,4,1,1,20,5,49,1,1,5,6,3,40,25,126,244
2018,4,2018_04_SF_LAC,SF,LAC,12,5,0,0,19,4,29,1,1,4,6,2,37,23,76,288
2018,4,2018_04_TB_CHI,CHI,TB,8,4,0,0,28,4,38,1,4,10,6,6,26,19,139,344
2018,4,2018_04_TB_CHI,TB,CHI,12,3,2,2,16,11,99,4,1,2,3,1,38,25,60,251
2018,5,2018_05_ARI_SF,ARI,SF,12,2,0,0,10,5,46,1,4,2,4,3,25,10,56,164
2018,5,2018_05_ARI_SF,SF,ARI,17,10,2,1,33,9,65,4,1,3,3,3,56,34,147,300
2018,5,2018_05_ATL_PIT,ATL,PIT,14,6,3,1,22,7,75,6,0,4,3,2,45,31,62,262
2018,5,2018_05_ATL_PIT,PIT,ATL,12,9,0,0,22,7,58,0,6,4,7,5,29,19,131,250
2018,5,2018_05_BAL_CLE,BAL,CLE,16,4,1,1,25,4,41,2,5,3,3,0,57,29,116,294
2018,5,2018_05_BAL_CLE,CLE,BAL,19,6,1,0,19,10,66,5,2,6,3,1,43,25,112,304
2018,5,2018_05_DAL_HOU,DAL,HOU,14,4,1,1,14,7,72,2,1,3,2,1,29,18,98,194
2018,5,2018_05_DAL_HOU,HOU,DAL,15,5,1,0,25,5,25,1,2,3,6,1,44,33,88,374
2018,5,2018_05_DEN_NYJ,DEN,NYJ,14,4,1,0,26,6,45,4,1,6,5,2,52,35,92,344
2018,5,2018_05_DEN_NYJ,NYJ,DEN,13,6,0,0,18,4,33,1,4,7,6,4,22,10,323,189
2018,5,2018_05_GB_DET,DET,GB,13,5,0,0,16,8,71,3,4,2,4,4,26,14,94,170
2018,5,2018_05_GB_DET,GB,DET,10,3,2,2,30,12,112,4,3,6,4,3,54,32,98,425
2018,5,2018_05_IND_NE,IND,NE,15,7,3,2,26,4,35,1,0,4,5,3,59,38,84,355
2018,5,2018_05_IND_NE,NE,IND,10,5,0,0,26,7,50,0,1,3,6,5,44,34,97,341
2018,5,2018_05_JAX_KC,JAX,KC,16,7,5,3,28,5,45,5,1,8,6,2,61,33,101,401
2018,5,2018_05_JAX_KC,KC,JAX,12,4,0,0,25,11,105,1,5,6,6,2,38,22,126,298
2018,5,2018_05_LA_SEA,LA,SEA,9,3,1,1,29,7,45,1,2,6,6,4,32,23,155,313
2018,5,2018_05_LA_SEA,SEA,LA,12,7,0,0,20,7,50,2,1,6,4,4,21,13,190,183
2018,5,2018_05_MIA_CIN,CIN,MIA,11,2,0,0,17,6,47,2,3,6,6,1,30,20,103,229
2018,5,2018_05_MIA_CIN,MIA,CIN,13,4,1,1,17,9,85,3,2,2,2,1,35,20,128,169
2018,5,2018_05_MIN_PHI,MIN,PHI,11,4,0,0,19,4,23,1,3,5,5,1,37,30,77,298
2018,5,2018_05_MIN_PHI,PHI,MIN,9,2,1,1,21,8,52,3,1,6,5,2,35,24,83,283
2018,5,2018_05_NYG_CAR,CAR,NYG,13,4,1,1,20,4,22,1,1,6,5,2,35,21,118,232
2018,5,2018_05_NYG_CAR,NYG,CAR,7,0,2,1,18,7,57,1,1,8,4,3,38,23,50,384
2018,5,2018_05_OAK_LAC,LAC,LV,13,7,0,0,19,9,82,1,3,4,5,3,27,22,79,333
2018,5,2018_05_OAK_LAC,LV,LAC,11,4,1,1,14,7,55,3,1,6,3,1,33,24,41,248
2018,5,2018_05_TEN_BUF,BUF,TEN,13,4,3,2,18,4,30,1,2,0,3,1,20,10,144,79
2018,5,2018_05_TEN_BUF,TEN,BUF,12,6,0,0,15,5,40,2,1,1,1,0,26,14,100,121
2018,5,2018_05_WAS_NO,NO,WAS,9,5,0,0,27,4,45,2,3,7,7,6,29,26,98,349
2018,5,2018_05_WAS_NO,WAS,NO,13,4,4,2,18,6,38,3,2,5,4,2,40,23,39,244
2018,6,2018_06_ARI_MIN,ARI,MIN,10,0,2,0,16,5,30,4,4,3,4,1,31,21,60,208
2018,6,2018_06_ARI_MIN,MIN,ARI,14,5,1,0,20,9,52,4,4,5,4,3,34,24,195,216
2018,6,2018_06_BAL_TEN,BAL,TEN,17,12,1,1,23,10,70,0,11,6,3,3,37,25,123,238
2018,6,2018_06_BAL_TEN,TEN,BAL,10,1,0,0,7,4,35,11,0,2,0,0,15,10,55,51
2018,6,2018_06_BUF_HOU,BUF,HOU,15,6,0,0,12,12,104,2,7,3,3,1,29,16,100,129
2018,6,2018_06_BUF_HOU,HOU,BUF,13,3,0,0,15,6,50,7,2,2,5,1,26,15,74,142
2018,6,2018_06_CAR_WAS,CAR,WAS,9,3,1,0,22,8,55,1,3,2,4,2,41,27,81,271
2018,6,2018_06_CAR_WAS,WAS,CAR,16,7,2,1,18,5,43,3,1,3,3,2,36,21,132,156
2018,6,2018_06_CHI_MIA,CHI,MIA,12,8,1,0,23,6,58,2,0,7,6,4,31,22,164,303
2018,6,2018_06_CHI_MIA,MIA,CHI,17,8,0,0,23,7,67,0,2,6,5,3,45,28,161,382
2018,6,2018_06_IND_NYJ,IND,NYJ,12,5,1,0,24,8,66,0,2,4,6,4,43,23,127,301
2018,6,2018_06_IND_NYJ,NYJ,IND,15,6,0,0,18,7,49,2,0,6,8,2,30,24,107,267
2018,6,2018_06_JAX_DAL,DAL,JAX,17,7,2,2,23,3,25,3,3,5,5,4,27,17,206,172
2018,6,2018_06_JAX_DAL,JAX,DAL,11,4,1,0,10,4,30,3,3,2,1,1,26,15,65,139
2018,6,2018_06_KC_NE,KC,NE,10,4,1,1,18,5,58,0,2,6,7,4,36,23,94,352
2018,6,2018_06_KC_NE,NE,KC,13,7,1,0,31,0,0,2,0,4,6,4,35,24,173,327
2018,6,2018_06_LAC_CLE,CLE,LAC,16,6,3,1,18,6,53,5,1,5,3,1,47,22,103,216
2018,6,2018_06_LAC_CLE,LAC,CLE,9,1,0,0,23,10,72,1,5,6,6,5,21,12,246,203
2018,6,2018_06_LA_DEN,DEN,LA,10,3,1,0,22,6,61,2,5,5,4,2,41,25,60,297
2018,6,2018_06_LA_DEN,LA,DEN,17,8,1,1,23,10,81,5,2,6,5,2,28,14,270,174
2018,6,2018_06_PHI_NYG,NYG,PHI,14,4,1,0,17,5,61,4,1,6,4,1,43,24,147,254
2018,6,2018_06_PHI_NYG,PHI,NYG,16,9,0,0,23,4,25,1,4,3,6,4,36,26,108,271
2018,6,2018_06_PIT_CIN,CIN,PIT,12,6,0,0,19,6,30,3,0,1,3,3,42,26,62,213
2018,6,2018_06_PIT_CIN,PIT,CIN,14,8,0,0,26,9,69,0,3,9,5,3,47,32,112,371
2018,6,2018_06_SEA_OAK,LV,SEA,12,4,1,0,15,5,38,6,1,1,1,0,31,23,79,106
2018,6,2018_06_SEA_OAK,SEA,LV,13,9,0,0,19,8,64,1,6,6,5,3,23,17,155,214
2018,6,2018_06_SF_GB,GB,SF,13,4,2,1,26,6,54,3,2,7,6,3,46,25,116,405
2018,6,2018_06_SF_GB,SF,GB,9,2,0,0,18,2,10,2,3,5,3,3,23,16,174,227
2018,6,2018_06_TB_ATL,ATL,TB,13,8,0,0,26,5,30,1,2,4,4,4,41,31,70,347
2018,6,2018_06_TB_ATL,TB,ATL,8,5,0,0,30,4,20,2,1,5,6,4,42,30,121,389
2018,7,2018_07_BUF_IND,BUF,IND,9,2,1,0,15,6,58,2,0,4,3,0,31,20,135,168
2018,7,2018_07_BUF_IND,IND,BUF,13,7,2,1,22,4,35,0,2,4,6,5,23,17,222,156
2018,7,2018_07_CAR_PHI,CAR,PHI,11,5,1,1,19,5,78,2,4,4,3,3,40,25,121,252
2018,7,2018_07_CAR_PHI,PHI,CAR,12,3,4,3,21,4,35,4,2,5,4,3,37,30,58,284
2018,7,2018_07_CIN_KC,CIN,KC,11,4,1,0,15,8,58,2,2,4,2,1,33,19,65,174
2018,7,2018_07_CIN_KC,KC,CIN,12,9,1,0,33,8,49,2,2,8,8,5,39,28,198,353
2018,7,2018_07_CLE_TB,CLE,TB,14,3,2,0,17,14,114,5,4,4,6,3,34,23,119,186
2018,7,2018_07_CLE_TB,TB,CLE,13,6,1,1,34,8,65,4,5,4,4,3,52,32,114,342
2018,7,2018_07_DAL_WAS,DAL,WAS,14,5,2,1,17,8,65,4,1,4,2,2,35,22,73,250
2018,7,2018_07_DAL_WAS,WAS,DAL,12,3,1,0,15,5,35,1,4,5,4,1,25,14,130,175
2018,7,2018_07_DEN_ARI,ARI,DEN,14,4,1,0,14,7,45,6,2,2,1,1,39,21,69,154
2018,7,2018_07_DEN_ARI,DEN,ARI,13,5,0,0,15,5,50,2,6,4,7,4,22,15,131,178
2018,7,2018_07_DET_MIA,DET,MIA,8,2,1,1,24,6,43,1,4,7,6,3,22,18,248,209
2018,7,2018_07_DET_MIA,MIA,DET,11,6,0,0,19,4,50,4,1,4,3,3,31,22,107,215
2018,7,2018_07_HOU_JAX,HOU,JAX,16,8,0,0,15,6,35,1,4,1,3,2,24,12,141,131
2018,7,2018_07_HOU_JAX,JAX,HOU,19,9,1,0,15,2,15,4,1,1,1,1,42,27,70,189
2018,7,2018_07_LA_SF,LA,SF,12,5,0,0,20,1,10,1,7,4,7,4,24,18,146,193
2018,7,2018_07_LA_SF,SF,LA,11,3,1,0,16,2,10,7,1,4,2,1,27,15,107,121
2018,7,2018_07_MIN_NYJ,MIN,NYJ,15,2,1,1,15,6,55,1,3,6,6,4,40,25,88,228
2018,7,2018_07_MIN_NYJ,NYJ,MIN,13,2,2,1,16,8,71,3,1,4,3,2,42,17,71,192
2018,7,2018_07_NE_CHI,CHI,NE,16,8,1,1,29,5,40,2,1,6,4,4,50,26,134,319
2018,7,2018_07_NE_CHI,NE,CHI,13,6,1,1,20,7,64,1,2,3,6,4,36,25,108,273
2018,7,2018_07_NO_BAL,BAL,NO,12,5,2,1,25,5,54,1,1,1,4,3,40,24,77,274
2018,7,2018_07_NO_BAL,NO,BAL,14,6,5,4,26,6,52,1,1,3,4,3,30,22,134,205
2018,7,2018_07_NYG_ATL,ATL,NYG,13,7,0,0,22,5,29,3,4,5,2,2,39,31,67,356
2018,7,2018_07_NYG_ATL,NYG,ATL,12,5,1,0,21,4,58,4,3,5,5,2,39,27,63,372
2018,7,2018_07_TEN_LAC,LAC,TEN,9,4,0,0,14,4,31,2,2,4,4,2,26,19,47,297
2018,7,2018_07_TEN_LAC,TEN,LAC,15,9,1,1,23,4,32,2,2,3,5,2,33,24,164,226
2018,8,2018_08_BAL_CAR,BAL,CAR,12,6,2,1,20,9,68,2,0,1,3,3,44,26,101,224
2018,8,2018_08_BAL_CAR,CAR,BAL,12,6,1,1,22,4,30,0,2,2,5,4,31,22,154,232
2018,8,2018_08_CLE_PIT,CLE,PIT,13,3,1,1,17,7,52,2,1,5,3,2,37,22,74,163
2018,8,2018_08_CLE_PIT,PIT,CLE,13,6,1,1,25,8,60,1,2,4,5,5,36,24,168,253
2018,8,2018_08_DEN_KC,DEN,KC,12,4,1,1,22,10,83,5,2,5,4,3,34,23,189,222
2018,8,2018_08_DEN_KC,KC,DEN,10,3,1,1,19,7,50,2,5,5,5,4,34,24,49,291
2018,8,2018_08_GB_LA,GB,LA,9,2,0,0,16,2,10,3,5,7,3,3,30,18,106,253
2018,8,2018_08_GB_LA,LA,GB,18,8,1,1,23,2,15,5,3,7,5,3,37,20,135,283
2018,8,2018_08_IND_OAK,IND,LV,13,9,0,0,28,10,77,0,0,4,7,5,32,22,222,241
2018,8,2018_08_IND_OAK,LV,IND,8,4,2,1,19,10,79,0,0,4,4,4,28,21,103,244
2018,8,2018_08_MIA_HOU,HOU,MIA,12,6,1,1,17,8,57,0,2,4,6,6,20,16,188,239
2018,8,2018_08_MIA_HOU,MIA,HOU,13,4,1,0,18,5,63,2,0,3,3,2,38,22,116,254
2018,8,2018_08_NE_BUF,BUF,NE,14,4,2,0,16,6,51,3,2,5,0,0,41,24,46,287
2018,8,2018_08_NE_BUF,NE,BUF,14,5,0,0,22,5,33,2,3,6,5,1,46,29,76,311
2018,8,2018_08_NO_MIN,MIN,NO,10,5,3,2,27,6,54,4,0,5,4,3,41,31,85,338
2018,8,2018_08_NO_MIN,NO,MIN,9,4,0,0,17,7,64,0,4,2,4,2,24,19,106,164
2018,8,2018_08_NYJ_CHI,CHI,NYJ,12,4,1,1,22,2,25,2,1,4,4,3,29,16,179,216
2018,8,2018_08_NYJ_CHI,NYJ,CHI,14,3,1,1,12,8,45,1,2,1,1,1,29,14,57,150
2018,8,2018_08_PHI_JAX,JAX,PHI,14,6,2,1,16,5,45,4,4,4,3,1,42,24,70,265
2018,8,2018_08_PHI_JAX,PHI,JAX,12,7,0,0,22,4,36,4,4,6,4,3,30,21,133,262
2018,8,2018_08_SEA_DET,DET,SEA,10,6,0,0,21,4,32,3,2,3,3,2,40,27,34,297
2018,8,2018_08_SEA_DET,SEA,DET,12,6,2,1,20,7,111,2,3,5,5,4,17,14,176,237
2018,8,2018_08_SF_ARI,ARI,SF,14,6,0,0,19,9,62,3,4,2,3,2,41,23,88,235
2018,8,2018_08_SF_ARI,SF,ARI,14,5,0,0,16,5,59,4,3,3,4,1,28,14,107,160
2018,8,2018_08_TB_CIN,CIN,TB,13,5,2,1,21,4,46,2,6,6,6,4,34,21,138,264
2018,8,2018_08_TB_CIN,TB,CIN,18,10,2,2,29,11,75,6,2,7,7,4,51,29,126,452
2018,8,2018_08_WAS_NYG,NYG,WAS,14,2,4,3,18,11,102,7,0,5,4,1,47,30,37,266
2018,8,2018_08_WAS_NYG,WAS,NYG,15,6,0,0,19,8,90,0,7,3,4,2,32,20,182,178
2018,9,2018_09_ATL_WAS,ATL,WAS,13,10,0,0,25,7,50,2,3,7,6,5,38,26,154,337
2018,9,2018_09_ATL_WAS,WAS,ATL,13,5,2,2,20,10,147,3,2,4,3,2,46,30,79,287
2018,9,2018_09_CHI_BUF,BUF,CHI,18,6,3,1,22,10,163,4,1,3,1,1,50,31,98,166
2018,9,2018_09_CHI_BUF,CHI,BUF,11,3,0,0,11,14,129,1,4,2,6,3,20,12,64,126
2018,9,2018_09_DET_MIN,DET,MIN,15,4,3,3,18,8,66,10,1,0,3,0,36,25,66,143
2018,9,2018_09_DET_MIN,MIN,DET,8,3,1,1,17,3,15,1,10,3,5,2,22,18,128,155
2018,9,2018_09_GB_NE,GB,NE,13,6,1,0,22,7,63,1,2,3,3,2,43,24,117,250
2018,9,2018_09_GB_NE,NE,GB,11,4,1,0,27,5,30,2,1,5,6,4,36,23,123,310
2018,9,2018_09_HOU_DEN,DEN,HOU,14,5,2,2,19,8,50,2,4,4,2,2,42,26,75,273
2018,9,2018_09_HOU_DEN,HOU,DEN,13,4,1,0,17,7,60,4,2,1,4,2,24,17,98,192
2018,9,2018_09_KC_CLE,CLE,KC,13,5,3,2,26,4,20,2,2,2,3,3,46,30,102,286
2018,9,2018_09_KC_CLE,KC,CLE,10,6,0,0,27,11,86,2,2,8,5,5,32,23,139,360
2018,9,2018_09_LAC_SEA,LAC,SEA,9,2,0,0,18,12,105,2,4,8,4,3,27,13,160,215
2018,9,2018_09_LAC_SEA,SEA,LAC,15,4,3,3,24,10,83,4,2,1,3,2,39,26,154,202
2018,9,2018_09_LA_NO,LA,NO,8,3,2,0,23,4,32,0,0,7,7,4,41,28,92,393
2018,9,2018_09_LA_NO,NO,LA,12,7,2,2,30,2,20,0,0,2,6,6,36,25,141,346
2018,9,2018_09_NYJ_MIA,MIA,NYJ,16,3,2,2,7,5,55,4,4,1,2,0,24,15,64,104
2018,9,2018_09_NYJ_MIA,NYJ,MIA,13,2,2,0,15,5,45,4,4,4,1,0,39,21,80,202
2018,9,2018_09_OAK_SF,LV,SF,12,3,1,0,14,6,40,8,0,3,2,0,24,17,102,140
2018,9,2018_09_OAK_SF,SF,LV,12,5,0,0,18,3,23,0,8,5,6,4,22,16,143,262
2018,9,2018_09_PIT_BAL,BAL,PIT,12,4,1,0,18,5,25,2,1,5,4,1,38,24,61,205
2018,9,2018_09_PIT_BAL,PIT,BAL,16,10,1,1,27,8,103,1,2,3,4,3,48,29,113,282
2018,9,2018_09_TB_CAR,CAR,TB,10,4,1,0,22,9,84,2,3,8,6,6,25,19,179,228
2018,9,2018_09_TB_CAR,TB,CAR,12,5,2,1,22,8,49,3,2,4,4,4,41,24,82,219
2018,9,2018_09_TEN_DAL,DAL,TEN,11,5,1,0,18,6,52,5,4,4,5,2,32,21,72,225
2018,9,2018_09_TEN_DAL,TEN,DAL,14,11,0,0,24,3,20,4,5,3,5,4,29,21,125,215
2018,10,2018_10_ARI_KC,ARI,KC,14,7,2,1,21,3,30,5,5,3,3,2,39,22,94,166
2018,10,2018_10_ARI_KC,KC,ARI,11,4,0,0,20,8,63,5,5,4,5,3,29,21,118,212
2018,10,2018_10_ATL_CLE,ATL,CLE,14,5,4,2,25,1,5,2,0,4,3,2,53,38,71,311
2018,10,2018_10_ATL_CLE,CLE,ATL,8,4,0,0,19,7,38,0,2,4,4,4,21,17,211,216
2018,10,2018_10_BUF_NYJ,BUF,NYJ,16,8,1,1,23,4,30,1,3,6,6,5,26,16,212,239
2018,10,2018_10_BUF_NYJ,NYJ,BUF,12,1,3,2,12,1,10,3,1,2,1,1,34,17,83,116
2018,10,2018_10_CAR_PIT,CAR,PIT,11,4,1,1,18,5,42,5,1,3,3,3,29,23,95,147
2018,10,2018_10_CAR_PIT,PIT,CAR,11,8,0,0,24,1,24,1,5,3,7,6,27,23,138,319
2018,10,2018_10_DAL_PHI,DAL,PHI,16,8,1,1,23,5,37,4,2,6,5,3,36,26,171,239
2018,10,2018_10_DAL_PHI,PHI,DAL,10,4,2,0,23,0,0,2,4,4,4,2,44,32,71,350
2018,10,2018_10_DET_CHI,CHI,DET,10,4,0,0,20,6,46,1,6,8,6,5,31,23,54,350
2018,10,2018_10_DET_CHI,DET,CHI,15,4,5,4,24,6,41,6,1,2,3,3,44,25,76,229
2018,10,2018_10_JAX_IND,IND,JAX,11,6,0,0,17,7,45,0,0,6,4,4,29,21,83,285
2018,10,2018_10_JAX_IND,JAX,IND,17,9,1,1,24,8,61,0,0,3,4,3,39,27,91,324
2018,10,2018_10_LAC_OAK,LAC,LV,10,2,1,1,16,6,70,1,4,3,4,2,26,18,113,222
2018,10,2018_10_LAC_OAK,LV,LAC,15,5,3,1,16,6,55,4,1,4,3,0,37,24,114,203
2018,10,2018_10_MIA_GB,GB,MIA,10,4,2,1,21,6,45,2,6,4,5,4,28,19,195,182
2018,10,2018_10_MIA_GB,MIA,GB,14,4,4,3,19,3,10,6,2,3,3,0,37,23,131,163
2018,10,2018_10_NE_TEN,NE,TEN,15,3,3,2,16,4,31,3,2,4,1,1,43,23,40,244
2018,10,2018_10_NE_TEN,TEN,NE,12,5,0,0,23,4,35,2,3,8,6,4,25,17,150,235
2018,10,2018_10_NO_CIN,CIN,NO,6,0,2,1,13,4,26,4,0,5,2,2,23,14,110,174
2018,10,2018_10_NO_CIN,NO,CIN,12,7,1,1,33,1,5,0,4,6,7,6,27,22,244,265
2018,10,2018_10_NYG_SF,NYG,SF,12,5,0,0,17,8,78,1,0,5,5,3,31,19,97,180
2018,10,2018_10_NYG_SF,SF,NYG,13,8,0,0,23,10,97,0,1,4,4,2,39,27,124,250
2018,10,2018_10_SEA_LA,LA,SEA,10,5,0,0,25,10,102,2,4,4,7,4,39,28,149,307
2018,10,2018_10_SEA_LA,SEA,LA,9,2,1,0,27,7,56,4,2,6,5,4,26,17,273,141
2018,10,2018_10_WAS_TB,TB,WAS,10,6,0,0,29,5,50,2,3,6,5,0,41,29,103,398
2018,10,2018_10_WAS_TB,WAS,TB,13,5,0,0,15,8,52,3,2,2,2,1,27,19,116,170
2018,11,2018_11_CAR_DET,CAR,DET,11,5,0,0,20,2,15,3,1,5,4,3,39,25,56,331
2018,11,2018_11_CAR_DET,DET,CAR,12,4,0,0,20,1,5,1,3,3,3,2,37,23,94,215
2018,11,2018_11_CIN_BAL,BAL,CIN,16,8,1,0,23,5,31,3,1,2,4,2,19,13,269,136
2018,11,2018_11_CIN_BAL,CIN,BAL,14,6,1,0,15,7,58,1,3,6,3,3,37,19,48,207
2018,11,2018_11_DAL_ATL,ATL,DAL,12,6,0,0,19,2,15,3,2,3,2,1,34,24,80,274
2018,11,2018_11_DAL_ATL,DAL,ATL,13,7,0,0,20,2,20,2,3,2,3,2,32,22,132,191
2018,11,2018_11_DEN_LAC,DEN,LAC,10,3,2,1,16,7,43,0,3,4,6,3,33,20,108,217
2018,11,2018_11_DEN_LAC,LAC,DEN,15,9,0,0,26,14,120,3,0,9,4,2,43,28,95,384
2018,11,2018_11_GB_SEA,GB,SEA,11,3,0,0,14,5,80,5,3,5,4,3,30,21,48,311
2018,11,2018_11_GB_SEA,SEA,GB,15,6,2,2,23,6,30,3,5,3,5,3,31,21,173,205
2018,11,2018_11_HOU_WAS,HOU,WAS,11,4,0,0,19,7,40,3,5,3,4,1,24,16,139,181
2018,11,2018_11_HOU_WAS,WAS,HOU,15,6,1,1,23,6,43,5,3,1,4,4,39,18,124,154
2018,11,2018_11_KC_LA,KC,LA,10,5,1,1,27,13,135,3,5,10,8,6,46,33,98,448
2018,11,2018_11_KC_LA,LA,KC,14,5,1,1,29,8,60,5,3,8,10,5,49,31,76,379
2018,11,2018_11_MIN_CHI,CHI,MIN,12,6,0,0,24,5,46,1,2,2,3,1,33,20,148,164
2018,11,2018_11_MIN_CHI,MIN,CHI,12,5,1,1,19,4,50,2,1,1,5,2,48,30,22,248
2018,11,2018_11_OAK_ARI,ARI,LV,11,3,0,0,13,7,62,1,4,2,3,3,20,9,154,128
2018,11,2018_11_OAK_ARI,LV,ARI,15,5,0,0,18,4,20,4,1,5,4,2,31,19,152,173
2018,11,2018_11_PHI_NO,NO,PHI,11,6,1,1,28,8,69,0,3,9,8,6,32,23,173,373
2018,11,2018_11_PHI_NO,PHI,NO,10,3,2,0,13,6,49,3,0,1,2,1,33,19,58,138
2018,11,2018_11_PIT_JAX,JAX,PIT,18,6,0,0,14,11,111,6,2,3,3,1,18,10,179,64
2018,11,2018_11_PIT_JAX,PIT,JAX,11,3,2,0,19,3,15,2,6,4,4,3,48,27,26,297
2018,11,2018_11_TB_NYG,NYG,TB,9,4,0,0,19,8,60,4,1,5,5,4,18,17,163,196
2018,11,2018_11_TB_NYG,TB,NYG,9,6,2,1,31,4,40,1,4,9,6,5,37,25,151,359
2018,11,2018_11_TEN_IND,IND,TEN,10,5,0,0,26,7,60,0,5,2,6,5,32,24,102,295
2018,11,2018_11_TEN_IND,TEN,IND,14,6,0,0,16,8,112,5,0,2,1,1,29,21,87,176
2018,12,2018_12_ARI_LAC,ARI,LAC,12,4,1,0,10,3,35,2,4,1,2,1,19,12,62,87
2018,12,2018_12_ARI_LAC,LAC,ARI,7,3,1,1,29,4,30,4,2,5,7,6,32,28,178,236
2018,12,2018_12_ATL_NO,ATL,NO,15,5,6,4,21,2,26,6,2,5,4,2,47,35,26,340
2018,12,2018_12_ATL_NO,NO,ATL,11,5,0,0,19,3,19,2,6,3,5,4,22,15,150,162
2018,12,2018_12_CHI_DET,CHI,DET,10,3,0,0,18,3,20,4,2,2,3,2,39,28,38,226
2018,12,2018_12_CHI_DET,DET,CHI,14,5,2,1,17,5,54,2,4,3,4,2,39,28,111,222
2018,12,2018_12_CLE_CIN,CIN,CLE,12,4,4,2,25,13,96,1,0,4,4,3,46,27,129,243
2018,12,2018_12_CLE_CIN,CLE,CIN,10,5,1,1,24,7,61,0,1,7,5,5,26,19,84,258
2018,12,2018_12_GB_MIN,GB,MIN,10,2,1,0,14,4,20,4,2,3,3,2,28,17,82,172
2018,12,2018_12_GB_MIN,MIN,GB,14,7,1,0,22,6,55,2,4,6,5,3,38,29,91,325
2018,12,2018_12_JAX_BUF,BUF,JAX,10,2,0,0,16,13,80,0,3,3,4,3,19,8,167,160
2018,12,2018_12_JAX_BUF,JAX,BUF,13,5,0,0,25,10,90,3,0,3,4,3,23,12,226,107
2018,12,2018_12_MIA_IND,IND,MIA,12,4,2,2,25,7,52,1,1,7,5,3,38,31,118,337
2018,12,2018_12_MIA_IND,MIA,IND,11,4,0,0,14,10,75,1,1,4,4,3,25,17,113,201
2018,12,2018_12_NE_NYJ,NE,NYJ,12,5,1,1,24,11,105,0,2,10,5,3,31,20,215,283
2018,12,2018_12_NE_NYJ,NYJ,NE,14,6,1,0,18,8,47,2,0,2,3,1,45,26,74,264
2018,12,2018_12_NYG_PHI,NYG,PHI,12,5,0,0,18,11,91,2,3,6,4,2,38,26,126,276
2018,12,2018_12_NYG_PHI,PHI,NYG,11,3,1,1,18,7,46,3,2,4,3,2,28,20,131,214
2018,12,2018_12_OAK_BAL,BAL,LV,13,8,0,0,23,6,45,1,3,3,6,2,25,14,242,174
2018,12,2018_12_OAK_BAL,LV,BAL,13,3,2,1,13,4,24,3,1,2,2,2,34,16,67,182
2018,12,2018_12_PIT_DEN,DEN,PIT,11,3,0,0,17,6,50,2,2,3,4,3,28,15,124,184
2018,12,2018_12_PIT_DEN,PIT,DEN,14,5,1,1,25,5,34,2,2,4,3,2,58,42,75,452
2018,12,2018_12_SEA_CAR,CAR,SEA,8,3,1,0,25,3,30,0,2,7,7,3,30,25,220,256
2018,12,2018_12_SEA_CAR,SEA,CAR,14,6,2,2,21,4,36,2,0,5,6,3,31,22,75,322
2018,12,2018_12_SF_TB,SF,TB,8,1,0,0,23,8,68,4,1,5,2,1,32,18,148,194
2018,12,2018_12_SF_TB,TB,SF,13,7,0,0,25,9,70,1,4,4,3,3,38,29,108,304
2018,12,2018_12_TEN_HOU,HOU,TEN,11,4,1,1,19,3,53,4,6,6,4,4,24,19,281,181
2018,12,2018_12_TEN_HOU,TEN,HOU,12,4,1,0,14,7,50,6,4,5,4,2,23,22,105,260
2018,12,2018_12_WAS_DAL,DAL,WAS,14,6,1,0,20,4,30,4,3,3,5,4,31,22,146,258
2018,12,2018_12_WAS_DAL,WAS,DAL,11,4,0,0,18,4,25,3,4,3,4,3,38,24,80,251
2018,13,2018_13_ARI_GB,ARI,GB,13,5,0,0,18,7,49,2,1,6,2,2,26,11,182,133
2018,13,2018_13_ARI_GB,GB,ARI,14,3,2,2,22,7,43,1,2,1,3,2,50,31,98,227
2018,13,2018_13_BAL_ATL,ATL,BAL,9,2,1,0,14,8,82,3,2,0,2,1,28,16,34,97
2018,13,2018_13_BAL_ATL,BAL,ATL,15,7,2,2,25,9,88,2,3,2,4,1,26,15,207,159
2018,13,2018_13_BUF_MIA,BUF,MIA,13,5,1,0,24,13,120,2,3,8,3,2,34,18,198,219
2018,13,2018_13_BUF_MIA,MIA,BUF,9,2,0,0,15,8,89,3,2,1,3,3,24,16,60,115
2018,13,2018_13_CAR_TB,CAR,TB,8,3,1,0,27,7,104,4,4,5,3,2,42,28,168,276
2018,13,2018_13_CAR_TB,TB,CAR,13,6,0,0,18,9,69,4,4,2,5,3,30,20,95,220
2018,13,2018_13_CHI_NYG,CHI,NYG,15,2,5,4,22,8,58,5,3,6,5,3,40,27,118,258
2018,13,2018_13_CHI_NYG,NYG,CHI,17,6,2,2,18,12,107,3,5,4,4,2,36,20,141,197
2018,13,2018_13_CLE_HOU,CLE,HOU,8,2,2,0,20,6,45,0,4,7,2,2,44,29,31,397
2018,13,2018_13_CLE_HOU,HOU,CLE,16,8,0,0,24,5,77,4,0,3,4,1,31,22,187,197
2018,13,2018_13_DEN_CIN,CIN,DEN,13,5,0,0,20,12,100,4,2,6,2,1,37,25,111,202
2018,13,2018_13_DEN_CIN,DEN,CIN,13,5,0,0,16,7,60,2,4,4,4,3,21,12,218,143
2018,13,2018_13_IND_JAX,IND,JAX,18,5,3,0,19,6,65,3,3,1,2,0,52,33,41,224
2018,13,2018_13_IND_JAX,JAX,IND,15,6,0,0,11,8,74,3,3,1,2,0,24,18,79,132
2018,13,2018_13_KC_OAK,KC,LV,13,6,1,1,25,11,94,0,3,7,6,5,38,23,174,295
2018,13,2018_13_KC_OAK,LV,KC,12,9,0,0,28,8,74,3,0,7,4,4,38,29,171,271
2018,13,2018_13_LAC_PIT,LAC,PIT,11,6,0,0,22,5,80,2,1,3,5,3,38,26,85,290
2018,13,2018_13_LAC_PIT,PIT,LAC,10,3,1,1,23,7,59,1,2,3,4,4,45,29,65,271
2018,13,2018_13_LA_DET,DET,LA,12,2,0,0,23,8,54,4,2,5,5,1,34,20,102,208
2018,13,2018_13_LA_DET,LA,DET,11,5,0,0,24,7,105,2,4,4,4,3,33,17,149,195
2018,13,2018_13_MIN_NE,MIN,NE,12,3,2,1,16,5,55,2,0,3,1,1,44,32,95,183
2018,13,2018_13_MIN_NE,NE,MIN,14,7,1,1,27,7,60,0,2,6,4,3,32,24,160,311
2018,13,2018_13_NO_DAL,DAL,NO,14,7,0,0,21,8,80,7,2,2,5,1,28,24,99,209
2018,13,2018_13_NO_DAL,NO,DAL,11,3,1,0,13,5,48,2,7,1,3,1,28,18,65,111
2018,13,2018_13_NYJ_TEN,NYJ,TEN,14,3,0,0,15,11,96,2,3,2,4,0,30,17,156,124
2018,13,2018_13_NYJ_TEN,TEN,NYJ,11,1,0,0,21,8,75,3,2,7,5,3,35,20,130,273
2018,13,2018_13_SF_SEA,SEA,SF,9,4,0,0,20,10,100,3,3,6,7,5,17,11,168,163
2018,13,2018_13_SF_SEA,SF,SEA,16,7,2,1,23,12,123,3,3,6,5,3,48,30,66,386
2018,13,2018_13_WAS_PHI,PHI,WAS,13,7,1,0,28,5,38,0,3,4,5,3,40,27,130,308
2018,13,2018_13_WAS_PHI,WAS,PHI,10,2,0,0,10,10,69,3,0,3,2,1,25,17,104,131
2018,14,2018_14_ATL_GB,ATL,GB,12,3,3,3,22,13,101,2,4,1,5,3,42,28,107,237
2018,14,2018_14_ATL_GB,GB,ATL,13,7,0,0,22,6,37,4,2,5,4,3,32,21,138,162
2018,14,2018_14_BAL_KC,BAL,KC,12,5,3,1,23,11,112,2,3,2,4,3,26,13,194,127
2018,14,2018_14_BAL_KC,KC,BAL,16,6,3,3,28,7,53,3,2,3,5,3,53,35,94,348
2018,14,2018_14_CAR_CLE,CAR,CLE,14,5,3,2,22,10,68,1,1,6,5,2,43,27,96,297
2018,14,2018_14_CAR_CLE,CLE,CAR,9,4,0,0,12,7,52,1,1,5,3,3,23,18,116,232
2018,14,2018_14_CIN_LAC,CIN,LAC,13,5,1,0,19,6,34,3,2,2,3,2,29,18,144,151
2018,14,2018_14_CIN_LAC,LAC,CIN,13,5,1,1,17,6,38,2,3,2,4,2,29,19,85,203
2018,14,2018_14_DEN_SF,DEN,SF,15,2,7,5,20,11,62,2,3,2,2,2,42,24,103,171
2018,14,2018_14_DEN_SF,SF,DEN,13,4,1,0,24,11,87,3,2,4,3,2,33,20,84,305
2018,14,2018_14_DET_ARI,ARI,DET,16,6,1,0,21,8,83,3,1,0,1,0,41,26,61,218
2018,14,2018_14_DET_ARI,DET,ARI,12,4,0,0,16,7,68,1,3,0,2,1,23,15,122,96
2018,14,2018_14_IND_HOU,HOU,IND,15,5,2,2,24,7,35,5,2,3,3,3,38,27,89,226
2018,14,2018_14_IND_HOU,IND,HOU,12,4,0,0,24,9,59,2,5,6,3,3,41,27,50,386
2018,14,2018_14_JAX_TEN,JAX,TEN,12,2,5,2,17,7,67,4,1,3,2,1,43,25,60,195
2018,14,2018_14_JAX_TEN,TEN,JAX,11,7,1,0,21,3,30,1,4,3,7,4,24,18,264,162
2018,14,2018_14_LA_CHI,CHI,LA,16,7,0,0,17,6,45,1,3,3,4,1,30,16,194,100
2018,14,2018_14_LA_CHI,LA,CHI,12,3,3,1,14,9,57,3,1,1,2,0,45,21,52,162
2018,14,2018_14_MIN_SEA,MIN,SEA,10,2,2,0,16,4,51,2,2,2,2,1,33,20,77,199
2018,14,2018_14_MIN_SEA,SEA,MIN,11,3,1,1,18,4,45,2,2,1,5,1,21,10,214,62
2018,14,2018_14_NE_MIA,MIA,NE,7,1,0,0,20,7,81,5,2,7,4,4,19,14,189,223
2018,14,2018_14_NE_MIA,NE,MIA,16,9,0,0,28,5,30,2,5,4,7,4,43,27,77,344
2018,14,2018_14_NO_TB,NO,TB,12,6,1,1,19,6,51,1,4,2,5,3,31,24,102,198
2018,14,2018_14_NO_TB,TB,NO,14,6,0,0,20,10,84,4,1,2,3,2,38,18,105,174
2018,14,2018_14_NYG_WAS,NYG,WAS,13,4,0,0,19,2,18,2,5,5,7,4,27,14,227,175
2018,14,2018_14_NYG_WAS,WAS,NYG,11,2,1,0,12,15,135,5,2,3,3,2,32,17,84,208
2018,14,2018_14_NYJ_BUF,BUF,NYJ,14,7,0,0,23,7,47,3,0,3,5,2,37,18,176,192
2018,14,2018_14_NYJ_BUF,NYJ,BUF,12,6,1,1,15,7,93,0,3,3,4,3,25,16,75,170
2018,14,2018_14_PHI_DAL,DAL,PHI,18,9,1,1,31,11,110,3,2,5,6,3,54,42,142,434
2018,14,2018_14_PHI_DAL,PHI,DAL,9,1,1,1,16,5,49,2,3,4,4,3,32,22,34,222
2018,14,2018_14_PIT_OAK,LV,PIT,12,4,2,2,20,13,130,4,1,4,4,3,34,25,55,299
2018,14,2018_14_PIT_OAK,PIT,LV,11,6,1,0,23,2,14,1,4,4,4,3,38,29,40,300
2018,15,2018_15_ARI_ATL,ARI,ATL,13,3,2,2,18,8,75,7,2,2,2,2,36,23,60,193
2018,15,2018_15_ARI_ATL,ATL,ARI,13,5,0,0,23,6,50,2,7,6,7,4,37,22,215,220
2018,15,2018_15_CLE_DEN,CLE,DEN,12,5,2,1,21,6,75,2,2,3,3,2,31,18,134,175
2018,15,2018_15_CLE_DEN,DEN,CLE,14,5,2,1,22,8,51,2,2,1,2,1,48,31,32,238
2018,15,2018_15_DAL_IND,DAL,IND,12,4,5,1,19,9,74,3,0,1,2,0,39,24,112,180
2018,15,2018_15_DAL_IND,IND,DAL,12,8,0,0,25,6,55,0,3,3,3,2,27,16,178,192
2018,15,2018_15_DET_BUF,BUF,DET,12,3,2,1,20,3,20,1,0,4,3,2,26,13,117,195
2018,15,2018_15_DET_BUF,DET,BUF,13,5,0,0,14,4,81,0,1,5,2,2,30,22,105,208
2018,15,2018_15_GB_CHI,CHI,GB,10,3,1,0,19,4,24,1,5,3,4,3,28,20,100,232
2018,15,2018_15_GB_CHI,GB,CHI,14,5,1,1,19,7,48,5,1,5,4,1,43,25,88,237
2018,15,2018_15_HOU_NYJ,HOU,NYJ,9,1,0,0,15,5,43,6,3,7,5,2,28,22,47,239
2018,15,2018_15_HOU_NYJ,NYJ,HOU,17,9,3,1,20,9,60,3,6,3,4,3,38,24,90,228
2018,15,2018_15_LAC_KC,KC,LAC,10,6,0,0,22,10,66,2,5,3,4,4,34,24,60,234
2018,15,2018_15_LAC_KC,LAC,KC,10,6,1,1,30,7,50,5,2,5,5,4,39,26,119,290
2018,15,2018_15_MIA_MIN,MIA,MIN,12,2,2,0,12,8,49,9,2,1,3,1,24,11,156,37
2018,15,2018_15_MIA_MIN,MIN,MIA,13,5,0,0,22,6,45,2,9,6,7,5,21,14,220,198
2018,15,2018_15_NE_PIT,NE,PIT,10,3,1,0,18,14,106,1,2,3,4,1,36,25,96,272
2018,15,2018_15_NE_PIT,PIT,NE,9,4,0,0,23,4,40,2,1,6,3,2,34,22,158,218
2018,15,2018_15_NO_CAR,CAR,NO,15,7,2,1,12,4,48,4,2,3,2,1,30,17,98,149
2018,15,2018_15_NO_CAR,NO,CAR,13,4,1,1,21,9,80,2,4,3,3,1,36,23,155,191
2018,15,2018_15_OAK_CIN,CIN,LV,19,8,2,2,18,9,85,1,5,4,6,3,33,14,171,123
2018,15,2018_15_OAK_CIN,LV,CIN,14,3,0,0,13,8,90,5,1,5,2,1,38,21,68,229
2018,15,2018_15_PHI_LA,LA,PHI,12,4,1,0,23,5,50,2,0,5,6,2,54,35,82,325
2018,15,2018_15_PHI_LA,PHI,LA,13,4,1,0,17,6,49,0,2,3,5,3,31,24,111,270
2018,15,2018_15_SEA_SF,SEA,SF,19,9,1,1,18,14,148,3,3,6,3,3,31,23,168,217
2018,15,2018_15_SEA_SF,SF,SEA,10,3,0,0,20,8,66,3,3,7,5,2,29,20,94,257
2018,15,2018_15_TB_BAL,BAL,TB,16,9,1,1,24,8,70,2,1,3,5,2,23,14,242,128
2018,15,2018_15_TB_BAL,TB,BAL,10,3,1,0,11,6,58,1,2,3,3,1,25,13,85,156
2018,15,2018_15_TEN_NYG,NYG,TEN,16,3,3,2,15,10,58,3,1,4,2,0,44,21,47,213
2018,15,2018_15_TEN_NYG,TEN,NYG,14,5,1,1,22,4,35,1,3,1,3,2,21,13,215,86
2018,15,2018_15_WAS_JAX,JAX,WAS,13,5,0,0,11,8,55,6,3,3,2,0,17,9,172,20
2018,15,2018_15_WAS_JAX,WAS,JAX,15,7,0,0,16,6,48,3,6,1,3,1,25,16,109,136
2018,16,2018_16_ATL_CAR,ATL,CAR,10,4,0,0,16,4,41,1,2,8,6,3,26,15,194,233
2018,16,2018_16_ATL_CAR,CAR,ATL,14,7,2,0,29,10,86,2,1,2,4,1,57,37,141,295
2018,16,2018_16_BAL_LAC,BAL,LAC,14,4,2,1,15,4,40,3,4,5,5,1,22,12,159,202
2018,16,2018_16_BAL_LAC,LAC,BAL,13,4,0,0,14,8,69,4,3,0,2,1,37,23,51,147
2018,16,2018_16_BUF_NE,BUF,NE,12,2,1,0,14,3,29,0,1,3,2,1,42,20,72,217
2018,16,2018_16_BUF_NE,NE,BUF,12,3,2,1,20,5,49,1,0,4,4,3,25,13,273,117
2018,16,2018_16_CHI_SF,CHI,SF,11,5,1,1,20,4,30,3,1,2,3,2,29,25,90,235
2018,16,2018_16_CHI_SF,SF,CHI,14,7,1,0,15,6,45,1,3,4,4,0,38,22,47,232
2018,16,2018_16_CIN_CLE,CIN,CLE,8,1,1,1,15,3,15,3,0,3,2,2,20,13,102,109
2018,16,2018_16_CIN_CLE,CLE,CIN,12,5,1,1,23,6,57,0,3,5,6,3,38,28,146,347
2018,16,2018_16_DEN_OAK,DEN,LV,14,6,2,1,19,11,91,1,1,2,2,2,37,23,100,200
2018,16,2018_16_DEN_OAK,LV,DEN,13,5,0,0,16,6,50,1,1,1,4,2,26,19,114,159
2018,16,2018_16_GB_NYJ,GB,NYJ,12,5,2,2,34,10,86,4,2,7,7,5,55,37,129,413
2018,16,2018_16_GB_NYJ,NYJ,GB,11,3,2,2,23,16,172,2,4,5,7,5,35,24,47,323
2018,16,2018_16_HOU_PHI,HOU,PHI,10,3,1,0,24,10,61,4,1,4,5,4,40,29,62,309
2018,16,2018_16_HOU_PHI,PHI,HOU,16,9,4,4,24,11,105,1,4,7,5,4,51,35,57,462
2018,16,2018_16_JAX_MIA,JAX,MIA,13,6,0,0,18,10,97,6,3,1,4,1,24,17,126,118
2018,16,2018_16_JAX_MIA,MIA,JAX,9,2,0,0,11,10,95,3,6,2,2,1,22,15,62,121
2018,16,2018_16_KC_SEA,KC,SEA,12,5,1,1,22,8,76,1,3,7,5,3,40,23,156,265
2018,16,2018_16_KC_SEA,SEA,KC,14,7,0,0,31,3,20,3,1,5,7,5,29,18,210,254
2018,16,2018_16_LA_ARI,ARI,LA,11,2,2,1,14,7,54,4,2,2,3,1,31,18,104,159
2018,16,2018_16_LA_ARI,LA,ARI,9,6,0,0,31,6,66,2,4,4,5,4,24,19,269,192
2018,16,2018_16_MIN_DET,DET,MIN,16,4,3,1,17,7,55,3,2,2,1,0,43,23,86,137
2018,16,2018_16_MIN_DET,MIN,DET,13,4,1,0,16,11,78,2,3,3,6,3,28,21,100,240
2018,16,2018_16_NYG_IND,IND,NYG,11,7,0,0,27,6,29,1,0,5,4,4,47,31,49,353
2018,16,2018_16_NYG_IND,NYG,IND,12,7,0,0,22,6,24,0,1,5,4,3,33,25,83,309
2018,16,2018_16_PIT_NO,NO,PIT,12,6,0,0,24,9,91,2,3,6,4,4,40,27,57,313
2018,16,2018_16_PIT_NO,PIT,NO,13,6,2,1,26,6,79,3,2,6,4,3,51,33,65,366
2018,16,2018_16_TB_DAL,DAL,TB,9,3,0,0,16,10,67,1,3,1,4,2,25,20,80,152
2018,16,2018_16_TB_DAL,TB,DAL,13,4,2,1,26,9,72,3,1,4,4,2,48,34,63,320
2018,16,2018_16_WAS_TEN,TEN,WAS,11,5,0,0,20,2,10,3,2,2,4,2,25,17,99,192
2018,16,2018_16_WAS_TEN,WAS,TEN,14,8,0,0,17,8,49,2,3,2,2,1,23,13,161,131
2018,17,2018_17_ARI_SEA,ARI,SEA,17,4,2,1,12,3,20,6,6,1,3,1,34,18,87,113
2018,17,2018_17_ARI_SEA,SEA,ARI,14,4,0,0,16,1,10,6,6,3,5,3,21,12,182,109
2018,17,2018_17_ATL_TB,ATL,TB,13,6,0,0,27,9,85,1,1,4,5,4,45,32,109,380
2018,17,2018_17_ATL_TB,TB,ATL,10,4,0,0,22,3,30,1,1,5,5,4,37,22,92,341
2018,17,2018_17_CAR_NO,CAR,NO,13,6,2,1,25,2,10,1,2,4,5,4,30,18,111,263
2018,17,2018_17_CAR_NO,NO,CAR,10,4,1,0,17,6,94,2,1,2,3,2,22,14,184,110
2018,17,2018_17_CHI_MIN,CHI,MIN,14,8,1,0,17,11,102,0,4,3,3,3,27,18,169,165
2018,17,2018_17_CHI_MIN,MIN,CHI,11,1,4,1,12,3,30,4,0,1,1,1,33,20,63,101
2018,17,2018_17_CIN_PIT,CIN,PIT,12,3,1,0,9,9,85,4,1,2,2,0,24,12,125,71
2018,17,2018_17_CIN_PIT,PIT,CIN,15,5,2,2,18,9,70,1,4,3,3,1,45,31,65,278
2018,17,2018_17_CLE_BAL,BAL,CLE,13,3,1,1,24,10,65,2,0,8,7,2,24,14,296,167
2018,17,2018_17_CLE_BAL,CLE,BAL,11,4,1,0,18,4,35,0,2,7,4,3,42,23,50,376
2018,17,2018_17_DAL_NYG,DAL,NYG,17,11,2,2,23,6,46,4,1,5,6,5,45,27,51,368
2018,17,2018_17_DAL_NYG,NYG,DAL,15,7,3,2,20,11,78,1,4,6,7,4,42,24,143,300
2018,17,2018_17_DET_GB,DET,GB,14,7,1,1,24,3,34,1,3,3,5,4,33,21,130,272
2018,17,2018_17_DET_GB,GB,DET,16,5,3,1,9,5,38,3,1,1,0,0,40,19,46,129
2018,17,2018_17_IND_TEN,IND,TEN,13,5,1,1,24,12,96,1,0,6,7,4,35,24,158,278
2018,17,2018_17_IND_TEN,TEN,IND,9,1,1,0,11,9,75,0,1,2,3,1,29,18,93,165
2018,17,2018_17_JAX_HOU,HOU,JAX,17,6,1,1,23,2,15,6,3,2,5,2,35,25,134,208
2018,17,2018_17_JAX_HOU,JAX,HOU,13,3,0,0,6,8,68,3,6,1,1,0,28,15,30,89
2018,17,2018_17_LAC_DEN,DEN,LAC,14,4,2,1,19,11,99,1,1,4,3,1,49,31,82,288
2018,17,2018_17_LAC_DEN,LAC,DEN,11,4,0,0,17,6,51,1,1,2,3,2,24,14,116,160
2018,17,2018_17_MIA_BUF,BUF,MIA,11,5,2,1,21,3,24,1,4,6,7,6,26,17,166,215
2018,17,2018_17_MIA_BUF,MIA,BUF,12,3,1,1,17,4,35,4,1,0,3,1,32,19,99,126
2018,17,2018_17_NYJ_NE,NE,NYJ,11,5,1,0,24,4,30,1,4,2,6,4,33,24,131,244
2018,17,2018_17_NYJ_NE,NYJ,NE,13,4,2,0,12,4,30,4,1,3,2,0,28,16,104,135
2018,17,2018_17_OAK_KC,KC,LV,9,5,3,1,18,4,50,0,3,4,6,4,27,16,99,310
2018,17,2018_17_OAK_KC,LV,KC,10,4,1,1,20,4,22,3,0,0,2,0,33,24,127,165
2018,17,2018_17_PHI_WAS,PHI,WAS,14,8,1,1,25,5,25,3,4,2,4,3,34,29,129,231
2018,17,2018_17_PHI_WAS,WAS,PHI,9,0,4,2,8,2,15,4,3,1,0,0,28,13,21,68
2018,17,2018_17_SF_LA,LA,SF,16,10,1,0,27,6,57,0,3,3,7,5,29,17,155,222
2018,17,2018_17_SF_LA,SF,LA,11,3,1,1,21,5,41,3,0,7,6,4,34,23,127,266
2019,1,2019_01_ATL_MIN,ATL,MIN,8,2,2,2,27,9,78,4,1,4,3,2,48,33,73,272
2019,1,2019_01_ATL_MIN,MIN,ATL,10,5,0,0,17,11,100,1,4,5,4,4,10,8,172,97
2019,1,2019_01_BAL_MIA,BAL,MIA,11,7,2,2,31,4,40,1,3,9,10,8,26,23,265,378
2019,1,2019_01_BAL_MIA,MIA,BAL,10,3,0,0,11,9,64,3,1,3,1,1,32,15,21,179
2019,1,2019_01_BUF_NYJ,BUF,NYJ,10,5,1,0,22,7,55,1,4,6,2,2,37,24,128,242
2019,1,2019_01_BUF_NYJ,NYJ,BUF,17,7,2,1,17,8,67,4,1,0,2,1,42,28,68,157
2019,1,2019_01_CIN_SEA,CIN,SEA,15,6,1,0,22,7,57,5,4,6,5,2,51,35,34,395
2019,1,2019_01_CIN_SEA,SEA,CIN,12,4,0,0,12,8,55,4,5,4,3,3,20,14,72,160
2019,1,2019_01_DEN_OAK,DEN,LV,13,6,0,0,17,6,44,3,0,7,4,1,31,21,95,249
2019,1,2019_01_DEN_OAK,LV,DEN,14,10,0,0,19,9,62,0,3,4,4,3,26,22,98,259
2019,1,2019_01_DET_ARI,ARI,DET,22,9,0,0,21,7,35,5,3,3,5,2,55,29,112,277
2019,1,2019_01_DET_ARI,DET,ARI,18,6,1,0,23,9,59,3,5,7,4,3,45,27,116,361
2019,1,2019_01_GB_CHI,CHI,GB,15,3,2,0,15,10,107,5,5,4,2,0,45,26,46,208
2019,1,2019_01_GB_CHI,GB,CHI,12,2,0,0,13,10,71,5,5,3,2,1,30,18,47,166
2019,1,2019_01_HOU_NO,HOU,NO,13,7,1,1,22,8,69,6,1,7,4,4,30,20,180,234
2019,1,2019_01_HOU_NO,NO,HOU,11,7,0,0,25,7,48,1,6,7,5,3,43,32,148,362
2019,1,2019_01_IND_LAC,IND,LAC,13,7,1,1,22,3,10,2,4,4,4,3,27,21,205,173
2019,1,2019_01_IND_LAC,LAC,IND,11,7,0,0,25,3,20,4,2,8,5,4,34,25,125,310
2019,1,2019_01_KC_JAX,JAX,KC,10,5,0,0,17,10,71,1,0,6,5,3,34,27,81,347
2019,1,2019_01_KC_JAX,KC,JAX,10,5,0,0,24,5,55,0,1,7,8,4,34,25,113,378
2019,1,2019_01_LA_CAR,CAR,LA,11,5,0,0,21,6,46,3,1,1,3,3,38,25,127,216
2019,1,2019_01_LA_CAR,LA,CAR,17,9,0,0,22,5,43,1,3,4,4,3,39,23,166,183
2019,1,2019_01_NYG_DAL,DAL,NYG,10,6,0,0,23,6,47,0,1,7,5,5,32,25,89,405
2019,1,2019_01_NYG_DAL,NYG,DAL,11,2,3,1,25,8,70,1,0,4,4,2,48,33,151,319
2019,1,2019_01_PIT_NE,NE,PIT,14,7,0,0,24,7,55,1,1,7,6,3,37,25,99,366
2019,1,2019_01_PIT_NE,PIT,NE,12,3,3,1,15,6,54,1,1,4,1,0,47,27,32,276
2019,1,2019_01_SF_TB,SF,TB,13,5,0,0,16,11,87,1,3,2,6,1,28,18,98,160
2019,1,2019_01_SF_TB,TB,SF,11,5,2,0,20,8,87,3,1,1,5,1,36,20,121,174
2019,1,2019_01_TEN_CLE,CLE,TEN,10,1,2,0,19,18,182,5,4,4,2,2,38,25,102,244
2019,1,2019_01_TEN_CLE,TEN,CLE,10,2,0,0,19,6,54,4,5,3,7,4,24,14,123,216
2019,1,2019_01_WAS_PHI,PHI,WAS,17,11,2,1,22,6,55,1,1,3,5,4,39,28,125,313
2019,1,2019_01_WAS_PHI,WAS,PHI,13,5,2,2,15,12,96,1,1,4,4,3,44,30,28,370
2019,2,2019_02_ARI_BAL,ARI,BAL,11,2,1,1,15,8,70,3,2,7,4,1,41,25,20,331
2019,2,2019_02_ARI_BAL,BAL,ARI,14,7,1,0,26,10,62,2,3,5,5,2,37,24,182,258
2019,2,2019_02_BUF_NYG,BUF,NYG,13,5,0,0,24,9,65,3,1,3,4,4,30,19,151,237
2019,2,2019_02_BUF_NYG,NYG,BUF,12,3,2,1,21,7,40,1,3,4,2,2,45,26,129,241
2019,2,2019_02_CHI_DEN,CHI,DEN,11,3,1,1,18,7,65,0,2,2,1,1,27,16,153,120
2019,2,2019_02_CHI_DEN,DEN,CHI,14,3,3,3,27,10,81,2,0,2,3,1,51,35,90,284
2019,2,2019_02_CLE_NYJ,CLE,NYJ,13,4,0,0,16,9,85,3,4,7,3,2,35,19,70,305
2019,2,2019_02_CLE_NYJ,NYJ,CLE,14,2,2,0,13,12,89,4,3,3,1,0,31,23,93,169
2019,2,2019_02_DAL_WAS,DAL,WAS,11,7,0,0,25,8,67,1,1,4,5,4,30,26,213,261
2019,2,2019_02_DAL_WAS,WAS,DAL,9,2,3,2,18,6,44,1,1,2,3,3,37,26,47,208
2019,2,2019_02_IND_TEN,IND,TEN,14,7,1,1,21,8,65,3,4,1,3,3,28,17,167,121
2019,2,2019_02_IND_TEN,TEN,IND,10,1,1,0,18,5,75,4,3,1,3,2,28,19,124,119
2019,2,2019_02_JAX_HOU,HOU,JAX,15,6,1,1,16,7,47,4,4,2,2,1,29,16,126,137
2019,2,2019_02_JAX_HOU,JAX,HOU,13,3,2,2,15,9,70,4,4,3,2,1,33,23,103,178
2019,2,2019_02_KC_OAK,KC,LV,14,8,0,0,24,10,114,2,3,8,5,4,44,30,31,436
2019,2,2019_02_KC_OAK,LV,KC,14,6,1,1,19,7,52,3,2,3,3,1,38,23,129,178
2019,2,2019_02_LAC_DET,DET,LAC,10,4,1,1,19,8,71,0,1,4,2,2,30,22,94,245
2019,2,2019_02_LAC_DET,LAC,DET,13,6,0,0,21,9,70,1,0,6,3,1,36,21,137,287
2019,2,2019_02_MIN_GB,GB,MIN,15,5,1,0,20,6,35,2,1,2,3,3,34,22,144,191
2019,2,2019_02_MIN_GB,MIN,GB,13,4,0,0,15,8,100,1,2,5,3,1,32,14,198,223
2019,2,2019_02_NE_MIA,MIA,NE,15,2,4,2,11,4,22,7,2,1,1,0,39,18,42,142
2019,2,2019_02_NE_MIA,NE,MIA,11,6,0,0,27,5,54,2,7,3,7,4,28,20,124,255
2019,2,2019_02_NO_LA,LA,NO,13,5,0,0,20,8,65,3,2,4,6,3,28,19,115,265
2019,2,2019_02_NO_LA,NO,LA,13,4,1,0,15,11,87,2,3,1,2,0,35,20,57,187
2019,2,2019_02_PHI_ATL,ATL,PHI,10,3,1,1,19,10,58,1,3,5,4,3,43,27,57,310
2019,2,2019_02_PHI_ATL,PHI,ATL,18,9,3,2,18,7,60,3,1,1,5,2,49,28,49,239
2019,2,2019_02_SEA_PIT,PIT,SEA,11,3,0,0,17,5,78,1,4,2,4,3,35,20,81,180
2019,2,2019_02_SEA_PIT,SEA,PIT,13,5,1,1,25,10,93,4,1,5,4,4,35,29,151,274
2019,2,2019_02_SF_CIN,CIN,SF,18,9,2,1,14,7,60,4,0,4,4,2,42,26,25,291
2019,2,2019_02_SF_CIN,SF,CIN,9,5,0,0,27,9,75,0,4,8,8,5,26,18,259,312
2019,2,2019_02_TB_CAR,CAR,TB,14,3,3,0,20,5,50,3,3,4,4,0,51,25,39,313
2019,2,2019_02_TB_CAR,TB,CAR,12,2,0,0,16,12,66,3,3,5,3,2,25,16,100,189
2019,3,2019_03_ATL_IND,ATL,IND,10,8,0,0,24,16,128,0,1,5,4,3,34,29,93,304
2019,3,2019_03_ATL_IND,IND,ATL,8,5,0,0,28,4,39,1,0,4,5,3,37,28,79,300
2019,3,2019_03_BAL_KC,BAL,KC,13,5,4,3,29,7,60,3,1,5,5,4,44,22,203,249
2019,3,2019_03_BAL_KC,KC,BAL,9,5,1,0,26,4,31,1,3,6,5,4,37,27,140,363
2019,3,2019_03_CAR_ARI,ARI,CAR,17,9,1,1,21,7,52,8,2,2,3,2,43,30,121,127
2019,3,2019_03_CAR_ARI,CAR,ARI,10,4,0,0,21,3,35,2,8,4,7,5,26,19,173,240
2019,3,2019_03_CHI_WAS,CHI,WAS,13,8,0,0,20,9,59,3,4,3,6,3,31,25,90,208
2019,3,2019_03_CHI_WAS,WAS,CHI,9,3,3,2,25,9,61,4,3,3,5,2,45,30,69,287
2019,3,2019_03_CIN_BUF,BUF,CIN,13,5,0,0,24,7,55,1,2,4,4,2,37,23,175,243
2019,3,2019_03_CIN_BUF,CIN,BUF,11,3,0,0,17,8,54,2,1,4,2,2,36,20,66,240
2019,3,2019_03_DEN_GB,DEN,GB,15,8,2,1,20,3,27,6,0,2,3,2,29,20,149,161
2019,3,2019_03_DEN_GB,GB,DEN,9,2,0,0,15,7,53,0,6,4,3,3,29,17,77,235
2019,3,2019_03_DET_PHI,DET,PHI,14,6,0,0,16,9,61,0,3,4,5,3,32,18,86,201
2019,3,2019_03_DET_PHI,PHI,DET,13,7,2,0,22,4,30,3,0,6,4,3,36,19,127,246
2019,3,2019_03_HOU_LAC,HOU,LAC,10,6,0,0,19,6,65,2,5,5,4,4,34,25,39,337
2019,3,2019_03_HOU_LAC,LAC,HOU,15,5,3,2,22,7,69,5,2,5,3,2,46,31,73,293
2019,3,2019_03_LA_CLE,CLE,LA,16,6,2,0,17,8,60,3,2,3,4,1,36,18,95,175
2019,3,2019_03_LA_CLE,LA,CLE,14,6,0,0,20,7,49,2,3,3,3,2,38,24,90,254
2019,3,2019_03_MIA_DAL,DAL,MIA,10,5,0,0,27,8,100,1,3,5,5,4,32,19,235,241
2019,3,2019_03_MIA_DAL,MIA,DAL,15,3,3,1,17,5,35,3,1,3,3,0,41,20,72,211
2019,3,2019_03_NO_SEA,NO,SEA,11,3,1,1,15,11,70,0,0,1,5,3,27,19,88,177
2019,3,2019_03_NO_SEA,SEA,NO,14,5,4,1,26,7,53,0,0,8,5,4,50,32,108,406
2019,3,2019_03_NYG_TB,NYG,TB,13,6,1,1,17,6,59,5,4,5,5,4,37,23,72,314
2019,3,2019_03_NYG_TB,TB,NYG,14,4,1,1,24,4,30,4,5,8,7,3,37,23,144,355
2019,3,2019_03_NYJ_NE,NE,NYJ,15,6,0,0,21,8,70,1,5,5,5,4,45,30,68,313
2019,3,2019_03_NYJ_NE,NYJ,NE,12,0,1,0,6,5,67,5,1,1,2,0,22,12,36,69
2019,3,2019_03_OAK_MIN,LV,MIN,11,3,3,2,17,7,84,4,0,2,3,2,34,27,88,214
2019,3,2019_03_OAK_MIN,MIN,LV,9,5,0,0,21,6,59,0,4,6,5,4,21,15,211,174
2019,3,2019_03_PIT_SF,PIT,SF,12,3,1,0,11,6,42,2,1,2,3,2,27,14,79,160
2019,3,2019_03_PIT_SF,SF,PIT,11,6,0,0,25,5,71,1,2,5,7,3,32,23,168,268
2019,3,2019_03_TEN_JAX,JAX,TEN,11,2,1,0,12,4,30,0,9,4,3,2,30,20,88,204
2019,3,2019_03_TEN_JAX,TEN,JAX,17,8,1,0,21,9,101,9,0,6,2,1,40,23,91,249
2019,4,2019_04_CAR_HOU,CAR,HOU,14,7,0,0,19,6,35,3,6,2,2,1,34,24,94,203
2019,4,2019_04_CAR_HOU,HOU,CAR,11,4,0,0,18,7,81,6,3,2,3,1,34,21,136,128
2019,4,2019_04_CIN_PIT,CIN,PIT,14,4,3,1,16,8,60,8,0,1,3,0,37,21,73,102
2019,4,2019_04_CIN_PIT,PIT,CIN,9,3,1,0,20,4,37,0,8,4,4,3,31,27,66,260
2019,4,2019_04_CLE_BAL,BAL,CLE,10,4,2,1,24,3,15,4,1,3,3,3,34,24,175,222
2019,4,2019_04_CLE_BAL,CLE,BAL,13,6,1,1,22,6,41,1,4,4,6,5,32,20,193,337
2019,4,2019_04_DAL_NO,DAL,NO,11,4,1,0,14,6,64,1,5,2,2,1,33,22,45,212
2019,4,2019_04_DAL_NO,NO,DAL,14,6,0,0,18,9,80,5,1,2,4,0,30,23,117,149
2019,4,2019_04_JAX_DEN,DEN,JAX,11,4,0,0,18,5,48,0,5,7,4,3,38,22,68,303
2019,4,2019_04_JAX_DEN,JAX,DEN,14,4,1,1,25,12,104,5,0,4,6,2,33,19,269,186
2019,4,2019_04_KC_DET,DET,KC,13,5,0,0,28,8,48,4,0,6,6,4,34,21,186,261
2019,4,2019_04_KC_DET,KC,DET,9,4,1,1,28,7,51,0,4,6,6,3,42,24,123,315
2019,4,2019_04_LAC_MIA,LAC,MIA,13,8,1,0,22,10,89,1,5,4,4,3,31,25,79,311
2019,4,2019_04_LAC_MIA,MIA,LAC,10,5,1,0,13,5,53,5,1,2,2,1,24,17,72,161
2019,4,2019_04_MIN_CHI,CHI,MIN,16,5,3,2,17,7,50,1,6,2,4,1,33,24,72,197
2019,4,2019_04_MIN_CHI,MIN,CHI,13,5,2,1,15,7,55,6,1,2,1,1,37,27,40,182
2019,4,2019_04_NE_BUF,BUF,NE,13,2,2,1,22,8,76,5,0,6,3,1,44,22,135,240
2019,4,2019_04_NE_BUF,NE,BUF,18,5,0,0,11,8,58,0,5,2,4,1,39,18,74,150
2019,4,2019_04_OAK_IND,IND,LV,16,6,3,3,21,5,35,0,1,4,4,3,46,24,81,265
2019,4,2019_04_OAK_IND,LV,IND,12,5,1,1,21,11,80,1,0,2,5,3,31,21,188,189
2019,4,2019_04_PHI_GB,GB,PHI,11,6,1,0,30,5,50,1,0,4,7,3,53,34,77,414
2019,4,2019_04_PHI_GB,PHI,GB,9,5,0,0,24,9,93,0,1,2,5,5,28,16,176,160
2019,4,2019_04_SEA_ARI,ARI,SEA,9,3,0,0,20,7,44,4,4,3,3,1,32,22,115,206
2019,4,2019_04_SEA_ARI,SEA,ARI,10,4,0,0,21,7,65,4,4,2,5,2,28,22,115,225
2019,4,2019_04_TB_LA,LA,TB,11,4,1,0,36,13,106,2,2,6,6,4,69,45,28,490
2019,4,2019_04_TB_LA,TB,LA,13,8,0,0,27,12,99,2,2,3,8,6,41,28,88,376
2019,4,2019_04_TEN_ATL,ATL,TEN,14,5,4,1,24,7,50,5,0,6,3,1,53,35,58,364
2019,4,2019_04_TEN_ATL,TEN,ATL,13,6,1,0,22,5,77,0,5,4,4,3,27,18,138,227
2019,4,2019_04_WAS_NYG,NYG,WAS,13,8,1,1,23,5,45,0,3,7,5,2,31,23,164,225
2019,4,2019_04_WAS_NYG,WAS,NYG,11,2,0,0,8,12,58,3,0,2,1,0,28,15,55,121
2019,5,2019_05_ARI_CIN,ARI,CIN,13,6,1,1,24,12,96,1,1,7,7,2,32,20,266,248
2019,5,2019_05_ARI_CIN,CIN,ARI,12,5,1,0,21,7,60,1,1,2,4,2,38,27,108,262
2019,5,2019_05_ATL_HOU,ATL,HOU,16,9,1,1,21,7,63,2,0,4,5,4,47,32,57,318
2019,5,2019_05_ATL_HOU,HOU,ATL,13,10,0,0,31,9,89,0,2,10,8,6,33,28,166,426
2019,5,2019_05_BAL_PIT,BAL,PIT,15,6,1,1,22,11,92,5,1,2,4,2,28,19,138,139
2019,5,2019_05_BAL_PIT,PIT,BAL,9,3,0,0,16,11,76,1,5,4,5,2,31,21,77,192
2019,5,2019_05_BUF_TEN,BUF,TEN,13,4,2,1,18,11,78,4,5,2,3,2,32,23,109,204
2019,5,2019_05_BUF_TEN,TEN,BUF,14,4,0,0,12,8,60,5,4,3,3,1,22,13,102,150
2019,5,2019_05_CHI_OAK,CHI,LV,11,4,0,0,15,10,75,4,0,2,3,3,30,22,42,194
2019,5,2019_05_CHI_OAK,LV,CHI,12,6,1,1,25,6,69,0,4,4,5,3,32,25,169,229
2019,5,2019_05_CLE_SF,CLE,SF,11,1,0,0,9,7,55,4,2,4,2,0,24,9,102,78
2019,5,2019_05_CLE_SF,SF,CLE,16,6,1,1,22,4,34,2,4,2,6,4,29,20,275,171
2019,5,2019_05_DEN_LAC,DEN,LAC,11,3,0,0,15,12,122,3,0,4,3,2,20,14,191,159
2019,5,2019_05_DEN_LAC,LAC,DEN,13,4,1,0,19,4,43,0,3,1,5,0,48,32,35,211
2019,5,2019_05_GB_DAL,DAL,GB,8,2,0,0,30,11,124,3,2,9,5,3,44,27,122,441
2019,5,2019_05_GB_DAL,GB,DAL,12,3,0,0,24,8,73,2,3,4,6,4,34,22,120,215
2019,5,2019_05_IND_KC,IND,KC,14,5,2,2,25,7,50,0,4,1,5,1,29,18,180,151
2019,5,2019_05_IND_KC,KC,IND,12,4,2,1,17,11,125,4,0,6,3,1,39,22,36,288
2019,5,2019_05_JAX_CAR,CAR,JAX,12,4,1,0,22,8,70,3,2,3,6,4,31,17,285,160
2019,5,2019_05_JAX_CAR,JAX,CAR,13,6,0,0,28,9,84,2,3,8,5,3,44,26,149,358
2019,5,2019_05_LA_SEA,LA,SEA,11,3,0,0,24,6,45,0,1,9,6,3,49,29,82,395
2019,5,2019_05_LA_SEA,SEA,LA,10,3,1,1,24,5,45,1,0,5,5,4,24,17,167,262
2019,5,2019_05_MIN_NYG,MIN,NYG,11,5,1,1,22,12,112,3,4,7,5,2,27,22,211,279
2019,5,2019_05_MIN_NYG,NYG,MIN,16,8,3,0,17,5,45,4,3,1,3,1,38,21,64,147
2019,5,2019_05_NE_WAS,NE,WAS,15,5,1,0,23,7,55,4,6,7,7,4,43,28,130,312
2019,5,2019_05_NE_WAS,WAS,NE,11,1,0,0,11,6,72,6,4,2,1,1,27,18,145,78
2019,5,2019_05_NYJ_PHI,NYJ,PHI,14,3,1,0,9,9,52,10,1,0,2,1,27,15,67,61
2019,5,2019_05_NYJ_PHI,PHI,NYJ,13,5,2,0,17,9,76,1,10,3,5,2,29,17,84,181
2019,5,2019_05_TB_NO,NO,TB,15,8,2,1,25,6,40,0,6,5,5,4,36,28,112,345
2019,5,2019_05_TB_NO,TB,NO,11,3,1,1,19,4,30,6,0,3,3,3,27,15,94,158
2019,6,2019_06_ATL_ARI,ARI,ATL,13,7,1,1,24,8,57,0,2,6,5,4,37,27,102,340
2019,6,2019_06_ATL_ARI,ATL,ARI,11,6,0,0,30,8,72,2,0,6,5,4,36,30,103,341
2019,6,2019_06_CAR_TB,CAR,TB,15,3,1,1,17,3,30,2,7,4,5,4,32,20,59,209
2019,6,2019_06_CAR_TB,TB,CAR,15,5,2,1,23,9,70,7,2,6,5,3,55,30,44,367
2019,6,2019_06_CIN_BAL,BAL,CIN,15,9,0,0,26,10,81,1,2,6,3,2,33,21,269,228
2019,6,2019_06_CIN_BAL,CIN,BAL,11,5,0,0,18,4,20,2,1,4,3,2,39,21,33,217
2019,6,2019_06_DAL_NYJ,DAL,NYJ,17,10,1,0,25,9,68,1,2,2,4,2,41,28,129,270
2019,6,2019_06_DAL_NYJ,NYJ,DAL,10,2,0,0,20,8,105,2,1,5,5,3,32,23,56,326
2019,6,2019_06_DET_GB,DET,GB,13,3,1,1,13,8,50,3,1,4,3,1,32,18,56,243
2019,6,2019_06_DET_GB,GB,DET,12,4,0,0,22,6,48,1,3,6,5,2,39,24,170,277
2019,6,2019_06_HOU_KC,HOU,KC,12,5,3,2,35,10,70,0,1,3,6,4,43,30,192,282
2019,6,2019_06_HOU_KC,KC,HOU,8,4,0,0,20,11,79,1,0,2,4,3,35,19,53,256
2019,6,2019_06_NO_JAX,JAX,NO,14,4,1,0,11,2,15,2,3,3,2,0,29,14,75,151
2019,6,2019_06_NO_JAX,NO,JAX,13,5,0,0,18,3,35,3,2,3,3,1,36,24,104,222
2019,6,2019_06_NYG_NE,NE,NYG,13,6,2,0,27,3,20,3,1,8,8,3,41,31,114,313
2019,6,2019_06_NYG_NE,NYG,NE,10,2,1,0,10,5,40,1,3,1,2,1,31,15,52,161
2019,6,2019_06_PHI_MIN,MIN,PHI,10,2,1,1,26,4,30,1,2,5,6,4,29,22,122,325
2019,6,2019_06_PHI_MIN,PHI,MIN,12,4,3,1,19,7,49,2,1,6,2,2,41,26,108,292
2019,6,2019_06_PIT_LAC,LAC,PIT,12,7,0,0,22,8,74,1,0,3,3,2,44,26,32,316
2019,6,2019_06_PIT_LAC,PIT,LAC,13,8,0,0,17,6,45,0,1,2,5,2,20,15,124,132
2019,6,2019_06_SEA_CLE,CLE,SEA,8,3,3,2,21,9,83,0,3,5,6,4,38,22,157,249
2019,6,2019_06_SEA_CLE,SEA,CLE,13,6,0,0,29,10,65,3,0,7,7,4,33,23,170,284
2019,6,2019_06_SF_LA,LA,SF,9,0,4,0,10,8,59,4,2,1,2,1,24,13,109,48
2019,6,2019_06_SF_LA,SF,LA,17,8,1,1,22,4,30,2,4,2,5,2,33,24,99,232
2019,6,2019_06_TEN_DEN,DEN,TEN,14,2,0,0,11,8,51,1,7,2,3,1,28,18,103,167
2019,6,2019_06_TEN_DEN,TEN,DEN,14,2,2,0,12,6,40,7,1,1,2,0,34,20,39,165
2019,6,2019_06_WAS_MIA,MIA,WAS,14,3,2,2,21,5,45,5,0,2,2,2,44,27,84,187
2019,6,2019_06_WAS_MIA,WAS,MIA,11,2,0,0,13,6,56,0,5,4,3,2,25,13,145,166
2019,7,2019_07_ARI_NYG,ARI,NYG,15,7,1,1,17,10,85,2,8,3,5,3,21,14,156,89
2019,7,2019_07_ARI_NYG,NYG,ARI,12,4,3,1,21,6,75,8,2,4,4,2,35,22,107,156
2019,7,2019_07_BAL_SEA,BAL,SEA,13,5,1,1,14,8,75,1,1,5,6,1,20,9,199,141
2019,7,2019_07_BAL_SEA,SEA,BAL,17,10,0,0,20,2,18,1,1,4,4,1,41,20,106,241
2019,7,2019_07_HOU_IND,HOU,IND,12,4,3,1,21,10,54,3,1,3,5,2,34,23,100,291
2019,7,2019_07_HOU_IND,IND,HOU,16,8,1,0,23,6,45,1,3,6,5,4,40,26,62,321
2019,7,2019_07_JAX_CIN,CIN,JAX,12,5,0,0,20,6,50,2,2,4,4,2,43,22,33,258
2019,7,2019_07_JAX_CIN,JAX,CIN,16,4,2,1,22,11,130,2,2,8,7,1,33,15,216,246
2019,7,2019_07_KC_DEN,DEN,KC,13,1,3,1,15,4,33,9,1,2,2,1,34,21,71,134
2019,7,2019_07_KC_DEN,KC,DEN,15,5,1,1,14,6,46,1,9,3,5,2,30,20,80,191
2019,7,2019_07_LAC_TEN,LAC,TEN,11,6,1,0,24,4,29,1,2,5,4,2,38,24,39,326
2019,7,2019_07_LAC_TEN,TEN,LAC,11,6,2,1,22,7,54,2,1,4,3,3,30,24,97,306
2019,7,2019_07_LA_ATL,ATL,LA,12,3,0,0,14,5,48,5,0,1,1,1,33,22,38,186
2019,7,2019_07_LA_ATL,LA,ATL,16,8,1,1,23,5,24,0,5,4,6,3,38,23,90,291
2019,7,2019_07_MIA_BUF,BUF,MIA,10,3,0,0,17,9,83,2,1,6,4,3,26,16,119,188
2019,7,2019_07_MIA_BUF,MIA,BUF,13,7,2,2,24,6,55,1,2,4,4,3,35,23,109,272
2019,7,2019_07_MIN_DET,DET,MIN,11,6,1,0,26,8,67,2,0,5,4,4,46,30,81,352
2019,7,2019_07_MIN_DET,MIN,DET,10,6,0,0,32,6,60,0,2,5,6,6,34,24,166,338
2019,7,2019_07_NE_NYJ,NE,NYJ,16,7,1,1,22,7,92,0,1,4,6,4,45,31,74,249
2019,7,2019_07_NE_NYJ,NYJ,NE,11,2,1,0,12,8,60,1,0,1,2,0,32,11,81,73
2019,7,2019_07_NO_CHI,CHI,NO,12,2,2,1,16,3,10,2,1,1,3,3,55,34,17,237
2019,7,2019_07_NO_CHI,NO,CHI,15,7,0,0,24,4,35,1,2,5,7,4,38,23,151,273
2019,7,2019_07_OAK_GB,GB,LV,10,6,0,0,22,3,20,1,0,9,6,6,31,25,60,421
2019,7,2019_07_OAK_GB,LV,GB,11,7,1,0,21,8,97,0,1,5,6,3,31,24,155,329
2019,7,2019_07_PHI_DAL,DAL,PHI,14,8,1,1,23,6,65,3,3,3,6,4,27,21,189,213
2019,7,2019_07_PHI_DAL,PHI,DAL,9,3,2,1,16,5,40,3,3,4,3,1,26,16,115,168
2019,7,2019_07_SF_WAS,SF,WAS,16,7,2,1,17,2,20,2,3,3,4,0,21,12,137,146
2019,7,2019_07_SF_WAS,WAS,SF,9,3,1,0,10,7,47,3,2,0,1,0,12,9,104,50
2019,8,2019_08_ARI_NO,ARI,NO,12,2,2,0,10,5,35,4,0,2,2,0,34,19,40,197
2019,8,2019_08_ARI_NO,NO,ARI,12,7,0,0,28,2,15,0,4,7,7,4,43,34,137,373
2019,8,2019_08_CAR_SF,CAR,SF,13,2,2,0,12,9,70,7,3,4,1,1,37,19,132,100
2019,8,2019_08_CAR_SF,SF,CAR,10,5,0,0,23,4,31,3,7,6,8,7,23,18,232,156
2019,8,2019_08_CIN_LA,CIN,LA,18,6,6,4,24,6,40,5,0,5,4,1,52,32,104,297
2019,8,2019_08_CIN_LA,LA,CIN,13,7,0,0,19,9,59,0,5,10,4,3,31,17,98,372
2019,8,2019_08_CLE_NE,CLE,NE,12,3,1,0,15,13,85,5,3,4,2,1,31,20,159,151
2019,8,2019_08_CLE_NE,NE,CLE,16,5,2,2,19,4,32,3,5,4,7,2,36,20,79,239
2019,8,2019_08_DEN_IND,DEN,IND,12,2,0,0,20,10,88,3,4,3,3,1,32,20,113,166
2019,8,2019_08_DEN_IND,IND,DEN,12,4,0,0,19,10,103,4,3,2,1,1,25,15,127,191
2019,8,2019_08_GB_KC,GB,KC,13,8,0,0,21,4,25,5,2,3,5,4,33,23,118,256
2019,8,2019_08_GB_KC,KC,GB,11,6,0,0,21,3,30,2,5,5,4,3,36,24,88,249
2019,8,2019_08_LAC_CHI,CHI,LAC,14,5,1,1,25,5,42,4,1,6,5,1,35,23,162,226
2019,8,2019_08_LAC_CHI,LAC,CHI,10,2,0,0,11,8,53,1,4,2,4,2,29,19,36,195
2019,8,2019_08_MIA_PIT,MIA,PIT,8,3,2,0,16,5,45,4,2,0,2,2,34,21,60,170
2019,8,2019_08_MIA_PIT,PIT,MIA,13,6,1,0,21,9,70,2,4,5,4,3,36,20,158,236
2019,8,2019_08_NYG_DET,DET,NYG,14,8,0,0,17,7,75,4,3,5,4,3,32,25,59,316
2019,8,2019_08_NYG_DET,NYG,DET,12,7,2,0,24,5,44,3,4,4,5,4,42,28,80,290
2019,8,2019_08_NYJ_JAX,JAX,NYJ,17,8,1,0,19,9,70,2,8,4,5,3,34,22,111,278
2019,8,2019_08_NYJ_JAX,NYJ,JAX,9,2,2,1,15,10,83,8,2,3,2,2,31,21,46,169
2019,8,2019_08_OAK_HOU,HOU,LV,14,6,1,1,27,7,50,3,0,4,5,3,39,27,130,258
2019,8,2019_08_OAK_HOU,LV,HOU,12,5,0,0,15,11,100,0,3,6,3,3,30,18,93,285
2019,8,2019_08_PHI_BUF,BUF,PHI,15,6,2,0,14,8,57,4,3,3,3,2,34,16,98,155
2019,8,2019_08_PHI_BUF,PHI,BUF,15,8,2,0,21,4,44,3,4,4,6,4,24,17,218,153
2019,8,2019_08_SEA_ATL,ATL,SEA,9,3,1,1,30,5,40,2,2,5,4,2,54,39,69,443
2019,8,2019_08_SEA_ATL,SEA,ATL,9,3,0,0,18,9,60,2,2,4,3,3,20,14,151,171
2019,8,2019_08_TB_TEN,TB,TEN,15,7,2,1,23,9,87,3,3,4,4,2,45,21,106,285
2019,8,2019_08_TB_TEN,TEN,TB,13,5,1,0,16,6,77,3,3,4,3,3,33,21,72,174
2019,8,2019_08_WAS_MIN,MIN,WAS,15,8,3,1,19,7,74,3,4,6,5,1,26,23,161,273
2019,8,2019_08_WAS_MIN,WAS,MIN,7,2,0,0,14,4,46,4,3,2,2,0,21,15,85,131
2019,9,2019_09_CHI_PHI,CHI,PHI,10,2,0,0,9,9,70,3,4,2,2,2,21,10,62,102
2019,9,2019_09_CHI_PHI,PHI,CHI,18,8,1,1,25,8,75,4,3,1,5,2,39,26,146,227
2019,9,2019_09_CLE_DEN,CLE,DEN,15,6,2,0,21,5,40,2,3,3,5,1,42,27,90,261
2019,9,2019_09_CLE_DEN,DEN,CLE,9,3,0,0,13,7,55,3,2,5,3,3,20,12,127,175
2019,9,2019_09_DAL_NYG,DAL,NYG,11,4,0,0,22,10,104,0,5,3,6,3,35,22,172,257
2019,9,2019_09_DAL_NYG,NYG,DAL,16,5,1,1,19,8,71,5,0,1,5,1,41,26,100,171
2019,9,2019_09_DET_OAK,DET,LV,11,5,2,1,26,5,35,2,1,8,6,3,41,26,90,383
2019,9,2019_09_DET_OAK,LV,DET,13,7,2,1,25,10,96,1,2,8,5,4,31,20,171,279
2019,9,2019_09_GB_LAC,GB,LAC,10,2,1,0,13,8,45,3,2,0,1,1,35,23,47,139
2019,9,2019_09_GB_LAC,LAC,GB,11,5,1,1,24,5,45,2,3,3,5,2,28,21,159,283
2019,9,2019_09_HOU_JAX,HOU,JAX,11,4,1,1,21,7,60,1,4,4,4,3,28,22,216,194
2019,9,2019_09_HOU_JAX,JAX,HOU,11,4,2,0,21,4,34,4,1,4,2,0,47,27,74,282
2019,9,2019_09_IND_PIT,IND,PIT,12,4,3,2,21,7,89,5,1,4,6,4,32,21,139,189
2019,9,2019_09_IND_PIT,PIT,IND,13,5,1,0,17,5,70,1,5,2,5,1,35,26,90,183
2019,9,2019_09_MIN_KC,KC,MIN,13,4,1,1,17,4,25,5,1,4,4,2,35,25,147,230
2019,9,2019_09_MIN_KC,MIN,KC,15,5,1,1,17,3,25,1,5,4,4,3,38,19,96,212
2019,9,2019_09_NE_BAL,BAL,NE,10,5,1,1,26,4,34,1,2,2,6,4,23,17,210,162
2019,9,2019_09_NE_BAL,NE,BAL,13,5,0,0,22,7,48,2,1,2,4,2,46,30,74,268
2019,9,2019_09_NYJ_MIA,MIA,NYJ,12,6,0,0,22,6,51,4,3,2,5,3,36,24,50,266
2019,9,2019_09_NYJ_MIA,NYJ,MIA,14,5,2,2,17,10,105,3,4,3,4,1,39,27,83,238
2019,9,2019_09_SF_ARI,ARI,SF,8,2,0,0,19,9,65,3,1,5,4,3,25,17,153,206
2019,9,2019_09_SF_ARI,SF,ARI,17,11,1,1,21,8,75,1,3,7,4,4,37,28,101,310
2019,9,2019_09_TB_SEA,SEA,TB,8,2,0,0,31,4,45,3,2,6,7,5,44,29,145,349
2019,9,2019_09_TB_SEA,TB,SEA,14,6,1,1,29,10,82,2,3,3,5,4,44,29,99,319
2019,9,2019_09_TEN_CAR,CAR,TEN,14,5,2,2,22,6,77,3,4,5,5,4,32,17,156,214
2019,9,2019_09_TEN_CAR,TEN,CAR,10,3,1,1,24,11,99,4,3,6,3,3,40,27,121,310
2019,9,2019_09_WAS_BUF,BUF,WAS,12,6,2,1,18,2,20,2,4,3,4,3,20,14,122,146
2019,9,2019_09_WAS_BUF,WAS,BUF,11,2,1,0,12,3,15,4,2,2,2,0,22,15,127,116
2019,10,2019_10_ARI_TB,ARI,TB,10,1,3,2,20,11,87,2,4,6,6,3,45,28,75,342
2019,10,2019_10_ARI_TB,TB,ARI,15,7,0,0,26,9,94,4,2,5,4,3,48,30,118,339
2019,10,2019_10_ATL_NO,ATL,NO,15,6,1,1,24,7,48,1,6,1,5,2,35,20,143,174
2019,10,2019_10_ATL_NO,NO,ATL,12,3,3,0,18,12,90,6,1,1,3,0,46,33,52,258
2019,10,2019_10_BAL_CIN,BAL,CIN,6,4,1,1,20,5,35,1,2,5,7,5,22,18,136,243
2019,10,2019_10_BAL_CIN,CIN,BAL,15,7,4,1,21,1,5,2,1,2,4,2,30,16,157,150
2019,10,2019_10_BUF_CLE,BUF,CLE,13,5,2,0,20,7,40,1,2,5,4,2,41,22,84,260
2019,10,2019_10_BUF_CLE,CLE,BUF,11,4,2,1,24,4,70,2,1,4,4,2,38,26,147,221
2019,10,2019_10_CAR_GB,CAR,GB,10,4,1,1,26,5,46,3,2,3,4,2,44,28,120,281
2019,10,2019_10_CAR_GB,GB,CAR,9,4,0,0,23,10,64,2,3,4,4,3,29,17,163,225
2019,10,2019_10_DET_CHI,CHI,DET,12,2,1,1,13,7,57,5,2,2,3,3,23,16,81,145
2019,10,2019_10_DET_CHI,DET,CHI,18,7,2,0,20,8,76,2,5,2,2,1,46,27,98,259
2019,10,2019_10_KC_TEN,KC,TEN,14,7,2,1,28,9,80,2,4,5,4,3,51,36,97,433
2019,10,2019_10_KC_TEN,TEN,KC,8,2,1,0,19,8,64,4,2,5,5,4,19,13,227,146
2019,10,2019_10_LAC_OAK,LAC,LV,10,3,2,1,26,8,70,5,3,5,4,3,31,17,146,169
2019,10,2019_10_LAC_OAK,LV,LAC,12,4,1,1,17,12,97,3,5,1,5,2,31,21,78,200
2019,10,2019_10_LA_PIT,LA,PIT,14,1,2,0,16,10,95,4,3,3,3,0,42,22,88,218
2019,10,2019_10_LA_PIT,PIT,LA,16,5,1,1,15,13,107,3,4,3,3,1,38,22,42,231
2019,10,2019_10_MIA_IND,IND,MIA,13,5,2,0,19,3,25,1,3,6,5,1,39,18,109,191
2019,10,2019_10_MIA_IND,MIA,IND,16,6,2,1,13,4,30,3,1,2,2,1,33,21,70,159
2019,10,2019_10_MIN_DAL,DAL,MIN,15,9,2,0,24,5,39,1,1,9,5,3,47,28,50,393
2019,10,2019_10_MIN_DAL,MIN,DAL,14,8,1,1,25,5,35,1,1,4,5,3,33,23,153,213
2019,10,2019_10_NYG_NYJ,NYG,NYJ,18,8,2,1,15,6,62,6,2,4,4,4,42,26,23,260
2019,10,2019_10_NYG_NYJ,NYJ,NYG,13,4,1,1,18,7,54,2,6,4,5,3,30,19,76,218
2019,10,2019_10_SEA_SF,SEA,SF,15,7,0,0,19,9,75,5,5,2,4,2,34,24,147,189
2019,10,2019_10_SEA_SF,SF,SEA,15,6,1,0,21,5,40,5,5,3,3,1,47,24,87,217
2019,11,2019_11_ARI_SF,ARI,SF,10,3,1,1,21,10,104,4,2,3,4,3,33,24,135,131
2019,11,2019_11_ARI_SF,SF,ARI,13,6,2,0,25,10,127,2,4,7,6,4,46,34,34,408
2019,11,2019_11_ATL_CAR,ATL,CAR,14,6,1,1,19,3,20,3,5,4,7,2,33,22,54,295
2019,11,2019_11_ATL_CAR,CAR,ATL,14,2,5,3,17,8,68,5,3,4,2,0,50,31,77,270
2019,11,2019_11_BUF_MIA,BUF,MIA,14,5,1,1,22,5,50,0,7,6,6,4,33,21,168,256
2019,11,2019_11_BUF_MIA,MIA,BUF,14,4,4,1,19,6,44,7,0,3,4,3,46,32,23,280
2019,11,2019_11_CHI_LA,CHI,LA,17,6,2,0,17,2,25,3,0,0,1,1,47,25,74,193
2019,11,2019_11_CHI_LA,LA,CHI,10,3,0,0,13,6,34,0,3,4,4,2,18,11,110,173
2019,11,2019_11_CIN_OAK,CIN,LV,13,3,2,1,16,4,40,5,3,3,1,1,31,13,173,73
2019,11,2019_11_CIN_OAK,LV,CIN,15,7,1,1,19,7,42,3,5,9,4,2,29,25,113,273
2019,11,2019_11_DAL_DET,DAL,DET,14,8,0,0,26,6,45,1,3,7,6,4,46,29,77,434
2019,11,2019_11_DAL_DET,DET,DAL,13,6,0,0,18,11,89,3,1,7,4,4,27,15,121,191
2019,11,2019_11_DEN_MIN,DEN,MIN,18,5,4,4,20,6,35,2,5,5,5,2,40,18,124,270
2019,11,2019_11_DEN_MIN,MIN,DEN,12,5,2,2,19,5,49,5,2,5,4,4,36,29,37,284
2019,11,2019_11_HOU_BAL,BAL,HOU,9,5,1,0,25,8,65,0,7,5,7,5,27,20,256,235
2019,11,2019_11_HOU_BAL,HOU,BAL,10,2,4,1,16,5,60,7,0,2,1,1,30,18,122,110
2019,11,2019_11_JAX_IND,IND,JAX,11,4,2,1,23,3,20,3,2,3,5,4,24,15,264,125
2019,11,2019_11_JAX_IND,JAX,IND,14,6,1,0,15,8,81,2,3,3,2,2,48,33,29,279
2019,11,2019_11_KC_LAC,KC,LAC,13,6,0,0,18,8,102,1,2,4,3,3,32,19,130,180
2019,11,2019_11_KC_LAC,LAC,KC,15,5,1,1,23,9,60,2,1,5,4,1,53,28,93,347
2019,11,2019_11_NE_PHI,NE,PHI,16,5,0,0,19,6,89,1,5,2,4,1,48,27,76,224
2019,11,2019_11_NE_PHI,PHI,NE,13,3,1,0,20,7,39,5,1,4,2,1,40,20,81,174
2019,11,2019_11_NO_TB,NO,TB,13,7,1,1,21,9,76,1,2,2,5,3,35,28,109,219
2019,11,2019_11_NO_TB,TB,NO,13,5,1,0,21,7,55,2,1,6,3,2,51,30,36,298
2019,11,2019_11_NYJ_WAS,NYJ,WAS,12,5,1,1,23,6,55,2,6,5,5,5,31,19,115,285
2019,11,2019_11_NYJ_WAS,WAS,NYJ,16,6,1,0,13,10,56,6,2,4,4,2,37,19,54,173
2019,11,2019_11_PIT_CLE,CLE,PIT,16,6,0,0,17,8,121,1,4,4,3,3,32,17,104,189
2019,11,2019_11_PIT_CLE,PIT,CLE,11,2,3,0,18,6,41,4,1,2,1,1,44,23,58,178
2019,12,2019_12_BAL_LA,BAL,LA,15,9,3,3,30,8,66,3,2,4,7,6,23,16,285,195
2019,12,2019_12_BAL_LA,LA,BAL,9,2,1,1,13,8,56,2,3,3,2,0,37,26,22,199
2019,12,2019_12_CAR_NO,CAR,NO,13,5,1,1,26,3,25,4,2,3,5,4,37,23,121,230
2019,12,2019_12_CAR_NO,NO,CAR,10,4,1,0,23,12,123,2,4,7,6,4,39,30,118,300
2019,12,2019_12_DAL_NE,DAL,NE,13,2,1,0,15,7,50,0,2,2,2,0,33,19,109,212
2019,12,2019_12_DAL_NE,NE,DAL,14,3,1,0,17,6,56,2,0,5,3,1,37,17,101,181
2019,12,2019_12_DEN_BUF,BUF,DEN,16,8,0,0,22,12,90,1,4,5,4,2,25,15,244,180
2019,12,2019_12_DEN_BUF,DEN,BUF,11,2,0,0,9,7,70,4,1,1,0,0,25,10,85,49
2019,12,2019_12_DET_WAS,DET,WAS,15,6,0,0,20,6,65,6,3,3,3,1,33,20,175,189
2019,12,2019_12_DET_WAS,WAS,DET,14,4,0,0,13,8,63,3,6,3,3,1,30,13,86,144
2019,12,2019_12_GB_SF,GB,SF,15,1,3,1,19,5,50,5,3,1,2,1,38,23,117,83
2019,12,2019_12_GB_SF,SF,GB,9,3,0,0,16,9,78,3,5,6,6,4,20,14,112,227
2019,12,2019_12_IND_HOU,HOU,IND,12,6,2,0,16,4,27,1,1,6,4,2,30,19,99,297
2019,12,2019_12_IND_HOU,IND,HOU,15,9,1,0,19,3,29,1,1,0,3,2,25,16,175,121
2019,12,2019_12_JAX_TEN,JAX,TEN,18,7,2,1,22,11,104,3,1,3,2,2,50,32,117,254
2019,12,2019_12_JAX_TEN,TEN,JAX,8,4,0,0,20,6,54,1,3,8,7,6,18,14,219,252
2019,12,2019_12_MIA_CLE,CLE,MIA,8,4,0,0,30,7,70,1,4,5,7,5,34,24,147,320
2019,12,2019_12_MIA_CLE,MIA,CLE,14,6,1,0,21,8,94,4,1,2,4,3,39,21,92,192
2019,12,2019_12_NYG_CHI,CHI,NYG,15,4,0,0,20,6,40,2,1,4,5,2,41,25,65,270
2019,12,2019_12_NYG_CHI,NYG,CHI,12,1,4,2,14,6,35,1,2,4,2,2,36,21,109,134
2019,12,2019_12_OAK_NYJ,LV,NYJ,15,5,1,0,10,4,35,1,1,0,0,0,34,19,68,140
2019,12,2019_12_OAK_NYJ,NYJ,LV,12,5,0,0,21,4,37,1,1,7,6,3,29,20,88,313
2019,12,2019_12_PIT_CIN,CIN,PIT,12,2,0,0,11,7,79,4,3,3,2,1,26,12,86,158
2019,12,2019_12_PIT_CIN,PIT,CIN,16,5,0,0,16,10,77,3,4,4,5,1,27,13,159,179
2019,12,2019_12_SEA_PHI,PHI,SEA,12,4,1,0,22,2,15,3,6,1,2,1,45,33,106,238
2019,12,2019_12_SEA_PHI,SEA,PHI,14,5,0,0,14,12,90,6,3,7,3,2,25,13,174,174
2019,12,2019_12_TB_ATL,ATL,TB,16,4,3,2,22,7,60,6,0,3,5,2,56,28,57,280
2019,12,2019_12_TB_ATL,TB,ATL,13,6,0,0,20,8,51,0,6,8,6,4,28,18,133,313
2019,13,2019_13_BUF_DAL,BUF,DAL,14,6,2,2,21,7,53,4,4,5,5,3,25,20,124,232
2019,13,2019_13_BUF_DAL,DAL,BUF,13,7,3,1,30,5,66,4,4,4,4,2,50,32,103,325
2019,13,2019_13_CHI_DET,CHI,DET,10,5,1,0,22,10,89,1,2,3,4,3,38,29,88,331
2019,13,2019_13_CHI_DET,DET,CHI,16,8,1,0,18,9,85,2,1,4,4,2,38,22,105,259
2019,13,2019_13_CLE_PIT,CLE,PIT,12,4,2,1,19,5,34,5,1,3,3,1,34,18,106,173
2019,13,2019_13_CLE_PIT,PIT,CLE,10,4,0,0,18,10,65,1,5,4,4,2,21,14,124,199
2019,13,2019_13_GB_NYG,GB,NYG,13,7,1,1,19,7,54,0,0,4,4,4,33,21,79,243
2019,13,2019_13_GB_NYG,NYG,GB,14,5,4,3,19,4,31,0,0,3,3,1,37,20,95,240
2019,13,2019_13_LAC_DEN,DEN,LAC,15,7,0,0,13,3,25,0,3,2,3,2,28,18,84,134
2019,13,2019_13_LAC_DEN,LAC,DEN,15,5,1,1,17,7,82,3,0,4,3,2,29,20,115,244
2019,13,2019_13_LA_ARI,ARI,LA,13,2,4,2,13,2,7,6,1,1,1,1,34,19,74,124
2019,13,2019_13_LA_ARI,LA,ARI,15,8,1,0,27,8,81,1,6,10,8,3,45,33,132,417
2019,13,2019_13_MIN_SEA,MIN,SEA,10,5,1,0,17,3,30,0,2,3,4,3,38,22,78,276
2019,13,2019_13_MIN_SEA,SEA,MIN,15,7,1,1,24,1,30,2,0,4,7,4,31,21,218,226
2019,13,2019_13_NE_HOU,HOU,NE,11,6,0,0,16,8,79,3,3,3,4,4,26,19,52,224
2019,13,2019_13_NE_HOU,NE,HOU,17,9,2,1,29,8,60,3,3,7,4,3,48,24,145,303
2019,13,2019_13_NO_ATL,ATL,NO,16,6,4,2,26,4,18,9,0,1,3,2,51,35,89,259
2019,13,2019_13_NO_ATL,NO,ATL,10,2,0,0,14,9,121,0,9,4,3,2,31,18,95,184
2019,13,2019_13_NYJ_CIN,CIN,NYJ,14,5,0,0,18,2,15,1,4,0,4,2,37,22,44,233
2019,13,2019_13_NYJ_CIN,NYJ,CIN,17,7,2,0,15,10,106,4,1,2,0,0,48,28,62,209
2019,13,2019_13_OAK_KC,KC,LV,11,7,1,0,22,0,0,1,2,1,6,4,29,15,96,163
2019,13,2019_13_OAK_KC,LV,KC,9,3,2,1,19,12,99,2,1,3,3,1,30,20,122,210
2019,13,2019_13_PHI_MIA,MIA,PHI,12,5,3,3,26,7,59,3,2,6,5,5,42,28,58,353
2019,13,2019_13_PHI_MIA,PHI,MIA,14,7,0,0,23,10,91,2,3,4,6,3,47,28,92,294
2019,13,2019_13_SF_BAL,BAL,SF,10,3,3,2,21,3,23,1,2,1,3,2,23,14,178,105
2019,13,2019_13_SF_BAL,SF,BAL,12,4,2,1,15,6,54,2,1,4,3,2,21,15,174,157
2019,13,2019_13_TB_JAX,JAX,TB,14,4,3,1,14,16,121,5,4,3,3,1,42,23,49,195
2019,13,2019_13_TB_JAX,TB,JAX,17,7,2,1,19,8,44,4,5,6,6,2,33,21,76,241
2019,13,2019_13_TEN_IND,IND,TEN,12,5,0,0,21,6,40,3,6,4,3,2,40,25,82,309
2019,13,2019_13_TEN_IND,TEN,IND,13,5,1,1,15,3,33,6,3,3,5,3,22,17,154,138
2019,13,2019_13_WAS_CAR,CAR,WAS,16,5,2,1,22,5,43,7,5,2,4,3,46,27,65,213
2019,13,2019_13_WAS_CAR,WAS,CAR,11,3,0,0,20,6,65,5,7,7,6,3,26,13,248,114
2019,14,2019_14_BAL_BUF,BAL,BUF,11,3,0,0,15,9,99,1,6,1,4,3,25,16,118,139
2019,14,2019_14_BAL_BUF,BUF,BAL,17,4,1,0,16,4,44,6,1,3,3,1,40,17,104,107
2019,14,2019_14_CAR_ATL,ATL,CAR,12,5,0,0,22,6,58,1,5,3,7,4,34,20,159,302
2019,14,2019_14_CAR_ATL,CAR,ATL,10,3,0,0,27,7,44,5,1,1,3,2,41,28,100,245
2019,14,2019_14_CIN_CLE,CIN,CLE,12,3,2,1,27,8,99,2,1,5,5,1,39,23,179,272
2019,14,2019_14_CIN_CLE,CLE,CIN,12,7,0,0,17,6,30,1,2,6,4,2,24,11,146,187
2019,14,2019_14_DAL_CHI,CHI,DAL,12,7,0,0,24,4,30,2,2,6,6,4,31,23,151,231
2019,14,2019_14_DAL_CHI,DAL,CHI,15,6,3,2,22,6,52,2,2,6,4,3,49,27,82,326
2019,14,2019_14_DEN_HOU,DEN,HOU,8,5,0,0,22,7,50,1,3,7,6,4,27,22,90,301
2019,14,2019_14_DEN_HOU,HOU,DEN,13,6,4,2,25,9,44,3,1,3,3,3,50,28,134,280
2019,14,2019_14_DET_MIN,DET,MIN,16,7,1,1,18,4,28,5,1,1,2,1,40,24,70,161
2019,14,2019_14_DET_MIN,MIN,DET,14,5,1,0,21,8,55,1,5,3,3,2,30,24,120,234
2019,14,2019_14_IND_TB,IND,TB,16,6,3,2,14,3,35,1,1,3,5,3,37,19,66,245
2019,14,2019_14_IND_TB,TB,IND,15,8,1,1,29,6,104,1,1,6,5,5,49,35,75,467
2019,14,2019_14_KC_NE,KC,NE,16,5,1,1,20,10,136,1,3,4,3,2,40,26,75,271
2019,14,2019_14_KC_NE,NE,KC,12,2,3,1,17,5,25,3,1,2,4,2,37,20,94,184
2019,14,2019_14_LAC_JAX,JAX,LAC,15,4,4,2,15,10,101,2,1,1,3,1,38,25,88,164
2019,14,2019_14_LAC_JAX,LAC,JAX,8,6,0,0,26,6,65,1,2,7,6,6,27,19,195,330
2019,14,2019_14_MIA_NYJ,MIA,NYJ,13,4,0,0,22,5,48,2,1,4,6,0,37,21,122,240
2019,14,2019_14_MIA_NYJ,NYJ,MIA,14,6,1,0,22,5,88,1,2,3,4,2,36,20,112,262
2019,14,2019_14_NYG_PHI,NYG,PHI,12,2,0,0,11,7,54,2,3,3,3,2,30,15,73,182
2019,14,2019_14_NYG_PHI,PHI,NYG,21,9,2,1,27,4,30,3,2,5,4,3,50,33,118,300
2019,14,2019_14_PIT_ARI,ARI,PIT,11,4,3,1,17,7,75,5,3,2,4,2,30,20,71,165
2019,14,2019_14_PIT_ARI,PIT,ARI,11,4,1,0,20,4,20,3,5,2,5,1,19,16,140,135
2019,14,2019_14_SEA_LA,LA,SEA,13,7,0,0,26,3,20,0,5,7,5,4,32,22,162,293
2019,14,2019_14_SEA_LA,SEA,LA,14,5,2,1,16,8,64,5,0,2,3,0,36,22,106,202
2019,14,2019_14_SF_NO,NO,SF,11,5,3,2,28,5,50,0,3,6,6,6,42,29,116,349
2019,14,2019_14_SF_NO,SF,NO,12,6,1,1,24,10,67,3,0,9,8,6,36,27,162,354
2019,14,2019_14_TEN_OAK,LV,TEN,10,4,1,0,21,3,20,2,0,3,4,3,34,25,97,258
2019,14,2019_14_TEN_OAK,TEN,LV,11,8,0,0,26,4,21,0,2,8,7,5,27,21,161,391
2019,14,2019_14_WAS_GB,GB,WAS,13,5,2,2,18,5,34,4,4,5,4,2,28,18,174,167
2019,14,2019_14_WAS_GB,WAS,GB,11,4,0,0,18,3,25,4,4,3,2,2,27,16,121,141
2019,15,2019_15_ATL_SF,ATL,SF,13,7,0,0,20,11,98,2,1,2,3,3,39,25,89,201
2019,15,2019_15_ATL_SF,SF,ATL,12,4,1,1,20,7,67,1,2,4,3,2,34,22,120,193
2019,15,2019_15_BUF_PIT,BUF,PIT,14,6,1,1,17,8,70,1,4,2,3,2,25,13,130,131
2019,15,2019_15_BUF_PIT,PIT,BUF,13,5,1,0,15,6,30,4,1,3,2,1,38,23,51,178
2019,15,2019_15_CHI_GB,CHI,GB,20,9,3,0,20,4,35,3,1,5,3,1,53,29,96,319
2019,15,2019_15_CHI_GB,GB,CHI,15,5,3,1,12,4,30,1,3,4,3,3,33,16,100,192
2019,15,2019_15_CLE_ARI,ARI,CLE,8,4,1,1,26,5,34,0,1,4,6,5,25,19,226,219
2019,15,2019_15_CLE_ARI,CLE,ARI,14,9,1,1,24,6,55,1,0,4,5,3,43,30,152,241
2019,15,2019_15_DEN_KC,DEN,KC,14,5,3,1,15,7,72,2,3,3,2,0,40,18,52,199
2019,15,2019_15_DEN_KC,KC,DEN,11,6,0,0,27,5,45,3,2,4,5,2,36,27,92,329
2019,15,2019_15_HOU_TEN,HOU,TEN,10,5,0,0,22,5,27,1,2,4,6,3,27,19,140,234
2019,15,2019_15_HOU_TEN,TEN,HOU,10,4,2,1,24,4,30,2,1,5,4,3,37,22,163,269
2019,15,2019_15_IND_NO,IND,NO,12,3,2,1,16,7,49,1,0,3,1,1,34,18,46,159
2019,15,2019_15_IND_NO,NO,IND,9,5,0,0,27,6,52,0,1,5,6,4,30,29,117,307
2019,15,2019_15_JAX_OAK,JAX,LV,12,3,1,1,17,8,87,2,4,3,4,2,29,17,77,185
2019,15,2019_15_JAX_OAK,LV,JAX,11,4,0,0,26,6,51,4,2,4,4,1,36,22,128,236
2019,15,2019_15_LA_DAL,DAL,LA,13,7,1,1,25,4,16,0,2,7,5,5,23,15,263,212
2019,15,2019_15_LA_DAL,LA,DAL,12,4,2,1,23,5,29,2,0,2,3,3,53,34,24,267
2019,15,2019_15_MIA_NYG,MIA,NYG,13,3,3,1,22,7,42,3,1,6,4,2,41,23,122,262
2019,15,2019_15_MIA_NYG,NYG,MIA,11,5,0,0,24,4,32,1,3,7,5,5,29,21,138,274
2019,15,2019_15_MIN_LAC,LAC,MIN,11,6,2,1,17,5,48,3,0,3,2,1,39,28,62,283
2019,15,2019_15_MIN_LAC,MIN,LAC,14,7,0,0,18,5,41,0,3,3,7,3,25,19,137,207
2019,15,2019_15_NE_CIN,CIN,NE,13,4,2,1,19,5,25,0,2,3,2,1,31,17,164,151
2019,15,2019_15_NE_CIN,NE,CIN,14,6,1,0,19,4,30,2,0,3,4,3,29,15,175,116
2019,15,2019_15_NYJ_BAL,BAL,NYJ,8,2,1,1,23,6,35,1,1,8,7,6,24,15,220,212
2019,15,2019_15_NYJ_BAL,NYJ,BAL,14,6,2,0,13,8,94,1,1,3,4,2,33,18,103,209
2019,15,2019_15_PHI_WAS,PHI,WAS,16,11,0,0,27,7,54,2,1,3,5,4,43,30,157,258
2019,15,2019_15_PHI_WAS,WAS,PHI,10,4,0,0,19,5,60,1,2,3,3,3,28,19,101,251
2019,15,2019_15_SEA_CAR,CAR,SEA,11,5,0,0,28,2,15,1,2,2,3,3,42,25,145,269
2019,15,2019_15_SEA_CAR,SEA,CAR,10,4,1,1,21,5,40,2,1,4,5,4,27,20,154,274
2019,15,2019_15_TB_DET,DET,TB,15,6,1,0,16,2,10,2,2,3,2,2,43,24,45,250
2019,15,2019_15_TB_DET,TB,DET,14,7,2,1,23,9,70,2,2,10,5,4,42,28,49,446
2019,16,2019_16_ARI_SEA,ARI,SEA,15,5,1,1,21,5,47,2,5,4,4,3,27,15,253,159
2019,16,2019_16_ARI_SEA,SEA,ARI,12,1,1,0,12,7,55,5,2,4,2,1,31,16,91,133
2019,16,2019_16_BAL_CLE,BAL,CLE,11,7,1,0,30,7,50,0,1,4,5,4,31,20,243,238
2019,16,2019_16_BAL_CLE,CLE,BAL,12,3,0,0,17,7,62,1,0,3,2,2,34,20,57,184
2019,16,2019_16_BUF_NE,BUF,NE,11,2,2,1,14,7,46,4,0,4,4,2,26,13,92,176
2019,16,2019_16_BUF_NE,NE,BUF,14,7,2,1,23,3,30,0,4,4,4,2,34,26,143,273
2019,16,2019_16_CAR_IND,CAR,IND,14,4,4,2,19,6,46,5,3,1,3,0,45,28,87,199
2019,16,2019_16_CAR_IND,IND,CAR,11,4,2,1,22,0,0,3,5,4,7,3,27,14,218,106
2019,16,2019_16_CIN_MIA,CIN,MIA,18,4,3,3,25,10,77,4,2,4,5,4,58,33,61,373
2019,16,2019_16_CIN_MIA,MIA,CIN,16,6,0,0,29,6,47,2,4,6,6,5,52,31,96,406
2019,16,2019_16_DAL_PHI,DAL,PHI,14,3,2,1,16,2,20,2,1,2,2,0,44,25,54,257
2019,16,2019_16_DAL_PHI,PHI,DAL,14,6,1,0,23,4,30,1,2,6,4,2,40,31,118,313
2019,16,2019_16_DET_DEN,DEN,DET,12,5,1,1,24,6,50,0,4,2,6,3,34,26,150,198
2019,16,2019_16_DET_DEN,DET,DEN,11,4,1,0,13,7,68,4,0,1,3,1,24,12,96,95
2019,16,2019_16_GB_MIN,GB,MIN,14,5,0,0,22,2,20,3,5,1,4,2,41,26,184,201
2019,16,2019_16_GB_MIN,MIN,GB,15,4,2,0,7,3,30,5,3,2,2,1,32,16,57,82
2019,16,2019_16_HOU_TB,HOU,TB,14,4,1,1,15,4,35,5,3,2,5,1,32,19,68,161
2019,16,2019_16_HOU_TB,TB,HOU,17,9,1,0,19,6,45,3,5,5,2,2,48,25,106,329
2019,16,2019_16_JAX_ATL,ATL,JAX,13,7,0,0,28,9,64,1,3,5,5,3,45,32,135,383
2019,16,2019_16_JAX_ATL,JAX,ATL,14,3,4,3,17,6,36,3,1,4,3,1,33,14,115,173
2019,16,2019_16_KC_CHI,CHI,KC,12,5,3,0,18,7,50,3,1,1,1,0,34,18,101,133
2019,16,2019_16_KC_CHI,KC,CHI,11,6,0,0,25,9,71,1,3,0,4,3,33,23,106,244
2019,16,2019_16_LA_SF,LA,SF,13,5,0,0,23,7,43,0,6,6,4,4,46,27,72,323
2019,16,2019_16_LA_SF,SF,LA,10,4,0,0,18,3,26,6,0,4,6,3,27,16,119,215
2019,16,2019_16_NO_TEN,NO,TEN,12,4,1,0,23,11,70,3,5,5,6,5,40,28,102,275
2019,16,2019_16_NO_TEN,TEN,NO,13,5,1,0,17,6,56,5,3,6,4,4,27,17,149,248
2019,16,2019_16_NYG_WAS,NYG,WAS,14,8,0,0,28,4,33,1,3,9,6,6,42,28,206,346
2019,16,2019_16_NYG_WAS,WAS,NYG,14,8,0,0,25,6,51,3,1,4,5,5,38,29,80,281
2019,16,2019_16_OAK_LAC,LAC,LV,11,3,1,1,21,2,15,1,3,2,3,2,39,27,19,265
2019,16,2019_16_OAK_LAC,LV,LAC,14,7,1,1,19,5,47,3,1,4,3,3,30,26,99,267
2019,16,2019_16_PIT_NYJ,NYJ,PIT,15,4,1,1,14,3,30,2,4,3,2,1,26,16,85,174
2019,16,2019_16_PIT_NYJ,PIT,NYJ,14,3,1,0,16,4,34,4,2,2,2,1,37,25,75,185
2019,17,2019_17_ARI_LA,ARI,LA,10,5,0,0,22,8,63,1,1,7,4,3,43,27,71,322
2019,17,2019_17_ARI_LA,LA,ARI,18,11,1,0,25,10,91,1,1,5,4,4,45,29,113,311
2019,17,2019_17_ATL_TB,ATL,TB,18,7,3,1,27,5,53,6,1,3,7,2,51,30,87,286
2019,17,2019_17_ATL_TB,TB,ATL,8,1,1,1,14,12,97,1,6,6,4,2,24,13,138,193
2019,17,2019_17_CHI_MIN,CHI,MIN,16,7,2,1,24,3,34,4,0,1,5,1,37,26,158,179
2019,17,2019_17_CHI_MIN,MIN,CHI,9,4,0,0,14,3,40,0,4,3,6,1,21,12,174,126
2019,17,2019_17_CLE_CIN,CIN,CLE,14,9,0,0,22,3,20,1,6,6,5,4,28,16,179,182
2019,17,2019_17_CLE_CIN,CLE,CIN,13,4,1,1,15,4,33,6,1,6,4,3,27,12,74,239
2019,17,2019_17_GB_DET,DET,GB,12,3,1,1,17,4,50,1,1,3,2,2,30,13,171,134
2019,17,2019_17_GB_DET,GB,DET,20,8,2,2,25,9,97,1,1,5,4,2,55,27,120,312
2019,17,2019_17_IND_JAX,IND,JAX,12,4,1,0,17,4,36,3,3,3,3,2,25,12,132,143
2019,17,2019_17_IND_JAX,JAX,IND,14,9,0,0,23,3,27,3,3,2,6,3,40,27,67,288
2019,17,2019_17_LAC_KC,KC,LAC,10,7,0,0,16,5,39,0,3,4,4,4,25,16,162,174
2019,17,2019_17_LAC_KC,LAC,KC,15,8,4,2,25,8,40,3,0,3,4,3,46,31,108,258
2019,17,2019_17_MIA_NE,MIA,NE,12,5,1,0,26,4,35,2,1,6,5,2,44,29,63,326
2019,17,2019_17_MIA_NE,NE,MIA,9,3,0,0,17,6,54,1,2,3,4,3,29,16,135,217
2019,17,2019_17_NO_CAR,CAR,NO,16,5,2,1,16,5,54,2,1,4,3,1,49,26,41,288
2019,17,2019_17_NO_CAR,NO,CAR,11,4,0,0,25,3,44,1,2,4,6,5,31,20,115,264
2019,17,2019_17_NYJ_BUF,BUF,NYJ,14,4,0,0,17,5,40,1,2,4,2,0,40,21,73,236
2019,17,2019_17_NYJ_BUF,NYJ,BUF,14,5,0,0,18,2,13,2,1,3,3,1,36,23,86,185
2019,17,2019_17_OAK_DEN,DEN,LV,12,3,0,0,16,9,61,2,2,0,1,1,28,17,70,168
2019,17,2019_17_OAK_DEN,LV,DEN,16,5,3,1,18,10,107,2,2,7,6,1,47,29,97,380
2019,17,2019_17_PHI_NYG,NYG,PHI,16,5,4,2,18,4,48,4,1,6,4,2,47,28,122,275
2019,17,2019_17_PHI_NYG,PHI,NYG,15,4,2,1,25,7,55,1,4,6,5,4,40,23,121,279
2019,17,2019_17_PIT_BAL,BAL,PIT,16,7,2,1,19,6,35,3,2,2,5,1,21,11,223,81
2019,17,2019_17_PIT_BAL,PIT,BAL,12,5,1,0,10,6,47,2,3,1,2,1,25,9,91,77
2019,17,2019_17_SF_SEA,SEA,SF,14,8,3,1,27,5,29,1,2,1,4,3,40,25,125,223
2019,17,2019_17_SF_SEA,SF,SEA,8,4,0,0,18,8,57,2,1,6,4,3,23,18,128,270
2019,17,2019_17_TEN_HOU,HOU,TEN,12,3,4,2,20,5,35,4,0,4,2,2,36,21,109,192
2019,17,2019_17_TEN_HOU,TEN,HOU,10,5,0,0,25,5,37,0,4,5,5,5,21,14,245,222
2019,17,2019_17_WAS_DAL,DAL,WAS,15,8,1,1,22,10,81,3,2,7,6,5,33,23,223,294
2019,17,2019_17_WAS_DAL,WAS,DAL,12,1,3,0,13,2,10,2,3,4,4,1,37,18,88,183
2020,1,2020_01_ARI_SF,ARI,SF,14,7,0,0,28,9,102,2,3,4,3,3,40,26,180,224
2020,1,2020_01_ARI_SF,SF,ARI,11,2,2,0,18,5,53,3,2,2,5,2,33,19,123,243
2020,1,2020_01_CHI_DET,CHI,DET,11,2,2,1,24,6,48,1,1,4,5,3,36,20,149,214
2020,1,2020_01_CHI_DET,DET,CHI,16,6,0,0,24,8,77,1,1,6,5,2,42,24,138,288
2020,1,2020_01_CLE_BAL,BAL,CLE,11,6,0,0,23,7,66,2,2,5,6,5,26,21,111,270
2020,1,2020_01_CLE_BAL,CLE,BAL,12,3,3,0,20,8,80,2,2,5,1,1,39,21,138,168
2020,1,2020_01_DAL_LA,DAL,LA,12,3,3,1,24,7,50,3,1,2,4,2,39,25,136,244
2020,1,2020_01_DAL_LA,LA,DAL,17,9,1,1,23,5,34,1,3,5,5,2,31,20,153,269
2020,1,2020_01_GB_MIN,GB,MIN,11,6,2,1,31,6,63,0,2,6,8,5,44,32,158,364
2020,1,2020_01_GB_MIN,MIN,GB,6,3,1,0,23,5,20,2,0,6,5,4,26,19,138,250
2020,1,2020_01_HOU_KC,HOU,KC,10,4,1,1,21,5,37,4,1,3,3,3,33,20,118,242
2020,1,2020_01_HOU_KC,KC,HOU,13,7,1,1,27,1,5,1,4,1,6,4,32,24,166,203
2020,1,2020_01_IND_JAX,IND,JAX,12,4,3,1,26,5,80,1,4,4,6,2,46,36,88,357
2020,1,2020_01_IND_JAX,JAX,IND,10,5,0,0,17,6,61,4,1,2,3,3,20,19,91,150
2020,1,2020_01_LAC_CIN,CIN,LAC,14,6,0,0,19,7,44,3,2,1,2,1,36,23,122,173
2020,1,2020_01_LAC_CIN,LAC,CIN,16,6,2,0,18,6,35,2,3,4,3,1,30,16,155,207
2020,1,2020_01_LV_CAR,CAR,LV,13,7,2,1,22,5,65,1,0,1,4,3,35,22,129,261
2020,1,2020_01_LV_CAR,LV,CAR,11,6,0,0,23,3,40,0,1,3,5,4,30,22,133,239
2020,1,2020_01_MIA_NE,MIA,NE,11,4,0,0,20,4,35,1,2,2,2,1,30,20,89,182
2020,1,2020_01_MIA_NE,NE,MIA,10,5,1,1,27,3,47,2,1,2,4,3,19,15,217,140
2020,1,2020_01_NYJ_BUF,BUF,NYJ,14,7,1,1,30,7,79,3,3,3,8,3,46,33,98,306
2020,1,2020_01_NYJ_BUF,NYJ,BUF,11,4,0,0,15,9,95,3,3,3,3,2,35,21,52,202
2020,1,2020_01_PHI_WAS,PHI,WAS,14,5,2,0,19,3,20,8,3,4,3,2,42,24,57,208
2020,1,2020_01_PHI_WAS,WAS,PHI,18,5,2,1,17,7,55,3,8,2,5,3,31,17,80,159
2020,1,2020_01_PIT_NYG,NYG,PIT,15,8,1,1,20,4,25,3,2,2,4,2,42,26,29,262
2020,1,2020_01_PIT_NYG,PIT,NYG,15,8,1,1,19,3,21,2,3,4,4,3,32,21,141,208
2020,1,2020_01_SEA_ATL,ATL,SEA,14,7,4,0,28,6,72,2,3,5,4,3,55,37,72,434
2020,1,2020_01_SEA_ATL,SEA,ATL,9,3,1,1,22,6,46,3,2,4,5,5,35,31,84,299
2020,1,2020_01_TB_NO,NO,TB,15,5,1,0,18,6,119,1,3,2,7,3,31,19,82,189
2020,1,2020_01_TB_NO,TB,NO,13,5,1,1,22,9,103,3,1,4,4,3,37,23,86,224
2020,1,2020_01_TEN_DEN,DEN,TEN,9,3,1,0,19,5,56,0,1,4,3,2,33,22,107,216
2020,1,2020_01_TEN_DEN,TEN,DEN,16,7,1,1,26,5,37,1,0,3,3,2,43,29,130,247
2020,2,2020_02_ATL_DAL,ATL,DAL,17,8,2,2,22,8,51,1,1,5,6,4,38,24,113,267
2020,2,2020_02_ATL_DAL,DAL,ATL,13,7,2,0,32,7,75,1,1,7,6,5,49,34,125,445
2020,2,2020_02_BAL_HOU,BAL,HOU,14,5,2,2,23,3,21,4,4,6,6,2,24,18,230,177
2020,2,2020_02_BAL_HOU,HOU,BAL,9,3,1,0,18,4,22,4,4,3,2,1,36,25,51,253
2020,2,2020_02_BUF_MIA,BUF,MIA,10,5,0,0,23,6,55,1,3,9,4,4,35,24,112,411
2020,2,2020_02_BUF_MIA,MIA,BUF,12,5,1,0,27,3,20,3,1,4,5,3,48,31,99,313
2020,2,2020_02_CAR_TB,CAR,TB,11,6,2,1,24,9,77,5,0,3,4,2,42,33,87,340
2020,2,2020_02_CAR_TB,TB,CAR,11,5,0,0,20,5,37,0,5,5,5,4,35,23,122,217
2020,2,2020_02_CIN_CLE,CIN,CLE,18,8,5,5,30,4,45,3,0,1,5,3,61,37,68,285
2020,2,2020_02_CIN_CLE,CLE,CIN,8,5,2,1,23,8,76,0,3,6,6,5,23,16,215,219
2020,2,2020_02_DEN_PIT,DEN,PIT,15,5,2,0,22,4,30,7,1,5,5,2,40,19,104,217
2020,2,2020_02_DEN_PIT,PIT,DEN,12,2,2,1,19,10,89,1,7,4,6,3,41,29,109,301
2020,2,2020_02_DET_GB,DET,GB,12,6,1,0,19,7,70,4,1,4,3,3,33,20,89,218
2020,2,2020_02_DET_GB,GB,DET,12,6,1,1,26,8,60,1,4,5,7,4,30,18,261,229
2020,2,2020_02_JAX_TEN,JAX,TEN,14,10,1,1,30,8,60,2,1,4,5,4,45,30,165,315
2020,2,2020_02_JAX_TEN,TEN,JAX,11,7,0,0,22,4,30,1,2,1,4,4,24,18,123,231
2020,2,2020_02_KC_LAC,KC,LAC,15,7,1,1,23,11,90,1,2,4,3,2,48,27,125,291
2020,2,2020_02_KC_LAC,LAC,KC,13,6,2,1,28,6,40,2,1,5,3,2,33,22,183,296
2020,2,2020_02_LA_PHI,LA,PHI,12,7,1,1,29,4,24,1,0,7,6,5,27,20,191,258
2020,2,2020_02_LA_PHI,PHI,LA,12,7,1,0,25,5,30,0,1,2,4,2,43,26,121,242
2020,2,2020_02_MIN_IND,IND,MIN,11,3,1,1,24,9,93,2,3,4,7,2,25,19,151,203
2020,2,2020_02_MIN_IND,MIN,IND,9,2,0,0,11,6,45,3,2,2,2,1,26,11,82,95
2020,2,2020_02_NE_SEA,NE,SEA,12,7,1,1,28,2,12,1,2,4,6,3,44,30,67,397
2020,2,2020_02_NE_SEA,SEA,NE,7,3,0,0,22,9,68,2,1,4,5,5,28,21,154,275
2020,2,2020_02_NO_LV,LV,NO,17,10,2,2,28,3,13,3,0,4,5,4,38,28,116,261
2020,2,2020_02_NO_LV,NO,LV,11,7,0,0,26,10,129,0,3,4,4,3,38,26,112,312
2020,2,2020_02_NYG_CHI,CHI,NYG,16,9,1,1,18,5,48,4,4,2,3,2,28,18,135,169
2020,2,2020_02_NYG_CHI,NYG,CHI,13,3,3,3,21,3,10,4,4,3,3,1,40,25,75,220
2020,2,2020_02_SF_NYJ,NYJ,SF,14,5,2,0,17,5,65,1,3,2,4,1,32,21,104,173
2020,2,2020_02_SF_NYJ,SF,NYJ,13,7,0,0,17,5,59,3,1,3,4,4,27,22,182,177
2020,2,2020_02_WAS_ARI,ARI,WAS,17,7,2,2,22,11,97,3,4,5,6,3,38,26,160,278
2020,2,2020_02_WAS_ARI,WAS,ARI,12,4,1,1,19,6,42,4,3,4,4,2,34,19,117,199
2020,3,2020_03_CAR_LAC,CAR,LAC,12,3,0,0,14,3,30,2,2,4,6,1,28,22,81,221
2020,3,2020_03_CAR_LAC,LAC,CAR,15,10,0,0,25,8,60,2,2,3,3,2,50,35,117,319
2020,3,2020_03_CHI_ATL,ATL,CHI,13,4,0,0,21,7,75,2,2,4,5,3,38,19,144,227
2020,3,2020_03_CHI_ATL,CHI,ATL,15,4,2,1,24,10,80,2,2,6,6,4,52,29,130,307
2020,3,2020_03_CIN_PHI,CIN,PHI,13,3,0,0,22,9,73,8,3,2,4,2,44,31,48,256
2020,3,2020_03_CIN_PHI,PHI,CIN,21,10,0,0,26,11,93,3,8,3,3,2,47,29,172,206
2020,3,2020_03_DAL_SEA,DAL,SEA,15,7,2,2,27,10,59,2,4,9,4,4,58,37,61,461
2020,3,2020_03_DAL_SEA,SEA,DAL,13,5,1,1,23,5,30,4,2,5,6,5,41,27,117,297
2020,3,2020_03_DET_ARI,ARI,DET,10,4,1,1,28,7,38,1,4,3,3,3,35,23,109,268
2020,3,2020_03_DET_ARI,DET,ARI,12,4,1,1,22,7,46,4,1,5,6,2,31,22,90,232
2020,3,2020_03_GB_NO,GB,NO,11,5,2,1,24,2,10,1,2,3,5,4,32,21,98,271
2020,3,2020_03_GB_NO,NO,GB,11,5,1,1,21,8,83,2,1,3,5,3,36,29,122,275
2020,3,2020_03_HOU_PIT,HOU,PIT,12,5,0,0,13,4,49,5,2,6,3,3,27,19,29,231
2020,3,2020_03_HOU_PIT,PIT,HOU,18,8,2,2,25,2,14,2,5,4,6,3,37,23,169,220
2020,3,2020_03_KC_BAL,BAL,KC,9,3,1,0,16,6,45,4,0,2,5,2,28,15,158,70
2020,3,2020_03_KC_BAL,KC,BAL,13,10,2,0,29,6,38,0,4,6,5,5,42,31,132,385
2020,3,2020_03_LA_BUF,BUF,LA,10,5,1,1,23,5,55,4,2,6,5,5,33,24,101,274
2020,3,2020_03_LA_BUF,LA,BUF,10,6,1,0,28,3,30,2,4,6,5,4,33,23,167,313
2020,3,2020_03_LV_NE,LV,NE,9,3,0,0,22,6,40,2,2,5,5,2,32,24,126,249
2020,3,2020_03_LV_NE,NE,LV,11,3,0,0,25,2,33,2,2,5,7,3,28,17,250,156
2020,3,2020_03_MIA_JAX,JAX,MIA,10,3,3,0,22,8,63,4,1,1,2,2,42,30,72,246
2020,3,2020_03_MIA_JAX,MIA,JAX,13,7,1,1,22,6,51,1,4,2,5,4,20,18,138,156
2020,3,2020_03_NYJ_IND,IND,NYJ,10,3,1,1,21,4,40,0,2,4,5,2,25,19,119,234
2020,3,2020_03_NYJ_IND,NYJ,IND,12,3,1,0,15,7,57,2,0,2,2,1,29,17,109,151
2020,3,2020_03_SF_NYG,NYG,SF,10,4,2,1,13,5,28,2,2,4,0,0,32,17,66,165
2020,3,2020_03_SF_NYG,SF,NYG,12,8,0,0,29,6,45,2,2,4,6,4,37,25,93,327
2020,3,2020_03_TB_DEN,DEN,TB,14,5,1,0,13,4,30,6,2,3,2,1,39,25,42,184
2020,3,2020_03_TB_DEN,TB,DEN,16,8,1,1,17,9,71,2,6,4,5,3,38,25,68,285
2020,3,2020_03_TEN_MIN,MIN,TEN,10,4,1,0,22,3,20,2,2,5,4,4,28,16,226,238
2020,3,2020_03_TEN_MIN,TEN,MIN,13,3,1,1,23,4,45,2,2,5,4,2,38,23,134,310
2020,3,2020_03_WAS_CLE,CLE,WAS,14,5,1,1,19,6,50,2,3,2,6,4,23,16,158,142
2020,3,2020_03_WAS_CLE,WAS,CLE,11,5,1,1,18,4,40,3,2,4,3,3,37,21,103,206
2020,4,2020_04_ARI_CAR,ARI,CAR,9,3,0,0,20,5,29,1,0,2,3,3,31,24,129,133
2020,4,2020_04_ARI_CAR,CAR,ARI,11,7,1,1,30,10,72,0,1,7,5,4,37,26,168,276
2020,4,2020_04_ATL_GB,ATL,GB,12,3,4,2,24,3,23,4,1,1,3,2,39,28,78,249
2020,4,2020_04_ATL_GB,GB,ATL,11,6,2,1,22,3,30,1,4,7,5,4,33,27,88,315
2020,4,2020_04_BAL_WAS,BAL,WAS,11,5,2,2,17,5,30,1,3,5,4,4,23,15,144,206
2020,4,2020_04_BAL_WAS,WAS,BAL,13,4,3,2,24,2,20,3,1,2,3,2,45,32,69,274
2020,4,2020_04_BUF_LV,BUF,LV,13,7,1,1,20,5,81,1,2,3,6,4,34,24,63,274
2020,4,2020_04_BUF_LV,LV,BUF,14,8,2,1,24,7,65,2,1,2,4,2,44,32,86,297
2020,4,2020_04_CLE_DAL,CLE,DAL,11,5,0,0,33,5,40,2,3,5,7,6,31,20,309,201
2020,4,2020_04_CLE_DAL,DAL,CLE,11,6,2,1,35,6,65,3,2,5,6,5,59,41,89,483
2020,4,2020_04_DEN_NYJ,DEN,NYJ,12,6,0,0,21,8,94,0,6,5,6,4,31,19,117,242
2020,4,2020_04_DEN_NYJ,NYJ,DEN,19,8,2,0,18,11,118,6,0,4,6,2,45,25,129,192
2020,4,2020_04_IND_CHI,CHI,IND,14,4,0,0,16,8,103,1,1,4,2,1,42,26,30,241
2020,4,2020_04_IND_CHI,IND,CHI,19,8,2,1,17,8,76,1,1,2,4,1,29,16,103,186
2020,4,2020_04_JAX_CIN,CIN,JAX,11,4,1,1,28,7,73,1,3,8,6,3,36,25,205,300
2020,4,2020_04_JAX_CIN,JAX,CIN,10,2,1,1,25,6,49,3,1,7,5,2,41,27,89,340
2020,4,2020_04_LAC_TB,LAC,TB,10,4,1,1,14,7,60,2,0,3,4,3,25,20,46,278
2020,4,2020_04_LAC_TB,TB,LAC,11,5,0,0,28,8,90,0,2,6,6,5,46,30,115,369
2020,4,2020_04_MIN_HOU,HOU,MIN,12,3,2,1,19,2,15,3,3,5,5,2,33,20,96,290
2020,4,2020_04_MIN_HOU,MIN,HOU,12,5,1,1,24,4,36,3,3,6,5,4,22,16,162,248
2020,4,2020_04_NE_KC,KC,NE,11,4,0,0,19,4,38,1,2,4,4,2,29,19,94,229
2020,4,2020_04_NE_KC,NE,KC,15,6,3,2,21,4,43,2,1,3,3,1,37,20,185,172
2020,4,2020_04_NO_DET,DET,NO,14,7,3,3,18,5,49,3,2,2,5,4,32,17,90,193
2020,4,2020_04_NO_DET,NO,DET,14,10,1,1,28,4,67,2,3,3,5,5,25,19,164,228
2020,4,2020_04_NYG_LA,LA,NYG,13,5,1,1,15,1,5,2,5,1,3,2,32,25,58,182
2020,4,2020_04_NYG_LA,NYG,LA,13,4,2,1,19,4,20,5,2,2,4,0,36,23,136,159
2020,4,2020_04_PHI_SF,PHI,SF,13,4,2,2,17,3,25,3,5,4,4,2,29,18,93,176
2020,4,2020_04_PHI_SF,SF,PHI,11,5,1,0,24,6,42,5,3,4,4,3,46,32,116,301
2020,4,2020_04_SEA_MIA,MIA,SEA,13,7,0,0,25,3,20,1,2,2,4,1,46,29,103,314
2020,4,2020_04_SEA_MIA,SEA,MIA,10,4,1,0,26,0,0,2,1,6,6,4,34,24,98,343
2020,5,2020_05_ARI_NYJ,ARI,NYJ,12,5,1,1,28,10,59,1,3,8,4,4,38,27,127,369
2020,5,2020_05_ARI_NYJ,NYJ,ARI,13,4,2,0,21,6,30,3,1,1,3,1,33,18,123,162
2020,5,2020_05_BUF_TEN,BUF,TEN,17,13,0,0,23,10,56,1,0,2,3,2,47,29,95,275
2020,5,2020_05_BUF_TEN,TEN,BUF,10,6,1,1,25,6,46,0,1,2,6,6,28,21,139,195
2020,5,2020_05_CAR_ATL,ATL,CAR,13,6,1,1,21,3,40,2,0,6,3,1,37,21,166,207
2020,5,2020_05_CAR_ATL,CAR,ATL,12,6,0,0,24,4,25,0,2,4,4,2,36,27,124,313
2020,5,2020_05_CIN_BAL,BAL,CIN,15,7,1,0,17,4,25,1,7,4,3,2,37,19,161,171
2020,5,2020_05_CIN_BAL,CIN,BAL,16,3,3,2,12,5,40,7,1,1,1,0,30,19,70,135
2020,5,2020_05_IND_CLE,CLE,IND,17,10,1,1,22,2,10,1,1,4,6,2,38,22,124,261
2020,5,2020_05_IND_CLE,IND,CLE,11,4,1,1,15,5,34,1,1,2,5,2,33,21,68,240
2020,5,2020_05_JAX_HOU,HOU,JAX,10,5,1,1,23,5,25,1,4,7,5,3,35,25,129,357
2020,5,2020_05_JAX_HOU,JAX,HOU,16,8,3,1,22,4,35,4,1,2,4,2,49,31,75,289
2020,5,2020_05_LAC_NO,LAC,NO,17,8,1,0,19,1,10,3,2,4,4,4,34,20,111,239
2020,5,2020_05_LAC_NO,NO,LAC,15,5,0,0,23,5,60,2,3,2,4,3,48,33,95,313
2020,5,2020_05_LA_WAS,LA,WAS,15,6,1,0,20,5,60,1,8,6,5,4,30,21,129,300
2020,5,2020_05_LA_WAS,WAS,LA,13,2,1,0,10,3,40,8,1,0,1,1,30,18,38,70
2020,5,2020_05_LV_KC,KC,LV,14,6,2,1,20,10,94,3,1,7,5,4,44,22,80,335
2020,5,2020_05_LV_KC,LV,KC,14,7,2,2,22,8,59,1,3,7,6,5,31,22,144,346
2020,5,2020_05_MIA_SF,MIA,SF,12,4,2,2,21,7,69,2,5,7,8,4,28,22,94,342
2020,5,2020_05_MIA_SF,SF,MIA,10,2,2,0,19,7,75,5,2,2,3,2,35,16,131,128
2020,5,2020_05_MIN_SEA,MIN,SEA,14,6,3,2,30,6,55,3,4,4,4,3,39,27,201,248
2020,5,2020_05_MIN_SEA,SEA,MIN,7,0,2,2,18,3,25,4,3,3,4,4,33,20,124,190
2020,5,2020_05_NYG_DAL,DAL,NYG,9,5,0,0,26,3,25,2,2,4,6,3,33,24,126,276
2020,5,2020_05_NYG_DAL,NYG,DAL,13,7,0,0,20,8,81,2,2,2,4,2,34,20,89,213
2020,5,2020_05_PHI_PIT,PHI,PIT,14,10,1,0,19,9,84,5,1,4,4,4,37,21,94,244
2020,5,2020_05_PHI_PIT,PIT,PHI,15,11,0,0,25,8,86,1,5,4,5,5,34,27,136,231
2020,5,2020_05_TB_CHI,CHI,TB,10,3,0,0,18,6,66,3,3,2,4,2,42,30,35,208
2020,5,2020_05_TB_CHI,TB,CHI,14,4,2,1,17,11,109,3,3,4,3,1,41,25,106,233
2020,6,2020_06_ARI_DAL,ARI,DAL,13,7,1,1,21,7,43,1,3,5,6,5,24,9,261,177
2020,6,2020_06_ARI_DAL,DAL,ARI,15,6,3,3,26,6,36,3,1,2,3,1,54,34,97,247
2020,6,2020_06_ATL_MIN,ATL,MIN,17,9,3,3,24,5,25,2,1,6,6,4,40,30,99,363
2020,6,2020_06_ATL_MIN,MIN,ATL,10,3,2,1,19,3,30,1,2,4,4,3,38,24,32,337
2020,6,2020_06_BAL_PHI,BAL,PHI,16,6,0,0,17,12,132,3,6,5,4,3,27,16,182,173
2020,6,2020_06_BAL_PHI,PHI,BAL,12,3,3,1,19,3,20,6,3,5,5,4,42,21,194,174
2020,6,2020_06_CHI_CAR,CAR,CHI,13,3,2,1,22,8,69,4,0,4,3,1,29,16,112,191
2020,6,2020_06_CHI_CAR,CHI,CAR,14,7,0,0,21,10,92,0,4,1,4,2,39,23,63,198
2020,6,2020_06_CIN_IND,CIN,IND,17,8,2,2,22,6,20,2,1,5,3,3,39,25,98,300
2020,6,2020_06_CIN_IND,IND,CIN,11,7,0,0,23,6,55,1,2,8,4,4,44,29,59,371
2020,6,2020_06_CLE_PIT,CLE,PIT,12,1,3,0,12,7,55,4,2,2,1,1,28,15,75,145
2020,6,2020_06_CLE_PIT,PIT,CLE,14,5,2,2,18,6,45,2,4,4,6,4,23,15,129,148
2020,6,2020_06_DEN_NE,DEN,NE,14,4,0,0,15,2,20,2,4,4,2,0,24,10,135,164
2020,6,2020_06_DEN_NE,NE,DEN,13,4,2,1,14,1,4,4,2,2,3,1,27,19,117,171
2020,6,2020_06_DET_JAX,DET,JAX,12,3,2,2,25,7,60,0,1,3,5,4,31,19,180,223
2020,6,2020_06_DET_JAX,JAX,DET,13,7,2,0,16,5,56,1,0,3,5,2,45,25,44,231
2020,6,2020_06_GB_TB,GB,TB,17,7,0,0,13,6,76,5,0,3,1,1,35,16,94,107
2020,6,2020_06_GB_TB,TB,GB,12,5,0,0,20,0,0,0,5,3,5,4,28,17,158,166
2020,6,2020_06_HOU_TEN,HOU,TEN,14,7,3,3,25,4,46,2,2,4,6,5,39,28,92,320
2020,6,2020_06_HOU_TEN,TEN,HOU,10,6,0,0,31,7,73,2,2,8,8,6,42,30,263,346
2020,6,2020_06_KC_BUF,BUF,KC,9,4,0,0,18,4,39,0,1,1,2,2,27,14,84,122
2020,6,2020_06_KC_BUF,KC,BUF,14,9,1,1,26,8,68,1,0,5,5,3,26,21,245,221
2020,6,2020_06_LA_SF,LA,SF,12,4,1,0,17,6,34,0,0,2,4,2,38,19,113,198
2020,6,2020_06_LA_SF,SF,LA,13,5,1,1,24,7,63,0,0,3,3,3,33,23,122,268
2020,6,2020_06_NYJ_MIA,MIA,NYJ,9,1,0,0,17,5,25,2,3,2,5,3,29,20,110,192
2020,6,2020_06_NYJ_MIA,NYJ,MIA,17,2,3,2,13,7,80,3,2,3,1,0,44,21,115,148
2020,6,2020_06_WAS_NYG,NYG,WAS,11,7,0,0,14,4,30,1,3,3,5,1,19,12,132,108
2020,6,2020_06_WAS_NYG,WAS,NYG,15,8,2,2,24,8,50,3,1,3,4,2,43,31,86,251
2020,7,2020_07_BUF_NYJ,BUF,NYJ,11,3,0,0,25,11,106,2,6,3,6,0,43,30,126,296
2020,7,2020_07_BUF_NYJ,NYJ,BUF,8,2,1,0,17,6,49,6,2,2,3,1,23,12,100,91
2020,7,2020_07_CAR_NO,CAR,NO,9,6,0,0,17,1,5,1,1,3,3,3,28,23,37,246
2020,7,2020_07_CAR_NO,NO,CAR,14,12,0,0,26,6,50,1,1,5,4,3,37,30,138,277
2020,7,2020_07_CHI_LA,CHI,LA,14,4,4,1,14,6,46,4,1,2,3,0,40,28,49,230
2020,7,2020_07_CHI_LA,LA,CHI,13,4,0,0,23,4,46,1,4,3,4,3,33,23,160,211
2020,7,2020_07_CLE_CIN,CIN,CLE,9,6,1,1,31,7,45,4,0,5,7,4,48,36,81,387
2020,7,2020_07_CLE_CIN,CLE,CIN,7,5,0,0,23,5,40,0,4,7,5,5,29,23,82,316
2020,7,2020_07_DAL_WAS,DAL,WAS,12,3,1,0,12,6,49,6,2,1,1,0,22,11,83,59
2020,7,2020_07_DAL_WAS,WAS,DAL,15,9,1,0,21,4,30,2,6,4,5,3,26,15,208,189
2020,7,2020_07_DET_ATL,ATL,DET,14,7,2,1,26,8,53,2,2,2,4,3,43,31,66,324
2020,7,2020_07_DET_ATL,DET,ATL,10,3,1,0,20,5,50,2,2,6,3,2,36,25,64,322
2020,7,2020_07_GB_HOU,GB,HOU,12,7,0,0,21,5,40,0,3,4,5,5,34,23,96,283
2020,7,2020_07_GB_HOU,HOU,GB,14,6,1,0,20,6,55,3,0,3,4,2,39,29,79,286
2020,7,2020_07_JAX_LAC,JAX,LAC,15,6,4,1,15,6,55,5,1,5,4,3,29,14,142,156
2020,7,2020_07_JAX_LAC,LAC,JAX,14,6,0,0,28,3,35,1,5,6,8,5,44,28,135,349
2020,7,2020_07_KC_DEN,DEN,KC,14,5,2,0,23,5,34,3,4,4,2,2,40,24,177,234
2020,7,2020_07_KC_DEN,KC,DEN,8,0,0,0,17,1,15,4,3,3,8,4,25,17,101,185
2020,7,2020_07_NYG_PHI,NYG,PHI,10,3,0,0,17,9,62,3,3,3,3,3,30,20,160,165
2020,7,2020_07_NYG_PHI,PHI,NYG,13,4,2,1,27,7,75,3,3,3,8,3,44,25,96,346
2020,7,2020_07_PIT_TEN,PIT,TEN,18,13,0,0,23,8,69,0,2,4,6,3,49,32,94,268
2020,7,2020_07_PIT_TEN,TEN,PIT,13,5,1,0,15,7,73,2,0,3,3,3,31,18,82,210
2020,7,2020_07_SEA_ARI,ARI,SEA,12,5,2,1,31,6,40,0,2,4,6,4,48,34,159,360
2020,7,2020_07_SEA_ARI,SEA,ARI,13,5,1,1,33,8,78,2,0,6,5,4,50,33,200,372
2020,7,2020_07_SF_NE,NE,SF,6,1,0,0,17,3,30,2,1,2,0,0,25,15,94,147
2020,7,2020_07_SF_NE,SF,NE,9,5,0,0,26,6,65,1,2,5,6,4,25,20,197,270
2020,7,2020_07_TB_LV,LV,TB,13,5,2,1,19,4,35,3,0,5,3,2,36,24,76,271
2020,7,2020_07_TB_LV,TB,LV,12,7,1,1,29,4,20,0,3,7,8,6,45,33,85,369
2020,8,2020_08_ATL_CAR,ATL,CAR,9,3,0,0,28,6,63,2,3,5,6,2,30,21,131,270
2020,8,2020_08_ATL_CAR,CAR,ATL,10,2,3,1,18,6,30,3,2,5,2,2,27,16,147,157
2020,8,2020_08_DAL_PHI,DAL,PHI,16,4,4,2,21,7,68,4,4,0,2,0,40,21,133,132
2020,8,2020_08_DAL_PHI,PHI,DAL,8,3,3,0,18,4,28,4,4,1,4,2,29,16,119,105
2020,8,2020_08_IND_DET,DET,IND,14,7,1,0,20,4,76,5,2,4,4,3,42,24,29,297
2020,8,2020_08_IND_DET,IND,DET,14,7,1,1,26,3,19,2,5,5,6,5,34,23,121,247
2020,8,2020_08_LAC_DEN,DEN,LAC,13,5,0,0,16,8,70,2,2,4,5,4,41,26,108,243
2020,8,2020_08_LAC_DEN,LAC,DEN,16,7,1,0,28,6,67,2,2,7,5,3,44,29,210,275
2020,8,2020_08_LA_MIA,LA,MIA,17,7,1,0,31,5,45,2,1,2,4,3,61,35,131,340
2020,8,2020_08_LA_MIA,MIA,LA,12,3,0,0,8,3,30,1,2,0,4,2,22,12,55,90
2020,8,2020_08_LV_CLE,CLE,LV,10,3,2,2,14,7,59,0,2,1,3,0,25,12,101,122
2020,8,2020_08_LV_CLE,LV,CLE,14,8,2,2,24,5,25,2,0,0,4,1,24,15,209,100
2020,8,2020_08_MIN_GB,GB,MIN,11,5,5,3,24,9,85,1,1,3,3,3,41,27,111,291
2020,8,2020_08_MIN_GB,MIN,GB,8,4,1,1,19,7,36,1,1,3,4,4,14,11,173,151
2020,8,2020_08_NE_BUF,BUF,NE,11,5,0,0,22,5,30,1,2,4,4,3,18,11,190,149
2020,8,2020_08_NE_BUF,NE,BUF,10,5,0,0,20,5,35,2,1,3,4,2,26,15,188,163
2020,8,2020_08_NO_CHI,CHI,NO,15,5,3,2,18,7,53,5,1,4,3,2,41,28,96,233
2020,8,2020_08_NO_CHI,NO,CHI,13,2,3,2,23,5,45,1,5,4,7,2,41,31,122,272
2020,8,2020_08_NYJ_KC,KC,NYJ,13,7,3,1,24,7,61,0,1,6,6,5,47,35,50,446
2020,8,2020_08_NYJ_KC,NYJ,KC,12,2,2,2,13,3,25,1,0,1,2,0,30,18,93,128
2020,8,2020_08_PIT_BAL,BAL,PIT,15,8,2,1,25,9,110,4,2,7,5,3,28,13,265,192
2020,8,2020_08_PIT_BAL,PIT,BAL,9,3,0,0,18,3,30,2,4,1,4,3,32,21,48,173
2020,8,2020_08_SF_SEA,SEA,SF,15,9,0,0,25,6,30,2,3,3,5,5,37,27,101,249
2020,8,2020_08_SF_SEA,SF,SEA,13,6,2,2,24,6,36,3,2,4,5,4,42,29,52,299
2020,8,2020_08_TB_NYG,NYG,TB,11,4,2,2,24,7,73,3,2,2,4,3,43,26,101,256
2020,8,2020_08_TB_NYG,TB,NYG,12,4,1,1,23,3,20,2,3,3,4,2,41,28,81,263
2020,8,2020_08_TEN_CIN,CIN,TEN,15,10,1,1,26,7,45,0,1,2,5,4,37,26,118,249
2020,8,2020_08_TEN_CIN,TEN,CIN,9,5,1,1,27,7,68,1,0,5,4,3,31,18,218,223
2020,9,2020_09_BAL_IND,BAL,IND,13,5,1,1,19,5,55,2,0,2,4,2,23,19,110,156
2020,9,2020_09_BAL_IND,IND,BAL,12,2,4,2,20,4,30,0,2,2,3,1,44,25,112,227
2020,9,2020_09_CAR_KC,CAR,KC,16,7,3,3,30,12,82,2,2,5,4,4,50,37,104,331
2020,9,2020_09_CAR_KC,KC,CAR,11,6,0,0,23,8,75,2,2,7,5,4,45,30,36,361
2020,9,2020_09_CHI_TEN,CHI,TEN,15,2,4,3,21,5,35,3,3,5,3,2,52,36,56,319
2020,9,2020_09_CHI_TEN,TEN,CHI,15,6,0,0,11,6,57,3,3,4,3,2,21,10,92,136
2020,9,2020_09_DEN_ATL,ATL,DEN,13,6,0,0,23,5,61,2,1,5,6,4,35,25,92,271
2020,9,2020_09_DEN_ATL,DEN,ATL,16,7,2,0,22,5,65,1,2,5,3,3,48,25,103,302
2020,9,2020_09_DET_MIN,DET,MIN,12,6,0,0,29,3,37,2,1,2,6,2,45,31,129,292
2020,9,2020_09_DET_MIN,MIN,DET,10,4,1,0,22,9,69,1,2,7,6,5,20,13,275,212
2020,9,2020_09_GB_SF,GB,SF,12,6,1,1,21,5,45,1,1,5,5,4,31,25,111,294
2020,9,2020_09_GB_SF,SF,GB,10,3,1,0,17,4,33,1,1,4,4,2,35,22,55,282
2020,9,2020_09_HOU_JAX,HOU,JAX,15,6,0,0,19,3,18,2,2,2,4,3,32,19,107,267
2020,9,2020_09_HOU_JAX,JAX,HOU,14,6,1,0,22,4,78,2,2,4,4,3,39,26,115,288
2020,9,2020_09_LV_LAC,LAC,LV,15,7,2,2,26,5,45,2,1,4,5,3,42,28,128,312
2020,9,2020_09_LV_LAC,LV,LAC,10,5,0,0,16,2,10,1,2,3,5,4,23,13,160,160
2020,9,2020_09_MIA_ARI,ARI,MIA,12,5,3,2,26,7,71,1,3,4,5,4,26,21,178,264
2020,9,2020_09_MIA_ARI,MIA,ARI,8,4,0,0,24,7,75,3,1,1,4,3,28,20,91,221
2020,9,2020_09_NE_NYJ,NE,NYJ,14,8,2,1,30,6,81,0,1,5,4,3,35,27,159,274
2020,9,2020_09_NE_NYJ,NYJ,NE,10,6,0,0,18,4,32,1,0,4,4,3,25,18,65,257
2020,9,2020_09_NO_TB,NO,TB,14,9,2,1,27,3,28,1,3,5,7,5,35,29,138,282
2020,9,2020_09_NO_TB,TB,NO,9,1,3,0,13,5,39,3,1,3,2,0,38,22,8,186
2020,9,2020_09_NYG_WAS,NYG,WAS,15,6,1,0,22,4,40,5,2,3,3,2,34,23,166,184
2020,9,2020_09_NYG_WAS,WAS,NYG,8,3,0,0,19,6,45,2,5,5,4,2,39,29,37,365
2020,9,2020_09_PIT_DAL,DAL,PIT,17,8,1,0,19,7,70,2,0,6,3,1,38,21,144,220
2020,9,2020_09_PIT_DAL,PIT,DAL,13,5,2,0,20,3,16,0,2,4,4,3,46,31,46,309
2020,9,2020_09_SEA_BUF,BUF,SEA,12,5,0,0,27,6,70,7,5,9,8,5,38,31,34,386
2020,9,2020_09_SEA_BUF,SEA,BUF,12,3,3,2,22,4,13,5,7,5,5,4,41,28,57,362
2020,10,2020_10_BAL_NE,BAL,NE,13,6,3,1,19,8,64,2,1,2,3,2,34,24,115,242
2020,10,2020_10_BAL_NE,NE,BAL,11,5,1,1,22,3,18,1,2,4,4,3,18,14,173,135
2020,10,2020_10_BUF_ARI,ARI,BUF,13,5,1,1,26,7,40,3,0,6,5,3,32,22,217,236
2020,10,2020_10_BUF_ARI,BUF,ARI,13,6,0,0,22,9,69,0,3,4,3,3,50,33,73,296
2020,10,2020_10_CIN_PIT,CIN,PIT,13,0,3,2,16,6,65,4,0,3,2,1,40,21,139,185
2020,10,2020_10_CIN_PIT,PIT,CIN,16,6,0,0,22,6,45,0,4,3,5,4,47,27,44,333
2020,10,2020_10_DEN_LV,DEN,LV,15,7,1,1,19,7,37,2,0,3,3,1,48,23,66,247
2020,10,2020_10_DEN_LV,LV,DEN,13,6,0,0,21,8,82,0,2,5,6,4,25,16,203,154
2020,10,2020_10_HOU_CLE,CLE,HOU,12,6,1,0,20,6,63,1,2,2,3,1,20,12,231,125
2020,10,2020_10_HOU_CLE,HOU,CLE,14,7,1,0,15,6,49,2,1,2,2,1,30,20,90,153
2020,10,2020_10_IND_TEN,IND,TEN,12,4,5,3,26,9,73,1,1,4,7,3,39,29,133,297
2020,10,2020_10_IND_TEN,TEN,IND,10,3,1,0,24,3,30,1,1,3,4,2,27,15,157,137
2020,10,2020_10_JAX_GB,GB,JAX,13,5,1,0,16,4,35,1,3,6,4,3,34,24,80,315
2020,10,2020_10_JAX_GB,JAX,GB,13,4,1,0,16,7,86,3,1,2,3,1,35,18,109,151
2020,10,2020_10_LAC_MIA,LAC,MIA,13,4,3,2,19,5,31,2,0,1,3,3,32,20,99,174
2020,10,2020_10_LAC_MIA,MIA,LAC,14,5,0,0,17,3,15,0,2,2,5,3,26,15,111,169
2020,10,2020_10_MIN_CHI,CHI,MIN,11,2,2,0,10,1,5,2,1,2,2,1,31,16,41,108
2020,10,2020_10_MIN_CHI,MIN,CHI,15,8,0,0,19,4,35,1,2,4,3,2,37,25,99,286
2020,10,2020_10_PHI_NYG,NYG,PHI,14,5,2,1,22,7,64,3,3,5,4,3,28,21,151,231
2020,10,2020_10_PHI_NYG,PHI,NYG,9,0,3,1,21,11,74,3,3,2,2,2,38,21,158,190
2020,10,2020_10_SEA_LA,LA,SEA,15,9,1,1,24,4,49,3,6,3,4,3,37,27,106,283
2020,10,2020_10_SEA_LA,SEA,LA,14,7,0,0,20,4,23,6,3,3,3,1,37,22,113,220
2020,10,2020_10_SF_NO,NO,SF,12,2,0,0,17,5,61,3,2,1,4,3,23,14,114,123
2020,10,2020_10_SF_NO,SF,NO,16,7,1,0,19,6,51,2,3,4,3,1,39,24,49,232
2020,10,2020_10_TB_CAR,CAR,TB,9,1,3,1,13,5,40,3,1,2,3,3,29,20,65,122
2020,10,2020_10_TB_CAR,TB,CAR,16,10,1,1,29,3,30,1,3,6,9,5,39,28,210,334
2020,10,2020_10_WAS_DET,DET,WAS,10,4,0,0,21,9,55,1,2,3,4,3,33,24,105,267
2020,10,2020_10_WAS_DET,WAS,DET,15,7,2,2,34,6,58,2,1,6,5,3,55,38,89,375
2020,11,2020_11_ARI_SEA,ARI,SEA,11,6,1,0,24,10,115,3,3,2,3,3,42,29,57,257
2020,11,2020_11_ARI_SEA,SEA,ARI,14,8,0,0,22,8,79,3,3,2,5,3,28,23,165,182
2020,11,2020_11_ATL_NO,ATL,NO,14,2,3,2,14,7,53,8,3,3,1,0,37,19,52,196
2020,11,2020_11_ATL_NO,NO,ATL,11,4,1,1,23,5,35,3,8,4,4,3,23,18,166,210
2020,11,2020_11_CIN_WAS,CIN,WAS,13,3,2,0,18,3,31,4,2,1,3,1,44,25,70,202
2020,11,2020_11_CIN_WAS,WAS,CIN,13,4,0,0,20,6,49,2,4,2,4,2,25,17,164,161
2020,11,2020_11_DAL_MIN,DAL,MIN,11,5,3,2,24,4,30,1,2,3,5,4,32,22,182,196
2020,11,2020_11_DAL_MIN,MIN,DAL,10,6,1,0,24,8,80,2,1,6,4,4,30,22,125,305
2020,11,2020_11_DET_CAR,CAR,DET,15,5,0,0,20,7,45,1,5,3,5,2,35,24,116,258
2020,11,2020_11_DET_CAR,DET,CAR,14,3,3,1,10,4,20,5,1,2,0,0,33,18,40,145
2020,11,2020_11_GB_IND,GB,IND,9,4,1,0,21,7,45,1,1,5,5,4,38,27,66,301
2020,11,2020_11_GB_IND,IND,GB,16,6,2,2,23,8,116,1,1,4,6,3,36,24,142,280
2020,11,2020_11_KC_LV,KC,LV,9,5,2,2,34,10,89,0,0,2,6,5,46,35,108,352
2020,11,2020_11_KC_LV,LV,KC,9,6,0,0,25,8,72,0,0,4,5,4,31,23,89,275
2020,11,2020_11_LA_TB,LA,TB,15,8,0,0,22,5,65,0,1,4,4,3,51,39,37,376
2020,11,2020_11_LA_TB,TB,LA,14,7,1,0,20,2,7,1,0,0,4,3,48,26,42,209
2020,11,2020_11_MIA_DEN,DEN,MIA,12,4,2,1,19,8,70,0,6,8,5,2,30,18,189,270
2020,11,2020_11_MIA_DEN,MIA,DEN,16,7,0,0,17,5,50,6,0,2,3,1,38,23,56,167
2020,11,2020_11_NE_HOU,HOU,NE,11,5,0,0,20,5,35,0,2,7,4,3,37,28,55,344
2020,11,2020_11_NE_HOU,NE,HOU,13,7,1,0,22,7,55,2,0,5,3,2,40,26,86,349
2020,11,2020_11_NYJ_LAC,LAC,NYJ,15,9,1,0,28,9,78,3,1,4,7,3,49,37,29,347
2020,11,2020_11_NYJ_LAC,NYJ,LAC,11,5,2,1,19,8,88,1,3,4,5,4,30,15,96,196
2020,11,2020_11_PHI_CLE,CLE,PHI,14,4,2,0,17,3,53,3,5,4,5,1,22,12,137,187
2020,11,2020_11_PHI_CLE,PHI,CLE,12,2,2,2,19,5,33,5,3,3,4,2,35,21,106,209
2020,11,2020_11_PIT_JAX,JAX,PIT,13,4,1,0,13,8,105,2,0,0,1,0,37,16,73,133
2020,11,2020_11_PIT_JAX,PIT,JAX,17,7,1,1,22,6,42,0,2,6,3,3,46,32,106,267
2020,11,2020_11_TEN_BAL,BAL,TEN,15,9,0,0,20,6,81,1,2,2,5,2,30,17,129,179
2020,11,2020_11_TEN_BAL,TEN,BAL,12,5,1,1,26,4,44,2,1,6,5,2,32,23,175,250
2020,12,2020_12_ARI_NE,ARI,NE,14,6,1,0,23,6,50,2,3,0,3,2,34,23,138,160
2020,12,2020_12_ARI_NE,NE,ARI,11,4,1,1,14,6,42,3,2,0,3,2,18,9,110,69
2020,12,2020_12_BAL_PIT,BAL,PIT,13,3,1,1,10,7,86,3,0,2,3,2,18,9,129,90
2020,12,2020_12_BAL_PIT,PIT,BAL,14,6,2,0,22,5,40,0,3,2,5,1,51,36,68,266
2020,12,2020_12_CAR_MIN,CAR,MIN,14,6,1,1,21,7,58,0,2,4,6,1,36,19,107,267
2020,12,2020_12_CAR_MIN,MIN,CAR,13,6,1,1,26,8,52,2,0,1,4,3,46,34,96,293
2020,12,2020_12_CHI_GB,CHI,GB,10,4,1,1,26,5,45,3,0,2,4,3,47,26,121,231
2020,12,2020_12_CHI_GB,GB,CHI,11,6,3,3,28,3,17,0,3,2,7,5,29,21,182,211
2020,12,2020_12_CLE_JAX,CLE,JAX,11,5,2,1,25,6,47,2,0,6,4,3,29,19,207,252
2020,12,2020_12_CLE_JAX,JAX,CLE,13,5,1,1,22,5,24,0,2,4,4,3,37,20,140,235
2020,12,2020_12_HOU_DET,DET,HOU,13,6,3,1,28,4,44,4,2,2,4,3,44,28,109,281
2020,12,2020_12_HOU_DET,HOU,DET,9,3,0,0,21,10,74,2,4,6,7,4,26,17,77,309
2020,12,2020_12_KC_TB,KC,TB,12,6,0,0,26,10,82,2,1,7,6,3,50,37,87,456
2020,12,2020_12_KC_TB,TB,KC,9,3,1,1,20,8,57,1,2,6,4,3,41,27,75,342
2020,12,2020_12_LAC_BUF,BUF,LAC,9,4,0,0,22,9,85,3,3,5,4,3,25,19,172,160
2020,12,2020_12_LAC_BUF,LAC,BUF,16,3,5,4,23,5,91,3,3,2,4,2,53,31,76,293
2020,12,2020_12_LV_ATL,ATL,LV,19,9,1,1,23,6,49,1,5,2,7,3,39,22,125,179
2020,12,2020_12_LV_ATL,LV,ATL,12,3,2,1,13,11,141,5,1,1,2,0,39,25,40,203
2020,12,2020_12_MIA_NYJ,MIA,NYJ,16,8,0,0,22,3,20,4,3,2,3,2,39,24,104,241
2020,12,2020_12_MIA_NYJ,NYJ,MIA,13,3,1,0,10,6,74,3,4,3,3,0,27,16,87,173
2020,12,2020_12_NO_DEN,DEN,NO,10,1,0,0,6,2,10,1,3,1,0,0,9,1,100,12
2020,12,2020_12_NO_DEN,NO,DEN,15,7,0,0,19,5,35,3,1,3,4,4,16,9,229,63
2020,12,2020_12_NYG_CIN,CIN,NYG,10,3,1,1,10,3,27,2,0,0,2,2,29,17,40,115
2020,12,2020_12_NYG_CIN,NYG,CIN,21,9,3,3,19,5,51,0,2,2,3,1,38,22,142,244
2020,12,2020_12_SEA_PHI,PHI,SEA,17,8,3,0,18,9,79,6,2,3,4,2,46,26,72,180
2020,12,2020_12_SEA_PHI,SEA,PHI,10,2,2,0,20,8,83,2,6,2,4,2,31,22,76,225
2020,12,2020_12_SF_LA,LA,SF,13,4,0,0,14,3,27,2,2,3,2,1,31,19,126,182
2020,12,2020_12_SF_LA,SF,LA,14,3,1,1,18,5,40,2,2,6,2,1,35,24,112,233
2020,12,2020_12_TEN_IND,IND,TEN,13,5,2,1,27,6,50,2,1,3,4,4,45,24,56,280
2020,12,2020_12_TEN_IND,TEN,IND,12,5,1,1,27,9,63,1,2,4,7,6,22,13,229,220
2020,12,2020_12_WAS_DAL,DAL,WAS,13,4,4,1,13,5,45,4,3,2,4,1,35,25,60,187
2020,12,2020_12_WAS_DAL,WAS,DAL,13,7,1,1,22,5,53,3,4,4,7,4,27,20,182,156
2020,13,2020_13_BUF_SF,BUF,SF,9,4,3,2,31,4,50,1,0,6,7,4,40,32,81,368
2020,13,2020_13_BUF_SF,SF,BUF,11,6,1,0,24,7,43,0,1,4,5,3,39,26,86,316
2020,13,2020_13_CIN_MIA,CIN,MIA,12,3,2,2,12,6,62,6,0,2,3,1,27,17,40,156
2020,13,2020_13_CIN_MIA,MIA,CIN,10,1,1,1,23,8,54,0,6,5,4,1,39,26,110,296
2020,13,2020_13_CLE_TEN,CLE,TEN,16,10,1,0,24,13,92,0,3,5,6,5,34,26,118,340
2020,13,2020_13_CLE_TEN,TEN,CLE,10,2,4,3,25,5,52,3,0,4,6,5,45,29,64,369
2020,13,2020_13_DAL_BAL,BAL,DAL,11,5,1,1,19,4,23,0,1,7,7,4,17,12,294,107
2020,13,2020_13_DAL_BAL,DAL,BAL,15,6,4,3,29,7,58,1,0,1,4,2,48,31,111,277
2020,13,2020_13_DEN_KC,DEN,KC,13,7,1,0,19,4,31,0,1,3,2,2,29,15,179,151
2020,13,2020_13_DEN_KC,KC,DEN,10,3,0,0,25,5,44,1,0,7,5,1,40,25,134,313
2020,13,2020_13_DET_CHI,CHI,DET,11,4,1,0,25,3,20,2,2,2,5,4,34,26,140,249
2020,13,2020_13_DET_CHI,DET,CHI,11,6,2,1,24,7,45,2,2,8,5,5,42,27,60,400
2020,13,2020_13_IND_HOU,HOU,IND,13,5,0,0,20,3,30,5,3,4,4,2,38,26,90,308
2020,13,2020_13_IND_HOU,IND,HOU,11,3,2,1,24,7,50,3,5,4,5,3,35,27,109,262
2020,13,2020_13_JAX_MIN,JAX,MIN,13,4,0,0,20,10,83,2,4,5,4,2,43,28,124,268
2020,13,2020_13_JAX_MIN,MIN,JAX,16,7,0,0,30,6,41,4,2,3,6,3,43,28,145,275
2020,13,2020_13_LA_ARI,ARI,LA,12,4,2,2,18,5,21,2,1,2,4,4,39,21,92,140
2020,13,2020_13_LA_ARI,LA,ARI,15,9,3,1,29,6,75,1,2,5,8,4,47,37,119,344
2020,13,2020_13_LV_NYJ,LV,NYJ,14,6,1,0,24,3,21,2,3,5,5,4,47,28,72,368
2020,13,2020_13_LV_NYJ,NYJ,LV,9,5,0,0,24,6,40,3,2,4,4,4,24,14,206,172
2020,13,2020_13_NE_LAC,LAC,NE,18,7,5,1,17,5,30,3,1,3,0,0,53,26,70,188
2020,13,2020_13_NE_LAC,NE,LAC,14,6,1,1,22,3,15,1,3,2,8,4,22,14,165,126
2020,13,2020_13_NO_ATL,ATL,NO,13,5,1,0,20,1,15,3,2,6,4,1,39,19,70,262
2020,13,2020_13_NO_ATL,NO,ATL,17,8,3,2,23,10,79,2,3,3,5,3,37,27,207,217
2020,13,2020_13_NYG_SEA,NYG,SEA,12,3,0,0,13,6,35,2,5,3,3,2,23,13,190,102
2020,13,2020_13_NYG_SEA,SEA,NYG,13,4,2,0,21,6,41,5,2,4,3,1,43,27,111,216
2020,13,2020_13_PHI_GB,GB,PHI,12,5,1,1,20,5,30,2,7,6,4,4,34,25,149,288
2020,13,2020_13_PHI_GB,PHI,GB,13,4,1,1,17,4,40,7,2,4,2,1,27,11,117,161
2020,13,2020_13_WAS_PIT,PIT,WAS,15,6,2,0,17,6,45,0,3,4,4,2,53,33,21,305
2020,13,2020_13_WAS_PIT,WAS,PIT,17,4,1,0,18,9,62,3,0,4,3,2,46,31,45,273
2020,14,2020_14_ARI_NYG,ARI,NYG,18,7,2,1,22,4,22,1,8,4,7,2,35,24,159,231
2020,14,2020_14_ARI_NYG,NYG,ARI,12,3,1,1,10,2,10,8,1,2,1,1,24,13,78,81
2020,14,2020_14_ATL_LAC,ATL,LAC,12,9,0,0,18,4,35,2,1,4,4,2,33,22,70,249
2020,14,2020_14_ATL_LAC,LAC,ATL,15,9,0,0,23,6,40,1,2,1,4,2,44,36,105,240
2020,14,2020_14_BAL_CLE,BAL,CLE,11,6,1,1,24,8,69,4,0,4,6,6,21,12,233,154
2020,14,2020_14_BAL_CLE,CLE,BAL,12,5,2,2,32,8,75,0,4,6,6,6,49,29,138,357
2020,14,2020_14_DAL_CIN,CIN,DAL,16,9,4,1,18,3,25,2,2,1,4,2,38,28,101,208
2020,14,2020_14_DAL_CIN,DAL,CIN,11,5,1,1,16,5,30,2,2,3,5,2,23,16,101,171
2020,14,2020_14_DEN_CAR,CAR,DEN,14,6,1,0,22,7,48,4,1,4,5,3,40,30,125,245
2020,14,2020_14_DEN_CAR,DEN,CAR,8,3,0,0,23,2,18,1,4,6,5,4,28,21,96,269
2020,14,2020_14_GB_DET,DET,GB,10,5,0,0,26,4,30,4,0,3,4,3,40,27,51,242
2020,14,2020_14_GB_DET,GB,DET,11,8,0,0,26,12,68,0,4,3,4,4,33,26,120,290
2020,14,2020_14_HOU_CHI,CHI,HOU,10,3,0,0,22,7,44,3,7,3,5,4,33,24,169,241
2020,14,2020_14_HOU_CHI,HOU,CHI,14,7,3,1,17,6,50,7,3,1,2,1,30,21,108,155
2020,14,2020_14_IND_LV,IND,LV,11,8,0,0,25,6,50,0,0,7,8,4,28,19,212,244
2020,14,2020_14_IND_LV,LV,IND,12,8,0,0,25,6,33,0,0,5,6,3,46,32,79,345
2020,14,2020_14_KC_MIA,KC,MIA,11,5,1,1,20,8,56,3,4,9,6,3,34,24,94,354
2020,14,2020_14_KC_MIA,MIA,KC,15,7,0,0,27,3,35,4,3,3,4,3,49,28,80,287
2020,14,2020_14_MIN_TB,MIN,TB,15,5,5,4,26,5,71,6,0,1,4,2,38,24,162,175
2020,14,2020_14_MIN_TB,TB,MIN,11,5,0,0,17,5,34,0,6,3,4,3,23,15,107,196
2020,14,2020_14_NE_LA,LA,NE,14,3,2,2,17,5,35,1,6,4,4,2,25,16,186,132
2020,14,2020_14_NE_LA,NE,LA,13,3,3,0,10,5,27,6,1,3,4,1,23,14,107,113
2020,14,2020_14_NO_PHI,NO,PHI,12,5,1,0,20,8,52,5,0,5,3,3,38,28,96,262
2020,14,2020_14_NO_PHI,PHI,NO,13,4,4,2,20,6,27,0,5,3,4,3,30,17,246,167
2020,14,2020_14_NYJ_SEA,NYJ,SEA,12,4,0,0,12,7,50,3,1,1,3,0,26,14,69,116
2020,14,2020_14_NYJ_SEA,SEA,NYJ,11,6,0,0,28,4,35,1,3,2,6,5,32,25,174,236
2020,14,2020_14_PIT_BUF,BUF,PIT,14,7,0,0,21,7,48,1,1,2,6,2,43,24,104,230
2020,14,2020_14_PIT_BUF,PIT,BUF,10,1,0,0,14,3,55,1,1,1,2,2,38,21,47,179
2020,14,2020_14_TEN_JAX,JAX,TEN,14,5,3,1,20,10,80,0,1,4,3,1,54,31,91,263
2020,14,2020_14_TEN_JAX,TEN,JAX,9,3,2,1,24,7,78,1,0,5,5,4,24,19,249,205
2020,14,2020_14_WAS_SF,SF,WAS,15,4,1,0,21,5,35,4,2,1,2,2,46,25,108,238
2020,14,2020_14_WAS_SF,WAS,SF,15,3,0,0,12,5,30,2,4,0,4,0,32,15,98,95
2020,15,2020_15_BUF_DEN,BUF,DEN,13,9,1,0,28,8,75,1,3,9,9,5,40,28,182,352
2020,15,2020_15_BUF_DEN,DEN,BUF,14,6,0,0,19,7,33,3,1,0,3,3,32,20,140,115
2020,15,2020_15_CAR_GB,CAR,GB,12,4,2,1,20,7,66,3,5,3,5,1,35,21,115,249
2020,15,2020_15_CAR_GB,GB,CAR,12,5,0,0,19,5,50,5,3,2,3,3,29,20,195,96
2020,15,2020_15_CHI_MIN,CHI,MIN,12,6,0,0,23,4,36,1,3,3,5,3,21,15,199,198
2020,15,2020_15_CHI_MIN,MIN,CHI,11,4,2,0,25,1,5,3,1,6,5,3,35,24,158,249
2020,15,2020_15_CLE_NYG,CLE,NYG,13,9,1,0,24,6,60,1,1,5,3,3,32,27,106,286
2020,15,2020_15_CLE_NYG,NYG,CLE,11,5,2,0,14,2,25,1,1,4,3,0,32,19,74,214
2020,15,2020_15_DET_TEN,DET,TEN,12,7,1,0,27,3,33,0,1,4,4,3,38,27,123,307
2020,15,2020_15_DET_TEN,TEN,DET,11,9,0,0,28,3,22,1,0,4,7,6,27,21,197,268
2020,15,2020_15_HOU_IND,HOU,IND,15,8,2,1,22,5,24,5,1,5,5,2,41,33,83,342
2020,15,2020_15_HOU_IND,IND,HOU,11,6,1,1,20,4,35,1,5,4,4,3,29,22,127,223
2020,15,2020_15_JAX_BAL,BAL,JAX,12,8,2,1,26,4,40,1,5,4,5,5,26,19,159,250
2020,15,2020_15_JAX_BAL,JAX,BAL,12,5,3,1,17,7,67,5,1,3,3,2,29,22,62,205
2020,15,2020_15_KC_NO,KC,NO,18,9,0,0,33,5,54,4,1,4,5,4,48,26,179,234
2020,15,2020_15_KC_NO,NO,KC,11,1,1,1,14,10,93,1,4,5,5,4,35,15,60,225
2020,15,2020_15_LAC_LV,LAC,LV,12,7,0,0,26,3,20,1,1,4,5,4,32,22,96,306
2020,15,2020_15_LAC_LV,LV,LAC,13,5,4,4,27,5,56,1,1,7,5,3,33,20,173,276
2020,15,2020_15_NE_MIA,MIA,NE,12,7,1,1,26,7,40,2,3,2,4,3,27,20,250,135
2020,15,2020_15_NE_MIA,NE,MIA,9,2,1,0,18,2,20,3,2,4,1,0,27,17,117,186
2020,15,2020_15_NYJ_LA,LA,NYJ,11,2,1,0,16,5,43,3,2,2,3,2,34,22,114,189
2020,15,2020_15_NYJ_LA,NYJ,LA,17,7,1,1,17,6,61,2,3,3,4,2,31,22,93,196
2020,15,2020_15_PHI_ARI,ARI,PHI,10,3,2,1,26,9,83,1,6,8,7,4,37,28,103,423
2020,15,2020_15_PHI_ARI,PHI,ARI,18,6,4,3,26,9,69,6,1,7,5,4,44,24,117,305
2020,15,2020_15_PIT_CIN,CIN,PIT,14,4,0,0,13,2,16,2,1,2,5,3,13,7,152,78
2020,15,2020_15_PIT_CIN,PIT,CIN,16,4,2,1,12,4,30,1,2,4,3,2,38,20,86,158
2020,15,2020_15_SEA_WAS,SEA,WAS,12,5,0,0,16,4,45,0,4,2,3,2,27,18,181,121
2020,15,2020_15_SEA_WAS,WAS,SEA,17,10,1,0,25,6,41,4,0,2,2,2,55,38,84,269
2020,15,2020_15_SF_DAL,DAL,SF,15,6,0,0,15,5,58,2,2,4,5,5,34,20,87,204
2020,15,2020_15_SF_DAL,SF,DAL,15,6,1,1,27,4,39,2,2,6,4,3,43,26,150,308
2020,15,2020_15_TB_ATL,ATL,TB,15,6,2,1,23,2,15,3,3,5,4,3,49,34,37,332
2020,15,2020_15_TB_ATL,TB,ATL,10,4,0,0,27,1,10,3,3,5,6,4,45,31,51,365
2020,16,2020_16_ATL_KC,ATL,KC,12,6,0,0,23,7,45,4,0,4,3,2,35,27,90,277
2020,16,2020_16_ATL_KC,KC,ATL,13,5,2,1,23,6,41,0,4,5,3,2,45,24,117,278
2020,16,2020_16_BUF_NE,BUF,NE,12,5,3,3,31,3,27,0,3,5,6,5,40,30,130,344
2020,16,2020_16_BUF_NE,NE,BUF,12,4,0,0,11,4,25,3,0,4,1,1,21,9,145,56
2020,16,2020_16_CAR_WAS,CAR,WAS,15,6,3,2,18,3,35,4,3,3,4,2,28,19,113,167
2020,16,2020_16_CAR_WAS,WAS,CAR,15,7,3,1,19,5,26,3,4,5,3,1,47,26,108,278
2020,16,2020_16_CHI_JAX,CHI,JAX,12,6,2,2,28,4,40,1,1,6,7,5,36,24,128,263
2020,16,2020_16_CHI_JAX,JAX,CHI,12,5,0,0,14,10,115,1,1,3,3,2,37,24,76,203
2020,16,2020_16_CIN_HOU,CIN,HOU,13,6,2,1,27,5,35,0,1,8,6,4,38,29,169,371
2020,16,2020_16_CIN_HOU,HOU,CIN,9,4,0,0,23,6,46,1,0,8,5,4,33,24,166,322
2020,16,2020_16_CLE_NYJ,CLE,NYJ,15,6,1,0,23,6,51,4,2,3,3,2,53,28,45,254
2020,16,2020_16_CLE_NYJ,NYJ,CLE,18,7,0,0,18,7,58,2,4,3,4,3,33,17,131,202
2020,16,2020_16_DEN_LAC,DEN,LAC,17,7,2,2,23,6,44,2,2,2,4,1,47,24,133,263
2020,16,2020_16_DEN_LAC,LAC,DEN,12,3,1,1,16,6,45,2,2,7,4,1,33,21,89,227
2020,16,2020_16_IND_PIT,IND,PIT,13,5,1,0,21,9,83,5,1,5,4,3,34,21,127,238
2020,16,2020_16_IND_PIT,PIT,IND,11,4,1,0,26,6,49,1,5,4,5,4,49,34,22,332
2020,16,2020_16_LA_SEA,LA,SEA,19,9,2,0,20,5,45,3,5,3,2,0,43,24,118,216
2020,16,2020_16_LA_SEA,SEA,LA,17,8,0,0,15,5,31,5,3,2,3,2,32,20,95,197
2020,16,2020_16_MIA_LV,LV,MIA,10,0,2,1,23,4,40,3,3,5,6,2,34,21,104,314
2020,16,2020_16_MIA_LV,MIA,LV,15,5,2,2,16,5,76,3,3,5,5,2,35,26,130,253
2020,16,2020_16_MIN_NO,MIN,NO,9,3,2,1,25,3,20,2,0,3,5,5,42,27,90,274
2020,16,2020_16_MIN_NO,NO,MIN,9,5,1,1,36,4,38,0,2,7,9,7,28,21,264,319
2020,16,2020_16_NYG_BAL,BAL,NYG,11,8,0,0,25,10,65,0,6,6,6,3,26,17,249,183
2020,16,2020_16_NYG_BAL,NYG,BAL,10,1,3,1,24,5,35,6,0,1,3,1,41,24,54,215
2020,16,2020_16_PHI_DAL,DAL,PHI,13,6,0,0,22,5,73,2,3,6,7,4,30,22,151,362
2020,16,2020_16_PHI_DAL,PHI,DAL,17,7,2,1,24,12,115,3,2,5,5,2,39,21,151,326
2020,16,2020_16_SF_ARI,ARI,SF,16,4,6,4,20,4,20,3,3,3,4,1,51,31,120,230
2020,16,2020_16_SF_ARI,SF,ARI,9,2,0,0,22,4,27,3,3,7,4,3,22,13,227,171
2020,16,2020_16_TB_DET,DET,TB,10,1,1,0,12,11,117,4,2,1,1,0,31,21,73,113
2020,16,2020_16_TB_DET,TB,DET,10,4,2,1,30,8,65,2,4,10,7,7,42,31,111,477
2020,16,2020_16_TEN_GB,GB,TEN,8,4,2,1,27,0,0,1,2,6,7,6,25,21,234,214
2020,16,2020_16_TEN_GB,TEN,GB,11,5,1,0,15,3,15,2,1,1,3,2,26,11,156,104
2020,17,2020_17_ARI_LA,ARI,LA,9,2,0,0,15,5,28,4,2,2,2,1,27,19,48,166
2020,17,2020_17_ARI_LA,LA,ARI,15,6,1,1,21,5,38,2,4,3,6,0,38,22,110,223
2020,17,2020_17_ATL_TB,ATL,TB,14,7,3,2,25,4,48,1,1,2,5,3,44,29,127,258
2020,17,2020_17_ATL_TB,TB,ATL,11,6,0,0,28,3,23,1,1,7,9,5,41,26,94,391
2020,17,2020_17_BAL_CIN,BAL,CIN,17,11,2,1,24,6,49,0,0,6,6,5,19,11,404,121
2020,17,2020_17_BAL_CIN,CIN,BAL,9,1,0,0,10,3,29,0,0,2,2,0,21,6,147,48
2020,17,2020_17_DAL_NYG,DAL,NYG,17,6,1,1,26,6,58,6,2,2,4,1,47,29,108,199
2020,17,2020_17_DAL_NYG,NYG,DAL,7,0,0,0,22,6,45,2,6,4,3,3,25,17,125,211
2020,17,2020_17_GB_CHI,CHI,GB,15,6,6,5,21,1,16,1,1,2,5,1,42,33,108,248
2020,17,2020_17_GB_CHI,GB,CHI,7,4,0,0,17,4,30,1,1,1,5,5,24,19,79,237
2020,17,2020_17_JAX_IND,IND,JAX,10,3,0,0,22,1,15,0,6,6,5,3,28,17,273,166
2020,17,2020_17_JAX_IND,JAX,IND,15,5,2,0,18,3,54,6,0,2,2,2,42,26,53,230
2020,17,2020_17_LAC_KC,KC,LAC,9,6,1,0,18,5,69,1,3,2,3,3,32,23,51,217
2020,17,2020_17_LAC_KC,LAC,KC,7,3,1,0,29,4,23,3,1,6,7,5,32,22,135,283
2020,17,2020_17_LV_DEN,DEN,LV,16,7,1,0,24,4,28,2,3,5,6,3,42,25,122,326
2020,17,2020_17_LV_DEN,LV,DEN,13,5,2,2,22,14,111,3,2,7,5,4,39,24,106,361
2020,17,2020_17_MIA_BUF,BUF,MIA,10,4,0,0,23,3,16,1,1,5,8,6,38,24,78,377
2020,17,2020_17_MIA_BUF,MIA,BUF,14,3,2,1,27,2,20,1,1,6,5,3,60,36,70,384
2020,17,2020_17_MIN_DET,DET,MIN,10,5,1,1,21,7,51,1,3,8,5,5,33,20,129,288
2020,17,2020_17_MIN_DET,MIN,DET,13,4,2,2,30,4,35,3,1,7,8,5,40,28,125,383
2020,17,2020_17_NO_CAR,CAR,NO,9,1,4,2,17,1,5,3,2,6,5,1,37,18,74,246
2020,17,2020_17_NO_CAR,NO,CAR,14,6,1,1,20,4,31,2,3,2,5,4,32,22,156,191
2020,17,2020_17_NYJ_NE,NE,NYJ,12,6,0,0,22,6,47,3,3,3,4,4,31,22,166,238
2020,17,2020_17_NYJ_NE,NYJ,NE,10,3,1,1,21,3,30,3,3,3,3,2,34,23,111,239
2020,17,2020_17_PIT_CLE,CLE,PIT,12,6,2,0,21,4,19,4,1,3,4,3,27,17,192,166
2020,17,2020_17_PIT_CLE,PIT,CLE,17,8,2,2,18,2,15,1,4,5,3,2,45,26,85,309
2020,17,2020_17_SEA_SF,SEA,SF,12,4,1,1,21,4,35,2,3,3,5,3,36,20,121,159
2020,17,2020_17_SEA_SF,SF,SEA,15,6,1,1,17,2,25,3,2,4,4,2,37,25,86,242
2020,17,2020_17_TEN_HOU,HOU,TEN,12,5,1,1,26,6,44,4,2,9,7,4,41,29,96,361
2020,17,2020_17_TEN_HOU,TEN,HOU,10,7,1,0,27,6,50,2,4,6,6,5,27,18,288,204
2020,17,2020_17_WAS_PHI,PHI,WAS,14,5,2,1,16,6,41,3,3,2,3,2,33,13,118,98
2020,17,2020_17_WAS_PHI,WAS,PHI,15,6,0,0,16,5,56,3,3,0,2,2,32,22,103,145
2021,1,2021_01_ARI_TEN,ARI,TEN,13,7,0,0,22,8,59,2,6,6,6,5,32,21,136,280
2021,1,2021_01_ARI_TEN,TEN,ARI,14,5,3,1,17,7,57,6,2,1,2,2,36,22,86,162
2021,1,2021_01_BAL_LV,BAL,LV,12,3,2,1,20,5,71,3,3,6,3,3,30,19,189,217
2021,1,2021_01_BAL_LV,LV,BAL,15,7,1,0,26,10,62,3,3,8,6,3,56,34,82,409
2021,1,2021_01_CHI_LA,CHI,LA,11,5,4,0,23,3,35,3,1,1,3,2,40,29,134,188
2021,1,2021_01_CHI_LA,LA,CHI,11,6,1,1,18,4,36,1,3,3,6,4,26,20,74,312
2021,1,2021_01_CLE_KC,CLE,KC,7,2,4,3,23,5,30,2,2,4,4,4,28,21,155,304
2021,1,2021_01_CLE_KC,KC,CLE,13,9,0,0,21,5,36,2,2,4,6,4,37,27,73,324
2021,1,2021_01_DAL_TB,DAL,TB,17,9,0,0,29,8,55,1,0,5,6,3,58,42,60,391
2021,1,2021_01_DAL_TB,TB,DAL,11,5,0,0,24,10,95,0,1,6,6,4,50,32,52,379
2021,1,2021_01_DEN_NYG,DEN,NYG,15,7,3,3,22,5,51,2,2,4,6,3,36,28,165,255
2021,1,2021_01_DEN_NYG,NYG,DEN,12,6,3,1,19,4,48,2,2,3,4,2,37,22,60,254
2021,1,2021_01_GB_NO,GB,NO,10,1,3,2,14,5,33,2,0,2,2,0,35,20,43,186
2021,1,2021_01_GB_NO,NO,GB,10,5,2,2,22,6,36,0,2,1,5,5,21,15,171,151
2021,1,2021_01_JAX_HOU,HOU,JAX,21,12,0,0,21,5,50,1,1,6,6,4,33,21,160,289
2021,1,2021_01_JAX_HOU,JAX,HOU,11,3,1,1,19,10,82,1,1,5,3,3,51,28,76,319
2021,1,2021_01_LAC_WAS,LAC,WAS,19,14,0,0,27,6,94,2,1,3,7,2,47,31,90,334
2021,1,2021_01_LAC_WAS,WAS,LAC,10,3,1,1,15,8,57,1,2,2,2,1,21,14,126,133
2021,1,2021_01_MIA_NE,MIA,NE,11,4,0,0,16,5,28,2,1,3,2,2,27,16,74,185
2021,1,2021_01_MIA_NE,NE,MIA,16,11,0,0,24,8,84,1,2,5,4,1,39,29,125,268
2021,1,2021_01_MIN_CIN,CIN,MIN,14,3,3,2,20,3,15,5,3,3,4,3,27,20,149,217
2021,1,2021_01_MIN_CIN,MIN,CIN,16,6,2,2,24,12,116,3,5,5,3,3,50,37,67,336
2021,1,2021_01_NYJ_CAR,CAR,NYJ,14,4,1,0,18,6,38,1,6,4,5,2,35,24,111,270
2021,1,2021_01_NYJ_CAR,NYJ,CAR,13,4,2,1,16,5,30,6,1,5,2,2,38,20,47,207
2021,1,2021_01_PHI_ATL,ATL,PHI,14,3,3,1,18,12,99,3,1,0,2,0,35,21,124,136
2021,1,2021_01_PHI_ATL,PHI,ATL,13,6,2,0,23,14,89,1,3,4,5,4,35,27,175,261
2021,1,2021_01_PIT_BUF,BUF,PIT,18,8,3,1,22,8,81,3,2,2,4,1,51,30,117,254
2021,1,2021_01_PIT_BUF,PIT,BUF,12,4,0,0,16,5,32,2,3,4,4,1,32,18,75,177
2021,1,2021_01_SEA_IND,IND,SEA,13,5,3,0,23,2,16,3,3,1,4,2,38,25,113,223
2021,1,2021_01_SEA_IND,SEA,IND,9,4,0,0,18,7,53,3,3,5,4,4,23,18,140,241
2021,1,2021_01_SF_DET,DET,SF,15,4,5,2,31,5,45,3,1,7,4,4,59,38,116,318
2021,1,2021_01_SF_DET,SF,DET,9,3,0,0,20,7,79,1,3,6,5,4,26,18,131,311
2021,2,2021_02_ATL_TB,ATL,TB,15,6,4,1,18,6,49,1,3,5,5,3,48,35,57,293
2021,2,2021_02_ATL_TB,TB,ATL,12,4,2,1,21,9,83,3,1,6,8,5,36,24,82,259
2021,2,2021_02_BUF_MIA,BUF,MIA,13,7,1,1,20,6,53,1,6,4,5,5,33,17,143,171
2021,2,2021_02_BUF_MIA,MIA,BUF,18,8,4,0,13,9,83,6,1,0,3,0,44,25,71,145
2021,2,2021_02_CIN_CHI,CHI,CIN,15,6,1,0,16,8,70,3,5,1,4,1,24,15,123,83
2021,2,2021_02_CIN_CHI,CIN,CHI,13,6,1,0,14,4,57,5,3,2,2,2,30,19,69,179
2021,2,2021_02_DAL_LAC,DAL,LAC,10,6,1,0,25,8,76,2,2,4,3,2,27,23,198,221
2021,2,2021_02_DAL_LAC,LAC,DAL,12,5,1,1,23,12,99,2,2,6,4,1,41,31,97,313
2021,2,2021_02_DEN_JAX,DEN,JAX,11,2,2,2,22,10,101,3,1,3,4,2,34,26,96,302
2021,2,2021_02_DEN_JAX,JAX,DEN,11,4,1,1,12,7,70,1,3,2,2,2,34,14,75,114
2021,2,2021_02_DET_GB,DET,GB,9,4,2,0,19,9,78,1,3,4,2,2,36,26,108,236
2021,2,2021_02_DET_GB,GB,DET,9,5,0,0,25,5,50,3,1,3,5,5,27,22,96,227
2021,2,2021_02_HOU_CLE,CLE,HOU,9,4,0,0,22,5,62,2,1,4,5,4,21,19,156,199
2021,2,2021_02_HOU_CLE,HOU,CLE,14,8,0,0,16,9,78,1,2,4,3,3,29,18,82,220
2021,2,2021_02_KC_BAL,BAL,KC,11,6,1,1,31,8,55,1,0,8,5,5,28,18,251,230
2021,2,2021_02_KC_BAL,KC,BAL,6,1,0,0,22,5,46,0,1,5,5,4,31,24,62,343
2021,2,2021_02_LA_IND,IND,LA,11,5,1,0,22,2,10,3,1,3,5,1,37,22,109,247
2021,2,2021_02_LA_IND,LA,IND,9,3,1,0,21,2,15,1,3,3,5,3,30,19,101,270
2021,2,2021_02_LV_PIT,LV,PIT,13,5,1,1,22,5,40,2,2,5,4,2,37,28,52,373
2021,2,2021_02_LV_PIT,PIT,LV,12,5,1,0,16,5,43,2,2,3,2,2,40,27,39,292
2021,2,2021_02_MIN_ARI,ARI,MIN,9,3,1,1,21,5,40,3,1,5,5,4,36,29,103,371
2021,2,2021_02_MIN_ARI,MIN,ARI,10,2,0,0,22,3,16,1,3,2,5,3,32,22,177,242
2021,2,2021_02_NE_NYJ,NE,NYJ,12,3,0,0,16,6,54,3,4,4,4,2,30,22,101,159
2021,2,2021_02_NE_NYJ,NYJ,NE,13,5,3,1,18,8,77,4,3,3,2,0,33,19,152,184
2021,2,2021_02_NO_CAR,CAR,NO,15,8,0,0,26,5,49,2,4,3,4,3,38,26,89,294
2021,2,2021_02_NO_CAR,NO,CAR,11,2,2,0,6,11,115,4,2,2,1,1,22,11,48,80
2021,2,2021_02_NYG_WAS,NYG,WAS,12,4,0,0,21,11,81,4,1,5,4,2,32,22,163,228
2021,2,2021_02_NYG_WAS,WAS,NYG,13,4,2,2,25,9,80,1,4,3,4,3,46,34,87,320
2021,2,2021_02_SF_PHI,PHI,SF,12,5,1,0,17,8,57,2,0,3,2,1,24,12,153,177
2021,2,2021_02_SF_PHI,SF,PHI,14,6,1,1,22,5,60,0,2,2,2,2,30,22,117,189
2021,2,2021_02_TEN_SEA,SEA,TEN,12,4,0,0,17,10,100,3,3,5,5,4,31,22,77,320
2021,2,2021_02_TEN_SEA,TEN,SEA,14,6,1,0,32,5,45,3,3,3,7,3,40,27,212,320
2021,3,2021_03_ARI_JAX,ARI,JAX,9,1,2,2,23,7,58,0,3,4,5,3,34,28,91,316
2021,3,2021_03_ARI_JAX,JAX,ARI,11,2,1,1,20,4,40,3,0,3,5,2,34,22,159,202
2021,3,2021_03_ATL_NYG,ATL,NYG,13,5,0,0,17,4,28,3,2,4,2,2,36,27,69,227
2021,3,2021_03_ATL_NYG,NYG,ATL,14,7,0,0,21,8,53,2,3,1,3,1,35,24,102,246
2021,3,2021_03_BAL_DET,BAL,DET,10,1,1,1,15,6,69,4,2,7,2,1,31,16,116,271
2021,3,2021_03_BAL_DET,DET,BAL,10,3,0,0,22,7,35,2,4,2,3,2,31,22,93,192
2021,3,2021_03_CAR_HOU,CAR,HOU,11,5,1,0,28,8,64,3,4,6,5,3,34,23,117,290
2021,3,2021_03_CAR_HOU,HOU,CAR,9,1,1,0,14,7,51,4,3,1,1,1,28,19,42,151
2021,3,2021_03_CHI_CLE,CHI,CLE,11,1,1,0,6,5,44,9,5,0,1,0,20,6,46,1
2021,3,2021_03_CHI_CLE,CLE,CHI,17,8,3,1,25,7,98,5,9,4,6,2,31,19,215,203
2021,3,2021_03_CIN_PIT,CIN,PIT,9,3,0,0,12,10,89,0,4,2,4,3,18,14,96,172
2021,3,2021_03_CIN_PIT,PIT,CIN,19,9,2,0,20,10,73,4,0,4,3,1,58,38,45,297
2021,3,2021_03_GB_SF,GB,SF,11,5,1,0,21,7,87,1,4,3,6,3,33,23,100,253
2021,3,2021_03_GB_SF,SF,GB,11,7,0,0,26,4,86,4,1,1,4,4,40,25,67,231
2021,3,2021_03_IND_TEN,IND,TEN,12,3,2,2,19,4,66,2,1,3,3,1,37,19,87,178
2021,3,2021_03_IND_TEN,TEN,IND,12,6,1,1,24,4,24,1,2,3,5,3,27,18,182,188
2021,3,2021_03_LAC_KC,KC,LAC,10,6,0,0,32,6,56,2,1,3,4,3,44,27,186,251
2021,3,2021_03_LAC_KC,LAC,KC,11,4,1,1,21,8,50,1,2,4,5,4,39,26,77,277
2021,3,2021_03_MIA_LV,LV,MIA,15,8,1,0,26,8,104,3,2,10,6,3,43,26,140,357
2021,3,2021_03_MIA_LV,MIA,LV,18,6,4,3,22,8,68,2,3,2,3,2,50,32,133,199
2021,3,2021_03_NO_NE,NE,NO,19,7,3,2,16,4,30,2,3,3,2,1,51,30,49,251
2021,3,2021_03_NO_NE,NO,NE,13,6,0,0,19,2,15,3,2,0,5,3,21,13,142,110
2021,3,2021_03_NYJ_DEN,DEN,NYJ,11,4,0,0,21,6,50,2,5,5,5,2,25,19,120,223
2021,3,2021_03_NYJ_DEN,NYJ,DEN,13,4,2,0,11,9,90,5,2,2,1,0,35,19,43,119
2021,3,2021_03_PHI_DAL,DAL,PHI,12,6,2,1,25,4,37,4,2,2,7,5,26,21,160,220
2021,3,2021_03_PHI_DAL,PHI,DAL,12,4,2,0,12,13,86,2,4,6,3,2,39,25,64,303
2021,3,2021_03_SEA_MIN,MIN,SEA,14,9,0,0,28,4,40,1,2,6,6,3,38,30,140,313
2021,3,2021_03_SEA_MIN,SEA,MIN,8,3,1,0,21,4,35,2,1,5,2,2,32,23,106,283
2021,3,2021_03_TB_LA,LA,TB,15,10,0,0,22,1,4,1,3,6,5,4,38,27,76,331
2021,3,2021_03_TB_LA,TB,LA,13,6,2,1,27,7,41,3,1,6,4,3,55,41,35,411
2021,3,2021_03_WAS_BUF,BUF,WAS,15,9,1,0,29,5,30,0,1,5,7,5,45,33,122,359
2021,3,2021_03_WAS_BUF,WAS,BUF,11,2,2,1,13,5,38,1,0,2,3,3,24,14,78,212
2021,4,2021_04_ARI_LA,ARI,LA,13,8,0,0,27,7,63,3,0,4,6,4,32,24,216,249
2021,4,2021_04_ARI_LA,LA,ARI,11,6,1,0,24,5,36,0,3,3,4,2,41,26,121,280
2021,4,2021_04_BAL_DEN,BAL,DEN,17,7,0,0,20,6,55,3,5,5,4,2,37,22,102,304
2021,4,2021_04_BAL_DEN,DEN,BAL,14,3,0,0,15,4,25,5,3,2,2,1,37,19,106,148
2021,4,2021_04_CAR_DAL,CAR,DAL,13,4,3,3,24,6,32,5,0,3,4,4,39,26,113,266
2021,4,2021_04_CAR_DAL,DAL,CAR,9,3,1,1,24,7,50,0,5,5,6,5,24,14,245,188
2021,4,2021_04_CLE_MIN,CLE,MIN,18,7,1,0,20,7,73,3,2,3,2,1,34,15,184,145
2021,4,2021_04_CLE_MIN,MIN,CLE,16,5,3,1,16,7,42,2,3,4,1,1,38,20,65,190
2021,4,2021_04_DET_CHI,CHI,DET,8,1,1,1,20,7,61,1,4,7,4,3,17,11,188,185
2021,4,2021_04_DET_CHI,DET,CHI,11,4,3,1,23,4,26,4,1,6,6,2,38,24,90,261
2021,4,2021_04_HOU_BUF,BUF,HOU,12,5,2,1,25,3,30,1,3,5,8,4,31,21,199,251
2021,4,2021_04_HOU_BUF,HOU,BUF,9,1,2,1,6,10,100,3,1,0,1,0,21,11,48,61
2021,4,2021_04_IND_MIA,IND,MIA,15,6,1,1,20,8,86,2,3,6,5,3,32,24,139,210
2021,4,2021_04_IND_MIA,MIA,IND,11,3,2,2,13,5,32,3,2,4,3,2,30,20,35,168
2021,4,2021_04_JAX_CIN,CIN,JAX,9,5,0,0,21,6,38,1,1,7,4,3,32,25,78,342
2021,4,2021_04_JAX_CIN,JAX,CIN,12,6,2,1,21,2,10,1,1,4,4,3,24,17,139,202
2021,4,2021_04_KC_PHI,KC,PHI,10,9,0,0,31,7,46,1,3,4,6,6,30,24,200,271
2021,4,2021_04_KC_PHI,PHI,KC,12,6,2,1,30,9,49,3,1,4,6,3,48,32,103,358
2021,4,2021_04_LV_LAC,LAC,LV,13,4,3,2,25,7,105,2,4,4,5,4,39,25,168,212
2021,4,2021_04_LV_LAC,LV,LAC,13,4,3,1,12,7,58,4,2,2,2,2,34,21,48,165
2021,4,2021_04_NYG_NO,NO,NYG,13,8,1,0,21,5,35,0,0,2,3,3,26,19,170,235
2021,4,2021_04_NYG_NO,NYG,NO,11,4,0,0,21,3,25,0,0,8,5,3,40,28,85,402
2021,4,2021_04_PIT_GB,GB,PIT,15,9,1,0,22,3,25,3,2,6,5,3,36,20,131,236
2021,4,2021_04_PIT_GB,PIT,GB,11,4,2,0,17,5,34,2,3,2,2,2,40,26,62,220
2021,4,2021_04_SEA_SF,SEA,SF,10,2,0,0,14,5,27,3,2,2,4,4,23,16,105,129
2021,4,2021_04_SEA_SF,SF,SEA,14,2,4,3,23,8,78,2,3,3,3,3,41,23,145,314
2021,4,2021_04_TB_NE,NE,TB,9,2,0,0,20,8,77,4,1,3,3,2,42,33,-1,295
2021,4,2021_04_TB_NE,TB,NE,19,9,0,0,22,7,74,1,4,6,4,1,43,22,120,261
2021,4,2021_04_TEN_NYJ,NYJ,TEN,14,6,0,0,16,6,65,1,7,5,5,3,34,21,66,289
2021,4,2021_04_TEN_NYJ,TEN,NYJ,19,5,3,2,30,8,98,7,1,4,6,2,50,30,177,255
2021,4,2021_04_WAS_ATL,ATL,WAS,16,10,0,0,24,7,36,1,1,2,5,4,43,25,99,275
2021,4,2021_04_WAS_ATL,WAS,ATL,9,4,2,1,25,6,85,1,1,7,6,5,34,23,122,290
2021,5,2021_05_BUF_KC,BUF,KC,11,5,0,0,20,10,103,0,2,7,6,4,26,15,121,315
2021,5,2021_05_BUF_KC,KC,BUF,12,5,1,0,29,7,55,2,0,2,5,2,54,33,120,272
2021,5,2021_05_CHI_LV,CHI,LV,13,6,0,0,19,8,70,2,3,0,2,2,21,13,143,109
2021,5,2021_05_CHI_LV,LV,CHI,14,5,3,1,16,10,82,3,2,2,2,1,36,22,71,188
2021,5,2021_05_CLE_LAC,CLE,LAC,12,4,3,1,24,7,77,1,2,7,8,5,33,23,230,303
2021,5,2021_05_CLE_LAC,LAC,CLE,13,6,3,3,26,6,49,2,1,7,7,7,44,26,112,383
2021,5,2021_05_DEN_PIT,DEN,PIT,12,2,4,3,17,7,67,2,1,5,4,2,39,24,106,268
2021,5,2021_05_DEN_PIT,PIT,DEN,12,7,0,0,19,8,59,1,2,5,3,3,25,15,147,244
2021,5,2021_05_DET_MIN,DET,MIN,11,3,1,0,22,3,30,4,2,2,1,1,36,21,108,182
2021,5,2021_05_DET_MIN,MIN,DET,13,5,0,0,18,7,74,2,4,4,3,1,34,25,120,264
2021,5,2021_05_GB_CIN,CIN,GB,14,5,2,2,18,2,21,3,2,3,3,3,39,26,103,266
2021,5,2021_05_GB_CIN,GB,CIN,11,4,0,0,21,2,10,2,3,8,5,2,39,27,133,333
2021,5,2021_05_IND_BAL,BAL,IND,8,3,0,0,30,8,74,2,2,5,6,4,45,37,86,441
2021,5,2021_05_IND_BAL,IND,BAL,10,5,1,1,29,5,45,2,2,8,6,3,36,25,123,390
2021,5,2021_05_LA_SEA,LA,SEA,10,2,1,1,24,5,85,1,2,8,5,3,37,25,118,358
2021,5,2021_05_LA_SEA,SEA,LA,10,4,1,0,22,3,20,2,1,6,4,2,33,21,92,262
2021,5,2021_05_MIA_TB,MIA,TB,7,2,0,0,17,5,37,3,2,6,3,2,39,27,39,262
2021,5,2021_05_MIA_TB,TB,MIA,11,8,0,0,33,6,47,2,3,5,8,6,44,33,121,437
2021,5,2021_05_NE_HOU,HOU,NE,14,6,3,3,14,8,70,3,1,4,4,3,29,21,67,293
2021,5,2021_05_NE_HOU,NE,HOU,11,6,0,0,20,5,27,1,3,5,5,2,30,23,126,226
2021,5,2021_05_NO_WAS,NO,WAS,11,4,1,1,18,6,45,2,2,5,5,5,30,15,98,271
2021,5,2021_05_NO_WAS,WAS,NO,16,5,3,1,26,5,37,2,2,4,5,2,42,20,131,242
2021,5,2021_05_NYG_DAL,DAL,NYG,14,8,2,1,26,8,58,2,0,6,9,4,33,23,201,314
2021,5,2021_05_NYG_DAL,NYG,DAL,13,4,3,2,20,5,48,0,2,4,3,2,39,21,73,294
2021,5,2021_05_NYJ_ATL,ATL,NYJ,14,9,1,1,27,4,66,0,2,3,4,3,46,33,108,342
2021,5,2021_05_NYJ_ATL,NYJ,ATL,10,5,0,0,17,7,58,2,0,3,4,2,33,19,64,168
2021,5,2021_05_PHI_CAR,CAR,PHI,15,5,0,0,17,9,69,3,2,3,3,1,37,21,109,158
2021,5,2021_05_PHI_CAR,PHI,CAR,13,4,1,0,15,6,60,2,3,2,4,2,38,22,91,184
2021,5,2021_05_SF_ARI,ARI,SF,10,3,0,0,20,6,62,2,2,4,3,2,31,22,94,210
2021,5,2021_05_SF_ARI,SF,ARI,11,3,5,1,17,7,60,2,2,3,2,1,29,15,152,186
2021,5,2021_05_TEN_JAX,JAX,TEN,10,3,3,1,24,4,33,2,3,4,5,3,34,23,198,256
2021,5,2021_05_TEN_JAX,TEN,JAX,11,5,1,1,23,7,44,3,2,5,6,4,22,14,184,184
2021,6,2021_06_ARI_CLE,ARI,CLE,15,8,1,1,24,5,45,2,5,5,8,4,30,20,144,208
2021,6,2021_06_ARI_CLE,CLE,ARI,10,3,4,1,15,9,88,5,2,4,4,2,31,20,73,217
2021,6,2021_06_BUF_TEN,BUF,TEN,13,7,1,0,28,8,60,3,0,4,6,3,48,35,82,337
2021,6,2021_06_BUF_TEN,TEN,BUF,10,4,1,1,16,7,91,0,3,4,5,4,29,18,146,216
2021,6,2021_06_CIN_DET,CIN,DET,15,8,2,2,20,4,31,2,1,5,5,4,30,20,142,256
2021,6,2021_06_CIN_DET,DET,CIN,14,5,2,1,15,9,77,1,2,1,2,1,43,28,36,194
2021,6,2021_06_DAL_NE,DAL,NE,13,3,4,2,32,12,115,0,2,8,6,2,52,36,122,445
2021,6,2021_06_DAL_NE,NE,DAL,9,3,0,0,17,5,47,2,0,6,4,4,22,15,120,217
2021,6,2021_06_GB_CHI,CHI,GB,11,4,2,1,21,7,54,4,3,4,2,2,27,16,140,137
2021,6,2021_06_GB_CHI,GB,CHI,8,2,1,1,22,3,51,3,4,4,4,3,23,17,154,169
2021,6,2021_06_HOU_IND,HOU,IND,17,9,2,1,19,4,25,2,2,3,1,0,43,29,124,229
2021,6,2021_06_HOU_IND,IND,HOU,10,3,1,1,15,2,10,2,2,4,4,4,20,11,174,214
2021,6,2021_06_KC_WAS,KC,WAS,17,11,2,1,29,5,47,3,0,6,7,4,47,32,109,390
2021,6,2021_06_KC_WAS,WAS,KC,14,7,0,0,15,6,44,0,3,1,2,1,39,24,94,182
2021,6,2021_06_LAC_BAL,BAL,LAC,11,6,0,0,26,2,15,3,2,3,5,4,27,19,187,140
2021,6,2021_06_LAC_BAL,LAC,BAL,12,3,4,1,14,4,35,2,3,2,2,1,39,22,26,182
2021,6,2021_06_LA_NYG,LA,NYG,11,2,2,2,22,7,50,2,4,4,6,5,30,22,131,234
2021,6,2021_06_LA_NYG,NYG,LA,15,4,4,2,21,5,27,4,2,0,2,1,52,29,60,203
2021,6,2021_06_LV_DEN,DEN,LV,14,5,3,1,25,6,53,5,2,4,4,3,49,35,112,309
2021,6,2021_06_LV_DEN,LV,DEN,11,4,0,0,16,6,54,2,5,7,5,4,27,18,86,340
2021,6,2021_06_MIA_JAX,JAX,MIA,12,3,3,2,21,8,54,2,0,7,3,2,41,25,84,312
2021,6,2021_06_MIA_JAX,MIA,JAX,17,9,2,1,22,7,55,0,2,7,4,2,48,34,77,354
2021,6,2021_06_MIN_CAR,CAR,MIN,12,2,2,2,20,6,28,4,0,4,4,2,42,17,118,190
2021,6,2021_06_MIN_CAR,MIN,CAR,16,7,0,0,26,11,98,0,4,9,6,3,49,33,198,373
2021,6,2021_06_SEA_PIT,PIT,SEA,14,5,0,0,22,5,38,1,5,2,4,2,40,29,119,226
2021,6,2021_06_SEA_PIT,SEA,PIT,12,3,0,0,18,6,45,5,1,5,3,2,32,23,144,165
2021,6,2021_06_TB_PHI,PHI,TB,10,3,1,1,16,4,41,2,0,4,3,3,27,12,100,115
2021,6,2021_06_TB_PHI,TB,PHI,13,7,1,0,27,7,120,0,2,4,5,4,42,34,102,297
2021,7,2021_07_ATL_MIA,ATL,MIA,13,6,0,0,21,3,29,1,1,6,6,3,40,25,72,325
2021,7,2021_07_ATL_MIA,MIA,ATL,11,7,0,0,27,6,44,1,1,1,5,4,40,32,132,281
2021,7,2021_07_CAR_NYG,CAR,NYG,15,2,4,2,11,7,37,6,2,1,1,0,39,19,56,117
2021,7,2021_07_CAR_NYG,NYG,CAR,16,7,1,0,21,8,60,2,6,1,4,2,34,24,103,199
2021,7,2021_07_CHI_TB,CHI,TB,11,2,1,0,17,4,32,4,0,4,2,0,32,22,143,168
2021,7,2021_07_CHI_TB,TB,CHI,12,4,2,1,28,1,10,0,4,3,7,5,39,22,182,226
2021,7,2021_07_CIN_BAL,BAL,CIN,16,5,4,1,20,5,46,5,1,6,2,2,42,20,115,278
2021,7,2021_07_CIN_BAL,CIN,BAL,13,4,2,1,19,1,5,1,5,10,7,5,38,23,111,409
2021,7,2021_07_DEN_CLE,CLE,DEN,15,9,1,1,23,9,60,1,2,3,4,2,33,21,182,194
2021,7,2021_07_DEN_CLE,DEN,CLE,11,5,1,1,15,2,15,2,1,1,2,2,33,23,41,182
2021,7,2021_07_DET_LA,DET,LA,15,6,3,2,19,8,77,2,1,5,6,1,37,23,137,278
2021,7,2021_07_DET_LA,LA,DET,13,9,1,0,22,4,35,1,2,5,4,3,42,28,47,329
2021,7,2021_07_HOU_ARI,ARI,HOU,12,6,1,1,24,7,54,4,2,2,5,4,28,20,172,225
2021,7,2021_07_HOU_ARI,HOU,ARI,13,2,2,0,8,8,80,2,4,1,1,0,32,23,42,118
2021,7,2021_07_IND_SF,IND,SF,14,6,1,1,17,6,45,1,2,3,6,4,27,17,148,147
2021,7,2021_07_IND_SF,SF,IND,11,1,0,0,13,7,122,2,1,4,3,2,28,16,111,169
2021,7,2021_07_KC_TEN,KC,TEN,11,4,3,2,22,9,77,4,1,3,3,0,51,31,77,257
2021,7,2021_07_KC_TEN,TEN,KC,12,8,0,0,24,6,31,1,4,5,5,3,28,22,103,266
2021,7,2021_07_NO_SEA,NO,SEA,13,2,2,2,21,7,90,2,5,2,4,1,35,19,94,210
2021,7,2021_07_NO_SEA,SEA,NO,12,3,1,0,13,6,53,5,2,2,1,1,22,12,90,129
2021,7,2021_07_NYJ_NE,NE,NYJ,12,7,1,1,31,6,95,1,2,12,7,7,41,28,148,403
2021,7,2021_07_NYJ_NE,NYJ,NE,13,7,2,0,18,5,29,2,1,3,2,2,42,26,62,237
2021,7,2021_07_PHI_LV,LV,PHI,9,3,1,1,23,7,65,0,2,5,6,4,34,31,119,323
2021,7,2021_07_PHI_LV,PHI,LV,13,6,3,2,22,4,37,2,0,6,4,3,35,18,135,225
2021,7,2021_07_WAS_GB,GB,WAS,12,6,1,1,19,4,36,3,4,3,5,3,35,27,57,247
2021,7,2021_07_WAS_GB,WAS,GB,11,4,4,1,25,4,50,4,3,4,5,1,37,25,195,235
2021,8,2021_08_CAR_ATL,ATL,CAR,10,3,1,1,17,3,15,3,0,0,1,1,27,20,82,131
2021,8,2021_08_CAR_ATL,CAR,ATL,17,10,0,0,20,8,76,0,3,3,3,1,25,13,203,129
2021,8,2021_08_CIN_NYJ,CIN,NYJ,10,4,1,0,18,5,51,3,2,5,6,4,35,22,41,277
2021,8,2021_08_CIN_NYJ,NYJ,CIN,11,6,0,0,32,8,46,2,3,4,6,4,51,39,97,416
2021,8,2021_08_DAL_MIN,DAL,MIN,14,7,0,0,23,11,96,3,1,5,4,2,41,25,78,341
2021,8,2021_08_DAL_MIN,MIN,DAL,13,1,2,1,17,7,57,1,3,3,2,1,36,23,101,177
2021,8,2021_08_GB_ARI,ARI,GB,10,4,2,2,22,7,59,2,1,5,4,3,33,22,74,260
2021,8,2021_08_GB_ARI,GB,ARI,14,6,4,2,24,7,60,1,2,1,5,3,37,22,151,184
2021,8,2021_08_JAX_SEA,JAX,SEA,14,5,4,1,20,12,93,1,3,0,2,1,54,32,82,227
2021,8,2021_08_JAX_SEA,SEA,JAX,10,3,1,1,16,5,40,3,1,3,5,4,24,20,69,160
2021,8,2021_08_LA_HOU,HOU,LA,12,4,0,0,18,6,38,5,1,5,3,3,39,29,46,279
2021,8,2021_08_LA_HOU,LA,HOU,11,4,1,0,26,3,20,1,5,4,7,5,34,22,165,302
2021,8,2021_08_MIA_BUF,BUF,MIA,13,6,1,0,24,9,80,0,2,3,4,3,43,29,102,249
2021,8,2021_08_MIA_BUF,MIA,BUF,14,4,1,1,16,9,58,2,0,3,3,1,40,21,68,196
2021,8,2021_08_NE_LAC,LAC,NE,12,4,1,1,17,5,40,3,1,4,3,3,35,18,163,206
2021,8,2021_08_NE_LAC,NE,LAC,19,9,1,0,20,4,30,1,3,2,5,1,36,18,142,212
2021,8,2021_08_NYG_KC,KC,NYG,12,5,0,0,29,12,103,2,3,1,6,2,48,29,107,261
2021,8,2021_08_NYG_KC,NYG,KC,12,4,2,1,17,10,88,3,2,3,3,2,33,23,72,228
2021,8,2021_08_PHI_DET,DET,PHI,14,5,5,2,15,8,50,6,0,1,1,1,35,25,57,171
2021,8,2021_08_PHI_DET,PHI,DET,10,5,0,0,27,2,15,0,6,2,6,4,16,11,236,114
2021,8,2021_08_PIT_CLE,CLE,PIT,10,3,2,0,18,5,30,4,2,3,2,1,31,20,96,210
2021,8,2021_08_PIT_CLE,PIT,CLE,13,4,4,2,21,8,65,2,4,4,5,2,37,22,115,255
2021,8,2021_08_SF_CHI,CHI,SF,15,8,1,1,22,4,30,4,0,4,4,2,27,19,176,148
2021,8,2021_08_SF_CHI,SF,CHI,10,4,1,1,21,7,55,0,4,8,5,3,29,17,145,324
2021,8,2021_08_TB_NO,NO,TB,14,5,3,2,26,2,10,1,3,3,8,3,39,22,152,209
2021,8,2021_08_TB_NO,TB,NO,13,8,1,0,16,11,99,3,1,7,4,4,41,28,71,350
2021,8,2021_08_TEN_IND,IND,TEN,16,7,3,2,24,9,75,1,3,2,5,4,51,27,83,224
2021,8,2021_08_TEN_IND,TEN,IND,17,8,2,2,18,11,161,3,1,1,4,3,34,23,93,247
2021,8,2021_08_WAS_DEN,DEN,WAS,13,7,0,0,17,4,35,4,5,2,2,2,26,19,83,190
2021,8,2021_08_WAS_DEN,WAS,DEN,14,5,5,1,21,4,29,5,4,5,4,1,39,24,112,230
2021,9,2021_09_ARI_SF,ARI,SF,15,7,2,1,22,9,84,2,5,7,5,4,27,23,163,274
2021,9,2021_09_ARI_SF,SF,ARI,10,4,0,0,21,2,25,5,2,3,3,2,40,28,39,298
2021,9,2021_09_ATL_NO,ATL,NO,13,5,1,0,17,6,76,2,1,5,5,3,30,23,34,332
2021,9,2021_09_ATL_NO,NO,ATL,10,3,1,0,26,10,74,1,2,3,4,3,44,27,109,267
2021,9,2021_09_BUF_JAX,BUF,JAX,15,6,1,0,17,12,118,4,2,3,1,0,47,31,72,229
2021,9,2021_09_BUF_JAX,JAX,BUF,13,2,2,2,15,8,54,2,4,2,3,0,28,17,79,139
2021,9,2021_09_CHI_PIT,CHI,PIT,12,4,0,0,20,12,115,3,4,7,5,2,29,17,136,278
2021,9,2021_09_CHI_PIT,PIT,CHI,17,6,2,2,20,5,30,4,3,3,3,3,30,21,105,175
2021,9,2021_09_CLE_CIN,CIN,CLE,11,3,2,0,24,4,31,5,2,2,4,3,42,29,85,263
2021,9,2021_09_CLE_CIN,CLE,CIN,9,3,0,0,14,10,84,2,5,7,7,4,21,14,153,208
2021,9,2021_09_DEN_DAL,DAL,DEN,13,5,4,0,14,5,38,2,4,5,3,2,39,19,82,212
2021,9,2021_09_DEN_DAL,DEN,DAL,15,8,0,0,23,5,37,4,2,6,4,3,29,19,190,219
2021,9,2021_09_GB_KC,GB,KC,12,2,3,2,19,4,19,1,1,3,2,1,34,19,122,179
2021,9,2021_09_GB_KC,KC,GB,14,5,2,1,14,6,33,1,1,2,2,1,37,20,77,160
2021,9,2021_09_HOU_MIA,HOU,MIA,17,6,1,1,14,8,60,5,4,2,4,0,44,24,73,199
2021,9,2021_09_HOU_MIA,MIA,HOU,16,9,0,0,22,2,13,4,5,1,2,2,43,26,47,215
2021,9,2021_09_LAC_PHI,LAC,PHI,10,5,4,2,27,4,30,0,1,3,6,3,39,32,89,358
2021,9,2021_09_LAC_PHI,PHI,LAC,12,8,0,0,20,3,25,1,0,4,4,3,17,11,176,155
2021,9,2021_09_LV_NYG,LV,NYG,12,4,1,1,24,6,65,1,3,6,6,1,46,30,117,286
2021,9,2021_09_LV_NYG,NYG,LV,12,6,0,0,16,4,35,3,1,2,5,1,20,15,149,98
2021,9,2021_09_MIN_BAL,BAL,MIN,15,6,3,3,35,8,61,3,0,4,6,4,41,27,247,253
2021,9,2021_09_MIN_BAL,MIN,BAL,14,5,2,2,13,8,107,0,3,5,5,4,28,17,131,187
2021,9,2021_09_NE_CAR,CAR,NE,11,3,1,0,13,10,83,1,2,2,3,1,33,16,78,162
2021,9,2021_09_NE_CAR,NE,CAR,14,6,1,1,17,6,35,2,1,2,4,2,18,12,151,122
2021,9,2021_09_NYJ_IND,IND,NYJ,10,5,2,1,27,2,22,1,2,8,7,6,30,22,260,272
2021,9,2021_09_NYJ_IND,NYJ,IND,14,8,1,1,30,7,43,2,1,4,6,4,52,34,88,398
2021,9,2021_09_TEN_LA,LA,TEN,15,4,3,2,22,12,115,5,3,3,3,1,48,31,94,253
2021,9,2021_09_TEN_LA,TEN,LA,12,4,2,2,16,4,19,3,5,0,4,3,27,19,69,125
2021,10,2021_10_ATL_DAL,ATL,DAL,11,1,2,0,11,6,41,2,0,1,1,0,27,10,103,111
2021,10,2021_10_ATL_DAL,DAL,ATL,14,6,3,3,22,8,80,0,2,4,6,5,35,28,116,317
2021,10,2021_10_BAL_MIA,BAL,MIA,14,2,0,0,22,4,20,4,4,2,2,1,43,26,94,210
2021,10,2021_10_BAL_MIA,MIA,BAL,13,3,0,0,17,11,97,4,4,5,5,1,37,19,60,290
2021,10,2021_10_BUF_NYJ,BUF,NYJ,7,4,0,0,26,7,50,2,1,7,7,6,28,21,139,350
2021,10,2021_10_BUF_NYJ,NYJ,BUF,13,3,2,1,22,9,69,1,2,4,2,2,47,27,70,296
2021,10,2021_10_CAR_ARI,ARI,CAR,13,4,3,0,10,4,58,4,0,2,2,1,29,17,65,104
2021,10,2021_10_CAR_ARI,CAR,ARI,15,7,0,0,24,9,115,0,4,0,4,3,34,25,166,177
2021,10,2021_10_CLE_NE,CLE,NE,11,1,4,2,17,6,42,5,2,1,2,1,33,19,99,118
2021,10,2021_10_CLE_NE,NE,CLE,9,7,0,0,30,6,46,2,5,6,7,6,26,22,184,268
2021,10,2021_10_DET_PIT,DET,PIT,18,4,2,2,17,8,84,4,0,5,3,2,25,14,229,77
2021,10,2021_10_DET_PIT,PIT,DET,17,7,0,0,22,7,59,0,4,3,3,1,50,30,145,242
2021,10,2021_10_JAX_IND,IND,JAX,15,4,0,0,15,7,47,1,3,3,5,1,34,22,127,168
2021,10,2021_10_JAX_IND,JAX,IND,15,5,0,0,14,8,79,3,1,3,2,2,36,16,179,154
2021,10,2021_10_KC_LV,KC,LV,15,9,3,3,29,4,34,0,2,7,6,5,51,36,94,422
2021,10,2021_10_KC_LV,LV,KC,9,1,2,1,15,9,68,2,0,5,3,2,35,25,50,249
2021,10,2021_10_LA_SF,LA,SF,10,3,2,0,16,5,35,2,1,3,4,1,42,27,52,226
2021,10,2021_10_LA_SF,SF,LA,14,8,2,1,20,9,53,1,2,3,4,3,19,15,156,179
2021,10,2021_10_MIN_LAC,LAC,MIN,12,5,0,0,20,7,52,2,2,2,3,2,34,20,82,171
2021,10,2021_10_MIN_LAC,MIN,LAC,14,5,2,2,24,10,118,2,2,5,4,3,37,25,103,278
2021,10,2021_10_NO_TEN,NO,TEN,12,5,0,0,21,9,65,4,2,6,4,3,37,21,86,287
2021,10,2021_10_NO_TEN,TEN,NO,12,3,0,0,17,8,49,2,4,2,5,2,27,19,66,198
2021,10,2021_10_PHI_DEN,DEN,PHI,11,1,2,0,16,4,29,1,2,3,5,1,36,22,96,212
2021,10,2021_10_PHI_DEN,PHI,DEN,13,6,0,0,22,7,89,2,1,6,5,2,23,16,216,170
2021,10,2021_10_SEA_GB,GB,SEA,14,7,1,0,22,3,43,1,3,5,5,2,37,23,106,287
2021,10,2021_10_SEA_GB,SEA,GB,15,7,1,0,15,5,39,3,1,1,1,0,40,20,75,133
2021,10,2021_10_TB_WAS,TB,WAS,10,4,2,2,13,6,43,0,5,3,4,2,34,23,53,220
2021,10,2021_10_TB_WAS,WAS,TB,19,11,2,2,23,3,33,5,0,3,5,3,32,26,94,226
2021,11,2021_11_ARI_SEA,ARI,SEA,14,7,1,1,29,3,32,2,4,5,4,3,44,35,95,318
2021,11,2021_11_ARI_SEA,SEA,ARI,10,2,1,0,15,2,17,4,2,3,3,1,26,14,86,180
2021,11,2021_11_BAL_CHI,BAL,CHI,16,7,1,1,23,6,36,6,3,2,3,1,36,26,123,176
2021,11,2021_11_BAL_CHI,CHI,BAL,11,2,3,2,14,6,58,3,6,7,3,2,35,15,92,261
2021,11,2021_11_CIN_LV,CIN,LV,16,8,0,0,23,1,5,3,2,1,3,3,29,20,159,129
2021,11,2021_11_CIN_LV,LV,CIN,7,1,0,0,13,7,77,2,3,5,3,1,27,19,72,206
2021,11,2021_11_DAL_KC,DAL,KC,15,5,0,0,16,6,45,5,3,1,3,0,43,28,82,194
2021,11,2021_11_DAL_KC,KC,DAL,12,4,0,0,22,5,54,3,5,5,3,2,37,23,126,244
2021,11,2021_11_DET_CLE,CLE,DET,13,5,0,0,22,10,82,1,0,4,2,2,29,15,184,165
2021,11,2021_11_DET_CLE,DET,CLE,11,3,0,0,12,7,67,0,1,3,2,1,23,15,168,77
2021,11,2021_11_GB_MIN,GB,MIN,11,7,0,0,21,8,92,2,2,5,5,4,33,23,95,372
2021,11,2021_11_GB_MIN,MIN,GB,13,9,0,0,25,3,25,2,2,5,5,4,35,24,92,318
2021,11,2021_11_HOU_TEN,HOU,TEN,17,6,1,1,14,7,50,0,2,0,4,2,24,14,83,107
2021,11,2021_11_HOU_TEN,TEN,HOU,15,6,4,2,26,5,52,2,0,1,3,2,52,35,103,317
2021,11,2021_11_IND_BUF,BUF,IND,10,5,0,0,18,7,56,1,0,3,2,2,40,24,93,220
2021,11,2021_11_IND_BUF,IND,BUF,12,8,1,0,26,3,30,0,1,2,7,5,20,11,264,106
2021,11,2021_11_MIA_NYJ,MIA,NYJ,14,8,0,0,20,8,62,0,2,3,5,3,34,27,115,273
2021,11,2021_11_MIA_NYJ,NYJ,MIA,14,7,1,1,18,7,48,2,0,6,5,2,39,24,102,278
2021,11,2021_11_NE_ATL,ATL,NE,11,2,2,1,11,9,72,4,3,0,2,0,32,20,40,125
2021,11,2021_11_NE_ATL,NE,ATL,12,4,0,0,20,5,59,3,4,1,4,1,26,22,134,174
2021,11,2021_11_NO_PHI,NO,PHI,13,6,0,0,18,3,25,0,3,5,5,4,41,22,109,214
2021,11,2021_11_NO_PHI,PHI,NO,21,12,0,0,21,6,49,3,0,5,6,3,24,13,242,138
2021,11,2021_11_NYG_TB,NYG,TB,9,1,3,1,15,4,30,2,1,2,2,1,39,23,66,149
2021,11,2021_11_NYG_TB,TB,NYG,13,6,1,1,28,6,39,1,2,2,5,3,48,32,94,308
2021,11,2021_11_PIT_LAC,LAC,PIT,12,7,1,0,31,12,75,2,3,4,8,5,41,30,159,374
2021,11,2021_11_PIT_LAC,PIT,LAC,15,8,2,0,22,8,38,3,2,4,7,4,44,28,55,245
2021,11,2021_11_SF_JAX,JAX,SF,11,5,1,1,14,8,56,3,2,1,2,1,25,16,54,146
2021,11,2021_11_SF_JAX,SF,JAX,12,6,1,1,25,1,12,2,3,4,4,3,22,16,171,162
2021,11,2021_11_WAS_CAR,CAR,WAS,9,2,3,1,15,7,65,1,3,2,3,3,27,21,111,186
2021,11,2021_11_WAS_CAR,WAS,CAR,13,6,2,2,23,8,69,3,1,3,6,3,22,16,190,179
2021,12,2021_12_ATL_JAX,ATL,JAX,12,5,0,0,21,5,26,1,1,2,3,3,29,19,149,183
2021,12,2021_12_ATL_JAX,JAX,ATL,16,9,2,0,20,6,43,1,1,5,3,1,43,23,141,218
2021,12,2021_12_BUF_NO,BUF,NO,13,8,1,1,21,4,35,2,2,5,6,4,28,23,113,248
2021,12,2021_12_BUF_NO,NO,BUF,14,5,3,1,11,4,24,2,2,1,1,1,31,17,44,146
2021,12,2021_12_CAR_MIA,CAR,MIA,14,4,3,2,10,7,61,5,2,2,2,1,31,10,64,134
2021,12,2021_12_CAR_MIA,MIA,CAR,14,6,2,2,22,5,35,2,5,2,5,3,31,27,111,204
2021,12,2021_12_CHI_DET,CHI,DET,13,5,0,0,21,5,50,1,1,2,3,1,39,24,68,310
2021,12,2021_12_CHI_DET,DET,CHI,10,4,0,0,13,10,67,1,1,1,2,2,25,21,76,163
2021,12,2021_12_CLE_BAL,BAL,CLE,15,7,1,1,22,5,54,2,3,1,2,1,32,20,148,155
2021,12,2021_12_CLE_BAL,CLE,BAL,13,4,1,0,14,5,45,3,2,4,1,1,37,18,40,222
2021,12,2021_12_LAC_DEN,DEN,LAC,11,8,0,0,22,5,35,1,3,1,4,3,25,15,147,155
2021,12,2021_12_LAC_DEN,LAC,DEN,14,7,2,1,20,9,75,3,1,2,3,2,45,28,72,285
2021,12,2021_12_LA_GB,GB,LA,19,7,2,2,21,3,32,1,2,4,6,3,46,28,92,307
2021,12,2021_12_LA_GB,LA,GB,13,4,1,0,15,4,30,2,1,3,4,3,40,21,68,287
2021,12,2021_12_LV_DAL,DAL,LV,13,3,0,0,22,14,166,1,3,4,5,4,48,32,64,375
2021,12,2021_12_LV_DAL,LV,DAL,13,3,0,0,27,14,110,3,1,8,6,3,39,24,143,366
2021,12,2021_12_MIN_SF,MIN,SF,8,2,3,1,17,5,38,1,2,6,5,4,34,21,67,256
2021,12,2021_12_MIN_SF,SF,MIN,12,5,0,0,23,5,57,2,1,7,5,4,26,17,208,215
2021,12,2021_12_NYJ_HOU,HOU,NYJ,14,6,2,1,13,4,32,5,4,4,3,2,26,17,96,106
2021,12,2021_12_NYJ_HOU,NYJ,HOU,13,2,2,2,18,5,40,4,5,3,4,2,24,14,159,109
2021,12,2021_12_PHI_NYG,NYG,PHI,12,3,1,1,17,2,15,1,1,2,3,1,30,19,70,194
2021,12,2021_12_PHI_NYG,PHI,NYG,11,4,2,0,19,4,26,1,1,2,3,1,31,14,208,124
2021,12,2021_12_PIT_CIN,CIN,PIT,11,5,1,1,25,3,18,2,3,3,6,4,25,20,198,172
2021,12,2021_12_PIT_CIN,PIT,CIN,13,7,0,0,16,4,30,3,2,2,1,1,41,24,51,250
2021,12,2021_12_SEA_WAS,SEA,WAS,12,4,0,0,10,6,51,2,1,3,2,2,32,20,34,233
2021,12,2021_12_SEA_WAS,WAS,SEA,13,5,2,1,26,4,38,1,2,1,4,2,35,27,154,219
2021,12,2021_12_TB_IND,IND,TB,11,5,2,2,24,6,66,3,2,3,5,4,44,27,107,285
2021,12,2021_12_TB_IND,TB,IND,8,2,0,0,28,4,44,2,3,4,6,5,34,25,142,217
2021,12,2021_12_TEN_NE,NE,TEN,10,4,0,0,23,4,35,2,2,6,6,3,32,23,105,289
2021,12,2021_12_TEN_NE,TEN,NE,11,5,3,1,18,5,50,2,2,3,3,2,21,11,270,85
2021,13,2021_13_ARI_CHI,ARI,CHI,11,5,2,1,14,8,63,1,3,3,6,4,16,11,137,120
2021,13,2021_13_ARI_CHI,CHI,ARI,15,6,4,4,26,6,45,3,1,3,4,3,42,26,112,219
2021,13,2021_13_BAL_PIT,BAL,PIT,16,8,0,0,22,10,55,7,1,2,5,2,38,23,107,219
2021,13,2021_13_BAL_PIT,PIT,BAL,12,5,0,0,17,5,81,1,7,3,2,2,32,21,85,238
2021,13,2021_13_DAL_NO,DAL,NO,13,2,1,0,17,5,35,1,2,6,4,2,40,26,146,231
2021,13,2021_13_DAL_NO,NO,DAL,14,5,1,1,17,7,59,2,1,7,2,2,41,19,153,252
2021,13,2021_13_DEN_KC,DEN,KC,14,4,6,3,22,5,37,1,1,2,3,1,41,22,154,250
2021,13,2021_13_DEN_KC,KC,DEN,12,5,0,0,15,7,60,1,1,2,3,1,29,15,89,178
2021,13,2021_13_IND_HOU,HOU,IND,12,3,3,0,9,4,25,4,1,0,0,0,27,11,84,57
2021,13,2021_13_IND_HOU,IND,HOU,13,7,1,1,26,5,25,1,4,2,6,4,22,16,238,151
2021,13,2021_13_JAX_LA,JAX,LA,12,5,2,1,14,3,39,2,1,1,1,1,28,16,61,136
2021,13,2021_13_JAX_LA,LA,JAX,12,5,1,1,23,7,47,1,2,6,5,4,38,26,128,290
2021,13,2021_13_LAC_CIN,CIN,LAC,12,6,1,0,20,7,63,6,4,5,4,3,40,24,96,260
2021,13,2021_13_LAC_CIN,LAC,CIN,13,4,1,1,18,7,51,4,6,5,5,4,36,26,79,286
2021,13,2021_13_MIN_DET,DET,MIN,11,2,3,1,22,3,11,3,3,5,5,3,41,25,100,272
2021,13,2021_13_MIN_DET,MIN,DET,13,6,1,0,26,7,66,3,3,3,6,3,42,30,100,326
2021,13,2021_13_NE_BUF,BUF,NE,13,4,1,0,15,3,20,2,0,2,4,1,30,15,99,131
2021,13,2021_13_NE_BUF,NE,BUF,12,2,2,1,11,6,47,0,2,2,2,1,3,2,224,19
2021,13,2021_13_NYG_MIA,MIA,NYG,15,6,0,0,19,3,15,2,3,1,2,2,41,30,68,229
2021,13,2021_13_NYG_MIA,NYG,MIA,16,6,1,1,16,3,23,3,2,2,1,0,44,23,91,159
2021,13,2021_13_PHI_NYJ,NYJ,PHI,9,3,3,2,21,6,66,2,2,1,3,3,39,23,70,211
2021,13,2021_13_PHI_NYJ,PHI,NYJ,13,6,1,1,26,3,20,2,2,5,5,3,25,20,185,233
2021,13,2021_13_SF_SEA,SEA,SF,15,5,2,2,21,6,40,4,1,3,7,4,37,30,146,181
2021,13,2021_13_SF_SEA,SF,SEA,10,3,2,1,17,10,86,1,4,5,4,3,30,20,71,294
2021,13,2021_13_TB_ATL,ATL,TB,17,9,0,0,21,6,39,5,0,4,4,1,41,30,121,259
2021,13,2021_13_TB_ATL,TB,ATL,13,8,1,1,25,3,15,0,5,4,5,4,51,38,57,368
2021,13,2021_13_WAS_LV,LV,WAS,8,2,0,0,21,6,54,2,1,2,3,1,39,28,76,234
2021,13,2021_13_WAS_LV,WAS,LV,13,7,0,0,23,6,47,1,2,3,2,2,30,23,112,186
2021,14,2021_14_ATL_CAR,ATL,CAR,14,7,2,2,20,6,60,0,1,3,5,2,29,19,128,190
2021,14,2021_14_ATL_CAR,CAR,ATL,11,4,3,1,21,6,45,1,0,2,3,3,35,21,91,243
2021,14,2021_14_BAL_CLE,BAL,CLE,12,1,4,3,21,10,129,4,0,6,3,2,43,31,118,271
2021,14,2021_14_BAL_CLE,CLE,BAL,13,6,0,0,20,4,42,0,4,2,3,2,32,22,100,190
2021,14,2021_14_BUF_TB,BUF,TB,13,2,3,2,27,7,65,3,2,7,5,3,54,36,173,293
2021,14,2021_14_BUF_TB,TB,BUF,16,8,1,0,26,4,24,2,3,7,5,3,46,31,137,351
2021,14,2021_14_CHI_GB,CHI,GB,13,5,1,0,16,7,41,2,3,5,4,2,33,18,137,210
2021,14,2021_14_CHI_GB,GB,CHI,10,4,1,1,26,3,30,3,2,5,7,5,37,29,119,320
2021,14,2021_14_DAL_WAS,DAL,WAS,18,7,0,0,19,7,60,4,5,2,7,1,39,22,124,201
2021,14,2021_14_DAL_WAS,WAS,DAL,14,3,2,1,14,7,65,5,4,1,3,2,35,15,102,124
2021,14,2021_14_DET_DEN,DEN,DET,12,8,1,1,25,2,18,1,2,2,5,5,25,18,184,174
2021,14,2021_14_DET_DEN,DET,DEN,14,5,5,3,16,6,53,2,1,2,4,1,39,24,118,198
2021,14,2021_14_JAX_TEN,JAX,TEN,13,5,2,1,9,9,79,3,4,2,0,0,40,24,8,184
2021,14,2021_14_JAX_TEN,TEN,JAX,15,6,0,0,20,2,15,4,3,1,3,2,31,20,102,161
2021,14,2021_14_LA_ARI,ARI,LA,15,8,4,2,22,7,54,4,3,4,4,2,49,32,103,344
2021,14,2021_14_LA_ARI,LA,ARI,12,6,0,0,18,5,40,3,4,4,5,3,30,23,89,267
2021,14,2021_14_LV_KC,KC,LV,13,9,0,0,21,8,63,3,4,5,7,5,24,20,132,240
2021,14,2021_14_LV_KC,LV,KC,11,4,1,1,18,9,85,4,3,0,2,1,45,33,44,246
2021,14,2021_14_NO_NYJ,NO,NYJ,15,6,1,1,21,4,42,3,3,3,6,3,21,15,203,141
2021,14,2021_14_NO_NYJ,NYJ,NO,14,3,3,1,13,5,45,3,3,2,3,0,42,19,78,178
2021,14,2021_14_NYG_LAC,LAC,NYG,13,7,0,0,26,6,39,2,2,3,7,4,31,23,152,271
2021,14,2021_14_NYG_LAC,NYG,LAC,14,7,2,0,20,3,20,2,2,2,3,3,38,17,137,181
2021,14,2021_14_PIT_MIN,MIN,PIT,14,5,1,1,22,11,102,0,5,5,7,4,31,14,242,216
2021,14,2021_14_PIT_MIN,PIT,MIN,13,4,2,2,21,10,85,5,0,5,6,4,42,28,106,271
2021,14,2021_14_SEA_HOU,HOU,SEA,13,3,2,0,25,6,52,2,0,1,3,1,49,33,63,317
2021,14,2021_14_SEA_HOU,SEA,HOU,13,7,0,0,20,8,69,0,2,8,6,4,29,17,193,262
2021,14,2021_14_SF_CIN,CIN,SF,13,4,1,1,22,2,19,5,5,7,6,2,34,25,86,311
2021,14,2021_14_SF_CIN,SF,CIN,15,5,0,0,21,6,40,5,5,6,5,3,41,27,100,255
2021,15,2021_15_ARI_DET,ARI,DET,15,7,3,1,23,7,83,2,2,6,5,1,51,29,105,293
2021,15,2021_15_ARI_DET,DET,ARI,13,6,1,1,20,6,49,2,2,3,4,3,26,21,126,212
2021,15,2021_15_ATL_SF,ATL,SF,13,5,3,0,13,4,29,3,0,4,5,1,32,19,62,213
2021,15,2021_15_ATL_SF,SF,ATL,11,6,0,0,23,5,35,0,3,5,5,4,24,18,162,235
2021,15,2021_15_CAR_BUF,BUF,CAR,14,6,1,1,21,8,67,4,4,3,5,4,34,19,119,193
2021,15,2021_15_CAR_BUF,CAR,BUF,17,7,5,1,19,5,55,4,4,3,3,2,39,18,151,126
2021,15,2021_15_CIN_DEN,CIN,DEN,13,4,0,0,12,6,38,3,3,2,3,1,23,15,113,136
2021,15,2021_15_CIN_DEN,DEN,CIN,16,7,1,0,19,6,60,3,3,4,2,1,34,18,133,159
2021,15,2021_15_DAL_NYG,DAL,NYG,14,8,0,0,23,6,45,3,1,0,5,2,37,28,125,203
2021,15,2021_15_DAL_NYG,NYG,DAL,14,6,3,1,14,6,34,1,3,3,3,0,36,19,124,178
2021,15,2021_15_GB_BAL,BAL,GB,13,7,4,2,24,8,56,1,3,2,6,4,41,28,143,211
2021,15,2021_15_GB_BAL,GB,BAL,9,5,0,0,26,8,76,3,1,5,5,4,31,23,96,250
2021,15,2021_15_HOU_JAX,HOU,JAX,18,10,0,0,13,9,65,1,3,3,4,3,30,19,75,206
2021,15,2021_15_HOU_JAX,JAX,HOU,14,3,3,2,21,4,40,3,1,2,4,1,38,22,107,189
2021,15,2021_15_KC_LAC,KC,LAC,12,7,1,0,26,4,36,1,0,8,6,3,48,31,86,410
2021,15,2021_15_KC_LAC,LAC,KC,13,6,5,2,28,5,60,0,1,3,7,4,39,22,192,236
2021,15,2021_15_LV_CLE,CLE,LV,14,6,1,1,13,3,61,0,2,2,2,2,30,20,89,147
2021,15,2021_15_LV_CLE,LV,CLE,13,6,1,1,20,7,64,2,0,0,2,1,38,25,98,230
2021,15,2021_15_MIN_CHI,CHI,MIN,12,2,5,2,23,9,91,3,4,3,5,1,39,26,115,255
2021,15,2021_15_MIN_CHI,MIN,CHI,17,5,1,0,12,7,54,4,3,0,3,2,24,12,132,61
2021,15,2021_15_NE_IND,IND,NE,10,2,3,3,15,2,13,1,1,3,5,2,12,5,226,49
2021,15,2021_15_NE_IND,NE,IND,15,6,3,1,19,8,50,1,1,3,4,2,45,26,81,284
2021,15,2021_15_NO_TB,NO,TB,16,3,0,0,11,6,41,2,4,2,2,0,27,13,61,151
2021,15,2021_15_NO_TB,TB,NO,19,6,1,0,17,3,30,4,2,2,0,0,48,26,118,184
2021,15,2021_15_NYJ_MIA,MIA,NYJ,12,5,3,2,23,5,45,1,6,5,5,4,27,16,183,196
2021,15,2021_15_NYJ_MIA,NYJ,MIA,11,3,1,0,16,3,32,6,1,4,4,2,24,13,102,126
2021,15,2021_15_SEA_LA,LA,SEA,12,6,1,0,20,4,34,4,3,5,3,2,29,21,123,209
2021,15,2021_15_SEA_LA,SEA,LA,11,3,1,0,13,8,65,3,4,2,2,1,31,17,80,134
2021,15,2021_15_TEN_PIT,PIT,TEN,11,2,0,0,11,5,30,3,4,0,3,1,25,16,35,133
2021,15,2021_15_TEN_PIT,TEN,PIT,18,8,2,1,22,7,68,4,3,1,4,1,32,23,201,117
2021,15,2021_15_WAS_PHI,PHI,WAS,13,7,1,0,23,4,48,3,2,6,6,3,26,20,238,281
2021,15,2021_15_WAS_PHI,WAS,PHI,13,6,1,0,14,2,25,2,3,2,3,2,31,20,63,174
2021,16,2021_16_BAL_CIN,BAL,CIN,11,6,1,0,21,6,27,1,3,2,3,3,40,28,39,295
2021,16,2021_16_BAL_CIN,CIN,BAL,10,5,2,2,33,5,45,3,1,7,8,5,46,37,77,498
2021,16,2021_16_BUF_NE,BUF,NE,12,6,4,3,28,5,45,0,1,3,7,4,48,30,114,314
2021,16,2021_16_BUF_NE,NE,BUF,10,1,6,5,20,3,30,1,0,3,3,3,32,14,149,139
2021,16,2021_16_CHI_SEA,CHI,SEA,14,7,3,1,25,8,73,4,2,2,5,3,36,24,88,231
2021,16,2021_16_CHI_SEA,SEA,CHI,10,3,1,0,17,7,88,2,4,6,5,3,27,16,170,161
2021,16,2021_16_CLE_GB,CLE,GB,12,7,1,1,27,6,38,5,0,4,5,3,37,21,219,189
2021,16,2021_16_CLE_GB,GB,CLE,10,3,1,1,19,3,29,0,5,3,4,3,34,24,109,202
2021,16,2021_16_DEN_LV,DEN,LV,10,1,1,1,8,3,30,2,2,2,1,1,22,15,18,140
2021,16,2021_16_DEN_LV,LV,DEN,12,6,1,1,22,3,37,2,2,2,3,2,25,20,160,182
2021,16,2021_16_DET_ATL,ATL,DET,8,2,1,1,14,2,15,3,0,1,2,2,24,18,47,207
2021,16,2021_16_DET_ATL,DET,ATL,16,7,4,3,19,6,30,0,3,4,5,1,35,25,130,208
2021,16,2021_16_IND_ARI,ARI,IND,13,6,3,1,20,11,85,0,2,3,3,2,43,27,133,245
2021,16,2021_16_IND_ARI,IND,ARI,15,8,1,0,20,5,40,2,0,5,4,2,28,18,126,220
2021,16,2021_16_JAX_NYJ,JAX,NYJ,13,6,3,2,27,2,10,1,1,4,4,2,40,26,132,252
2021,16,2021_16_JAX_NYJ,NYJ,JAX,12,4,5,3,18,7,81,1,1,4,6,3,22,14,273,100
2021,16,2021_16_LAC_HOU,HOU,LAC,13,9,0,0,26,10,70,1,1,6,6,4,27,21,189,248
2021,16,2021_16_LAC_HOU,LAC,HOU,9,6,0,0,25,5,49,1,1,3,4,3,37,27,89,330
2021,16,2021_16_LA_MIN,LA,MIN,14,7,1,1,22,1,5,0,3,1,6,2,37,21,159,197
2021,16,2021_16_LA_MIN,MIN,LA,12,2,1,1,19,2,20,3,0,4,5,2,38,27,66,295
2021,16,2021_16_MIA_NO,MIA,NO,15,5,0,0,15,7,65,3,8,2,4,1,26,19,86,173
2021,16,2021_16_MIA_NO,NO,MIA,12,0,3,1,9,7,62,8,3,1,1,0,20,12,83,81
2021,16,2021_16_NYG_PHI,NYG,PHI,20,8,2,1,15,6,40,2,1,0,1,1,44,23,84,108
2021,16,2021_16_NYG_PHI,PHI,NYG,13,5,1,0,17,11,79,1,2,3,7,3,29,17,130,194
2021,16,2021_16_PIT_KC,KC,PIT,11,4,1,1,25,5,41,2,2,2,7,4,30,23,127,254
2021,16,2021_16_PIT_KC,PIT,KC,13,5,3,2,20,5,40,2,2,2,4,1,43,28,130,173
2021,16,2021_16_SF_TEN,SF,TEN,8,3,2,1,21,5,41,2,4,3,4,2,35,26,83,306
2021,16,2021_16_SF_TEN,TEN,SF,16,9,0,0,16,6,57,4,2,3,3,2,30,22,90,188
2021,16,2021_16_TB_CAR,CAR,TB,18,7,2,0,16,6,32,7,0,2,3,0,45,22,67,206
2021,16,2021_16_TB_CAR,TB,CAR,14,7,0,0,21,6,50,0,7,4,5,3,32,18,159,232
2021,16,2021_16_WAS_DAL,DAL,WAS,15,10,1,1,27,3,15,3,5,5,8,6,42,30,108,389
2021,16,2021_16_WAS_DAL,WAS,DAL,13,3,2,1,14,1,13,5,3,3,2,2,32,15,85,172
2021,17,2021_17_ARI_DAL,ARI,DAL,16,7,2,2,23,7,45,1,1,5,6,2,40,27,127,272
2021,17,2021_17_ARI_DAL,DAL,ARI,11,3,3,3,19,10,88,1,1,3,4,3,40,25,45,258
2021,17,2021_17_ATL_BUF,ATL,BUF,7,1,1,0,18,4,27,5,1,2,5,1,23,13,96,169
2021,17,2021_17_ATL_BUF,BUF,ATL,12,7,1,1,28,7,47,1,5,2,5,4,27,11,233,120
2021,17,2021_17_CAR_NO,CAR,NO,14,6,0,0,16,1,5,7,2,3,2,1,26,17,88,90
2021,17,2021_17_CAR_NO,NO,CAR,13,5,0,0,15,5,33,2,7,4,3,1,28,17,73,207
2021,17,2021_17_CLE_PIT,CLE,PIT,17,5,3,1,15,10,77,9,2,5,2,2,38,16,93,139
2021,17,2021_17_CLE_PIT,PIT,CLE,18,5,2,1,19,5,51,2,9,2,4,2,46,24,190,109
2021,17,2021_17_DEN_LAC,DEN,LAC,11,3,4,1,18,3,23,1,0,4,3,1,28,19,83,236
2021,17,2021_17_DEN_LAC,LAC,DEN,15,9,1,1,21,3,22,0,1,2,6,4,31,22,104,237
2021,17,2021_17_DET_SEA,DET,SEA,10,5,2,1,20,4,30,0,1,6,4,4,38,22,95,264
2021,17,2021_17_DET_SEA,SEA,DET,12,7,1,1,29,5,31,1,0,6,8,6,29,20,265,232
2021,17,2021_17_HOU_SF,HOU,SF,15,5,1,0,15,5,67,3,1,2,2,1,32,21,86,136
2021,17,2021_17_HOU_SF,SF,HOU,13,5,2,0,18,7,111,1,3,5,5,2,23,16,175,241
2021,17,2021_17_JAX_NE,JAX,NE,9,3,0,0,11,3,25,2,0,4,2,1,27,17,80,173
2021,17,2021_17_JAX_NE,NE,JAX,10,8,0,0,32,3,30,0,2,3,7,7,34,25,181,290
2021,17,2021_17_KC_CIN,CIN,KC,10,4,1,1,23,5,62,4,0,5,5,4,40,30,60,415
2021,17,2021_17_KC_CIN,KC,CIN,11,6,1,1,23,10,83,0,4,5,5,4,35,26,155,259
2021,17,2021_17_LA_BAL,BAL,LA,14,4,3,3,19,4,24,5,1,2,3,0,32,20,165,162
2021,17,2021_17_LA_BAL,LA,BAL,9,3,1,1,20,4,35,1,5,4,4,3,36,26,73,300
2021,17,2021_17_LV_IND,IND,LV,11,3,1,1,16,3,25,1,2,2,2,2,27,16,122,140
2021,17,2021_17_LV_IND,LV,IND,14,6,2,2,18,6,41,2,1,3,4,2,32,24,85,241
2021,17,2021_17_MIA_TEN,MIA,TEN,12,3,3,1,16,5,55,4,1,3,0,0,39,18,74,182
2021,17,2021_17_MIA_TEN,TEN,MIA,15,7,1,1,17,6,70,1,4,5,5,4,18,13,198,110
2021,17,2021_17_MIN_GB,GB,MIN,13,7,1,0,29,1,5,0,2,4,8,4,42,31,174,307
2021,17,2021_17_MIN_GB,MIN,GB,12,2,4,1,11,3,23,2,0,2,1,1,39,24,27,179
2021,17,2021_17_NYG_CHI,CHI,NYG,16,6,3,2,17,5,35,2,4,1,6,3,36,18,87,162
2021,17,2021_17_NYG_CHI,NYG,CHI,11,1,1,0,12,3,26,4,2,0,1,0,11,4,161,-6
2021,17,2021_17_PHI_WAS,PHI,WAS,12,4,4,3,18,6,42,1,3,3,2,2,26,17,118,212
2021,17,2021_17_PHI_WAS,WAS,PHI,15,9,1,0,24,1,4,3,1,2,4,1,36,27,94,218
2021,17,2021_17_TB_NYJ,NYJ,TB,11,6,1,0,22,2,14,1,1,6,4,3,33,19,150,224
2021,17,2021_17_TB_NYJ,TB,NYJ,15,9,1,1,25,4,39,1,1,9,5,3,50,34,64,405
2021,18,2021_18_CAR_TB,CAR,TB,14,4,6,2,18,1,10,2,1,1,4,2,43,29,110,207
2021,18,2021_18_CAR_TB,TB,CAR,11,4,1,1,21,2,10,1,2,7,6,5,39,29,85,324
2021,18,2021_18_CHI_MIN,CHI,MIN,15,5,6,1,23,2,10,7,3,2,3,1,49,33,90,268
2021,18,2021_18_CHI_MIN,MIN,CHI,13,7,0,0,11,4,47,3,7,8,5,3,22,14,104,227
2021,18,2021_18_CIN_CLE,CIN,CLE,14,5,1,1,11,4,32,4,1,2,3,1,30,15,79,103
2021,18,2021_18_CIN_CLE,CLE,CIN,12,6,1,0,23,4,46,1,4,4,5,3,24,17,205,171
2021,18,2021_18_DAL_PHI,DAL,PHI,13,8,2,2,22,5,44,1,3,9,7,7,28,22,171,304
2021,18,2021_18_DAL_PHI,PHI,DAL,18,10,3,3,21,3,30,3,1,3,4,3,35,20,149,166
2021,18,2021_18_GB_DET,DET,GB,11,4,3,2,19,2,15,1,4,4,7,4,32,22,99,305
2021,18,2021_18_GB_DET,GB,DET,14,8,2,1,22,0,0,4,1,4,5,4,36,24,124,256
2021,18,2021_18_IND_JAX,IND,JAX,12,4,5,2,13,4,52,6,1,3,3,1,30,17,94,141
2021,18,2021_18_IND_JAX,JAX,IND,15,7,1,1,19,6,49,1,6,2,5,2,32,23,101,217
2021,18,2021_18_KC_DEN,DEN,KC,12,7,0,0,18,6,45,1,1,6,5,4,25,13,191,173
2021,18,2021_18_KC_DEN,KC,DEN,14,8,1,1,26,5,45,1,1,3,5,2,44,27,137,255
2021,18,2021_18_LAC_LV,LAC,LV,18,4,7,6,27,10,108,3,3,3,4,4,65,34,85,357
2021,18,2021_18_LAC_LV,LV,LAC,17,8,1,1,24,4,38,3,3,4,5,3,38,21,174,172
2021,18,2021_18_NE_MIA,MIA,NE,15,7,1,0,23,5,33,1,2,2,4,2,22,15,195,103
2021,18,2021_18_NE_MIA,NE,MIA,10,5,0,0,21,8,78,2,1,5,4,3,30,20,134,245
2021,18,2021_18_NO_ATL,ATL,NO,10,3,3,2,13,5,46,3,1,4,4,2,33,20,62,195
2021,18,2021_18_NO_ATL,NO,ATL,16,8,1,0,21,4,40,1,3,3,7,3,24,16,195,174
2021,18,2021_18_NYJ_BUF,BUF,NYJ,18,8,1,0,25,4,40,0,9,4,4,3,46,25,170,254
2021,18,2021_18_NYJ_BUF,NYJ,BUF,14,1,1,1,4,4,27,9,0,2,1,1,20,7,48,5
2021,18,2021_18_PIT_BAL,BAL,PIT,14,3,2,1,20,1,5,3,1,6,3,1,32,16,249,132
2021,18,2021_18_PIT_BAL,PIT,BAL,17,6,1,1,19,6,43,1,3,2,3,1,44,30,79,235
2021,18,2021_18_SEA_ARI,ARI,SEA,18,9,2,1,20,6,46,5,1,2,5,2,39,28,118,187
2021,18,2021_18_SEA_ARI,SEA,ARI,12,8,0,0,19,4,30,1,5,9,6,5,26,15,202,229
2021,18,2021_18_SF_LA,LA,SF,17,10,1,1,18,3,15,5,3,3,4,3,32,21,64,201
2021,18,2021_18_SF_LA,SF,LA,14,9,0,0,23,6,56,3,5,7,5,3,33,24,135,314
2021,18,2021_18_TEN_HOU,HOU,TEN,11,4,1,1,18,4,65,2,1,8,4,3,34,23,64,291
2021,18,2021_18_TEN_HOU,TEN,HOU,13,8,0,0,23,5,42,1,2,4,4,4,32,23,124,281
2021,18,2021_18_WAS_NYG,NYG,WAS,17,6,4,2,10,3,21,3,3,2,2,1,31,15,94,83
2021,18,2021_18_WAS_NYG,WAS,NYG,13,3,1,1,16,3,29,3,3,4,4,1,19,9,226,99
2022,1,2022_01_BAL_NYJ,BAL,NYJ,13,5,0,0,13,5,29,2,3,2,4,3,30,17,63,211
2022,1,2022_01_BAL_NYJ,NYJ,BAL,14,2,4,3,24,6,81,3,2,2,2,1,59,37,83,297
2022,1,2022_01_BUF_LA,BUF,LA,10,9,0,0,23,5,35,2,7,4,5,4,31,26,121,292
2022,1,2022_01_BUF_LA,LA,BUF,13,6,3,2,19,4,30,7,2,3,2,1,41,29,52,191
2022,1,2022_01_CLE_CAR,CAR,CLE,11,4,0,0,14,8,96,4,1,4,4,3,27,16,54,207
2022,1,2022_01_CLE_CAR,CLE,CAR,18,8,2,1,22,9,71,1,4,4,5,2,34,18,217,138
2022,1,2022_01_DEN_SEA,DEN,SEA,15,8,1,0,20,12,106,2,2,4,5,1,42,29,103,330
2022,1,2022_01_DEN_SEA,SEA,DEN,11,6,1,0,18,5,77,2,2,3,4,2,28,23,76,177
2022,1,2022_01_GB_MIN,GB,MIN,9,3,2,0,21,2,10,4,1,5,3,1,39,26,111,227
2022,1,2022_01_GB_MIN,MIN,GB,13,4,1,1,19,3,20,1,4,6,4,2,32,23,126,269
2022,1,2022_01_IND_HOU,HOU,IND,15,5,0,0,19,6,40,3,2,2,2,2,37,23,77,222
2022,1,2022_01_IND_HOU,IND,HOU,15,6,1,0,33,7,89,2,3,5,5,2,50,32,177,340
2022,1,2022_01_JAX_WAS,JAX,WAS,12,3,1,0,23,13,90,2,1,5,5,2,43,24,123,260
2022,1,2022_01_JAX_WAS,WAS,JAX,10,7,0,0,26,6,63,1,2,6,4,4,43,27,85,307
2022,1,2022_01_KC_ARI,ARI,KC,12,3,4,3,18,5,49,3,0,4,3,3,40,24,103,181
2022,1,2022_01_KC_ARI,KC,ARI,8,5,1,1,32,3,25,0,3,6,6,6,39,30,128,360
2022,1,2022_01_LV_LAC,LAC,LV,14,6,1,0,18,5,21,0,6,4,4,3,34,26,76,279
2022,1,2022_01_LV_LAC,LV,LAC,11,5,2,1,18,3,11,6,0,5,3,2,38,22,64,256
2022,1,2022_01_NE_MIA,MIA,NE,14,6,1,1,18,4,20,3,2,3,4,1,33,23,65,242
2022,1,2022_01_NE_MIA,NE,MIA,9,4,1,0,17,3,15,2,3,2,1,1,30,21,78,193
2022,1,2022_01_NO_ATL,ATL,NO,13,5,0,0,26,8,55,0,4,2,4,2,33,20,201,215
2022,1,2022_01_NO_ATL,NO,ATL,13,4,0,0,18,8,99,4,0,7,3,3,35,23,151,236
2022,1,2022_01_NYG_TEN,NYG,TEN,10,2,1,1,18,8,45,5,1,3,4,3,22,17,238,158
2022,1,2022_01_NYG_TEN,TEN,NYG,11,3,0,0,19,7,50,1,5,7,3,2,33,20,93,266
2022,1,2022_01_PHI_DET,DET,PHI,14,9,1,1,23,7,65,1,1,5,5,5,37,21,181,205
2022,1,2022_01_PHI_DET,PHI,DET,17,10,3,2,25,10,61,1,1,5,6,4,32,18,216,239
2022,1,2022_01_PIT_CIN,CIN,PIT,16,8,3,1,32,4,27,7,1,6,5,2,54,33,133,301
2022,1,2022_01_PIT_CIN,PIT,CIN,15,4,0,0,13,8,59,1,7,4,3,1,38,21,75,192
2022,1,2022_01_SF_CHI,CHI,SF,14,5,0,0,14,3,24,2,2,2,4,3,17,8,99,105
2022,1,2022_01_SF_CHI,SF,CHI,17,8,2,0,17,12,99,2,2,4,3,1,28,13,176,155
2022,1,2022_01_TB_DAL,DAL,TB,15,3,5,2,12,10,73,4,2,1,0,0,42,21,71,173
2022,1,2022_01_TB_DAL,TB,DAL,14,5,0,0,18,5,25,2,4,3,4,1,27,18,152,195
2022,2,2022_02_ARI_LV,ARI,LV,13,3,5,3,28,12,120,1,1,4,4,3,50,31,145,272
2022,2,2022_02_ARI_LV,LV,ARI,11,6,0,0,20,10,68,1,1,4,4,2,39,25,80,244
2022,2,2022_02_ATL_LA,ATL,LA,10,3,2,1,17,5,29,3,1,2,7,2,27,17,90,173
2022,2,2022_02_ATL_LA,LA,ATL,10,6,1,0,24,3,61,1,3,2,5,4,36,27,65,272
2022,2,2022_02_CAR_NYG,CAR,NYG,12,2,1,1,17,5,38,2,3,2,4,1,29,14,146,129
2022,2,2022_02_CAR_NYG,NYG,CAR,18,6,1,1,18,8,62,3,2,1,3,1,34,22,103,162
2022,2,2022_02_CHI_GB,CHI,GB,7,1,1,0,11,7,50,3,3,3,2,1,11,7,180,48
2022,2,2022_02_CHI_GB,GB,CHI,9,5,0,0,26,3,25,3,3,5,5,3,25,19,203,211
2022,2,2022_02_CIN_DAL,CIN,DAL,17,6,1,1,18,7,35,6,1,0,1,1,37,24,89,167
2022,2,2022_02_CIN_DAL,DAL,CIN,10,3,1,1,19,5,45,1,6,4,2,2,31,19,107,230
2022,2,2022_02_HOU_DEN,DEN,HOU,12,3,1,1,20,13,100,3,3,5,3,1,31,14,149,201
2022,2,2022_02_HOU_DEN,HOU,DEN,13,2,3,1,15,8,94,3,3,4,1,0,38,19,80,154
2022,2,2022_02_IND_JAX,IND,JAX,10,2,2,0,9,5,30,5,0,4,2,0,30,16,54,164
2022,2,2022_02_IND_JAX,JAX,IND,15,6,3,2,21,3,19,0,5,3,3,3,30,25,96,235
2022,2,2022_02_LAC_KC,KC,LAC,12,4,0,0,14,6,54,1,2,4,5,2,35,24,93,226
2022,2,2022_02_LAC_KC,LAC,KC,16,5,4,4,21,3,25,2,1,4,5,4,48,33,75,326
2022,2,2022_02_MIA_BAL,BAL,MIA,10,3,3,1,22,1,5,0,1,5,6,5,29,21,155,318
2022,2,2022_02_MIA_BAL,MIA,BAL,11,7,2,2,27,8,51,1,0,6,6,6,50,36,86,461
2022,2,2022_02_MIN_PHI,MIN,PHI,12,4,0,0,20,5,25,2,3,0,4,1,46,27,62,202
2022,2,2022_02_MIN_PHI,PHI,MIN,13,7,0,0,25,8,60,3,2,4,5,3,31,26,163,323
2022,2,2022_02_NE_PIT,NE,PIT,17,9,0,0,18,7,55,0,3,3,4,2,35,21,124,252
2022,2,2022_02_NE_PIT,PIT,NE,15,8,0,0,16,3,20,3,0,1,2,1,34,21,91,154
2022,2,2022_02_NYJ_CLE,CLE,NYJ,12,8,0,0,28,5,38,1,2,4,5,4,27,22,184,221
2022,2,2022_02_NYJ_CLE,NYJ,CLE,15,8,1,1,20,8,57,2,1,3,5,4,45,27,93,309
2022,2,2022_02_SEA_SF,SEA,SF,7,2,0,0,14,10,106,2,1,1,2,0,31,24,36,180
2022,2,2022_02_SEA_SF,SF,SEA,15,6,3,2,25,1,26,1,2,4,6,4,24,15,189,184
2022,2,2022_02_TB_NO,NO,TB,13,4,1,0,18,9,60,6,1,2,3,1,40,25,100,208
2022,2,2022_02_TB_NO,TB,NO,17,5,1,0,13,8,101,1,6,3,3,1,34,18,72,188
2022,2,2022_02_TEN_BUF,BUF,TEN,13,5,3,2,23,8,49,1,2,4,7,4,40,26,101,313
2022,2,2022_02_TEN_BUF,TEN,BUF,12,4,1,1,12,9,87,2,1,0,1,1,24,12,80,107
2022,2,2022_02_WAS_DET,DET,WAS,13,4,2,0,17,1,5,3,5,6,6,4,34,20,191,234
2022,2,2022_02_WAS_DET,WAS,DET,15,7,2,1,21,2,17,5,3,5,4,4,48,30,88,310
2022,3,2022_03_ATL_SEA,ATL,SEA,7,4,0,0,24,2,15,3,2,7,4,3,20,13,179,207
2022,3,2022_03_ATL_SEA,SEA,ATL,17,9,3,2,23,6,47,2,3,4,5,2,44,32,112,308
2022,3,2022_03_BAL_NE,BAL,NE,11,5,0,0,19,2,10,4,3,7,5,5,29,18,188,206
2022,3,2022_03_BAL_NE,NE,BAL,9,2,2,1,22,3,16,3,4,8,5,3,33,22,145,302
2022,3,2022_03_BUF_MIA,BUF,MIA,18,11,3,2,31,7,52,4,2,4,6,2,63,42,115,382
2022,3,2022_03_BUF_MIA,MIA,BUF,8,3,0,0,14,4,20,2,4,3,3,3,20,13,41,171
2022,3,2022_03_CIN_NYJ,CIN,NYJ,14,7,1,0,19,5,30,2,4,3,5,3,36,23,69,261
2022,3,2022_03_CIN_NYJ,NYJ,CIN,18,7,3,0,19,4,55,4,2,3,2,0,52,28,76,252
2022,3,2022_03_DAL_NYG,DAL,NYG,13,5,1,1,22,8,70,0,5,4,4,2,31,21,176,215
2022,3,2022_03_DAL_NYG,NYG,DAL,11,3,1,0,22,8,57,5,0,3,1,1,37,20,167,169
2022,3,2022_03_DET_MIN,DET,MIN,16,3,6,4,23,7,59,0,1,4,3,3,41,25,139,277
2022,3,2022_03_DET_MIN,MIN,DET,9,2,2,1,30,3,15,1,0,2,5,4,41,24,123,250
2022,3,2022_03_GB_TB,GB,TB,15,6,0,0,14,8,65,1,3,4,3,2,35,27,67,248
2022,3,2022_03_GB_TB,TB,GB,11,2,1,1,19,6,40,3,1,2,2,1,43,31,34,251
2022,3,2022_03_HOU_CHI,CHI,HOU,14,6,0,0,17,6,32,5,1,5,3,2,17,8,281,82
2022,3,2022_03_HOU_CHI,HOU,CHI,12,3,1,1,17,3,25,1,5,5,4,2,32,20,92,237
2022,3,2022_03_JAX_LAC,JAX,LAC,15,8,3,2,25,2,10,0,1,3,7,4,40,28,151,264
2022,3,2022_03_JAX_LAC,LAC,JAX,13,5,2,0,16,7,54,1,0,2,3,1,45,25,26,286
2022,3,2022_03_KC_IND,IND,KC,15,6,3,1,19,4,34,5,1,3,3,2,37,27,82,177
2022,3,2022_03_KC_IND,KC,IND,10,3,2,1,20,6,45,1,5,5,4,2,37,20,58,259
2022,3,2022_03_LA_ARI,ARI,LA,18,6,5,4,23,6,50,2,1,2,2,0,58,37,70,295
2022,3,2022_03_LA_ARI,LA,ARI,8,3,0,0,15,6,35,1,2,5,4,2,25,18,100,239
2022,3,2022_03_LV_TEN,LV,TEN,12,1,3,3,23,6,44,1,1,4,6,2,46,27,96,300
2022,3,2022_03_LV_TEN,TEN,LV,10,5,1,0,19,7,85,1,1,5,3,3,27,19,109,252
2022,3,2022_03_NO_CAR,CAR,NO,14,4,1,0,12,4,40,3,1,3,3,1,25,12,145,148
2022,3,2022_03_NO_CAR,NO,CAR,13,5,0,0,19,7,58,1,3,6,4,2,41,25,84,342
2022,3,2022_03_PHI_WAS,PHI,WAS,15,5,3,2,21,5,52,3,9,6,5,3,35,22,72,328
2022,3,2022_03_PHI_WAS,WAS,PHI,17,6,2,0,20,4,48,9,3,1,3,1,44,25,87,153
2022,3,2022_03_PIT_CLE,CLE,PIT,16,6,4,3,22,5,24,2,1,3,4,3,31,21,171,205
2022,3,2022_03_PIT_CLE,PIT,CLE,9,1,0,0,20,5,25,1,2,3,3,2,32,20,104,204
2022,3,2022_03_SF_DEN,DEN,SF,19,6,0,0,14,5,30,4,4,3,2,1,34,20,101,160
2022,3,2022_03_SF_DEN,SF,DEN,10,1,0,0,13,7,40,4,4,4,1,1,29,18,88,179
2022,4,2022_04_ARI_CAR,ARI,CAR,15,6,2,0,20,6,46,1,2,3,6,3,33,23,132,206
2022,4,2022_04_ARI_CAR,CAR,ARI,10,2,3,1,11,6,76,2,1,1,2,1,37,22,40,180
2022,4,2022_04_BUF_BAL,BAL,BUF,13,6,2,1,22,9,70,2,1,2,4,2,29,20,162,134
2022,4,2022_04_BUF_BAL,BUF,BAL,11,4,1,1,22,4,31,1,2,3,4,2,36,19,125,201
2022,4,2022_04_CHI_NYG,CHI,NYG,15,5,0,0,15,5,65,6,1,3,3,0,22,11,149,155
2022,4,2022_04_CHI_NYG,NYG,CHI,14,6,0,0,21,7,55,1,6,2,3,2,16,9,262,71
2022,4,2022_04_CLE_ATL,ATL,CLE,9,3,0,0,17,1,15,1,1,6,4,2,19,7,202,131
2022,4,2022_04_CLE_ATL,CLE,ATL,14,5,3,2,22,7,51,1,1,6,4,2,35,21,177,226
2022,4,2022_04_DEN_LV,DEN,LV,11,3,2,1,12,7,50,3,2,5,4,3,25,17,85,214
2022,4,2022_04_DEN_LV,LV,DEN,14,7,0,0,25,4,25,2,3,4,7,2,34,21,212,173
2022,4,2022_04_JAX_PHI,JAX,PHI,7,2,1,0,13,4,38,4,2,3,4,2,23,11,71,148
2022,4,2022_04_JAX_PHI,PHI,JAX,15,4,5,3,24,3,20,2,4,5,6,4,26,16,210,191
2022,4,2022_04_KC_TB,KC,TB,17,12,1,0,27,4,32,3,1,4,6,5,37,23,189,228
2022,4,2022_04_KC_TB,TB,KC,10,6,0,0,27,5,40,1,3,3,4,4,52,39,3,373
2022,4,2022_04_LAC_HOU,HOU,LAC,12,4,2,0,16,9,67,4,1,6,4,3,35,26,131,215
2022,4,2022_04_LAC_HOU,LAC,HOU,16,8,2,1,22,6,61,1,4,7,6,4,39,27,81,338
2022,4,2022_04_LA_SF,LA,SF,15,5,2,2,21,1,5,7,0,0,3,0,48,32,57,200
2022,4,2022_04_LA_SF,SF,LA,12,5,1,0,13,4,25,0,7,5,4,2,27,16,88,239
2022,4,2022_04_MIA_CIN,CIN,MIA,15,8,1,0,16,6,74,1,1,5,4,3,32,21,67,304
2022,4,2022_04_MIA_CIN,MIA,CIN,10,2,1,0,19,6,41,1,1,5,3,1,37,22,85,293
2022,4,2022_04_MIN_NO,MIN,NO,14,5,1,1,23,5,35,3,2,2,5,2,39,26,81,263
2022,4,2022_04_MIN_NO,NO,MIN,10,4,1,1,19,10,102,2,3,3,3,3,29,20,111,229
2022,4,2022_04_NE_GB,GB,NE,14,6,1,1,23,4,40,1,4,6,5,3,35,21,199,244
2022,4,2022_04_NE_GB,NE,GB,11,3,0,0,17,7,75,4,1,3,4,2,21,15,167,104
2022,4,2022_04_NYJ_PIT,NYJ,PIT,15,6,1,1,19,7,64,1,3,5,4,3,37,19,98,250
2022,4,2022_04_NYJ_PIT,PIT,NYJ,12,6,1,1,20,8,55,3,1,4,2,2,26,17,119,178
2022,4,2022_04_SEA_DET,DET,SEA,10,4,3,3,27,8,59,1,0,8,6,6,41,27,147,377
2022,4,2022_04_SEA_DET,SEA,DET,12,9,0,0,26,11,76,0,1,8,7,5,30,23,235,320
2022,4,2022_04_TEN_IND,IND,TEN,13,7,0,0,21,7,50,3,3,6,3,2,37,27,38,327
2022,4,2022_04_TEN_IND,TEN,IND,12,5,0,0,18,6,40,3,3,2,3,3,21,17,127,116
2022,4,2022_04_WAS_DAL,DAL,WAS,15,5,0,0,15,4,20,1,2,4,4,2,27,15,62,217
2022,4,2022_04_WAS_DAL,WAS,DAL,15,5,2,0,17,11,136,2,1,3,3,1,42,25,142,155
2022,5,2022_05_ATL_TB,ATL,TB,14,6,1,1,18,6,55,5,0,3,2,2,26,14,151,112
2022,5,2022_05_ATL_TB,TB,ATL,16,9,1,0,26,6,45,0,5,4,5,2,53,35,69,353
2022,5,2022_05_CHI_MIN,CHI,MIN,10,4,1,1,14,6,40,2,1,4,2,2,22,15,78,193
2022,5,2022_05_CHI_MIN,MIN,CHI,15,12,0,0,29,7,70,1,2,2,4,4,43,33,117,314
2022,5,2022_05_CIN_BAL,BAL,CIN,11,5,1,0,22,6,48,1,3,2,3,1,32,19,155,170
2022,5,2022_05_CIN_BAL,CIN,BAL,10,4,1,0,20,4,20,3,1,1,3,2,35,24,101,190
2022,5,2022_05_DAL_LA,DAL,LA,15,5,0,0,10,5,42,3,5,2,4,1,16,10,163,76
2022,5,2022_05_DAL_LA,LA,DAL,17,6,1,1,13,3,25,5,3,2,3,1,44,29,38,285
2022,5,2022_05_DET_NE,DET,NE,12,4,6,0,17,7,82,2,0,5,3,0,35,19,101,211
2022,5,2022_05_DET_NE,NE,DET,9,3,0,0,22,6,46,0,2,5,6,1,21,17,176,188
2022,5,2022_05_HOU_JAX,HOU,JAX,13,5,0,0,15,4,25,1,0,3,1,1,24,16,116,132
2022,5,2022_05_HOU_JAX,JAX,HOU,14,6,3,0,21,6,48,0,1,7,3,0,47,25,136,286
2022,5,2022_05_IND_DEN,DEN,IND,15,2,2,1,18,7,49,4,6,4,4,0,39,21,125,250
2022,5,2022_05_IND_DEN,IND,DEN,16,4,0,0,19,8,64,6,4,1,2,0,41,26,106,200
2022,5,2022_05_LAC_CLE,CLE,LAC,10,4,1,0,27,6,65,0,1,5,5,4,34,21,213,230
2022,5,2022_05_LAC_CLE,LAC,CLE,10,3,2,0,26,4,17,1,0,5,6,3,34,22,238,227
2022,5,2022_05_LV_KC,KC,LV,12,7,0,0,27,5,72,3,2,4,4,4,44,29,103,265
2022,5,2022_05_LV_KC,LV,KC,12,5,2,1,18,11,99,2,3,4,3,3,30,19,155,223
2022,5,2022_05_MIA_NYJ,MIA,NYJ,11,4,2,0,19,11,102,2,2,3,3,2,34,19,137,158
2022,5,2022_05_MIA_NYJ,NYJ,MIA,11,5,1,0,21,5,105,2,2,3,7,5,21,14,135,187
2022,5,2022_05_NYG_GB,GB,NYG,10,4,1,0,22,7,37,2,1,3,4,2,39,25,94,207
2022,5,2022_05_NYG_GB,NYG,GB,11,6,1,0,23,6,63,1,2,3,4,3,27,21,125,213
2022,5,2022_05_PHI_ARI,ARI,PHI,14,8,1,1,23,2,15,1,2,2,3,2,42,28,124,239
2022,5,2022_05_PHI_ARI,PHI,ARI,13,6,1,1,24,3,30,2,1,3,4,2,36,26,139,218
2022,5,2022_05_PIT_BUF,BUF,PIT,9,5,0,0,20,5,28,0,3,11,8,5,36,22,120,432
2022,5,2022_05_PIT_BUF,PIT,BUF,15,5,3,0,23,6,54,3,0,3,4,0,52,34,54,310
2022,5,2022_05_SEA_NO,NO,SEA,14,8,0,0,26,6,57,1,3,3,5,5,25,17,237,203
2022,5,2022_05_SEA_NO,SEA,NO,9,1,1,0,14,12,85,3,1,6,5,4,26,16,151,245
2022,5,2022_05_SF_CAR,CAR,SF,15,3,5,3,15,5,33,6,2,4,3,1,42,25,64,244
2022,5,2022_05_SF_CAR,SF,CAR,12,7,0,0,22,9,50,2,6,6,6,4,30,18,153,244
2022,5,2022_05_TEN_WAS,TEN,WAS,14,4,1,1,15,8,69,5,3,2,3,3,25,15,105,136
2022,5,2022_05_TEN_WAS,WAS,TEN,11,1,2,1,17,9,71,3,5,6,3,2,38,25,43,342
2022,6,2022_06_ARI_SEA,ARI,SEA,16,4,5,1,15,6,53,6,5,5,3,0,37,23,144,171
2022,6,2022_06_ARI_SEA,SEA,ARI,14,4,1,0,19,6,44,5,6,4,5,1,31,20,136,160
2022,6,2022_06_BAL_NYG,BAL,NYG,10,4,0,0,23,10,74,2,4,4,4,2,32,17,211,195
2022,6,2022_06_BAL_NYG,NYG,BAL,14,7,0,0,18,3,25,4,2,0,5,3,27,19,83,155
2022,6,2022_06_BUF_KC,BUF,KC,11,4,3,1,26,7,35,1,3,5,5,3,40,27,125,318
2022,6,2022_06_BUF_KC,KC,BUF,11,4,1,1,23,5,58,3,1,6,3,2,40,25,68,319
2022,6,2022_06_CAR_LA,CAR,LA,10,2,0,0,8,3,30,2,1,1,2,0,21,13,93,110
2022,6,2022_06_CAR_LA,LA,CAR,12,6,0,0,22,7,49,1,2,3,4,3,33,26,111,249
2022,6,2022_06_CIN_NO,CIN,NO,10,6,0,0,21,3,30,3,1,3,4,4,38,28,75,273
2022,6,2022_06_CIN_NO,NO,CIN,17,8,1,0,22,4,34,1,3,5,6,2,36,19,228,171
2022,6,2022_06_DAL_PHI,DAL,PHI,10,4,1,0,21,10,72,0,4,2,3,2,38,18,134,181
2022,6,2022_06_DAL_PHI,PHI,DAL,14,6,1,1,22,2,10,4,0,2,4,3,25,15,136,132
2022,6,2022_06_DEN_LAC,DEN,LAC,14,4,0,0,13,10,151,4,2,3,2,1,28,15,98,160
2022,6,2022_06_DEN_LAC,LAC,DEN,22,11,3,1,23,9,89,2,4,1,4,1,57,37,73,224
2022,6,2022_06_JAX_IND,IND,JAX,15,10,0,0,29,7,52,0,4,4,5,4,59,42,47,389
2022,6,2022_06_JAX_IND,JAX,IND,10,5,2,1,25,4,44,4,0,5,4,4,23,20,243,136
2022,6,2022_06_MIN_MIA,MIA,MIN,14,4,2,1,23,10,97,6,3,5,2,2,48,30,73,385
2022,6,2022_06_MIN_MIA,MIN,MIA,12,2,0,0,10,2,20,3,6,4,4,3,31,20,78,158
2022,6,2022_06_NE_CLE,CLE,NE,15,4,5,3,16,7,63,4,2,4,2,1,46,21,70,258
2022,6,2022_06_NE_CLE,NE,CLE,14,7,0,0,20,12,92,2,4,7,7,5,34,24,98,301
2022,6,2022_06_NYJ_GB,GB,NYJ,16,4,4,1,15,7,42,4,2,2,2,1,45,28,60,218
2022,6,2022_06_NYJ_GB,NYJ,GB,11,1,0,0,14,7,79,2,4,4,5,2,18,10,179,99
2022,6,2022_06_SF_ATL,ATL,SF,14,9,0,0,18,5,40,2,0,3,4,3,14,13,168,121
2022,6,2022_06_SF_ATL,SF,ATL,8,3,1,0,21,5,30,0,2,2,4,2,41,29,50,296
2022,6,2022_06_TB_PIT,PIT,TB,15,7,1,1,15,7,45,2,2,2,3,2,30,20,77,193
2022,6,2022_06_TB_PIT,TB,PIT,14,4,2,2,20,6,42,2,2,3,4,1,41,25,75,229
2022,6,2022_06_WAS_CHI,CHI,WAS,13,5,4,1,20,4,42,5,3,5,4,1,27,14,237,154
2022,6,2022_06_WAS_CHI,WAS,CHI,11,2,0,0,14,7,36,3,5,0,3,1,23,12,128,86
2022,7,2022_07_ATL_CIN,ATL,CIN,10,4,0,0,13,3,22,3,3,1,2,2,13,8,107,107
2022,7,2022_07_ATL_CIN,CIN,ATL,11,7,1,0,29,5,17,3,3,10,6,5,42,34,78,459
2022,7,2022_07_CHI_NE,CHI,NE,18,11,1,0,24,4,35,4,1,5,6,3,21,13,243,147
2022,7,2022_07_CHI_NE,NE,CHI,10,5,1,0,12,4,30,1,4,3,2,2,28,17,70,190
2022,7,2022_07_CLE_BAL,BAL,CLE,15,7,2,2,17,3,53,3,5,2,4,2,16,9,160,94
2022,7,2022_07_CLE_BAL,CLE,BAL,11,2,1,1,18,6,45,5,3,4,4,2,27,22,113,223
2022,7,2022_07_DET_DAL,DAL,DET,9,3,0,0,21,7,55,2,5,4,5,3,25,19,139,191
2022,7,2022_07_DET_DAL,DET,DAL,9,3,0,0,17,8,59,5,2,3,1,0,26,21,117,195
2022,7,2022_07_GB_WAS,GB,WAS,6,0,1,0,16,9,69,0,1,2,3,2,35,23,38,194
2022,7,2022_07_GB_WAS,WAS,GB,16,7,0,0,21,7,54,1,0,4,5,2,33,20,166,198
2022,7,2022_07_HOU_LV,HOU,LV,15,9,2,1,21,3,14,1,1,6,4,2,41,28,108,296
2022,7,2022_07_HOU_LV,LV,HOU,9,4,1,1,25,5,44,1,1,3,5,4,27,21,164,236
2022,7,2022_07_IND_TEN,IND,TEN,13,4,1,1,17,4,28,3,2,1,1,1,44,33,65,227
2022,7,2022_07_IND_TEN,TEN,IND,12,5,0,0,16,2,15,2,3,4,4,0,20,13,138,116
2022,7,2022_07_KC_SF,KC,SF,9,6,0,0,24,8,84,1,5,8,7,6,36,25,112,417
2022,7,2022_07_KC_SF,SF,KC,14,8,0,0,25,10,80,5,1,5,5,2,46,29,101,343
2022,7,2022_07_NO_ARI,ARI,NO,10,3,1,1,21,4,20,2,0,3,6,3,30,20,139,191
2022,7,2022_07_NO_ARI,NO,ARI,13,6,1,1,25,8,49,0,2,4,6,4,49,32,85,409
2022,7,2022_07_NYG_JAX,JAX,NYG,13,6,4,2,25,13,81,0,1,6,6,2,44,22,144,310
2022,7,2022_07_NYG_JAX,NYG,JAX,12,6,1,0,27,8,67,1,0,3,6,2,30,19,236,200
2022,7,2022_07_NYJ_DEN,DEN,NYJ,16,5,3,1,21,4,34,1,3,1,2,1,46,24,105,219
2022,7,2022_07_NYJ_DEN,NYJ,DEN,14,3,0,0,10,11,85,3,1,3,2,1,26,16,155,105
2022,7,2022_07_PIT_MIA,MIA,PIT,14,4,1,0,17,5,30,0,2,5,3,1,35,21,111,261
2022,7,2022_07_PIT_MIA,PIT,MIA,14,4,2,2,19,5,40,2,0,2,2,1,44,32,95,246
2022,7,2022_07_SEA_LAC,LAC,SEA,15,5,3,1,21,7,70,3,2,4,4,3,51,33,53,276
2022,7,2022_07_SEA_LAC,SEA,LAC,9,5,0,0,24,7,68,2,3,5,6,4,27,20,213,191
2022,7,2022_07_TB_CAR,CAR,TB,12,4,0,0,14,3,15,1,1,7,3,3,22,16,173,170
2022,7,2022_07_TB_CAR,TB,CAR,12,2,3,1,17,4,30,1,1,3,1,0,49,32,46,276
2022,8,2022_08_ARI_MIN,ARI,MIN,11,4,1,0,25,10,67,4,3,4,4,3,45,31,78,297
2022,8,2022_08_ARI_MIN,MIN,ARI,13,6,1,0,24,10,86,3,4,3,5,5,36,24,173,208
2022,8,2022_08_BAL_TB,BAL,TB,13,6,1,0,27,7,101,3,3,4,6,3,38,27,231,222
2022,8,2022_08_BAL_TB,TB,BAL,13,4,1,1,20,4,35,3,3,5,5,2,44,26,44,305
2022,8,2022_08_CAR_ATL,ATL,CAR,12,6,0,0,21,7,64,2,1,6,6,3,28,20,167,239
2022,8,2022_08_CAR_ATL,CAR,ATL,13,5,2,1,23,9,74,1,2,7,5,3,36,19,171,309
2022,8,2022_08_CHI_DAL,CHI,DAL,15,6,3,2,22,6,45,4,1,2,6,4,26,18,240,131
2022,8,2022_08_CHI_DAL,DAL,CHI,11,9,0,0,24,6,41,1,4,5,7,6,27,21,200,242
2022,8,2022_08_CIN_CLE,CIN,CLE,10,4,1,0,15,2,6,5,2,3,2,2,35,25,36,193
2022,8,2022_08_CIN_CLE,CLE,CIN,13,8,0,0,24,6,56,2,5,6,5,4,23,17,174,268
2022,8,2022_08_DEN_JAX,DEN,JAX,11,2,3,2,18,12,80,3,2,4,3,3,30,18,101,230
2022,8,2022_08_DEN_JAX,JAX,DEN,11,4,0,0,24,5,54,2,3,3,4,2,31,18,191,114
2022,8,2022_08_GB_BUF,BUF,GB,7,2,0,0,19,4,35,2,2,6,5,3,25,13,153,216
2022,8,2022_08_GB_BUF,GB,BUF,12,6,2,0,21,8,58,2,2,5,3,2,30,19,208,190
2022,8,2022_08_LV_NO,LV,NO,14,5,3,2,12,6,59,4,0,0,1,0,39,23,38,145
2022,8,2022_08_LV_NO,NO,LV,12,7,1,0,22,5,27,0,4,2,5,3,31,23,136,231
2022,8,2022_08_MIA_DET,DET,MIA,9,4,2,1,21,6,30,1,2,4,4,3,37,27,82,311
2022,8,2022_08_MIA_DET,MIA,DET,12,8,1,1,27,7,55,2,1,5,4,4,36,29,107,369
2022,8,2022_08_NE_NYJ,NE,NYJ,19,6,2,1,18,6,54,6,2,3,3,1,35,24,127,161
2022,8,2022_08_NE_NYJ,NYJ,NE,14,5,1,0,16,4,41,2,6,6,3,2,41,20,51,336
2022,8,2022_08_NYG_SEA,NYG,SEA,16,6,1,0,14,6,53,5,3,2,2,1,31,17,78,147
2022,8,2022_08_NYG_SEA,SEA,NYG,13,3,2,2,19,3,25,3,5,2,4,3,34,23,87,190
2022,8,2022_08_PIT_PHI,PHI,PIT,12,7,1,1,20,8,60,3,6,7,5,5,30,20,111,290
2022,8,2022_08_PIT_PHI,PIT,PHI,12,1,4,4,21,9,60,6,3,2,4,1,40,27,144,158
2022,8,2022_08_SF_LA,LA,SF,13,8,0,0,16,4,50,2,3,3,2,2,33,22,56,167
2022,8,2022_08_SF_LA,SF,LA,9,5,0,0,22,3,8,3,2,5,5,4,26,22,111,257
2022,8,2022_08_TEN_HOU,HOU,TEN,14,2,2,2,10,6,45,3,3,3,2,1,30,17,43,118
2022,8,2022_08_TEN_HOU,TEN,HOU,12,4,1,1,16,6,35,3,3,4,3,2,10,6,314,40
2022,8,2022_08_WAS_IND,IND,WAS,12,5,0,0,15,3,25,2,2,5,3,1,23,17,135,189
2022,8,2022_08_WAS_IND,WAS,IND,12,2,3,2,20,3,52,2,2,4,3,2,31,23,96,266
2022,9,2022_09_BAL_NO,BAL,NO,15,9,0,0,23,5,31,3,4,1,5,3,22,12,188,131
2022,9,2022_09_BAL_NO,NO,BAL,11,3,1,1,13,5,40,4,3,1,3,1,30,20,48,195
2022,9,2022_09_BUF_NYJ,BUF,NYJ,13,8,1,0,19,3,30,5,2,2,3,2,34,18,134,183
2022,9,2022_09_BUF_NYJ,NYJ,BUF,13,5,2,2,20,3,30,2,5,2,5,2,25,18,174,136
2022,9,2022_09_CAR_CIN,CAR,CIN,8,2,1,1,13,7,50,0,2,3,3,3,30,17,64,164
2022,9,2022_09_CAR_CIN,CIN,CAR,10,6,0,0,30,5,35,2,0,4,6,6,31,25,241,223
2022,9,2022_09_GB_DET,DET,GB,11,6,2,0,18,7,62,0,1,2,3,2,26,14,119,137
2022,9,2022_09_GB_DET,GB,DET,15,8,4,1,19,8,81,1,0,4,5,1,44,23,106,283
2022,9,2022_09_IND_NE,IND,NE,14,0,2,0,8,2,15,9,4,1,2,0,29,15,78,43
2022,9,2022_09_IND_NE,NE,IND,17,6,0,0,11,4,35,4,9,2,3,1,30,20,70,133
2022,9,2022_09_LAC_ATL,ATL,LAC,11,5,0,0,19,2,15,2,0,2,4,2,23,12,201,114
2022,9,2022_09_LAC_ATL,LAC,ATL,16,8,1,1,19,5,45,0,2,4,4,2,43,30,91,245
2022,9,2022_09_LA_TB,LA,TB,15,4,0,0,9,4,53,4,1,3,3,1,27,13,68,138
2022,9,2022_09_LA_TB,TB,LA,21,9,2,0,18,7,55,1,4,1,4,1,58,36,51,272
2022,9,2022_09_LV_JAX,JAX,LV,15,9,0,0,22,4,30,0,2,3,4,3,31,25,168,235
2022,9,2022_09_LV_JAX,LV,JAX,12,3,3,1,16,5,45,2,0,4,4,2,36,21,73,248
2022,9,2022_09_MIA_CHI,CHI,MIA,16,10,2,1,23,4,92,2,0,1,5,4,29,17,252,118
2022,9,2022_09_MIA_CHI,MIA,CHI,10,5,2,0,21,3,38,0,2,6,7,4,30,21,77,302
2022,9,2022_09_MIN_WAS,MIN,WAS,16,7,0,0,17,5,42,2,3,3,4,2,41,23,56,245
2022,9,2022_09_MIN_WAS,WAS,MIN,10,3,1,0,18,3,26,3,2,2,2,2,28,15,137,126
2022,9,2022_09_PHI_HOU,HOU,PHI,9,2,0,0,20,4,24,3,4,4,4,2,22,13,168,135
2022,9,2022_09_PHI_HOU,PHI,HOU,10,5,2,2,24,4,31,4,3,5,4,4,27,21,145,217
2022,9,2022_09_SEA_ARI,ARI,SEA,14,6,2,0,15,12,77,5,2,2,3,2,35,25,122,140
2022,9,2022_09_SEA_ARI,SEA,ARI,15,10,1,0,26,6,34,2,5,3,4,4,34,26,158,263
2022,9,2022_09_TEN_KC,KC,TEN,19,8,2,2,29,10,69,4,3,5,4,2,68,43,79,422
2022,9,2022_09_TEN_KC,TEN,KC,11,1,1,0,9,8,51,3,4,3,2,2,16,5,172,57
2022,10,2022_10_ARI_LA,ARI,LA,15,5,3,3,18,10,67,2,3,2,4,3,37,26,78,220
2022,10,2022_10_ARI_LA,LA,ARI,11,3,2,2,18,5,29,3,2,1,3,2,37,25,66,190
2022,10,2022_10_ATL_CAR,ATL,CAR,11,3,2,0,18,4,37,5,1,4,3,2,30,19,138,153
2022,10,2022_10_ATL_CAR,CAR,ATL,15,6,0,0,17,10,89,1,5,4,3,2,16,10,232,101
2022,10,2022_10_CLE_MIA,CLE,MIA,12,5,5,2,20,6,52,3,1,3,3,2,35,22,112,185
2022,10,2022_10_CLE_MIA,MIA,CLE,11,6,2,1,29,5,43,1,3,5,7,5,33,26,195,296
2022,10,2022_10_DAL_GB,DAL,GB,15,5,3,2,24,9,83,2,2,4,5,4,46,27,159,262
2022,10,2022_10_DAL_GB,GB,DAL,13,6,1,1,19,6,40,2,2,5,5,4,20,14,207,208
2022,10,2022_10_DEN_TEN,DEN,TEN,17,4,3,2,18,8,50,6,1,2,1,1,42,21,65,248
2022,10,2022_10_DEN_TEN,TEN,DEN,16,6,0,0,13,9,60,1,6,3,3,2,36,19,63,244
2022,10,2022_10_DET_CHI,CHI,DET,11,6,1,0,19,9,86,3,2,4,5,4,20,12,258,150
2022,10,2022_10_DET_CHI,DET,CHI,11,5,1,1,23,2,15,2,3,5,6,3,26,19,95,228
2022,10,2022_10_HOU_NYG,HOU,NYG,10,3,0,0,21,7,40,4,3,6,6,1,37,22,101,286
2022,10,2022_10_HOU_NYG,NYG,HOU,14,7,0,0,19,5,24,3,4,4,3,3,17,13,191,176
2022,10,2022_10_IND_LV,IND,LV,11,6,0,0,20,4,25,1,2,5,4,3,30,21,207,208
2022,10,2022_10_IND_LV,LV,IND,13,5,3,1,18,10,74,2,1,3,4,3,39,24,77,232
2022,10,2022_10_JAX_KC,JAX,KC,14,4,2,2,17,5,30,5,0,3,3,2,40,29,75,240
2022,10,2022_10_JAX_KC,KC,JAX,10,7,1,1,25,0,0,0,5,6,5,4,35,26,155,331
2022,10,2022_10_LAC_SF,LAC,SF,16,6,1,0,12,1,5,3,1,3,3,1,37,21,51,187
2022,10,2022_10_LAC_SF,SF,LAC,17,9,1,1,22,5,52,1,3,5,5,2,28,19,157,230
2022,10,2022_10_MIN_BUF,BUF,MIN,13,7,1,0,29,7,64,2,4,7,7,3,43,29,175,311
2022,10,2022_10_MIN_BUF,MIN,BUF,17,7,5,3,24,7,64,4,2,7,7,3,50,30,147,334
2022,10,2022_10_NO_PIT,NO,PIT,12,3,1,0,10,10,74,2,6,0,1,1,28,17,29,157
2022,10,2022_10_NO_PIT,PIT,NO,17,9,1,1,28,3,40,6,2,6,5,2,30,18,217,162
2022,10,2022_10_SEA_TB,SEA,TB,9,1,2,2,19,6,46,3,0,2,3,2,34,23,39,244
2022,10,2022_10_SEA_TB,TB,SEA,15,10,0,0,26,4,40,0,3,5,4,3,30,22,161,258
2022,10,2022_10_WAS_PHI,PHI,WAS,8,5,0,0,18,7,75,1,3,1,3,3,26,17,94,170
2022,10,2022_10_WAS_PHI,WAS,PHI,21,12,1,1,24,5,58,3,1,3,3,2,29,17,152,178
2022,11,2022_11_CAR_BAL,BAL,CAR,15,6,0,0,19,10,93,3,4,4,4,1,33,24,115,193
2022,11,2022_11_CAR_BAL,CAR,BAL,12,3,1,0,12,9,66,4,3,2,1,0,33,21,36,169
2022,11,2022_11_CHI_ATL,ATL,CHI,9,2,1,1,18,2,13,0,4,1,4,3,20,13,149,131
2022,11,2022_11_CHI_ATL,CHI,ATL,16,9,0,0,20,7,56,4,0,2,3,3,21,14,160,128
2022,11,2022_11_CIN_PIT,CIN,PIT,9,3,0,0,22,6,44,2,2,7,4,4,39,24,62,346
2022,11,2022_11_CIN_PIT,PIT,CIN,17,8,1,0,17,8,70,2,2,5,5,3,42,25,102,249
2022,11,2022_11_CLE_BUF,BUF,CLE,11,3,0,0,21,8,89,2,1,4,5,2,27,18,171,186
2022,11,2022_11_CLE_BUF,CLE,BUF,11,4,2,1,27,6,42,1,2,7,5,3,42,28,80,316
2022,11,2022_11_DAL_MIN,DAL,MIN,17,12,0,0,23,6,39,0,7,5,5,4,30,26,151,307
2022,11,2022_11_DAL_MIN,MIN,DAL,11,1,0,0,15,7,59,7,0,0,1,0,30,17,73,110
2022,11,2022_11_DET_NYG,DET,NYG,13,6,0,0,23,5,45,0,2,3,5,4,26,17,160,165
2022,11,2022_11_DET_NYG,NYG,DET,13,5,3,2,25,8,63,2,0,4,3,3,45,27,89,324
2022,11,2022_11_KC_LAC,KC,LAC,10,5,0,0,23,4,54,1,5,7,5,3,34,20,163,322
2022,11,2022_11_KC_LAC,LAC,KC,14,8,0,0,22,4,25,5,1,3,4,3,30,23,115,250
2022,11,2022_11_LA_NO,LA,NO,14,5,2,1,17,6,55,4,4,4,3,2,28,16,148,188
2022,11,2022_11_LA_NO,NO,LA,11,4,0,0,19,2,15,4,4,2,5,3,28,22,88,235
2022,11,2022_11_LV_DEN,DEN,LV,12,3,0,0,19,5,45,3,1,4,2,1,31,24,94,226
2022,11,2022_11_LV_DEN,LV,DEN,11,3,0,0,20,9,98,1,3,7,2,1,37,23,109,298
2022,11,2022_11_NYJ_NE,NE,NYJ,15,4,1,0,13,8,55,6,4,5,3,0,27,23,99,198
2022,11,2022_11_NYJ_NE,NYJ,NE,14,3,0,0,6,3,15,4,6,1,1,0,22,9,59,44
2022,11,2022_11_PHI_IND,IND,PHI,15,5,1,0,14,8,90,4,3,3,3,1,32,23,99,185
2022,11,2022_11_PHI_IND,PHI,IND,12,5,2,1,18,7,55,3,4,4,3,2,25,18,141,173
2022,11,2022_11_SF_ARI,ARI,SF,16,8,2,0,19,5,50,3,0,1,2,1,44,30,67,247
2022,11,2022_11_SF_ARI,SF,ARI,11,6,0,0,21,3,30,0,3,4,5,5,29,20,159,228
2022,11,2022_11_TEN_GB,GB,TEN,14,7,2,0,15,5,40,1,3,3,3,2,40,24,56,217
2022,11,2022_11_TEN_GB,TEN,GB,13,7,2,1,21,2,19,3,1,5,6,4,29,24,88,320
2022,11,2022_11_WAS_HOU,HOU,WAS,13,2,4,4,11,2,15,5,0,2,2,1,33,19,21,127
2022,11,2022_11_WAS_HOU,WAS,HOU,13,3,2,2,20,5,36,0,5,0,5,1,27,15,153,191
2022,12,2022_12_ATL_WAS,ATL,WAS,10,4,1,0,17,2,20,1,0,4,2,1,25,15,167,165
2022,12,2022_12_ATL_WAS,WAS,ATL,12,5,1,1,20,4,28,0,1,2,3,2,23,14,176,138
2022,12,2022_12_BAL_JAX,BAL,JAX,14,8,1,0,24,3,20,1,4,3,5,2,33,16,162,255
2022,12,2022_12_BAL_JAX,JAX,BAL,13,4,3,2,18,4,19,4,1,5,5,3,38,29,38,296
2022,12,2022_12_BUF_DET,BUF,DET,12,7,0,0,28,5,36,3,2,4,6,3,42,24,164,237
2022,12,2022_12_BUF_DET,DET,BUF,15,6,3,3,22,3,32,2,3,3,4,3,37,23,98,230
2022,12,2022_12_CHI_NYJ,CHI,NYJ,13,4,3,2,14,1,10,2,1,4,3,1,25,14,127,165
2022,12,2022_12_CHI_NYJ,NYJ,CHI,12,7,1,0,22,1,5,1,2,5,5,4,29,22,158,308
2022,12,2022_12_CIN_TEN,CIN,TEN,14,5,0,0,21,9,80,1,1,6,4,2,37,22,108,266
2022,12,2022_12_CIN_TEN,TEN,CIN,16,7,0,0,14,8,57,1,1,4,5,1,34,22,63,281
2022,12,2022_12_DEN_CAR,CAR,DEN,12,2,2,2,19,4,34,0,3,3,5,2,19,11,185,164
2022,12,2022_12_DEN_CAR,DEN,CAR,14,4,1,0,14,4,44,3,0,2,2,1,35,19,121,125
2022,12,2022_12_GB_PHI,GB,PHI,7,1,1,1,18,4,35,3,2,5,6,4,25,17,106,236
2022,12,2022_12_GB_PHI,PHI,GB,15,8,3,2,28,3,25,2,3,7,6,5,28,16,363,137
2022,12,2022_12_HOU_MIA,HOU,MIA,13,2,1,1,13,5,45,5,5,2,3,2,40,26,36,174
2022,12,2022_12_HOU_MIA,MIA,HOU,15,4,1,1,25,4,35,5,5,6,6,2,41,23,66,273
2022,12,2022_12_LAC_ARI,ARI,LAC,13,7,1,0,20,3,19,1,4,4,3,3,29,18,181,185
2022,12,2022_12_LAC_ARI,LAC,ARI,13,6,0,0,22,4,30,4,1,2,4,3,48,35,65,248
2022,12,2022_12_LA_KC,KC,LA,11,5,0,0,29,3,25,0,3,5,7,2,42,27,117,320
2022,12,2022_12_LA_KC,LA,KC,13,5,3,3,13,5,25,3,0,0,1,1,24,14,116,82
2022,12,2022_12_LV_SEA,LV,SEA,14,8,2,1,27,7,50,1,3,6,6,4,36,25,283,293
2022,12,2022_12_LV_SEA,SEA,LV,9,3,0,0,22,2,10,3,1,7,6,4,37,27,65,307
2022,12,2022_12_NE_MIN,MIN,NE,15,8,0,0,23,3,20,1,3,4,6,4,38,31,57,301
2022,12,2022_12_NE_MIN,NE,MIN,10,3,1,0,17,6,55,3,1,7,5,2,39,28,45,364
2022,12,2022_12_NO_SF,NO,SF,11,4,1,0,14,6,46,1,1,2,2,0,30,18,63,197
2022,12,2022_12_NO_SF,SF,NO,13,5,2,1,20,7,64,1,1,3,3,1,37,26,96,221
2022,12,2022_12_NYG_DAL,DAL,NYG,11,7,1,0,26,13,86,0,3,6,4,4,30,21,169,261
2022,12,2022_12_NYG_DAL,NYG,DAL,11,3,2,0,20,7,66,3,0,3,3,2,35,21,90,210
2022,12,2022_12_PIT_IND,IND,PIT,12,3,3,2,19,2,20,3,3,2,3,2,34,22,110,180
2022,12,2022_12_PIT_IND,PIT,IND,14,7,0,0,21,3,19,3,3,1,3,2,29,20,172,153
2022,12,2022_12_TB_CLE,CLE,TB,17,5,4,2,21,5,42,4,3,3,4,3,37,23,189,178
2022,12,2022_12_TB_CLE,TB,CLE,15,4,1,1,16,9,70,3,4,5,2,2,43,29,96,229
2022,13,2022_13_BUF_NE,BUF,NE,15,9,0,0,22,6,47,2,1,2,3,3,33,22,132,223
2022,13,2022_13_BUF_NE,NE,BUF,12,3,1,1,14,6,62,1,2,1,2,1,36,22,60,182
2022,13,2022_13_CLE_HOU,CLE,HOU,13,4,0,0,14,6,56,1,0,2,4,0,22,12,174,130
2022,13,2022_13_CLE_HOU,HOU,CLE,12,1,2,1,16,5,31,0,1,2,5,1,40,20,82,201
2022,13,2022_13_DEN_BAL,BAL,DEN,13,3,3,3,20,3,15,4,2,1,2,1,37,30,103,182
2022,13,2022_13_DEN_BAL,DEN,BAL,12,2,0,0,12,4,48,2,4,3,0,0,22,17,88,184
2022,13,2022_13_GB_CHI,CHI,GB,11,6,0,0,15,5,63,0,0,6,3,2,25,20,155,254
2022,13,2022_13_GB_CHI,GB,CHI,13,6,2,1,21,2,20,0,0,4,5,3,32,18,175,184
2022,13,2022_13_IND_DAL,DAL,IND,13,7,1,1,23,3,43,1,3,7,8,7,31,20,220,165
2022,13,2022_13_IND_DAL,IND,DAL,13,4,3,3,18,6,88,3,1,2,3,2,38,21,106,203
2022,13,2022_13_JAX_DET,DET,JAX,12,8,0,0,31,1,10,2,2,3,6,4,41,31,100,337
2022,13,2022_13_JAX_DET,JAX,DET,12,3,4,3,14,5,24,2,2,3,2,1,35,19,95,173
2022,13,2022_13_KC_CIN,CIN,KC,11,7,1,0,26,6,65,1,2,2,7,3,31,25,152,279
2022,13,2022_13_KC_CIN,KC,CIN,11,6,2,2,20,4,35,2,1,2,5,3,27,16,138,211
2022,13,2022_13_LAC_LV,LAC,LV,16,5,5,3,22,4,20,5,0,2,5,1,47,28,72,314
2022,13,2022_13_LAC_LV,LV,LAC,10,3,0,0,21,3,15,0,5,5,4,3,30,16,154,250
2022,13,2022_13_MIA_SF,MIA,SF,7,0,2,1,13,8,68,3,4,2,3,2,34,18,33,275
2022,13,2022_13_MIA_SF,SF,MIA,19,8,2,1,24,4,45,4,3,3,6,2,41,27,121,230
2022,13,2022_13_NO_TB,NO,TB,14,5,0,0,14,6,84,2,1,5,4,1,29,21,66,232
2022,13,2022_13_NO_TB,TB,NO,15,8,0,0,25,4,39,1,2,1,3,2,54,36,76,274
2022,13,2022_13_NYJ_MIN,MIN,NYJ,18,9,1,1,20,3,44,2,1,3,3,3,35,21,128,159
2022,13,2022_13_NYJ_MIN,NYJ,MIN,16,3,5,2,22,6,40,1,2,6,6,1,58,31,120,366
2022,13,2022_13_PIT_ATL,ATL,PIT,10,3,1,1,18,6,48,1,0,3,2,1,24,13,146,160
2022,13,2022_13_PIT_ATL,PIT,ATL,12,6,0,0,21,7,30,0,1,2,3,1,28,16,154,197
2022,13,2022_13_SEA_LA,LA,SEA,12,4,2,1,20,4,39,4,4,4,3,2,26,14,171,148
2022,13,2022_13_SEA_LA,SEA,LA,10,5,0,0,25,6,42,4,4,5,5,3,39,28,90,348
2022,13,2022_13_TEN_PHI,PHI,TEN,11,3,3,3,26,12,80,2,6,6,5,5,41,30,67,386
2022,13,2022_13_TEN_PHI,TEN,PHI,14,4,2,1,11,7,82,6,2,2,3,1,26,16,87,122
2022,13,2022_13_WAS_NYG,NYG,WAS,13,4,0,0,19,4,34,4,5,3,3,2,31,25,134,182
2022,13,2022_13_WAS_NYG,WAS,NYG,14,3,1,1,25,7,55,5,4,5,3,2,41,27,165,246
2022,14,2022_14_BAL_PIT,BAL,PIT,13,4,2,1,18,5,46,2,2,3,3,1,17,11,215,94
2022,14,2022_14_BAL_PIT,PIT,BAL,8,4,0,0,22,2,15,2,2,3,4,2,31,22,65,264
2022,14,2022_14_CAR_SEA,CAR,SEA,13,6,2,1,24,6,29,2,3,1,5,3,24,14,223,105
2022,14,2022_14_CAR_SEA,SEA,CAR,13,6,1,1,16,3,35,3,2,4,4,3,36,21,46,241
2022,14,2022_14_CLE_CIN,CIN,CLE,15,6,0,0,23,4,36,2,2,4,4,3,33,18,136,227
2022,14,2022_14_CLE_CIN,CLE,CIN,15,4,6,3,18,9,98,2,2,3,3,1,43,26,71,273
2022,14,2022_14_HOU_DAL,DAL,HOU,15,8,2,1,21,3,10,1,0,5,5,3,39,24,127,277
2022,14,2022_14_HOU_DAL,HOU,DAL,15,7,2,0,16,4,25,0,1,4,3,2,27,20,114,213
2022,14,2022_14_JAX_TEN,JAX,TEN,13,6,1,0,22,9,70,0,4,7,6,4,43,30,60,368
2022,14,2022_14_JAX_TEN,TEN,JAX,10,5,1,0,22,5,50,4,0,4,4,3,39,25,137,229
2022,14,2022_14_KC_DEN,DEN,KC,17,6,2,1,17,6,38,6,2,3,4,4,44,27,106,214
2022,14,2022_14_KC_DEN,KC,DEN,12,6,0,0,20,4,70,2,6,6,5,3,42,28,89,342
2022,14,2022_14_LV_LA,LA,LV,12,4,1,1,20,7,60,4,0,5,2,2,35,22,71,211
2022,14,2022_14_LV_LA,LV,LA,13,5,1,1,17,7,94,0,4,2,4,1,20,11,165,137
2022,14,2022_14_MIA_LAC,LAC,MIA,18,9,2,1,24,6,40,4,2,4,6,2,51,39,82,350
2022,14,2022_14_MIA_LAC,MIA,LAC,11,3,0,0,14,6,50,2,4,2,2,2,28,10,92,127
2022,14,2022_14_MIN_DET,DET,MIN,15,7,2,1,23,7,51,0,4,4,4,4,39,27,134,330
2022,14,2022_14_MIN_DET,MIN,DET,10,4,2,1,23,3,25,4,0,7,5,3,42,31,22,394
2022,14,2022_14_NE_ARI,ARI,NE,14,4,5,1,19,8,48,6,1,4,3,1,41,28,113,210
2022,14,2022_14_NE_ARI,NE,ARI,11,3,0,0,18,8,80,1,6,3,5,2,35,24,103,225
2022,14,2022_14_NYJ_BUF,BUF,NYJ,13,2,0,0,14,5,35,3,4,2,3,2,27,16,102,130
2022,14,2022_14_NYJ_BUF,NYJ,BUF,17,8,1,0,19,7,61,4,3,2,3,1,47,28,76,233
2022,14,2022_14_PHI_NYG,NYG,PHI,13,4,4,2,18,5,34,7,4,2,4,3,33,23,123,183
2022,14,2022_14_PHI_NYG,PHI,NYG,11,6,1,1,27,2,9,4,7,5,8,6,31,21,253,184
2022,14,2022_14_TB_SF,SF,TB,9,4,2,1,24,2,15,0,0,5,6,5,23,17,209,195
2022,14,2022_14_TB_SF,TB,SF,16,4,7,4,18,8,62,0,0,2,2,1,55,34,69,253
2022,15,2022_15_ARI_DEN,ARI,DEN,12,2,0,0,13,7,46,3,7,1,1,1,37,20,73,167
2022,15,2022_15_ARI_DEN,DEN,ARI,11,4,0,0,23,4,31,7,3,2,4,3,26,21,168,156
2022,15,2022_15_ATL_NO,ATL,NO,16,9,1,0,21,3,30,4,2,1,3,2,26,13,233,89
2022,15,2022_15_ATL_NO,NO,ATL,11,5,1,0,17,6,46,2,4,3,4,3,19,13,134,214
2022,15,2022_15_BAL_CLE,BAL,CLE,12,5,3,0,17,3,25,3,3,3,2,0,30,17,198,126
2022,15,2022_15_BAL_CLE,CLE,BAL,15,5,2,2,19,3,32,3,3,1,5,1,28,18,143,140
2022,15,2022_15_CIN_TB,CIN,TB,13,5,0,0,20,4,27,2,1,0,5,4,41,27,53,186
2022,15,2022_15_CIN_TB,TB,CIN,12,4,3,2,25,7,58,1,2,4,4,3,45,30,92,304
2022,15,2022_15_DAL_JAX,DAL,JAX,16,9,0,0,24,2,18,3,1,5,5,4,30,23,154,243
2022,15,2022_15_DAL_JAX,JAX,DAL,12,8,0,0,26,4,37,1,3,4,5,4,42,27,192,311
2022,15,2022_15_DET_NYJ,DET,NYJ,15,5,3,2,17,6,52,0,4,1,5,1,38,23,107,252
2022,15,2022_15_DET_NYJ,NYJ,DET,14,7,1,1,18,2,20,4,0,7,3,2,35,18,50,287
2022,15,2022_15_IND_MIN,IND,MIN,19,6,1,0,20,11,103,3,7,2,7,1,33,19,171,170
2022,15,2022_15_IND_MIN,MIN,IND,15,5,3,0,31,9,74,7,3,5,5,5,56,34,92,428
2022,15,2022_15_KC_HOU,HOU,KC,10,4,0,0,18,4,33,1,2,1,4,3,29,14,94,125
2022,15,2022_15_KC_HOU,KC,HOU,12,6,0,0,32,10,102,2,1,3,4,3,42,36,189,315
2022,15,2022_15_LA_GB,GB,LA,9,4,2,2,27,4,80,3,5,2,5,3,30,22,138,207
2022,15,2022_15_LA_GB,LA,GB,11,4,0,0,11,8,76,5,3,0,2,1,21,12,72,84
2022,15,2022_15_MIA_BUF,BUF,MIA,14,8,0,0,29,7,51,2,2,5,5,4,40,25,152,296
2022,15,2022_15_MIA_BUF,MIA,BUF,14,5,1,1,19,8,51,2,2,6,5,3,31,17,188,217
2022,15,2022_15_NE_LV,LV,NE,14,5,1,1,18,13,90,3,0,4,3,3,38,20,97,211
2022,15,2022_15_NE_LV,NE,LV,13,2,0,0,19,6,30,0,3,4,3,1,32,13,206,114
2022,15,2022_15_NYG_WAS,NYG,WAS,10,2,1,1,19,5,30,0,3,0,2,1,32,21,128,160
2022,15,2022_15_NYG_WAS,WAS,NYG,10,1,2,1,20,6,40,3,0,3,3,1,29,17,159,228
2022,15,2022_15_PHI_CHI,CHI,PHI,13,5,1,0,15,6,30,6,1,4,4,3,22,14,157,91
2022,15,2022_15_PHI_CHI,PHI,CHI,16,9,2,1,20,2,25,1,6,7,5,3,37,22,114,309
2022,15,2022_15_PIT_CAR,CAR,PIT,11,4,0,0,12,5,40,4,1,4,3,1,23,14,21,188
2022,15,2022_15_PIT_CAR,PIT,CAR,16,12,0,0,22,7,81,1,4,2,3,3,22,17,156,169
2022,15,2022_15_SF_SEA,SEA,SF,13,4,0,0,16,8,79,3,1,1,2,1,44,31,70,207
2022,15,2022_15_SF_SEA,SF,SEA,13,6,0,0,15,7,60,1,3,5,4,3,26,17,170,211
2022,15,2022_15_TEN_LAC,LAC,TEN,13,4,2,2,23,3,20,3,4,3,3,2,42,28,74,291
2022,15,2022_15_TEN_LAC,TEN,LAC,11,3,0,0,17,6,62,4,3,2,2,2,26,18,127,157
2022,16,2022_16_ATL_BAL,ATL,BAL,14,5,4,1,17,5,48,2,0,3,4,0,33,22,115,212
2022,16,2022_16_ATL_BAL,BAL,ATL,12,4,0,0,15,1,6,0,2,3,4,1,17,9,186,115
2022,16,2022_16_BUF_CHI,BUF,CHI,11,6,1,1,20,9,72,1,2,5,7,5,27,15,254,174
2022,16,2022_16_BUF_CHI,CHI,BUF,12,2,4,1,11,2,15,2,1,3,4,1,28,18,80,129
2022,16,2022_16_CIN_NE,CIN,NE,16,8,1,1,26,8,62,2,4,3,5,3,52,40,73,369
2022,16,2022_16_CIN_NE,NE,CIN,13,6,1,0,15,10,82,4,2,4,4,2,34,21,61,224
2022,16,2022_16_DEN_LA,DEN,LA,10,3,3,1,18,6,55,6,0,5,1,1,35,19,106,219
2022,16,2022_16_DEN_LA,LA,DEN,10,6,1,1,26,3,6,0,6,3,7,5,28,24,158,230
2022,16,2022_16_DET_CAR,CAR,DET,9,3,1,1,30,10,74,0,2,10,6,4,22,15,320,250
2022,16,2022_16_DET_CAR,DET,CAR,12,4,3,2,22,4,30,2,0,5,6,3,42,25,45,336
2022,16,2022_16_GB_MIA,GB,MIA,14,2,5,3,17,5,40,2,2,4,5,2,38,24,79,222
2022,16,2022_16_GB_MIA,MIA,GB,7,2,1,1,15,8,62,2,2,4,3,2,25,16,82,294
2022,16,2022_16_HOU_TEN,HOU,TEN,14,5,1,0,15,4,35,1,4,3,4,2,33,20,70,215
2022,16,2022_16_HOU_TEN,TEN,HOU,12,4,2,1,15,5,30,4,1,1,2,2,23,14,184,88
2022,16,2022_16_JAX_NYJ,JAX,NYJ,16,7,0,0,19,3,25,1,3,4,3,1,31,20,147,218
2022,16,2022_16_JAX_NYJ,NYJ,JAX,13,2,5,1,10,9,64,3,1,2,2,0,33,19,66,161
2022,16,2022_16_LAC_IND,IND,LAC,10,0,4,1,10,2,11,7,4,0,1,0,29,17,69,105
2022,16,2022_16_LAC_IND,LAC,IND,18,8,1,1,17,6,60,4,7,2,4,2,31,24,101,213
2022,16,2022_16_LV_PIT,LV,PIT,12,6,0,0,13,2,20,3,0,1,1,1,30,16,58,143
2022,16,2022_16_LV_PIT,PIT,LV,14,5,2,2,19,3,35,0,3,2,1,1,39,26,106,244
2022,16,2022_16_NO_CLE,CLE,NO,16,7,3,1,15,4,45,2,0,1,3,1,31,15,124,125
2022,16,2022_16_NO_CLE,NO,CLE,15,7,0,0,13,2,15,0,2,1,3,2,15,8,152,92
2022,16,2022_16_NYG_MIN,MIN,NYG,13,6,1,0,23,2,14,4,3,1,4,3,48,34,83,270
2022,16,2022_16_NYG_MIN,NYG,MIN,11,3,1,1,23,7,63,3,4,5,3,2,43,30,126,321
2022,16,2022_16_PHI_DAL,DAL,PHI,15,8,1,1,25,4,36,6,0,6,6,4,35,27,115,304
2022,16,2022_16_PHI_DAL,PHI,DAL,14,8,3,2,25,2,10,0,6,7,6,3,40,24,87,355
2022,16,2022_16_SEA_KC,KC,SEA,11,3,1,0,14,5,39,1,2,4,3,3,28,16,77,220
2022,16,2022_16_SEA_KC,SEA,KC,14,2,6,3,19,6,35,2,1,4,3,1,40,25,133,200
2022,16,2022_16_TB_ARI,ARI,TB,19,5,1,1,16,6,74,1,0,5,3,1,46,25,121,204
2022,16,2022_16_TB_ARI,TB,ARI,17,6,2,1,21,5,30,0,1,3,4,1,48,32,115,281
2022,16,2022_16_WAS_SF,SF,WAS,11,4,2,1,14,4,25,3,2,5,8,4,22,15,153,218
2022,16,2022_16_WAS_SF,WAS,SF,13,7,2,0,21,6,51,2,3,4,4,3,35,25,79,270
2022,17,2022_17_ARI_ATL,ARI,ATL,11,4,1,0,22,8,50,2,1,1,4,1,40,24,126,213
2022,17,2022_17_ARI_ATL,ATL,ARI,11,5,2,1,20,5,70,1,2,2,5,2,26,19,132,166
2022,17,2022_17_CAR_TB,CAR,TB,11,4,2,1,22,8,58,2,3,6,3,3,37,23,74,326
2022,17,2022_17_CAR_TB,TB,CAR,15,4,2,2,25,8,51,3,2,6,6,4,47,34,67,413
2022,17,2022_17_CHI_DET,CHI,DET,13,3,1,0,9,3,49,7,2,2,2,1,21,7,200,30
2022,17,2022_17_CHI_DET,DET,CHI,12,4,1,0,26,6,42,2,7,7,7,5,29,21,265,239
2022,17,2022_17_CLE_WAS,CLE,WAS,11,4,2,1,16,3,20,5,3,6,5,3,18,9,146,155
2022,17,2022_17_CLE_WAS,WAS,CLE,16,7,4,2,17,5,24,3,5,2,1,1,28,16,136,124
2022,17,2022_17_DAL_TEN,DAL,TEN,13,8,0,0,26,3,35,1,2,3,4,3,41,29,87,274
2022,17,2022_17_DAL_TEN,TEN,DAL,16,7,2,1,17,10,124,2,1,5,3,1,39,20,97,220
2022,17,2022_17_DEN_KC,DEN,KC,12,3,2,1,21,3,23,4,0,3,3,3,38,26,117,190
2022,17,2022_17_DEN_KC,KC,DEN,9,2,1,1,22,5,31,0,4,5,5,4,42,29,46,328
2022,17,2022_17_IND_NYG,IND,NYG,12,3,2,2,14,7,60,2,0,1,2,1,27,17,128,124
2022,17,2022_17_IND_NYG,NYG,IND,7,4,1,0,26,3,20,0,2,3,6,4,24,19,217,177
2022,17,2022_17_JAX_HOU,HOU,JAX,17,6,4,0,13,7,45,2,2,3,1,0,44,25,84,193
2022,17,2022_17_JAX_HOU,JAX,HOU,12,4,0,0,20,2,30,2,2,3,4,3,29,22,169,168
2022,17,2022_17_LA_LAC,LA,LAC,11,4,0,0,12,3,22,3,0,5,2,1,19,11,166,111
2022,17,2022_17_LA_LAC,LAC,LA,13,8,0,0,22,2,19,0,3,3,4,4,31,24,192,239
2022,17,2022_17_MIA_NE,MIA,NE,14,4,3,2,20,9,71,2,3,3,3,3,40,24,86,247
2022,17,2022_17_MIA_NE,NE,MIA,13,5,1,0,14,6,39,3,2,4,3,2,33,20,76,173
2022,17,2022_17_MIN_GB,GB,MIN,12,7,1,0,20,3,30,1,2,3,6,4,27,17,163,152
2022,17,2022_17_MIN_GB,MIN,GB,12,5,2,1,17,6,35,2,1,2,4,2,35,22,102,244
2022,17,2022_17_NO_PHI,NO,PHI,16,7,1,1,19,3,20,7,6,2,4,1,24,20,129,184
2022,17,2022_17_NO_PHI,PHI,NO,12,3,2,0,11,8,49,6,7,3,1,1,32,18,67,246
2022,17,2022_17_NYJ_SEA,NYJ,SEA,13,4,2,0,20,2,10,4,4,3,1,0,46,23,75,204
2022,17,2022_17_NYJ_SEA,SEA,NYJ,15,5,2,1,20,5,25,4,4,3,5,2,29,18,198,148
2022,17,2022_17_PIT_BAL,BAL,PIT,12,5,0,0,15,4,30,1,2,1,2,1,21,14,120,120
2022,17,2022_17_PIT_BAL,PIT,BAL,16,10,0,0,22,6,43,2,1,4,3,1,27,15,198,153
2022,17,2022_17_SF_LV,LV,SF,10,4,1,0,28,6,49,0,0,9,6,4,34,23,135,365
2022,17,2022_17_SF_LV,SF,LV,8,4,0,0,27,9,71,0,0,5,6,4,35,22,170,284
2022,18,2022_18_ARI_SF,ARI,SF,10,4,2,0,11,7,50,3,4,2,2,2,27,20,61,194
2022,18,2022_18_ARI_SF,SF,ARI,13,6,1,0,21,2,10,4,3,5,7,5,20,15,169,142
2022,18,2022_18_BAL_CIN,BAL,CIN,16,6,2,0,20,5,22,4,2,4,3,1,44,19,110,276
2022,18,2022_18_BAL_CIN,CIN,BAL,15,5,1,0,15,3,35,2,4,4,5,2,42,25,55,202
2022,18,2022_18_CAR_NO,CAR,NO,14,8,0,0,14,2,20,2,1,2,1,1,15,5,171,32
2022,18,2022_18_CAR_NO,NO,CAR,13,4,1,0,16,2,15,1,2,4,2,1,25,15,143,161
2022,18,2022_18_CLE_PIT,CLE,PIT,12,5,2,1,18,9,65,7,1,3,2,2,29,19,134,173
2022,18,2022_18_CLE_PIT,PIT,CLE,15,9,0,0,23,4,20,1,7,6,5,3,30,13,144,191
2022,18,2022_18_DAL_WAS,DAL,WAS,18,4,3,1,10,6,74,1,3,0,1,1,38,14,64,118
2022,18,2022_18_DAL_WAS,WAS,DAL,14,3,0,0,16,2,10,3,1,4,7,2,19,11,151,158
2022,18,2022_18_DET_GB,DET,GB,12,4,2,2,21,5,75,1,2,1,5,2,34,23,104,219
2022,18,2022_18_DET_GB,GB,DET,12,4,2,1,17,4,35,2,1,3,3,1,27,17,103,188
2022,18,2022_18_HOU_IND,HOU,IND,14,5,2,2,18,7,41,1,2,6,5,3,41,24,59,303
2022,18,2022_18_HOU_IND,IND,HOU,13,4,3,2,25,2,10,2,1,5,6,3,35,23,196,202
2022,18,2022_18_KC_LV,KC,LV,9,5,0,0,21,5,43,2,6,3,5,4,26,18,168,181
2022,18,2022_18_KC_LV,LV,KC,16,8,2,0,21,6,47,6,2,2,3,1,36,22,99,180
2022,18,2022_18_LAC_DEN,DEN,LAC,12,5,1,1,22,3,36,2,1,9,5,4,24,13,205,266
2022,18,2022_18_LAC_DEN,LAC,DEN,14,7,0,0,21,5,34,1,2,3,4,3,45,30,59,295
2022,18,2022_18_LA_SEA,LA,SEA,14,4,1,1,14,3,35,5,3,3,3,1,26,13,146,123
2022,18,2022_18_LA_SEA,SEA,LA,11,1,1,1,21,4,20,3,5,6,5,1,31,19,197,205
2022,18,2022_18_MIN_CHI,CHI,MIN,9,2,3,0,13,2,20,1,0,3,2,2,28,13,118,141
2022,18,2022_18_MIN_CHI,MIN,CHI,11,6,0,0,28,8,36,0,1,4,5,3,33,28,141,341
2022,18,2022_18_NE_BUF,BUF,NE,12,7,0,0,18,2,20,2,1,3,7,5,31,19,90,237
2022,18,2022_18_NE_BUF,NE,BUF,13,4,2,2,20,2,20,1,2,3,5,3,41,26,107,234
2022,18,2022_18_NYG_PHI,NYG,PHI,14,4,3,2,18,8,66,2,3,2,3,2,41,23,129,155
2022,18,2022_18_NYG_PHI,PHI,NYG,14,5,0,0,22,4,30,3,2,3,5,1,35,20,135,207
2022,18,2022_18_NYJ_MIA,MIA,NYJ,13,4,2,1,17,5,47,1,0,3,2,0,31,20,162,140
2022,18,2022_18_NYJ_MIA,NYJ,MIA,16,7,0,0,11,6,54,0,1,1,2,0,33,18,38,149
2022,18,2022_18_TB_ATL,ATL,TB,15,6,3,3,22,2,18,2,0,4,4,3,30,19,174,208
2022,18,2022_18_TB_ATL,TB,ATL,13,6,1,0,12,3,30,0,2,0,3,2,34,22,86,136
2022,18,2022_18_TEN_JAX,JAX,TEN,11,5,0,0,13,4,25,1,4,3,4,1,32,20,19,203
2022,18,2022_18_TEN_JAX,TEN,JAX,17,6,3,2,19,6,40,4,1,1,3,1,29,20,147,165
2023,1,2023_01_ARI_WAS,ARI,WAS,14,4,1,0,13,9,122,3,6,2,3,0,30,21,96,114
2023,1,2023_01_ARI_WAS,WAS,ARI,12,4,0,0,20,8,70,6,3,1,5,2,31,19,92,156
2023,1,2023_01_BUF_NYJ,BUF,NYJ,13,5,0,0,19,5,40,5,3,1,2,1,41,29,97,217
2023,1,2023_01_BUF_NYJ,NYJ,BUF,13,5,1,1,13,2,10,3,5,5,3,1,22,14,172,117
2023,1,2023_01_CAR_ATL,ATL,CAR,10,2,0,0,13,6,43,4,2,3,3,3,18,15,130,91
2023,1,2023_01_CAR_ATL,CAR,ATL,14,5,2,0,20,9,66,2,4,1,2,1,38,20,154,127
2023,1,2023_01_CIN_CLE,CIN,CLE,15,2,1,0,6,4,20,2,3,1,0,0,32,14,75,67
2023,1,2023_01_CIN_CLE,CLE,CIN,14,4,0,0,21,5,43,3,2,2,3,2,29,16,208,144
2023,1,2023_01_DAL_NYG,DAL,NYG,13,6,2,1,18,5,35,0,7,2,7,3,25,13,122,143
2023,1,2023_01_DAL_NYG,NYG,DAL,16,5,5,3,13,6,72,7,0,2,2,0,30,17,108,63
2023,1,2023_01_DET_KC,DET,KC,15,5,3,1,19,4,63,1,0,4,5,2,35,22,118,250
2023,1,2023_01_DET_KC,KC,DET,14,5,1,0,17,3,25,0,1,4,4,2,39,21,90,226
2023,1,2023_01_GB_CHI,CHI,GB,13,3,2,1,21,7,61,4,1,2,4,2,38,24,124,189
2023,1,2023_01_GB_CHI,GB,CHI,16,9,2,1,15,9,90,1,4,4,5,4,27,15,92,237
2023,1,2023_01_HOU_BAL,BAL,HOU,15,8,0,0,18,13,106,4,5,3,5,3,22,17,112,155
2023,1,2023_01_HOU_BAL,HOU,BAL,18,7,4,1,17,9,88,5,4,1,3,0,44,28,72,196
2023,1,2023_01_JAX_IND,IND,JAX,12,2,5,1,17,4,35,4,2,3,5,2,39,24,65,215
2023,1,2023_01_JAX_IND,JAX,IND,12,3,3,1,20,4,45,2,4,4,4,4,32,24,105,237
2023,1,2023_01_LA_SEA,LA,SEA,17,11,1,1,27,7,53,0,2,6,4,3,38,24,92,334
2023,1,2023_01_LA_SEA,SEA,LA,9,2,0,0,13,7,55,2,0,1,3,1,26,16,85,95
2023,1,2023_01_LV_DEN,DEN,LV,11,5,0,0,22,10,83,2,0,2,3,2,34,27,94,166
2023,1,2023_01_LV_DEN,LV,DEN,11,5,1,1,20,10,97,0,2,2,4,2,26,20,61,200
2023,1,2023_01_MIA_LAC,LAC,MIA,15,9,1,0,30,6,70,3,0,4,5,4,33,23,233,200
2023,1,2023_01_MIA_LAC,MIA,LAC,9,4,1,1,29,6,38,0,3,8,6,4,45,28,70,466
2023,1,2023_01_PHI_NE,NE,PHI,15,5,4,1,23,7,50,2,3,2,5,3,55,35,76,306
2023,1,2023_01_PHI_NE,PHI,NE,13,4,1,0,17,5,49,3,2,1,3,1,33,22,97,154
2023,1,2023_01_SF_PIT,PIT,SF,15,5,3,1,14,6,60,5,3,3,2,1,46,31,41,198
2023,1,2023_01_SF_PIT,SF,PIT,13,6,1,1,21,11,85,3,5,4,4,3,29,19,188,203
2023,1,2023_01_TB_MIN,MIN,TB,14,6,0,0,18,6,45,2,1,5,4,2,44,33,41,328
2023,1,2023_01_TB_MIN,TB,MIN,17,6,1,1,16,3,19,1,2,1,3,2,34,21,73,169
2023,1,2023_01_TEN_NO,NO,TEN,16,7,0,0,15,7,45,4,3,5,4,1,33,23,69,282
2023,1,2023_01_TEN_NO,TEN,NO,12,2,0,0,16,6,45,3,4,3,3,0,34,16,104,181
2023,2,2023_02_BAL_CIN,BAL,CIN,14,9,0,0,26,6,56,0,1,3,4,3,33,24,178,237
2023,2,2023_02_BAL_CIN,CIN,BAL,15,10,1,1,18,5,30,1,0,2,5,2,41,27,66,216
2023,2,2023_02_CHI_TB,CHI,TB,13,6,0,0,14,5,28,6,0,6,2,2,29,16,67,169
2023,2,2023_02_CHI_TB,TB,CHI,15,8,1,1,19,7,54,0,6,6,6,2,34,26,120,317
2023,2,2023_02_CLE_PIT,CLE,PIT,16,5,2,0,20,8,81,6,2,4,3,2,40,22,202,210
2023,2,2023_02_CLE_PIT,PIT,CLE,14,4,0,0,9,5,31,2,6,5,3,1,30,15,55,200
2023,2,2023_02_GB_ATL,ATL,GB,15,6,4,3,27,6,110,1,1,4,5,2,32,19,211,235
2023,2,2023_02_GB_ATL,GB,ATL,9,3,1,0,17,7,40,1,1,2,4,3,25,14,84,140
2023,2,2023_02_IND_HOU,HOU,IND,19,9,2,2,24,3,20,6,0,7,5,2,47,30,52,337
2023,2,2023_02_IND_HOU,IND,HOU,12,6,0,0,19,8,42,0,6,2,4,4,33,25,126,227
2023,2,2023_02_KC_JAX,JAX,KC,12,3,2,0,18,2,10,4,1,2,3,0,42,23,74,197
2023,2,2023_02_KC_JAX,KC,JAX,13,4,2,2,19,12,94,1,4,3,4,2,41,29,101,298
2023,2,2023_02_LAC_TEN,LAC,TEN,14,2,3,3,18,4,43,3,5,4,5,2,42,27,61,283
2023,2,2023_02_LAC_TEN,TEN,LAC,13,6,1,0,21,7,45,5,3,4,4,3,24,20,141,200
2023,2,2023_02_LV_BUF,BUF,LV,13,7,4,3,29,4,30,2,0,3,7,5,37,31,183,267
2023,2,2023_02_LV_BUF,LV,BUF,7,3,0,0,13,2,30,0,2,3,2,1,24,16,55,185
2023,2,2023_02_MIA_NE,MIA,NE,10,4,0,0,22,6,46,1,4,4,4,3,30,21,145,244
2023,2,2023_02_MIA_NE,NE,MIA,15,7,2,1,22,5,45,4,1,0,2,2,42,31,88,200
2023,2,2023_02_MIN_PHI,MIN,PHI,10,6,1,1,19,2,15,2,4,6,4,4,44,31,28,346
2023,2,2023_02_MIN_PHI,PHI,MIN,14,6,1,1,24,7,45,4,2,3,5,4,23,18,259,171
2023,2,2023_02_NO_CAR,CAR,NO,14,4,1,1,14,6,35,4,4,2,3,1,34,22,100,141
2023,2,2023_02_NO_CAR,NO,CAR,16,7,0,0,23,3,32,4,4,3,4,2,37,22,134,207
2023,2,2023_02_NYG_ARI,ARI,NYG,10,4,0,0,23,8,57,0,3,6,5,3,31,21,153,228
2023,2,2023_02_NYG_ARI,NYG,ARI,12,7,1,1,26,9,75,3,0,4,5,4,37,26,127,312
2023,2,2023_02_NYJ_DAL,DAL,NYJ,18,9,0,0,26,6,38,1,3,5,6,2,38,31,136,248
2023,2,2023_02_NYJ_DAL,NYJ,DAL,10,1,1,1,12,5,29,3,1,1,2,1,27,12,64,151
2023,2,2023_02_SEA_DET,DET,SEA,11,6,3,1,23,4,24,2,1,6,5,4,35,28,102,316
2023,2,2023_02_SEA_DET,SEA,DET,11,5,1,1,28,9,80,1,2,3,6,4,41,32,82,311
2023,2,2023_02_SF_LA,LA,SF,14,7,2,1,28,6,55,1,1,1,4,2,55,34,89,297
2023,2,2023_02_SF_LA,SF,LA,9,2,0,0,21,6,57,1,1,4,5,3,25,17,159,206
2023,2,2023_02_WAS_DEN,DEN,WAS,12,4,2,2,21,9,58,7,4,4,6,4,33,18,122,277
2023,2,2023_02_WAS_DEN,WAS,DEN,10,3,1,1,25,8,71,4,7,6,4,4,39,27,124,266
2023,3,2023_03_ATL_DET,ATL,DET,14,4,1,0,15,4,24,7,0,2,1,0,38,21,44,139
2023,3,2023_03_ATL_DET,DET,ATL,14,4,0,0,18,10,119,0,7,4,5,2,33,22,115,243
2023,3,2023_03_BUF_WAS,BUF,WAS,15,9,1,0,20,6,45,0,9,6,6,3,32,20,168,218
2023,3,2023_03_BUF_WAS,WAS,BUF,9,1,1,0,15,2,15,9,0,3,2,0,29,19,105,125
2023,3,2023_03_CAR_SEA,CAR,SEA,19,10,1,0,22,13,82,3,2,5,4,3,58,34,44,334
2023,3,2023_03_CAR_SEA,SEA,CAR,13,3,1,1,26,8,82,2,3,5,7,3,37,23,146,281
2023,3,2023_03_CHI_KC,CHI,KC,12,4,2,1,11,6,32,3,0,1,2,1,22,11,116,87
2023,3,2023_03_CHI_KC,KC,CHI,14,10,0,0,31,3,15,0,3,4,6,5,38,27,153,303
2023,3,2023_03_DAL_ARI,ARI,DAL,10,5,0,0,20,8,69,2,2,6,3,3,22,17,222,178
2023,3,2023_03_DAL_ARI,DAL,ARI,16,9,1,0,25,13,107,2,2,4,5,1,40,25,185,231
2023,3,2023_03_DEN_MIA,DEN,MIA,12,3,1,0,16,7,46,1,0,5,5,2,38,23,69,294
2023,3,2023_03_DEN_MIA,MIA,DEN,9,5,3,1,30,6,55,0,1,8,10,10,28,25,350,376
2023,3,2023_03_HOU_JAX,HOU,JAX,15,9,0,0,15,8,75,0,0,3,7,4,30,20,86,280
2023,3,2023_03_HOU_JAX,JAX,HOU,13,5,1,0,22,6,49,0,0,3,3,2,42,29,116,288
2023,3,2023_03_IND_BAL,BAL,IND,16,6,1,0,19,1,5,4,5,3,3,2,31,22,186,178
2023,3,2023_03_IND_BAL,IND,BAL,22,8,1,0,19,6,31,5,4,4,2,1,44,27,139,188
2023,3,2023_03_LAC_MIN,LAC,MIN,11,5,2,1,24,12,94,1,4,9,4,4,48,41,30,445
2023,3,2023_03_LAC_MIN,MIN,LAC,14,4,3,2,28,6,45,4,1,6,6,3,50,32,130,345
2023,3,2023_03_LA_CIN,CIN,LA,17,5,1,1,19,7,49,2,6,2,1,1,49,26,67,242
2023,3,2023_03_LA_CIN,LA,CIN,11,1,1,1,15,4,28,6,2,6,4,1,33,18,71,221
2023,3,2023_03_NE_NYJ,NE,NYJ,19,8,0,0,17,6,43,0,3,1,3,1,29,15,157,201
2023,3,2023_03_NE_NYJ,NYJ,NE,14,2,2,1,12,3,15,3,0,2,1,1,36,18,38,133
2023,3,2023_03_NO_GB,GB,NO,18,8,3,1,21,11,90,1,4,4,4,2,45,22,95,247
2023,3,2023_03_NO_GB,NO,GB,14,4,1,1,15,7,102,4,1,2,3,1,34,23,77,175
2023,3,2023_03_NYG_SF,NYG,SF,12,3,0,0,10,6,37,2,2,0,1,1,34,22,29,121
2023,3,2023_03_NYG_SF,SF,NYG,16,9,0,0,26,6,71,2,2,5,6,3,37,25,141,300
2023,3,2023_03_PHI_TB,PHI,TB,16,10,3,2,27,3,20,1,2,7,7,2,37,23,201,271
2023,3,2023_03_PHI_TB,TB,PHI,10,5,0,0,12,4,20,2,1,2,2,1,26,15,41,135
2023,3,2023_03_PIT_LV,LV,PIT,13,4,2,1,19,7,60,4,1,2,3,2,45,28,69,295
2023,3,2023_03_PIT_LV,PIT,LV,15,6,0,0,16,6,45,1,4,2,2,2,28,16,105,228
2023,3,2023_03_TEN_CLE,CLE,TEN,13,6,1,1,23,5,46,3,5,3,3,3,33,27,78,263
2023,3,2023_03_TEN_CLE,TEN,CLE,12,2,1,1,6,8,80,5,3,2,2,0,25,13,26,68
2023,4,2023_04_ARI_SF,ARI,SF,15,8,3,2,23,9,55,1,1,2,4,2,41,28,105,257
2023,4,2023_04_ARI_SF,SF,ARI,5,3,1,1,29,4,21,1,1,4,5,5,21,20,124,271
2023,4,2023_04_ATL_JAX,ATL,JAX,12,6,1,0,17,3,50,4,2,3,2,1,31,19,127,160
2023,4,2023_04_ATL_JAX,JAX,ATL,14,5,2,1,16,3,25,2,4,3,4,1,30,23,105,195
2023,4,2023_04_BAL_CLE,BAL,CLE,12,4,1,1,16,8,92,3,4,4,4,4,19,15,131,165
2023,4,2023_04_BAL_CLE,CLE,BAL,16,4,1,1,13,7,42,4,3,1,2,0,36,19,93,73
2023,4,2023_04_CIN_TEN,CIN,TEN,9,2,1,0,14,5,40,3,3,0,1,0,30,20,72,139
2023,4,2023_04_CIN_TEN,TEN,CIN,13,8,1,1,23,5,27,3,3,6,5,3,26,19,173,227
2023,4,2023_04_DEN_CHI,CHI,DEN,12,6,3,1,26,10,91,4,1,9,5,4,35,28,171,300
2023,4,2023_04_DEN_CHI,DEN,CHI,11,6,0,0,17,7,39,1,4,3,4,3,28,21,97,214
2023,4,2023_04_DET_GB,DET,GB,17,7,2,2,25,8,70,2,5,6,7,4,28,19,211,190
2023,4,2023_04_DET_GB,GB,DET,11,3,1,1,15,4,31,5,2,3,4,2,37,23,27,205
2023,4,2023_04_KC_NYJ,KC,NYJ,12,7,0,0,23,5,46,1,2,4,6,2,30,18,204,197
2023,4,2023_04_KC_NYJ,NYJ,KC,12,5,0,0,18,7,42,2,1,4,3,2,39,28,110,228
2023,4,2023_04_LA_IND,IND,LA,10,3,2,1,18,8,80,2,2,7,3,3,27,11,133,200
2023,4,2023_04_LA_IND,LA,IND,15,6,1,1,26,8,85,2,2,7,3,2,40,27,164,303
2023,4,2023_04_LV_LAC,LAC,LV,14,5,2,1,16,4,34,2,7,4,4,3,24,13,155,150
2023,4,2023_04_LV_LAC,LV,LAC,11,1,3,3,22,9,80,7,2,2,5,2,39,24,76,188
2023,4,2023_04_MIA_BUF,BUF,MIA,10,5,0,0,23,4,20,2,4,5,7,6,25,21,104,310
2023,4,2023_04_MIA_BUF,MIA,BUF,10,3,3,0,20,8,98,4,2,5,4,3,36,25,142,251
2023,4,2023_04_MIN_CAR,CAR,MIN,14,5,3,2,20,6,80,5,2,1,3,0,32,25,83,149
2023,4,2023_04_MIN_CAR,MIN,CAR,8,1,2,1,14,7,37,2,5,2,4,3,19,12,135,130
2023,4,2023_04_NE_DAL,DAL,NE,15,8,1,0,22,5,32,3,2,4,7,2,37,30,124,255
2023,4,2023_04_NE_DAL,NE,DAL,13,4,2,0,10,6,50,2,3,4,1,0,30,16,53,200
2023,4,2023_04_PIT_HOU,HOU,PIT,12,6,1,0,24,8,63,0,3,6,5,3,31,17,139,312
2023,4,2023_04_PIT_HOU,PIT,HOU,14,6,1,0,12,2,18,3,0,2,2,0,28,18,114,111
2023,4,2023_04_SEA_NYG,NYG,SEA,16,6,4,2,17,6,45,11,2,2,1,1,34,27,112,136
2023,4,2023_04_SEA_NYG,SEA,NYG,12,3,2,0,13,8,74,2,11,3,5,2,26,15,121,160
2023,4,2023_04_TB_NO,NO,TB,14,5,2,1,16,7,58,3,1,1,2,0,39,24,70,127
2023,4,2023_04_TB_NO,TB,NO,15,8,0,0,21,11,91,1,3,3,4,3,34,25,114,239
2023,4,2023_04_WAS_PHI,PHI,WAS,12,4,2,2,23,11,81,3,5,5,4,3,37,25,106,311
2023,4,2023_04_WAS_PHI,WAS,PHI,17,8,2,2,24,7,41,5,3,4,5,4,41,29,107,258
2023,5,2023_05_BAL_PIT,BAL,PIT,14,5,2,0,19,2,20,4,3,4,3,1,38,22,125,210
2023,5,2023_05_BAL_PIT,PIT,BAL,15,6,0,0,17,3,30,3,4,5,3,1,33,18,87,202
2023,5,2023_05_CAR_DET,CAR,DET,10,5,1,1,26,7,45,1,2,2,4,3,41,25,99,243
2023,5,2023_05_CAR_DET,DET,CAR,10,4,2,1,23,5,35,2,1,6,6,6,28,20,159,218
2023,5,2023_05_CHI_WAS,CHI,WAS,15,7,1,1,18,3,35,3,5,7,7,4,29,15,178,273
2023,5,2023_05_CHI_WAS,WAS,CHI,12,6,1,0,23,1,5,5,3,5,3,2,52,37,31,359
2023,5,2023_05_CIN_ARI,ARI,CIN,11,4,3,0,15,2,16,3,3,3,4,3,32,15,142,152
2023,5,2023_05_CIN_ARI,CIN,ARI,14,5,3,0,27,4,40,3,3,1,7,3,46,36,93,287
2023,5,2023_05_DAL_SF,DAL,SF,11,4,1,0,8,6,60,4,1,4,2,1,26,16,57,140
2023,5,2023_05_DAL_SF,SF,DAL,11,6,1,0,25,6,45,1,4,4,7,6,25,18,170,251
2023,5,2023_05_GB_LV,GB,LV,12,4,1,1,16,3,18,2,4,2,3,1,30,16,110,175
2023,5,2023_05_GB_LV,LV,GB,13,5,1,1,19,4,28,4,2,3,3,2,31,22,96,183
2023,5,2023_05_HOU_ATL,ATL,HOU,14,7,0,0,26,7,55,0,0,6,4,2,39,29,96,353
2023,5,2023_05_HOU_ATL,HOU,ATL,13,4,0,0,17,5,25,0,0,4,3,1,35,20,64,249
2023,5,2023_05_JAX_BUF,BUF,JAX,12,5,0,0,18,11,109,0,5,4,3,3,41,27,29,359
2023,5,2023_05_JAX_BUF,JAX,BUF,18,10,0,0,29,8,56,5,0,7,5,3,37,25,198,278
2023,5,2023_05_KC_MIN,KC,MIN,15,9,0,0,21,10,86,2,3,3,4,3,41,31,67,266
2023,5,2023_05_KC_MIN,MIN,KC,14,6,5,4,23,4,51,3,2,2,4,2,47,29,70,259
2023,5,2023_05_NO_NE,NE,NO,14,1,2,0,7,5,30,2,2,2,0,0,31,15,45,111
2023,5,2023_05_NO_NE,NO,NE,15,5,0,0,17,12,86,2,2,3,5,3,26,18,136,168
2023,5,2023_05_NYG_MIA,MIA,NYG,8,3,0,0,22,6,43,1,7,7,5,5,30,22,222,302
2023,5,2023_05_NYG_MIA,NYG,MIA,17,5,2,1,15,6,43,7,1,2,4,0,32,23,85,183
2023,5,2023_05_NYJ_DEN,DEN,NYJ,10,4,0,0,17,4,31,4,4,8,4,2,31,20,141,169
2023,5,2023_05_NYJ_DEN,NYJ,DEN,12,3,0,0,18,9,71,4,4,3,8,1,26,19,234,173
2023,5,2023_05_PHI_LA,LA,PHI,14,6,3,2,16,5,48,4,1,2,2,2,37,21,54,195
2023,5,2023_05_PHI_LA,PHI,LA,18,13,1,0,27,3,35,1,4,4,7,2,38,25,159,295
2023,5,2023_05_TEN_IND,IND,TEN,13,8,1,0,21,8,55,1,1,5,6,2,26,20,193,236
2023,5,2023_05_TEN_IND,TEN,IND,12,5,2,1,19,4,58,1,1,4,4,1,35,23,89,259
2023,6,2023_06_ARI_LA,ARI,LA,16,6,4,2,20,5,36,2,3,5,3,0,41,21,130,215
2023,6,2023_06_ARI_LA,LA,ARI,12,4,0,0,17,6,59,3,2,6,5,2,24,15,179,203
2023,6,2023_06_BAL_TEN,BAL,TEN,16,8,0,0,19,9,88,1,6,4,6,1,30,21,139,221
2023,6,2023_06_BAL_TEN,TEN,BAL,9,1,0,0,17,6,45,6,1,3,4,1,21,12,129,104
2023,6,2023_06_CAR_MIA,CAR,MIA,14,5,4,0,21,3,11,4,0,3,4,2,39,24,108,188
2023,6,2023_06_CAR_MIA,MIA,CAR,13,7,0,0,23,3,25,0,4,6,6,6,32,21,162,262
2023,6,2023_06_DAL_LAC,DAL,LAC,13,5,2,1,20,11,85,5,1,3,4,2,30,21,96,246
2023,6,2023_06_DAL_LAC,LAC,DAL,14,5,2,1,18,9,79,1,5,4,4,2,37,22,53,219
2023,6,2023_06_DEN_KC,DEN,KC,10,4,1,0,14,3,34,4,2,1,1,1,22,13,117,82
2023,6,2023_06_DEN_KC,KC,DEN,13,4,1,0,22,7,84,2,4,3,5,1,41,30,96,293
2023,6,2023_06_DET_TB,DET,TB,16,9,0,0,19,5,35,3,1,6,4,2,44,30,40,340
2023,6,2023_06_DET_TB,TB,DET,12,2,2,1,13,5,33,1,3,3,2,0,37,19,46,205
2023,6,2023_06_IND_JAX,IND,JAX,17,6,6,3,18,6,46,3,3,4,4,2,55,33,44,310
2023,6,2023_06_IND_JAX,JAX,IND,14,4,1,1,17,5,25,3,3,2,5,4,30,20,85,148
2023,6,2023_06_MIN_CHI,CHI,MIN,14,6,1,0,18,5,29,5,2,2,2,1,24,16,162,113
2023,6,2023_06_MIN_CHI,MIN,CHI,13,2,2,1,12,5,63,2,5,2,2,1,31,21,46,174
2023,6,2023_06_NE_LV,LV,NE,16,8,0,0,18,6,42,0,4,3,7,1,32,20,84,264
2023,6,2023_06_NE_LV,NE,LV,12,6,0,0,17,10,79,4,0,1,2,2,33,24,83,176
2023,6,2023_06_NO_HOU,HOU,NO,11,4,0,0,19,3,29,2,2,4,4,2,27,13,120,177
2023,6,2023_06_NO_HOU,NO,HOU,15,6,2,0,24,7,83,2,2,3,4,1,51,33,89,341
2023,6,2023_06_NYG_BUF,BUF,NYG,12,6,0,0,22,7,51,0,3,1,2,2,30,19,128,169
2023,6,2023_06_NYG_BUF,NYG,BUF,19,10,2,1,19,9,65,3,0,4,5,0,36,24,132,185
2023,6,2023_06_PHI_NYJ,NYJ,PHI,11,2,1,0,17,9,68,5,2,2,5,1,34,19,89,157
2023,6,2023_06_PHI_NYJ,PHI,NYJ,14,7,2,1,23,5,46,2,5,3,3,2,45,28,80,268
2023,6,2023_06_SEA_CIN,CIN,SEA,11,3,0,0,15,5,43,3,4,2,2,2,35,24,46,168
2023,6,2023_06_SEA_CIN,SEA,CIN,12,5,2,0,23,7,64,4,3,6,5,1,41,27,87,297
2023,6,2023_06_SF_CLE,CLE,SF,13,3,1,1,18,13,119,2,3,4,2,1,34,18,160,174
2023,6,2023_06_SF_CLE,SF,CLE,12,3,0,0,14,12,105,3,2,3,3,2,27,12,108,107
2023,6,2023_06_WAS_ATL,ATL,WAS,15,5,3,1,25,4,31,3,5,3,3,2,47,28,106,296
2023,6,2023_06_WAS_ATL,WAS,ATL,10,2,1,1,13,6,40,5,3,2,4,3,23,14,72,121
2023,7,2023_07_ARI_SEA,ARI,SEA,15,5,3,0,15,7,59,4,2,2,2,1,34,20,127,122
2023,7,2023_07_ARI_SEA,SEA,ARI,13,7,0,0,18,4,22,2,4,5,4,2,24,18,115,203
2023,7,2023_07_ATL_TB,ATL,TB,13,7,0,0,20,9,60,1,3,3,5,1,25,19,156,245
2023,7,2023_07_ATL_TB,TB,ATL,12,6,1,0,21,9,66,3,1,5,3,1,42,27,73,256
2023,7,2023_07_BUF_NE,BUF,NE,12,5,3,2,24,9,46,1,1,3,5,3,42,27,81,258
2023,7,2023_07_BUF_NE,NE,BUF,9,4,0,0,21,8,59,1,1,5,5,3,30,25,96,268
2023,7,2023_07_CLE_IND,CLE,IND,16,4,2,1,17,4,20,2,4,3,4,3,37,16,150,166
2023,7,2023_07_CLE_IND,IND,CLE,15,7,0,0,20,8,67,4,2,8,5,4,23,15,168,288
2023,7,2023_07_DET_BAL,BAL,DET,8,4,1,1,23,4,45,0,5,10,6,5,28,21,146,357
2023,7,2023_07_DET_BAL,DET,BAL,16,5,6,2,18,5,57,5,0,4,3,1,54,33,84,253
2023,7,2023_07_GB_DEN,DEN,GB,12,5,1,0,17,8,60,1,0,4,4,1,29,20,145,194
2023,7,2023_07_GB_DEN,GB,DEN,14,6,2,2,19,7,56,0,1,2,3,2,32,22,137,194
2023,7,2023_07_JAX_NO,JAX,NO,11,2,2,1,17,5,42,0,1,4,4,3,30,21,113,217
2023,7,2023_07_JAX_NO,NO,JAX,18,3,6,4,25,3,34,1,0,1,5,2,56,33,112,297
2023,7,2023_07_LAC_KC,KC,LAC,11,6,0,0,25,6,43,1,5,7,5,4,42,32,68,415
2023,7,2023_07_LAC_KC,LAC,KC,14,6,1,1,16,4,43,5,1,6,3,2,30,17,139,219
2023,7,2023_07_LV_CHI,CHI,LV,13,8,1,0,23,9,110,2,1,0,4,3,29,21,173,150
2023,7,2023_07_LV_CHI,LV,CHI,9,2,2,2,20,2,15,1,2,0,2,1,46,27,39,196
2023,7,2023_07_MIA_PHI,MIA,PHI,11,4,2,0,12,10,70,4,3,3,3,1,32,23,45,199
2023,7,2023_07_MIA_PHI,PHI,MIA,12,4,4,4,25,0,0,3,4,6,6,4,31,23,99,256
2023,7,2023_07_PIT_LA,LA,PIT,16,9,0,0,19,5,40,2,2,7,2,2,30,14,135,221
2023,7,2023_07_PIT_LA,PIT,LA,12,4,1,1,17,8,76,2,2,4,3,3,25,17,86,214
2023,7,2023_07_SF_MIN,MIN,SF,13,8,0,0,24,5,35,0,1,5,4,2,45,35,74,378
2023,7,2023_07_SF_MIN,SF,MIN,9,5,1,1,19,5,37,1,0,3,3,2,30,21,65,260
2023,7,2023_07_WAS_NYG,NYG,WAS,16,5,0,0,16,4,40,4,6,7,3,2,29,18,106,250
2023,7,2023_07_WAS_NYG,WAS,NYG,15,1,3,2,13,10,75,6,4,2,3,1,42,22,76,197
2023,8,2023_08_ATL_TEN,ATL,TEN,15,4,2,1,17,3,15,6,2,5,3,2,34,20,140,202
2023,8,2023_08_ATL_TEN,TEN,ATL,15,5,1,1,17,6,53,2,6,4,4,4,29,19,149,226
2023,8,2023_08_BAL_ARI,ARI,BAL,12,5,2,0,22,6,70,2,4,3,3,3,38,25,131,181
2023,8,2023_08_BAL_ARI,BAL,ARI,11,4,0,0,20,6,45,4,2,2,4,4,27,18,130,138
2023,8,2023_08_CHI_LAC,CHI,LAC,14,6,4,1,17,7,53,1,0,1,2,2,38,25,73,222
2023,8,2023_08_CHI_LAC,LAC,CHI,13,7,1,0,20,2,15,0,1,3,3,3,40,31,54,298
2023,8,2023_08_CIN_SF,CIN,SF,8,3,0,0,28,1,15,3,2,6,5,4,32,28,134,266
2023,8,2023_08_CIN_SF,SF,CIN,9,5,0,0,24,5,54,2,3,8,4,2,31,22,113,347
2023,8,2023_08_CLE_SEA,CLE,SEA,15,6,1,0,22,4,25,3,1,6,5,2,32,16,155,230
2023,8,2023_08_CLE_SEA,SEA,CLE,12,4,1,1,17,7,43,1,3,5,5,3,37,23,114,248
2023,8,2023_08_HOU_CAR,CAR,HOU,14,5,2,1,20,3,20,6,2,3,4,1,31,22,44,180
2023,8,2023_08_HOU_CAR,HOU,CAR,12,5,1,1,16,10,70,2,6,2,2,2,25,16,110,119
2023,8,2023_08_JAX_PIT,JAX,PIT,13,6,0,0,19,6,72,3,3,5,5,1,32,24,108,271
2023,8,2023_08_JAX_PIT,PIT,JAX,12,3,2,0,17,6,52,3,3,1,2,1,43,25,70,191
2023,8,2023_08_KC_DEN,DEN,KC,14,6,1,0,19,6,35,6,3,2,5,3,19,12,153,87
2023,8,2023_08_KC_DEN,KC,DEN,10,3,3,1,18,5,38,3,6,2,3,0,38,24,62,212
2023,8,2023_08_LA_DAL,DAL,LA,12,6,1,1,24,4,21,3,2,5,7,4,34,27,102,285
2023,8,2023_08_LA_DAL,LA,DAL,13,4,2,1,15,4,25,2,3,5,3,2,34,18,92,190
2023,8,2023_08_LV_DET,DET,LV,14,6,1,1,29,5,55,1,6,5,6,2,37,26,222,264
2023,8,2023_08_LV_DET,LV,DET,9,1,3,0,12,4,40,6,1,0,2,1,21,10,80,77
2023,8,2023_08_MIN_GB,GB,MIN,14,5,4,1,16,11,99,4,3,2,4,1,41,24,74,196
2023,8,2023_08_MIN_GB,MIN,GB,18,10,1,1,24,7,35,3,4,6,5,3,35,26,62,284
2023,8,2023_08_NE_MIA,MIA,NE,14,5,3,3,24,3,25,2,3,5,6,4,45,30,78,312
2023,8,2023_08_NE_MIA,NE,MIA,9,1,2,1,13,7,45,3,2,2,3,2,29,19,77,141
2023,8,2023_08_NO_IND,IND,NO,16,7,1,1,19,6,30,2,1,3,4,3,41,23,164,207
2023,8,2023_08_NO_IND,NO,IND,12,6,0,0,24,8,73,1,2,6,6,5,29,20,161,350
2023,8,2023_08_NYJ_NYG,NYG,NYJ,19,2,0,0,12,6,73,4,4,1,3,1,14,6,203,-9
2023,8,2023_08_NYJ_NYG,NYJ,NYG,15,2,1,0,12,9,85,4,4,3,3,1,36,17,58,193
2023,8,2023_08_PHI_WAS,PHI,WAS,13,8,1,1,21,3,14,2,1,4,7,5,38,29,59,315
2023,8,2023_08_PHI_WAS,WAS,PHI,12,7,3,0,26,7,79,1,2,5,4,4,52,39,84,388
2023,8,2023_08_TB_BUF,BUF,TB,13,7,1,0,25,9,86,2,3,3,6,3,40,31,115,312
2023,8,2023_08_TB_BUF,TB,BUF,15,4,1,1,17,11,74,3,2,4,2,2,43,25,78,224
2023,9,2023_09_ARI_CLE,ARI,CLE,12,1,1,0,7,4,40,7,1,0,0,0,20,11,41,17
2023,9,2023_09_ARI_CLE,CLE,ARI,17,6,2,1,17,6,65,1,7,2,4,3,30,19,113,213
2023,9,2023_09_BUF_CIN,BUF,CIN,12,7,0,0,21,5,49,1,1,3,3,2,39,26,68,251
2023,9,2023_09_BUF_CIN,CIN,BUF,15,8,2,1,23,6,49,1,1,4,4,3,44,31,54,343
2023,9,2023_09_CHI_NO,CHI,NO,12,6,1,1,20,8,71,2,0,3,4,2,30,18,156,212
2023,9,2023_09_CHI_NO,NO,CHI,14,7,1,0,18,1,5,0,2,2,5,3,35,26,87,214
2023,9,2023_09_DAL_PHI,DAL,PHI,15,6,5,3,25,10,83,5,3,7,5,3,44,29,73,333
2023,9,2023_09_DAL_PHI,PHI,DAL,14,7,2,2,20,10,98,3,5,4,4,4,23,17,109,183
2023,9,2023_09_IND_CAR,CAR,IND,16,7,3,2,17,10,81,4,1,2,2,1,39,24,138,137
2023,9,2023_09_IND_CAR,IND,CAR,13,4,0,0,16,5,25,1,4,0,4,1,26,17,78,120
2023,9,2023_09_LAC_NYJ,LAC,NYJ,16,7,0,0,13,4,39,5,8,2,4,2,30,16,84,107
2023,9,2023_09_LAC_NYJ,NYJ,LAC,17,3,4,3,17,8,40,8,5,2,2,0,49,33,64,206
2023,9,2023_09_LA_GB,GB,LA,14,7,1,1,21,8,57,4,1,5,5,2,26,20,184,207
2023,9,2023_09_LA_GB,LA,GB,14,5,2,0,10,5,36,1,4,1,0,0,28,13,68,119
2023,9,2023_09_MIA_KC,KC,MIA,10,3,0,0,16,9,69,2,3,3,3,2,30,20,93,174
2023,9,2023_09_MIA_KC,MIA,KC,12,3,1,0,20,6,45,3,2,2,2,2,34,21,117,175
2023,9,2023_09_MIN_ATL,ATL,MIN,18,10,0,0,18,8,62,1,4,4,4,2,38,21,110,260
2023,9,2023_09_MIN_ATL,MIN,ATL,16,7,1,1,22,1,4,4,1,5,6,3,37,25,146,219
2023,9,2023_09_NYG_LV,LV,NYG,14,5,1,0,15,4,30,0,8,2,4,3,25,16,125,209
2023,9,2023_09_NYG_LV,NYG,LV,12,3,5,1,15,3,8,8,0,3,1,1,30,19,123,154
2023,9,2023_09_SEA_BAL,BAL,SEA,13,6,2,1,29,3,11,1,4,4,7,4,33,26,298,217
2023,9,2023_09_SEA_BAL,SEA,BAL,12,1,1,0,6,5,29,4,1,2,1,0,28,13,28,123
2023,9,2023_09_TB_HOU,HOU,TB,11,3,1,1,26,9,115,3,2,8,6,5,44,30,55,443
2023,9,2023_09_TB_HOU,TB,HOU,13,3,2,2,21,9,90,2,3,4,5,4,30,21,81,251
2023,9,2023_09_TEN_PIT,PIT,TEN,12,6,0,0,22,10,80,0,4,3,4,2,30,19,166,160
2023,9,2023_09_TEN_PIT,TEN,PIT,13,3,2,1,23,7,51,4,0,7,5,1,39,22,105,235
2023,9,2023_09_WAS_NE,NE,WAS,12,3,2,1,18,4,30,0,3,2,2,2,44,24,107,220
2023,9,2023_09_WAS_NE,WAS,NE,17,9,0,0,23,4,30,3,0,6,5,2,45,29,124,308
2023,10,2023_10_ATL_ARI,ARI,ATL,11,3,1,1,20,11,112,2,3,3,4,2,33,19,122,230
2023,10,2023_10_ATL_ARI,ATL,ARI,14,7,2,1,20,4,43,3,2,0,4,3,22,12,184,70
2023,10,2023_10_CAR_CHI,CAR,CHI,15,3,3,3,11,5,45,3,0,1,3,0,38,21,43,170
2023,10,2023_10_CAR_CHI,CHI,CAR,15,6,1,1,21,7,44,0,3,0,2,1,33,20,133,162
2023,10,2023_10_CLE_BAL,BAL,CLE,8,2,0,0,17,7,64,3,4,4,5,3,23,13,106,200
2023,10,2023_10_CLE_BAL,CLE,BAL,16,8,2,1,24,10,55,4,3,4,6,2,35,20,180,195
2023,10,2023_10_DEN_BUF,BUF,DEN,8,3,1,0,18,5,63,0,4,5,3,3,27,15,192,179
2023,10,2023_10_DEN_BUF,DEN,BUF,19,8,1,1,18,10,61,4,0,1,3,2,29,24,122,178
2023,10,2023_10_DET_LAC,DET,LAC,13,4,5,4,23,4,44,0,0,8,8,5,33,23,200,333
2023,10,2023_10_DET_LAC,LAC,DET,14,7,3,3,24,3,36,0,0,4,5,5,40,27,98,323
2023,10,2023_10_GB_PIT,GB,PIT,16,8,2,2,17,5,32,1,1,8,6,2,40,21,116,283
2023,10,2023_10_GB_PIT,PIT,GB,13,4,1,1,21,3,27,1,1,3,3,2,23,14,205,119
2023,10,2023_10_HOU_CIN,CIN,HOU,14,6,1,1,19,4,63,4,1,5,5,3,40,27,66,314
2023,10,2023_10_HOU_CIN,HOU,CIN,13,4,1,0,27,7,50,1,4,9,6,3,39,23,188,356
2023,10,2023_10_IND_NE,IND,NE,13,5,2,2,14,4,34,0,5,3,1,1,28,18,70,194
2023,10,2023_10_IND_NE,NE,IND,14,6,1,1,20,5,34,5,0,2,4,0,27,18,167,173
2023,10,2023_10_NO_MIN,MIN,NO,15,6,0,0,23,5,35,1,3,5,4,3,34,23,125,263
2023,10,2023_10_NO_MIN,NO,MIN,14,4,2,2,16,9,74,3,1,3,2,2,43,26,69,215
2023,10,2023_10_NYG_DAL,DAL,NYG,12,6,2,1,31,9,83,0,5,10,8,7,44,33,168,472
2023,10,2023_10_NYG_DAL,NYG,DAL,12,0,3,2,14,2,5,5,0,2,4,2,27,14,111,61
2023,10,2023_10_NYJ_LV,LV,NYJ,15,5,2,2,14,3,25,3,2,2,1,1,27,16,148,126
2023,10,2023_10_NYJ_LV,NYJ,LV,16,7,0,0,14,8,83,2,3,6,2,0,40,23,108,257
2023,10,2023_10_SF_JAX,JAX,SF,12,4,1,0,12,5,39,5,2,2,2,0,32,18,59,162
2023,10,2023_10_SF_JAX,SF,JAX,12,4,2,1,20,7,90,2,5,8,7,4,28,20,144,293
2023,10,2023_10_TEN_TB,TB,TEN,15,7,0,0,18,7,50,3,4,5,4,2,29,18,77,263
2023,10,2023_10_TEN_TB,TEN,TB,15,6,2,0,14,5,35,4,3,2,2,0,39,19,42,167
2023,10,2023_10_WAS_SEA,SEA,WAS,14,4,1,1,27,8,50,1,3,4,3,2,47,31,120,369
2023,10,2023_10_WAS_SEA,WAS,SEA,15,7,1,1,16,6,39,3,1,3,3,3,44,29,68,288
2023,11,2023_11_ARI_HOU,ARI,HOU,10,3,4,1,19,5,50,3,4,3,2,2,30,20,123,196
2023,11,2023_11_ARI_HOU,HOU,ARI,13,9,1,0,22,3,19,4,3,7,6,3,38,28,111,308
2023,11,2023_11_CHI_DET,CHI,DET,13,5,2,2,24,6,69,2,2,3,3,2,23,16,183,151
2023,11,2023_11_CHI_DET,DET,CHI,11,8,0,0,23,5,25,2,2,2,5,4,36,23,115,225
2023,11,2023_11_CIN_BAL,BAL,CIN,12,6,0,0,22,9,110,3,5,7,5,4,26,16,157,248
2023,11,2023_11_CIN_BAL,CIN,BAL,11,2,1,1,19,9,78,5,3,1,3,2,31,19,136,136
2023,11,2023_11_DAL_CAR,CAR,DAL,15,5,3,3,13,8,90,7,0,1,2,1,29,16,110,77
2023,11,2023_11_DAL_CAR,DAL,CAR,16,7,0,0,23,5,45,0,7,4,6,3,41,27,107,204
2023,11,2023_11_LAC_GB,GB,LAC,14,7,1,0,23,6,36,3,2,7,4,3,40,27,102,295
2023,11,2023_11_LAC_GB,LAC,GB,14,7,2,0,17,4,54,2,3,5,5,2,36,21,150,244
2023,11,2023_11_LV_MIA,LV,MIA,14,4,2,0,12,5,41,2,1,4,2,1,41,24,36,260
2023,11,2023_11_LV_MIA,MIA,LV,11,3,1,0,21,5,44,1,2,5,3,2,39,28,99,323
2023,11,2023_11_MIN_DEN,DEN,MIN,12,2,1,1,13,4,48,2,2,1,5,1,35,27,46,249
2023,11,2023_11_MIN_DEN,MIN,DEN,15,6,4,3,19,6,55,2,2,4,4,2,32,20,175,210
2023,11,2023_11_NYG_WAS,NYG,WAS,14,5,1,0,13,5,33,9,4,8,5,3,26,18,91,201
2023,11,2023_11_NYG_WAS,WAS,NYG,13,5,1,1,28,1,5,4,9,4,3,2,45,31,174,230
2023,11,2023_11_NYJ_BUF,BUF,NYJ,13,5,1,1,22,8,77,1,6,3,6,3,32,20,130,263
2023,11,2023_11_NYJ_BUF,NYJ,BUF,11,0,5,4,14,5,35,6,1,0,1,1,31,15,63,92
2023,11,2023_11_PHI_KC,KC,PHI,17,8,3,2,22,7,55,1,5,1,4,2,43,24,168,168
2023,11,2023_11_PHI_KC,PHI,KC,11,3,0,0,16,7,61,5,1,4,3,3,22,14,114,124
2023,11,2023_11_PIT_CLE,CLE,PIT,17,4,1,1,19,1,10,1,3,0,3,1,43,24,96,163
2023,11,2023_11_PIT_CLE,PIT,CLE,14,3,1,1,12,6,46,3,1,2,2,1,28,15,172,77
2023,11,2023_11_SEA_LA,LA,SEA,9,2,1,0,20,9,92,1,2,2,4,2,31,17,82,185
2023,11,2023_11_SEA_LA,SEA,LA,15,5,2,2,15,12,130,2,1,3,2,1,40,24,68,223
2023,11,2023_11_TB_SF,SF,TB,10,4,1,0,22,7,66,4,4,5,5,3,25,21,115,305
2023,11,2023_11_TB_SF,TB,SF,14,7,3,1,22,3,19,4,4,2,4,2,45,29,66,221
2023,11,2023_11_TEN_JAX,JAX,TEN,12,4,4,3,24,4,29,1,2,5,6,4,32,24,128,261
2023,11,2023_11_TEN_JAX,TEN,JAX,7,2,1,1,12,7,66,2,1,3,2,2,17,13,92,143
2023,12,2023_12_BAL_LAC,BAL,LAC,13,4,3,1,20,5,42,2,3,3,3,2,32,18,197,164
2023,12,2023_12_BAL_LAC,LAC,BAL,15,7,3,1,16,5,41,3,2,3,3,1,44,29,86,193
2023,12,2023_12_BUF_PHI,BUF,PHI,22,13,1,1,29,11,80,1,2,5,5,4,51,29,173,332
2023,12,2023_12_BUF_PHI,PHI,BUF,11,4,0,0,23,4,30,2,1,4,5,5,31,18,185,193
2023,12,2023_12_CAR_TEN,CAR,TEN,16,6,3,2,19,4,35,4,1,3,1,1,31,18,96,162
2023,12,2023_12_CAR_TEN,TEN,CAR,11,2,1,1,15,8,53,1,4,2,2,2,28,18,80,184
2023,12,2023_12_CHI_MIN,CHI,MIN,18,8,1,1,18,7,76,3,2,4,2,0,37,27,118,199
2023,12,2023_12_CHI_MIN,MIN,CHI,9,2,2,0,15,4,24,2,3,3,2,1,32,22,73,169
2023,12,2023_12_CLE_DEN,CLE,DEN,13,2,5,2,19,8,66,4,1,2,3,1,43,20,107,162
2023,12,2023_12_CLE_DEN,DEN,CLE,14,6,1,0,17,8,71,1,4,3,6,3,22,13,169,125
2023,12,2023_12_GB_DET,DET,GB,15,7,5,1,25,7,51,3,0,8,4,3,45,29,140,326
2023,12,2023_12_GB_DET,GB,DET,11,5,1,0,17,7,60,0,3,3,5,3,33,22,109,268
2023,12,2023_12_JAX_HOU,HOU,JAX,13,6,1,0,18,7,49,4,0,5,3,3,36,26,91,261
2023,12,2023_12_JAX_HOU,JAX,HOU,13,7,0,0,22,6,35,0,4,6,3,2,39,23,81,366
2023,12,2023_12_KC_LV,KC,LV,11,5,0,0,23,4,40,1,1,3,5,4,34,27,69,291
2023,12,2023_12_KC_LV,LV,KC,14,7,2,0,16,0,0,1,1,3,5,2,34,23,123,235
2023,12,2023_12_LA_ARI,ARI,LA,17,6,3,2,19,5,34,4,0,3,2,2,46,27,75,219
2023,12,2023_12_LA_ARI,LA,ARI,12,6,2,2,25,5,23,0,4,6,6,5,33,25,228,229
2023,12,2023_12_MIA_NYJ,MIA,NYJ,16,11,1,0,22,6,38,2,7,4,6,3,30,21,167,228
2023,12,2023_12_MIA_NYJ,NYJ,MIA,14,5,3,2,12,6,60,7,2,0,3,1,38,27,29,130
2023,12,2023_12_NE_NYG,NE,NYG,14,4,2,2,18,2,13,2,6,0,2,1,35,21,147,136
2023,12,2023_12_NE_NYG,NYG,NE,13,4,0,0,10,4,37,6,2,3,2,1,25,17,58,162
2023,12,2023_12_NO_ATL,ATL,NO,8,4,1,0,24,5,35,0,1,3,4,2,21,13,228,168
2023,12,2023_12_NO_ATL,NO,ATL,14,6,0,0,22,6,50,1,0,6,5,1,38,24,148,296
2023,12,2023_12_PIT_CIN,CIN,PIT,10,2,0,0,9,5,36,4,2,4,2,1,26,19,25,197
2023,12,2023_12_PIT_CIN,PIT,CIN,17,8,0,0,22,5,55,2,4,6,4,1,33,24,153,268
2023,12,2023_12_SF_SEA,SEA,SF,11,3,1,0,14,5,39,6,1,2,2,0,27,18,88,132
2023,12,2023_12_SF_SEA,SF,SEA,11,5,0,0,23,3,20,1,6,6,5,4,31,21,169,208
2023,12,2023_12_TB_IND,IND,TB,11,2,4,3,26,5,40,2,6,2,5,3,41,24,155,239
2023,12,2023_12_TB_IND,TB,IND,13,5,1,1,17,4,24,6,2,4,4,2,31,20,125,173
2023,12,2023_12_WAS_DAL,DAL,WAS,10,6,0,0,21,7,48,0,4,7,6,5,33,22,100,333
2023,12,2023_12_WAS_DAL,WAS,DAL,15,7,3,0,23,4,25,4,0,3,2,1,44,28,108,268
2023,13,2023_13_ARI_PIT,ARI,PIT,17,10,0,0,18,6,51,2,0,2,4,3,23,13,150,132
2023,13,2023_13_ARI_PIT,PIT,ARI,11,4,1,0,18,9,77,0,2,3,3,1,27,18,130,187
2023,13,2023_13_ATL_NYJ,ATL,NYJ,14,4,0,0,15,6,55,3,4,1,2,1,27,12,90,104
2023,13,2023_13_ATL_NYJ,NYJ,ATL,15,2,3,2,14,11,71,4,3,3,2,0,38,19,62,197
2023,13,2023_13_CAR_TB,CAR,TB,15,3,3,1,15,7,62,4,1,3,3,2,31,15,135,149
2023,13,2023_13_CAR_TB,TB,CAR,15,6,0,0,15,5,36,1,4,4,4,3,29,14,128,194
2023,13,2023_13_CIN_JAX,CIN,JAX,14,8,2,1,27,6,35,2,4,6,4,4,39,33,156,335
2023,13,2023_13_CIN_JAX,JAX,CIN,15,6,2,2,23,7,55,4,2,6,5,4,39,31,71,305
2023,13,2023_13_CLE_LA,CLE,LA,16,7,2,0,20,7,86,2,0,5,3,2,44,23,87,240
2023,13,2023_13_CLE_LA,LA,CLE,12,4,0,0,20,7,45,0,2,5,6,4,37,22,120,279
2023,13,2023_13_DEN_HOU,DEN,HOU,11,0,3,3,16,2,8,3,5,3,4,2,26,15,118,164
2023,13,2023_13_DEN_HOU,HOU,DEN,16,4,1,1,14,8,81,5,3,6,5,2,29,17,89,264
2023,13,2023_13_DET_NO,DET,NO,13,6,0,0,17,6,45,1,2,5,6,4,26,16,142,205
2023,13,2023_13_DET_NO,NO,DET,12,6,1,0,23,6,50,2,1,6,4,4,29,19,113,249
2023,13,2023_13_IND_TEN,IND,TEN,14,3,1,1,19,4,29,3,6,4,7,2,43,26,55,300
2023,13,2023_13_IND_TEN,TEN,IND,17,6,1,0,25,9,74,6,3,5,4,3,33,16,177,204
2023,13,2023_13_KC_GB,GB,KC,10,5,1,1,24,7,63,2,3,4,5,3,36,25,129,253
2023,13,2023_13_KC_GB,KC,GB,11,7,1,0,24,5,50,3,2,4,4,2,33,21,148,189
2023,13,2023_13_LAC_NE,LAC,NE,15,5,0,0,13,4,20,0,5,3,3,0,37,22,29,212
2023,13,2023_13_LAC_NE,NE,LAC,14,4,3,1,13,3,14,5,0,4,0,0,25,13,148,109
2023,13,2023_13_MIA_WAS,MIA,WAS,13,7,2,2,20,2,15,0,3,4,6,5,25,19,123,283
2023,13,2023_13_MIA_WAS,WAS,MIA,14,6,1,1,11,3,31,3,0,4,2,2,24,12,138,109
2023,13,2023_13_SEA_DAL,DAL,SEA,14,8,2,1,33,9,127,4,1,2,8,4,42,29,136,277
2023,13,2023_13_SEA_DAL,SEA,DAL,14,9,3,0,25,10,130,1,4,4,6,5,41,23,72,334
2023,13,2023_13_SF_PHI,PHI,SF,15,8,2,1,22,7,47,3,2,3,4,2,49,28,46,287
2023,13,2023_13_SF_PHI,SF,PHI,11,8,1,1,24,5,47,2,3,5,6,6,27,19,146,310
2023,14,2023_14_BUF_KC,BUF,KC,15,6,1,1,21,4,35,3,1,4,3,2,42,23,118,209
2023,14,2023_14_BUF_KC,KC,BUF,12,6,1,0,21,7,45,1,3,3,3,2,43,25,82,264
2023,14,2023_14_CAR_NO,CAR,NO,20,8,7,1,16,4,27,4,1,3,2,0,36,13,204,99
2023,14,2023_14_CAR_NO,NO,CAR,10,3,0,0,14,3,30,1,4,1,5,3,26,18,97,110
2023,14,2023_14_DEN_LAC,DEN,LAC,17,8,0,0,18,4,26,2,6,3,5,3,33,21,106,216
2023,14,2023_14_DEN_LAC,LAC,DEN,12,0,6,1,17,2,10,6,2,3,2,1,42,22,76,207
2023,14,2023_14_DET_CHI,CHI,DET,14,6,2,1,19,4,35,3,4,3,6,3,34,19,142,194
2023,14,2023_14_DET_CHI,DET,CHI,15,6,5,1,13,8,59,4,3,2,2,2,35,20,140,127
2023,14,2023_14_GB_NYG,GB,NYG,14,5,1,1,19,4,39,2,0,3,5,2,39,25,123,203
2023,14,2023_14_GB_NYG,NYG,GB,10,3,1,0,18,5,47,0,2,5,4,3,21,17,209,158
2023,14,2023_14_HOU_NYJ,HOU,NYJ,12,1,3,0,10,4,35,5,4,2,1,1,28,11,81,54
2023,14,2023_14_HOU_NYJ,NYJ,HOU,15,6,1,1,20,8,52,4,5,5,3,3,36,27,79,268
2023,14,2023_14_IND_CIN,CIN,IND,11,3,1,1,19,5,40,0,3,5,6,4,25,19,111,274
2023,14,2023_14_IND_CIN,IND,CIN,11,3,2,1,19,9,66,3,0,1,4,1,40,26,46,228
2023,14,2023_14_JAX_CLE,CLE,JAX,18,4,3,3,16,8,75,1,4,5,4,4,45,26,82,307
2023,14,2023_14_JAX_CLE,JAX,CLE,17,7,1,0,20,7,40,4,1,1,4,4,51,28,58,235
2023,14,2023_14_LA_BAL,BAL,LA,12,4,0,0,23,7,79,2,2,5,5,3,44,24,139,312
2023,14,2023_14_LA_BAL,LA,BAL,16,6,0,0,23,5,34,2,2,7,6,3,42,23,128,282
2023,14,2023_14_MIN_LV,LV,MIN,14,3,2,2,8,4,37,4,5,2,1,0,32,21,56,146
2023,14,2023_14_MIN_LV,MIN,LV,20,8,1,1,16,5,36,5,4,2,1,0,36,19,132,99
2023,14,2023_14_NE_PIT,NE,PIT,13,4,0,0,14,7,59,2,2,3,3,3,28,19,81,222
2023,14,2023_14_NE_PIT,PIT,NE,14,3,3,1,18,1,5,2,2,3,3,2,37,22,82,184
2023,14,2023_14_PHI_DAL,DAL,PHI,16,9,1,1,23,7,60,3,1,6,3,3,39,24,138,256
2023,14,2023_14_PHI_DAL,PHI,DAL,9,4,2,1,17,9,85,1,3,4,2,0,28,19,106,218
2023,14,2023_14_SEA_SF,SEA,SF,11,2,1,0,17,5,39,4,3,9,3,2,32,22,70,254
2023,14,2023_14_SEA_SF,SF,SEA,11,6,0,0,19,5,30,3,4,11,4,4,27,19,173,354
2023,14,2023_14_TB_ATL,ATL,TB,13,5,1,1,23,2,10,3,1,6,4,3,41,26,96,340
2023,14,2023_14_TB_ATL,TB,ATL,16,6,2,1,16,4,26,1,3,2,5,3,29,14,148,142
2023,14,2023_14_TEN_MIA,MIA,TEN,13,4,1,0,20,7,61,5,1,3,6,2,33,23,158,208
2023,14,2023_14_TEN_MIA,TEN,MIA,13,5,0,0,22,9,59,1,5,7,6,3,39,23,83,322
2023,15,2023_15_ATL_CAR,ATL,CAR,13,6,1,0,12,4,25,0,3,2,2,1,20,12,52,152
2023,15,2023_15_ATL_CAR,CAR,ATL,15,5,2,0,17,4,35,3,0,3,3,0,24,18,129,154
2023,15,2023_15_BAL_JAX,BAL,JAX,12,5,1,1,25,6,54,3,1,4,5,2,24,14,251,145
2023,15,2023_15_BAL_JAX,JAX,BAL,13,3,3,2,16,6,47,1,3,3,4,1,43,25,75,258
2023,15,2023_15_CHI_CLE,CHI,CLE,18,4,2,0,12,4,19,3,4,4,2,1,40,19,88,148
2023,15,2023_15_CHI_CLE,CLE,CHI,16,4,1,1,14,9,48,4,3,5,5,2,45,29,29,348
2023,15,2023_15_DAL_BUF,BUF,DAL,9,5,0,0,28,1,15,1,3,3,5,4,15,7,266,85
2023,15,2023_15_DAL_BUF,DAL,BUF,13,5,2,1,14,5,48,3,1,0,2,1,34,21,89,106
2023,15,2023_15_DEN_DET,DEN,DET,13,5,2,2,20,4,40,2,2,3,4,2,32,18,83,204
2023,15,2023_15_DEN_DET,DET,DEN,10,5,1,1,29,2,54,2,2,7,6,6,34,24,185,263
2023,15,2023_15_HOU_TEN,HOU,TEN,15,4,1,1,21,8,67,4,7,3,3,1,36,23,148,192
2023,15,2023_15_HOU_TEN,TEN,HOU,15,5,1,1,14,5,50,7,4,5,3,1,26,17,66,138
2023,15,2023_15_KC_NE,KC,NE,13,5,1,0,19,2,15,3,4,6,6,3,38,28,43,283
2023,15,2023_15_KC_NE,NE,KC,12,2,2,1,10,5,45,4,3,1,4,2,31,23,52,154
2023,15,2023_15_LAC_LV,LAC,LV,12,6,1,0,18,6,65,3,1,2,3,3,32,23,92,234
2023,15,2023_15_LAC_LV,LV,LAC,16,9,0,0,20,4,30,1,3,6,9,7,36,22,124,254
2023,15,2023_15_MIN_CIN,CIN,MIN,13,6,1,1,22,3,26,5,3,4,5,3,42,29,80,298
2023,15,2023_15_MIN_CIN,MIN,CIN,12,5,1,0,24,4,22,3,5,4,6,3,34,26,143,281
2023,15,2023_15_NYG_NO,NO,NYG,12,6,0,0,20,6,58,1,7,1,3,3,29,23,87,209
2023,15,2023_15_NYG_NO,NYG,NO,16,2,5,3,12,5,32,7,1,2,0,0,38,22,60,133
2023,15,2023_15_NYJ_MIA,MIA,NYJ,15,6,2,2,15,9,65,3,6,2,6,3,26,23,77,213
2023,15,2023_15_NYJ_MIA,NYJ,MIA,13,5,2,0,11,7,55,6,3,1,0,0,37,18,23,80
2023,15,2023_15_PHI_SEA,PHI,SEA,16,9,1,1,22,5,40,0,2,1,3,2,31,17,178,143
2023,15,2023_15_PHI_SEA,SEA,PHI,14,6,0,0,16,5,35,2,0,3,4,2,33,22,100,197
2023,15,2023_15_PIT_IND,IND,PIT,15,6,2,1,19,2,10,3,4,4,6,3,28,18,170,202
2023,15,2023_15_PIT_IND,PIT,IND,12,4,3,2,13,8,101,4,3,1,2,2,26,18,74,142
2023,15,2023_15_SF_ARI,ARI,SF,16,7,4,3,22,4,28,3,0,4,4,3,40,26,234,202
2023,15,2023_15_SF_ARI,SF,ARI,7,4,0,0,24,1,5,0,3,5,6,5,28,18,144,262
2023,15,2023_15_TB_GB,GB,TB,12,6,2,0,18,4,31,2,5,6,5,2,39,29,60,261
2023,15,2023_15_TB_GB,TB,GB,11,7,1,1,22,4,52,5,2,10,6,4,28,22,99,353
2023,15,2023_15_WAS_LA,LA,WAS,16,9,0,0,23,5,36,3,1,5,5,3,33,25,198,249
2023,15,2023_15_WAS_LA,WAS,LA,14,3,5,3,14,3,28,1,3,3,4,3,36,19,79,218
2023,16,2023_16_ARI_CHI,ARI,CHI,16,7,1,0,16,2,8,2,1,4,2,2,39,24,93,213
2023,16,2023_16_ARI_CHI,CHI,ARI,15,8,0,0,22,5,35,1,2,5,5,3,27,15,250,170
2023,16,2023_16_BAL_SF,BAL,SF,11,4,1,1,22,6,67,2,4,4,7,3,35,23,102,241
2023,16,2023_16_BAL_SF,SF,BAL,14,6,3,1,21,10,102,4,2,7,5,2,46,26,121,308
2023,16,2023_16_BUF_LAC,BUF,LAC,10,5,0,0,16,7,64,1,5,3,4,3,21,15,105,230
2023,16,2023_16_BUF_LAC,LAC,BUF,14,4,0,0,18,6,29,5,1,4,3,1,33,23,98,172
2023,16,2023_16_CIN_PIT,CIN,PIT,13,6,2,0,17,3,20,3,1,4,4,1,43,28,59,311
2023,16,2023_16_CIN_PIT,PIT,CIN,14,7,0,0,16,2,15,1,3,3,5,4,27,17,113,284
2023,16,2023_16_CLE_HOU,CLE,HOU,16,6,6,4,25,9,55,1,3,6,7,5,45,28,56,366
2023,16,2023_16_CLE_HOU,HOU,CLE,15,5,3,1,19,10,76,3,1,0,3,3,50,26,72,178
2023,16,2023_16_DAL_MIA,DAL,MIA,12,4,2,2,19,6,38,4,1,5,4,2,32,20,97,242
2023,16,2023_16_DAL_MIA,MIA,DAL,13,6,1,0,22,5,33,1,4,3,4,1,37,24,91,284
2023,16,2023_16_DET_MIN,DET,MIN,12,6,2,2,28,9,52,1,4,1,5,4,40,30,143,246
2023,16,2023_16_DET_MIN,MIN,DET,9,3,1,0,18,8,64,4,1,11,4,3,36,22,17,373
2023,16,2023_16_GB_CAR,CAR,GB,13,6,2,1,24,8,87,2,1,5,4,4,36,23,98,298
2023,16,2023_16_GB_CAR,GB,CAR,14,8,0,0,25,6,67,1,2,6,5,4,28,17,162,207
2023,16,2023_16_IND_ATL,ATL,IND,13,5,1,1,22,4,35,1,6,4,5,2,33,23,177,229
2023,16,2023_16_IND_ATL,IND,ATL,14,5,3,1,20,4,29,6,1,1,2,1,37,20,92,170
2023,16,2023_16_JAX_TB,JAX,TB,9,3,3,1,23,2,20,4,2,3,3,2,46,28,37,268
2023,16,2023_16_JAX_TB,TB,JAX,19,10,2,1,22,6,44,2,4,3,6,3,35,26,70,265
2023,16,2023_16_LV_KC,KC,LV,16,5,5,3,19,5,44,4,2,3,4,2,45,28,85,223
2023,16,2023_16_LV_KC,LV,KC,12,3,0,0,12,4,20,2,4,2,5,0,21,9,159,48
2023,16,2023_16_NE_DEN,DEN,NE,13,4,2,1,19,2,25,5,2,2,4,3,39,25,83,197
2023,16,2023_16_NE_DEN,NE,DEN,13,3,0,0,12,3,25,2,5,5,4,2,33,25,59,230
2023,16,2023_16_NO_LA,LA,NO,12,4,1,1,23,3,25,1,2,5,6,3,34,24,133,325
2023,16,2023_16_NO_LA,NO,LA,11,5,3,0,18,3,20,2,1,5,3,3,41,27,35,306
2023,16,2023_16_NYG_PHI,NYG,PHI,14,4,5,3,14,3,13,1,1,3,3,2,32,16,108,186
2023,16,2023_16_NYG_PHI,PHI,NYG,15,8,2,2,28,9,65,1,1,4,6,3,38,24,170,295
2023,16,2023_16_SEA_TEN,SEA,TEN,13,7,0,0,21,6,47,3,6,4,4,2,36,25,58,215
2023,16,2023_16_SEA_TEN,TEN,SEA,12,6,1,1,23,10,97,6,3,1,3,2,27,19,162,125
2023,16,2023_16_WAS_NYJ,NYJ,WAS,16,4,2,1,26,14,150,0,1,1,6,3,49,27,164,217
2023,16,2023_16_WAS_NYJ,WAS,NYJ,12,3,1,1,17,8,68,1,0,2,4,4,35,16,102,143
2023,17,2023_17_ARI_PHI,ARI,PHI,10,5,2,2,32,5,25,1,0,4,7,4,32,25,221,228
2023,17,2023_17_ARI_PHI,PHI,ARI,9,4,1,1,17,4,49,0,1,2,5,3,24,19,91,184
2023,17,2023_17_ATL_CHI,ATL,CHI,13,4,1,0,14,1,15,2,3,5,3,2,33,13,134,173
2023,17,2023_17_ATL_CHI,CHI,ATL,16,6,2,1,22,5,55,3,2,9,5,4,32,20,192,240
2023,17,2023_17_CAR_JAX,CAR,JAX,13,1,6,3,7,3,24,6,3,0,0,0,32,19,57,67
2023,17,2023_17_CAR_JAX,JAX,CAR,16,7,1,1,16,1,15,3,6,3,6,2,24,17,155,162
2023,17,2023_17_CIN_KC,CIN,KC,16,8,3,1,20,3,20,6,2,2,4,2,33,19,104,159
2023,17,2023_17_CIN_KC,KC,CIN,12,3,1,1,15,3,39,2,6,6,3,1,29,21,132,241
2023,17,2023_17_DET_DAL,DAL,DET,14,7,0,0,17,5,34,3,1,5,3,2,38,26,61,323
2023,17,2023_17_DET_DAL,DET,DAL,13,4,3,2,21,6,35,1,3,6,4,2,36,20,125,295
2023,17,2023_17_GB_MIN,GB,MIN,14,9,1,0,27,4,32,0,4,5,6,4,34,25,177,293
2023,17,2023_17_GB_MIN,MIN,GB,10,3,2,0,13,6,27,4,0,2,3,1,32,18,67,144
2023,17,2023_17_LAC_DEN,DEN,LAC,17,7,1,1,16,7,49,2,1,2,3,1,32,20,101,212
2023,17,2023_17_LAC_DEN,LAC,DEN,11,2,2,1,17,3,48,1,2,2,1,0,38,24,86,215
2023,17,2023_17_LA_NYG,LA,NYG,8,2,1,0,22,3,28,4,6,3,4,4,34,24,105,286
2023,17,2023_17_LA_NYG,NYG,LA,16,5,3,1,17,7,65,6,4,4,5,2,42,27,105,284
2023,17,2023_17_LV_IND,IND,LV,13,6,1,1,16,5,52,1,2,4,4,2,23,15,134,215
2023,17,2023_17_LV_IND,LV,IND,15,5,2,2,26,7,54,2,1,2,3,2,47,30,84,286
2023,17,2023_17_MIA_BAL,BAL,MIA,7,4,1,1,24,7,45,1,3,7,8,8,22,19,160,331
2023,17,2023_17_MIA_BAL,MIA,BAL,15,6,4,2,20,5,37,3,1,4,4,2,39,22,154,221
2023,17,2023_17_NE_BUF,BUF,NE,15,7,0,0,19,4,32,1,3,1,6,2,30,15,127,154
2023,17,2023_17_NE_BUF,NE,BUF,10,4,0,0,15,2,20,3,1,2,3,3,26,16,103,191
2023,17,2023_17_NO_TB,NO,TB,18,8,0,0,19,5,31,1,2,2,4,2,34,25,108,202
2023,17,2023_17_NO_TB,TB,NO,8,2,1,1,13,5,38,2,1,5,2,2,34,22,57,292
2023,17,2023_17_NYJ_CLE,CLE,NYJ,10,5,1,0,20,4,26,1,2,7,7,4,29,19,127,301
2023,17,2023_17_NYJ_CLE,NYJ,CLE,16,6,2,1,17,12,74,2,1,6,4,1,45,32,107,253
2023,17,2023_17_PIT_SEA,PIT,SEA,13,6,3,2,25,2,10,1,1,7,7,3,24,18,202,266
2023,17,2023_17_PIT_SEA,SEA,PIT,9,3,0,0,17,4,25,1,1,6,3,2,33,23,88,281
2023,17,2023_17_SF_WAS,SF,WAS,9,4,1,0,28,3,20,1,1,2,6,3,28,22,184,224
2023,17,2023_17_SF_WAS,WAS,SF,9,3,1,0,12,5,40,1,1,3,2,1,28,17,62,163
2023,17,2023_17_TEN_HOU,HOU,TEN,11,3,0,0,20,1,6,1,6,2,5,1,32,24,111,201
2023,17,2023_17_TEN_HOU,TEN,HOU,12,1,4,2,11,3,15,6,1,2,1,0,26,18,53,134
2023,18,2023_18_ATL_NO,ATL,NO,11,4,1,0,14,8,75,1,3,3,4,2,34,25,78,311
2023,18,2023_18_ATL_NO,NO,ATL,10,3,1,1,26,3,15,3,1,6,8,6,28,22,154,246
2023,18,2023_18_BUF_MIA,BUF,MIA,15,9,3,1,25,6,41,3,1,5,6,2,38,30,128,345
2023,18,2023_18_BUF_MIA,MIA,BUF,10,4,0,0,16,4,29,1,3,3,2,2,27,17,108,167
2023,18,2023_18_CHI_GB,CHI,GB,11,3,1,1,13,1,10,5,1,2,2,0,16,11,75,117
2023,18,2023_18_CHI_GB,GB,CHI,10,7,0,0,24,1,5,1,5,3,4,2,32,27,124,308
2023,18,2023_18_CLE_CIN,CIN,CLE,12,3,0,0,22,1,10,3,3,4,4,4,28,21,183,145
2023,18,2023_18_CLE_CIN,CLE,CIN,11,2,1,1,13,7,35,3,3,3,2,2,26,13,104,140
2023,18,2023_18_DAL_WAS,DAL,WAS,10,6,1,1,31,2,20,0,4,3,7,5,40,34,131,309
2023,18,2023_18_DAL_WAS,WAS,DAL,10,2,4,3,12,4,39,4,0,0,2,1,28,20,50,130
2023,18,2023_18_DEN_LV,DEN,LV,12,4,3,2,17,4,35,5,3,6,2,2,34,20,48,238
2023,18,2023_18_DEN_LV,LV,DEN,13,7,0,0,22,0,0,3,5,4,4,3,32,20,129,230
2023,18,2023_18_HOU_IND,HOU,IND,13,5,1,0,15,11,69,2,1,4,3,3,26,20,60,246
2023,18,2023_18_HOU_IND,IND,HOU,11,1,1,0,20,3,14,1,2,4,5,1,25,13,227,135
2023,18,2023_18_JAX_TEN,JAX,TEN,14,8,3,0,20,6,40,0,2,1,4,2,43,29,82,280
2023,18,2023_18_JAX_TEN,TEN,JAX,11,6,1,0,19,5,29,2,0,4,4,4,27,17,175,152
2023,18,2023_18_KC_LAC,KC,LAC,16,6,1,1,12,3,57,1,3,3,2,0,30,15,123,145
2023,18,2023_18_KC_LAC,LAC,KC,19,7,3,2,22,1,5,3,1,2,3,1,47,28,118,235
2023,18,2023_18_LA_SF,LA,SF,15,9,4,3,19,2,8,2,3,1,3,3,25,17,109,151
2023,18,2023_18_LA_SF,SF,LA,10,5,1,1,20,5,78,3,2,2,4,3,26,16,125,175
2023,18,2023_18_MIN_DET,DET,MIN,9,1,2,2,19,4,20,1,4,5,6,4,32,23,70,311
2023,18,2023_18_MIN_DET,MIN,DET,13,2,3,2,23,8,77,4,1,9,3,2,44,30,89,359
2023,18,2023_18_NYJ_NE,NE,NYJ,14,1,3,0,6,4,35,7,1,1,1,0,30,12,88,31
2023,18,2023_18_NYJ_NE,NYJ,NE,15,3,1,0,13,1,5,1,7,2,3,1,20,8,187,69
2023,18,2023_18_PHI_NYG,NYG,PHI,14,6,0,0,22,3,21,2,5,4,6,3,34,25,109,306
2023,18,2023_18_PHI_NYG,PHI,NYG,13,5,1,0,19,2,10,5,2,2,2,1,36,20,133,166
2023,18,2023_18_PIT_BAL,BAL,PIT,13,4,1,1,13,3,26,4,3,2,2,1,28,15,106,118
2023,18,2023_18_PIT_BAL,PIT,BAL,15,6,0,0,16,4,25,3,4,2,3,2,20,18,155,134
2023,18,2023_18_SEA_ARI,ARI,SEA,13,5,2,2,24,5,27,1,0,9,4,2,30,22,206,260
2023,18,2023_18_SEA_ARI,SEA,ARI,12,6,0,0,18,0,0,0,1,4,4,2,29,16,138,191
2023,18,2023_18_TB_CAR,CAR,TB,12,2,2,2,11,3,20,3,3,2,0,0,18,11,131,68
2023,18,2023_18_TB_CAR,TB,CAR,16,6,0,0,14,3,15,3,3,2,3,0,32,20,113,115
2024,1,2024_01_ARI_BUF,ARI,BUF,13,7,1,0,18,5,31,4,2,4,5,3,31,21,126,146
2024,1,2024_01_ARI_BUF,BUF,ARI,9,3,2,2,23,9,65,2,4,3,7,4,23,18,130,222
2024,1,2024_01_BAL_KC,BAL,KC,14,7,2,1,25,7,64,1,2,2,5,2,41,26,185,267
2024,1,2024_01_BAL_KC,KC,BAL,9,4,0,0,20,6,45,2,1,6,5,3,28,20,72,281
2024,1,2024_01_CAR_NO,CAR,NO,10,1,3,1,11,6,80,4,1,2,2,1,31,13,58,135
2024,1,2024_01_CAR_NO,NO,CAR,13,7,0,0,22,10,95,1,4,2,6,5,24,19,180,199
2024,1,2024_01_DAL_CLE,CLE,DAL,15,2,5,3,15,11,64,6,3,2,2,2,45,24,93,137
2024,1,2024_01_DAL_CLE,DAL,CLE,14,4,0,0,15,11,85,3,6,2,4,2,32,19,102,163
2024,1,2024_01_DEN_SEA,DEN,SEA,18,5,1,1,13,8,60,2,2,2,6,1,42,26,99,132
2024,1,2024_01_DEN_SEA,SEA,DEN,12,4,0,0,19,6,41,2,2,3,4,3,26,18,146,158
2024,1,2024_01_GB_PHI,GB,PHI,11,3,1,1,19,10,71,2,2,7,6,3,35,17,163,251
2024,1,2024_01_GB_PHI,PHI,GB,14,4,1,1,25,7,57,2,2,5,7,4,34,20,144,266
2024,1,2024_01_HOU_IND,HOU,IND,14,7,2,2,25,5,30,4,2,2,3,3,32,24,213,204
2024,1,2024_01_HOU_IND,IND,HOU,10,5,2,1,14,4,20,2,4,3,5,4,19,9,104,199
2024,1,2024_01_JAX_MIA,JAX,MIA,10,2,1,0,16,8,71,3,3,5,3,2,21,12,128,139
2024,1,2024_01_JAX_MIA,MIA,JAX,16,8,2,0,18,9,103,3,3,5,3,2,37,23,81,319
2024,1,2024_01_LA_DET,DET,LA,13,6,1,1,20,6,56,2,2,4,5,3,28,18,163,200
2024,1,2024_01_LA_DET,LA,DET,12,5,2,1,26,6,50,2,2,4,5,2,49,34,83,304
2024,1,2024_01_LV_LAC,LAC,LV,15,4,0,0,11,7,50,1,4,3,4,2,26,17,176,140
2024,1,2024_01_LV_LAC,LV,LAC,14,5,1,0,14,2,15,4,1,4,2,1,33,25,71,225
2024,1,2024_01_MIN_NYG,MIN,NYG,10,3,1,1,17,7,63,1,5,3,4,3,24,19,111,201
2024,1,2024_01_MIN_NYG,NYG,MIN,18,7,3,1,14,9,95,5,1,2,3,0,42,22,74,166
2024,1,2024_01_NE_CIN,CIN,NE,11,4,1,0,13,2,10,3,1,1,2,1,29,21,70,154
2024,1,2024_01_NE_CIN,NE,CIN,15,6,0,0,17,5,40,1,3,0,4,1,24,15,170,120
2024,1,2024_01_NYJ_SF,NYJ,SF,10,6,1,0,14,3,10,1,3,2,3,3,30,19,68,198
2024,1,2024_01_NYJ_SF,SF,NYJ,13,6,0,0,24,4,40,3,1,5,5,2,29,19,180,221
2024,1,2024_01_PIT_ATL,ATL,PIT,9,2,1,1,15,5,34,2,2,1,2,1,26,16,89,137
2024,1,2024_01_PIT_ATL,PIT,ATL,17,8,1,0,16,9,60,2,2,3,2,0,23,17,137,133
2024,1,2024_01_TEN_CHI,CHI,TEN,13,2,2,2,11,7,55,2,3,1,3,0,30,14,84,66
2024,1,2024_01_TEN_CHI,TEN,CHI,14,3,2,1,16,8,50,3,2,3,3,2,32,19,140,104
2024,1,2024_01_WAS_TB,TB,WAS,13,9,0,0,21,7,46,1,2,5,6,4,30,24,112,280
2024,1,2024_01_WAS_TB,WAS,TB,8,2,1,1,21,6,29,2,1,2,3,3,25,17,138,161
2024,2,2024_02_ATL_PHI,ATL,PHI,9,2,2,1,22,3,40,1,1,3,4,2,30,20,152,233
2024,2,2024_02_ATL_PHI,PHI,ATL,13,6,3,2,22,9,53,1,1,1,5,2,30,23,188,179
2024,2,2024_02_BUF_MIA,BUF,MIA,9,3,1,1,12,1,5,0,2,3,4,3,19,13,108,139
2024,2,2024_02_BUF_MIA,MIA,BUF,15,7,5,1,20,7,50,2,0,1,4,1,39,25,139,212
2024,2,2024_02_CHI_HOU,CHI,HOU,17,6,2,1,15,9,60,7,3,2,1,1,37,23,71,134
2024,2,2024_02_CHI_HOU,HOU,CHI,14,4,1,1,15,12,115,3,7,3,2,1,36,23,75,235
2024,2,2024_02_CIN_KC,CIN,KC,13,4,2,2,18,8,79,3,2,2,4,2,36,23,74,246
2024,2,2024_02_CIN_KC,KC,CIN,8,1,2,2,19,4,44,2,3,1,4,2,26,18,149,137
2024,2,2024_02_CLE_JAX,CLE,JAX,14,2,3,3,17,13,100,2,4,4,3,1,34,22,125,172
2024,2,2024_02_CLE_JAX,JAX,CLE,9,3,0,0,18,6,52,4,2,7,4,1,30,14,127,196
2024,2,2024_02_IND_GB,GB,IND,17,10,0,0,19,6,50,0,1,3,3,1,14,12,261,122
2024,2,2024_02_IND_GB,IND,GB,9,2,2,1,19,3,20,1,0,4,2,1,34,17,140,198
2024,2,2024_02_LAC_CAR,CAR,LAC,12,1,3,1,7,9,90,2,1,1,1,0,26,18,90,69
2024,2,2024_02_LAC_CAR,LAC,CAR,16,9,0,0,20,3,15,1,2,2,4,3,20,14,219,130
2024,2,2024_02_LA_ARI,ARI,LA,11,7,0,0,24,5,52,1,5,8,6,5,21,17,231,258
2024,2,2024_02_LA_ARI,LA,ARI,11,2,3,1,14,2,10,5,1,4,3,1,27,19,53,192
2024,2,2024_02_LV_BAL,BAL,LV,11,3,1,1,20,11,109,2,5,2,3,2,34,21,126,232
2024,2,2024_02_LV_BAL,LV,BAL,12,4,1,0,18,3,15,5,2,5,4,2,38,30,27,233
2024,2,2024_02_NO_DAL,DAL,NO,13,6,3,1,20,4,26,3,1,2,4,1,42,28,68,285
2024,2,2024_02_NO_DAL,NO,DAL,8,5,0,0,24,5,40,1,3,3,7,6,16,11,190,242
2024,2,2024_02_NYG_WAS,NYG,WAS,8,4,2,1,18,5,20,1,5,4,3,3,30,16,129,175
2024,2,2024_02_NYG_WAS,WAS,NYG,14,7,1,1,22,10,69,5,1,6,7,0,29,23,215,210
2024,2,2024_02_NYJ_TEN,NYJ,TEN,12,5,0,0,16,7,70,2,4,4,4,3,30,18,101,164
2024,2,2024_02_NYJ_TEN,TEN,NYJ,12,5,1,0,18,5,45,4,2,3,5,2,28,19,130,170
2024,2,2024_02_PIT_DEN,DEN,PIT,12,2,2,1,13,9,124,2,2,4,3,0,35,20,64,231
2024,2,2024_02_PIT_DEN,PIT,DEN,13,4,0,0,16,10,78,2,2,0,2,1,20,13,141,110
2024,2,2024_02_SEA_NE,NE,SEA,16,6,0,0,19,3,42,3,3,2,4,2,27,15,185,125
2024,2,2024_02_SEA_NE,SEA,NE,15,7,2,1,18,6,50,3,3,2,4,2,44,33,46,312
2024,2,2024_02_SF_MIN,MIN,SF,12,7,0,0,17,7,53,4,6,3,5,2,26,17,146,257
2024,2,2024_02_SF_MIN,SF,MIN,10,2,3,1,23,4,30,6,4,6,4,2,36,28,102,294
2024,2,2024_02_TB_DET,DET,TB,17,7,5,3,25,4,71,0,5,4,7,1,56,35,139,324
2024,2,2024_02_TB_DET,TB,DET,10,2,0,0,14,4,35,5,0,2,3,2,19,12,70,146
2024,3,2024_03_BAL_DAL,BAL,DAL,9,4,0,0,24,13,105,0,3,5,4,4,15,12,274,182
2024,3,2024_03_BAL_DAL,DAL,BAL,13,7,1,0,26,6,44,3,0,6,4,3,53,28,51,361
2024,3,2024_03_CAR_LV,CAR,LV,12,5,0,0,24,7,51,2,3,6,6,4,38,26,131,306
2024,3,2024_03_CAR_LV,LV,CAR,11,3,3,1,20,6,54,3,2,3,3,3,41,27,55,278
2024,3,2024_03_CHI_IND,CHI,IND,21,9,5,4,26,4,25,4,1,3,3,2,53,33,63,332
2024,3,2024_03_CHI_IND,IND,CHI,12,3,1,0,15,9,78,1,4,5,4,3,20,10,150,156
2024,3,2024_03_DEN_TB,DEN,TB,13,4,3,2,18,4,35,0,7,4,5,2,36,25,136,216
2024,3,2024_03_DEN_TB,TB,DEN,11,3,2,0,16,5,19,7,0,1,2,1,33,25,91,132
2024,3,2024_03_DET_ARI,ARI,DET,9,1,2,0,17,4,30,1,2,2,1,1,34,21,77,200
2024,3,2024_03_DET_ARI,DET,ARI,12,6,1,0,23,9,79,2,1,3,3,3,23,18,187,186
2024,3,2024_03_GB_TEN,GB,TEN,14,5,0,0,16,10,75,3,8,7,5,2,19,13,188,190
2024,3,2024_03_GB_TEN,TEN,GB,9,3,1,0,18,2,15,8,3,4,2,2,34,26,33,204
2024,3,2024_03_HOU_MIN,HOU,MIN,14,4,4,2,17,11,88,5,4,2,2,1,44,28,38,258
2024,3,2024_03_HOU_MIN,MIN,HOU,13,6,1,1,19,5,30,4,5,4,5,4,28,17,118,156
2024,3,2024_03_JAX_BUF,BUF,JAX,11,6,2,2,24,6,47,0,5,3,7,6,31,24,122,266
2024,3,2024_03_JAX_BUF,JAX,BUF,13,2,8,4,18,7,45,5,0,2,4,1,46,26,92,147
2024,3,2024_03_KC_ATL,ATL,KC,9,2,3,1,19,6,44,2,0,3,4,2,29,20,82,229
2024,3,2024_03_KC_ATL,KC,ATL,14,6,1,1,22,6,61,0,2,1,4,2,39,26,128,217
2024,3,2024_03_LAC_PIT,LAC,PIT,11,3,0,0,10,7,69,5,2,1,2,1,20,14,61,105
2024,3,2024_03_LAC_PIT,PIT,LAC,14,7,0,0,19,3,15,2,5,5,5,2,32,25,114,232
2024,3,2024_03_MIA_SEA,MIA,SEA,12,1,3,0,13,11,85,6,3,2,2,0,32,20,65,140
2024,3,2024_03_MIA_SEA,SEA,MIA,11,3,0,0,21,11,92,3,6,2,3,3,34,26,100,270
2024,3,2024_03_NE_NYJ,NE,NYJ,11,2,3,3,11,5,70,7,2,1,1,0,26,16,78,61
2024,3,2024_03_NE_NYJ,NYJ,NE,15,10,0,0,26,8,106,2,7,4,4,3,35,27,133,267
2024,3,2024_03_NYG_CLE,CLE,NYG,14,4,3,1,16,5,48,8,2,3,2,2,38,21,69,150
2024,3,2024_03_NYG_CLE,NYG,CLE,14,4,1,1,21,9,68,2,8,4,4,3,35,24,112,228
2024,3,2024_03_PHI_NO,NO,PHI,13,6,1,0,12,3,25,1,4,2,4,1,26,14,89,130
2024,3,2024_03_PHI_NO,PHI,NO,14,6,3,1,20,7,45,4,1,8,4,2,38,29,174,288
2024,3,2024_03_SF_LA,LA,SF,12,5,2,2,19,8,75,3,1,3,5,3,26,16,98,198
2024,3,2024_03_SF_LA,SF,LA,11,6,1,1,24,7,111,1,3,4,4,3,30,22,137,288
2024,3,2024_03_WAS_CIN,CIN,WAS,10,6,1,1,30,5,16,2,2,3,6,4,39,29,124,312
2024,3,2024_03_WAS_CIN,WAS,CIN,9,5,3,3,22,3,28,2,2,4,5,5,23,21,108,248
2024,4,2024_04_BUF_BAL,BAL,BUF,9,5,0,0,21,8,79,1,3,5,5,5,19,14,271,156
2024,4,2024_04_BUF_BAL,BUF,BAL,13,3,1,1,12,4,38,3,1,4,2,1,31,17,81,155
2024,4,2024_04_CIN_CAR,CAR,CIN,14,7,3,1,24,6,37,0,0,3,4,3,41,25,155,220
2024,4,2024_04_CIN_CAR,CIN,CAR,13,7,0,0,24,5,39,0,0,4,4,4,31,22,141,232
2024,4,2024_04_CLE_LV,CLE,LV,10,3,1,0,15,5,38,3,2,1,3,1,32,24,92,149
2024,4,2024_04_CLE_LV,LV,CLE,12,4,0,0,17,6,49,2,3,1,3,2,24,14,152,116
2024,4,2024_04_DAL_NYG,DAL,NYG,10,3,1,1,14,11,89,1,1,1,1,1,27,22,80,213
2024,4,2024_04_DAL_NYG,NYG,DAL,16,5,4,3,16,4,35,1,1,2,3,0,40,29,26,277
2024,4,2024_04_DEN_NYJ,DEN,NYJ,14,3,0,0,12,5,74,0,5,2,1,1,25,12,126,60
2024,4,2024_04_DEN_NYJ,NYJ,DEN,17,4,1,0,16,13,90,5,0,5,2,0,42,24,64,184
2024,4,2024_04_JAX_HOU,HOU,JAX,13,7,0,0,25,12,93,2,1,7,4,3,40,27,101,334
2024,4,2024_04_JAX_HOU,JAX,HOU,12,4,1,0,17,6,44,1,2,4,3,2,33,18,158,155
2024,4,2024_04_KC_LAC,KC,LAC,16,9,0,0,16,5,40,3,2,3,3,2,29,19,101,228
2024,4,2024_04_KC_LAC,LAC,KC,13,4,1,0,12,9,51,2,3,3,3,1,27,16,55,169
2024,4,2024_04_LA_CHI,CHI,LA,9,3,0,0,17,10,84,3,3,3,5,3,23,17,131,133
2024,4,2024_04_LA_CHI,LA,CHI,11,5,0,0,20,6,44,3,3,2,4,1,30,20,119,203
2024,4,2024_04_MIN_GB,GB,MIN,12,4,2,0,23,8,68,1,2,7,5,4,55,32,86,381
2024,4,2024_04_MIN_GB,MIN,GB,11,4,1,0,21,7,55,2,1,4,7,4,28,20,120,254
2024,4,2024_04_NE_SF,NE,SF,16,5,3,1,12,3,20,6,1,2,3,1,32,19,73,140
2024,4,2024_04_NE_SF,SF,NE,13,7,0,0,19,6,43,1,6,7,5,2,27,15,148,283
2024,4,2024_04_NO_ATL,ATL,NO,11,4,0,0,14,9,76,1,1,3,3,0,35,21,88,227
2024,4,2024_04_NO_ATL,NO,ATL,13,7,2,1,24,6,60,1,1,1,4,3,36,28,131,235
2024,4,2024_04_PHI_TB,PHI,TB,13,6,2,1,15,5,41,6,2,3,3,2,30,18,113,114
2024,4,2024_04_PHI_TB,TB,PHI,13,6,1,1,29,3,20,2,6,4,6,4,47,30,111,334
2024,4,2024_04_PIT_IND,IND,PIT,15,8,0,0,22,4,38,2,4,5,5,3,30,19,133,225
2024,4,2024_04_PIT_IND,PIT,IND,13,6,2,0,22,6,53,4,2,5,4,3,34,22,122,282
2024,4,2024_04_SEA_DET,DET,SEA,6,3,0,0,20,12,101,3,3,6,5,5,19,19,116,273
2024,4,2024_04_SEA_DET,SEA,DET,10,5,2,1,37,8,70,3,3,7,6,4,57,38,133,383
2024,4,2024_04_TEN_MIA,MIA,TEN,12,2,3,1,13,10,98,2,1,2,1,1,23,14,106,78
2024,4,2024_04_TEN_MIA,TEN,MIA,12,2,1,1,16,8,69,1,2,2,3,2,21,12,142,102
2024,4,2024_04_WAS_ARI,ARI,WAS,11,4,3,2,17,4,82,4,0,2,2,2,22,16,181,115
2024,4,2024_04_WAS_ARI,WAS,ARI,12,9,1,1,28,5,49,0,4,2,6,5,31,26,216,235
2024,5,2024_05_ARI_SF,ARI,SF,10,3,1,1,19,1,5,1,2,5,5,2,30,19,171,189
2024,5,2024_05_ARI_SF,SF,ARI,11,6,1,0,22,4,21,2,1,4,7,1,35,19,153,231
2024,5,2024_05_BAL_CIN,BAL,CIN,15,10,1,1,29,5,21,1,3,5,6,5,42,26,175,345
2024,5,2024_05_BAL_CIN,CIN,BAL,14,8,0,0,23,4,24,3,1,3,6,5,39,30,73,371
2024,5,2024_05_BUF_HOU,BUF,HOU,14,3,1,1,16,4,25,1,1,4,4,2,30,9,150,126
2024,5,2024_05_BUF_HOU,HOU,BUF,16,8,1,0,18,7,65,1,1,2,3,2,38,28,94,331
2024,5,2024_05_CAR_CHI,CAR,CHI,12,3,3,1,14,4,18,4,1,5,3,1,35,22,120,172
2024,5,2024_05_CAR_CHI,CHI,CAR,11,4,1,0,24,5,46,1,4,6,6,5,30,20,128,296
2024,5,2024_05_CLE_WAS,CLE,WAS,13,1,3,2,12,9,52,7,3,1,2,1,29,16,104,108
2024,5,2024_05_CLE_WAS,WAS,CLE,17,8,2,2,18,5,31,3,7,8,7,4,28,15,215,219
2024,5,2024_05_DAL_PIT,DAL,PIT,15,9,1,1,25,11,87,2,3,5,6,2,42,29,109,336
2024,5,2024_05_DAL_PIT,PIT,DAL,12,3,2,2,15,8,50,3,2,2,2,2,28,16,92,134
2024,5,2024_05_GB_LA,GB,LA,8,1,0,0,19,7,39,2,3,3,4,3,26,15,126,202
2024,5,2024_05_GB_LA,LA,GB,16,8,4,2,24,5,30,3,2,3,4,2,45,29,134,236
2024,5,2024_05_IND_JAX,IND,JAX,14,7,1,1,25,5,34,4,0,7,6,4,45,34,99,348
2024,5,2024_05_IND_JAX,JAX,IND,10,3,2,1,20,3,25,0,4,5,6,4,34,28,126,371
2024,5,2024_05_LV_DEN,DEN,LV,12,3,1,1,18,9,44,3,3,5,5,3,27,19,109,180
2024,5,2024_05_LV_DEN,LV,DEN,15,7,1,0,19,11,79,3,3,3,3,3,37,22,117,215
2024,5,2024_05_MIA_NE,MIA,NE,11,2,1,0,24,6,54,3,2,2,3,1,32,18,193,179
2024,5,2024_05_MIA_NE,NE,MIA,13,4,1,0,15,12,105,2,3,4,4,1,34,18,151,148
2024,5,2024_05_NO_KC,KC,NO,14,6,1,1,28,6,55,2,1,4,7,2,39,28,139,321
2024,5,2024_05_NO_KC,NO,KC,10,4,2,0,14,5,70,1,2,2,2,2,35,20,46,174
2024,5,2024_05_NYG_SEA,NYG,SEA,16,7,1,0,24,2,20,3,7,5,7,3,34,23,175,245
2024,5,2024_05_NYG_SEA,SEA,NYG,11,3,2,0,17,6,30,7,3,5,2,1,40,28,102,231
2024,5,2024_05_NYJ_MIN,MIN,NYJ,13,4,1,0,17,11,80,4,3,6,2,1,32,15,82,171
2024,5,2024_05_NYJ_MIN,NYJ,MIN,17,5,1,0,17,8,76,3,4,1,3,2,54,29,36,218
2024,5,2024_05_TB_ATL,ATL,TB,14,6,3,2,28,8,74,4,1,8,5,3,59,42,73,477
2024,5,2024_05_TB_ATL,TB,ATL,11,6,0,0,20,5,47,1,4,4,4,3,24,19,160,173
2024,6,2024_06_ARI_GB,ARI,GB,10,4,0,0,16,13,100,0,0,2,3,1,32,22,89,214
2024,6,2024_06_ARI_GB,GB,ARI,12,7,1,1,25,5,40,0,0,3,6,4,32,22,179,258
2024,6,2024_06_ATL_CAR,ATL,CAR,12,6,0,0,25,5,45,0,0,3,8,4,30,19,200,225
2024,6,2024_06_ATL_CAR,CAR,ATL,11,5,1,0,21,10,74,0,0,1,4,2,38,26,114,221
2024,6,2024_06_BUF_NYJ,BUF,NYJ,11,5,0,0,24,11,94,2,3,2,4,3,25,19,149,210
2024,6,2024_06_BUF_NYJ,NYJ,BUF,12,4,0,0,19,11,110,3,2,8,5,2,35,23,121,272
2024,6,2024_06_CIN_NYG,CIN,NYG,11,4,0,0,13,6,67,4,2,5,3,2,28,19,121,183
2024,6,2024_06_CIN_NYG,NYG,CIN,15,5,5,3,24,2,9,2,4,0,2,1,41,22,119,190
2024,6,2024_06_CLE_PHI,CLE,PHI,12,3,1,1,14,7,55,5,1,2,3,0,23,16,100,144
2024,6,2024_06_CLE_PHI,PHI,CLE,14,5,2,2,19,5,40,1,5,5,3,2,25,16,116,256
2024,6,2024_06_DET_DAL,DAL,DET,13,3,4,1,16,4,30,4,3,2,3,0,44,25,53,198
2024,6,2024_06_DET_DAL,DET,DAL,10,4,2,1,27,8,63,3,4,6,7,5,27,19,184,308
2024,6,2024_06_HOU_NE,HOU,NE,11,4,0,0,20,4,38,2,4,6,5,5,32,20,192,176
2024,6,2024_06_HOU_NE,NE,HOU,13,3,2,2,17,9,50,4,2,4,4,3,33,20,82,209
2024,6,2024_06_IND_TEN,IND,TEN,15,7,1,1,20,5,40,0,0,4,4,2,38,22,80,189
2024,6,2024_06_IND_TEN,TEN,IND,11,4,1,1,15,11,113,0,0,2,2,2,27,16,146,95
2024,6,2024_06_JAX_CHI,CHI,JAX,11,5,1,1,25,2,10,3,4,4,5,5,29,23,152,221
2024,6,2024_06_JAX_CHI,JAX,CHI,15,7,2,2,17,8,43,4,3,2,3,2,37,24,68,210
2024,6,2024_06_LAC_DEN,DEN,LAC,11,3,2,2,17,7,37,2,3,6,2,2,34,19,110,206
2024,6,2024_06_LAC_DEN,LAC,DEN,18,11,0,0,22,3,20,3,2,5,4,2,34,21,128,222
2024,6,2024_06_PIT_LV,LV,PIT,11,2,3,1,16,4,42,1,3,1,3,2,41,27,57,218
2024,6,2024_06_PIT_LV,PIT,LV,13,4,1,1,18,7,50,3,1,4,5,3,25,14,183,110
2024,6,2024_06_SF_SEA,SEA,SF,16,7,3,2,22,9,69,1,0,2,4,3,52,30,52,306
2024,6,2024_06_SF_SEA,SF,SEA,12,5,0,0,21,5,34,0,1,5,6,4,28,18,228,255
2024,6,2024_06_TB_NO,NO,TB,13,4,1,1,19,7,70,5,1,3,5,2,40,22,81,222
2024,6,2024_06_TB_NO,TB,NO,10,6,0,0,29,12,86,1,5,8,8,6,37,24,277,317
2024,6,2024_06_WAS_BAL,BAL,WAS,10,6,0,0,28,3,33,2,3,7,5,3,26,20,176,308
2024,6,2024_06_WAS_BAL,WAS,BAL,12,4,1,1,18,6,46,3,2,5,3,2,35,24,52,253
2024,7,2024_07_BAL_TB,BAL,TB,8,3,1,1,22,9,85,2,3,6,6,5,22,17,244,264
2024,7,2024_07_BAL_TB,TB,BAL,17,11,1,1,27,8,75,3,2,6,6,4,47,31,125,358
2024,7,2024_07_CAR_WAS,CAR,WAS,10,3,1,0,10,6,59,2,1,2,1,1,18,13,95,85
2024,7,2024_07_CAR_WAS,WAS,CAR,10,5,0,0,26,8,55,1,2,3,7,3,25,20,214,207
2024,7,2024_07_CIN_CLE,CIN,CLE,13,2,1,0,12,3,37,3,4,3,3,3,25,15,59,164
2024,7,2024_07_CIN_CLE,CLE,CIN,19,8,2,1,18,10,80,4,3,3,2,2,53,31,77,261
2024,7,2024_07_DEN_NO,DEN,NO,11,4,0,0,22,7,47,0,6,6,5,2,26,16,225,164
2024,7,2024_07_DEN_NO,NO,DEN,17,5,4,3,15,5,35,6,0,2,2,1,39,28,97,174
2024,7,2024_07_DET_MIN,DET,MIN,10,4,1,0,18,8,49,4,4,5,4,4,25,22,144,247
2024,7,2024_07_DET_MIN,MIN,DET,10,4,0,0,16,8,59,4,4,5,3,2,28,22,139,244
2024,7,2024_07_HOU_GB,GB,HOU,10,4,0,0,18,8,55,3,4,3,3,3,33,24,82,195
2024,7,2024_07_HOU_GB,HOU,GB,13,4,0,0,15,5,55,4,3,2,4,2,21,10,142,55
2024,7,2024_07_KC_SF,KC,SF,14,8,2,1,22,4,48,2,1,5,5,4,27,16,184,145
2024,7,2024_07_KC_SF,SF,KC,11,2,1,1,18,6,40,1,2,4,4,2,32,17,101,209
2024,7,2024_07_LAC_ARI,ARI,LAC,7,2,1,0,22,3,15,0,3,2,3,2,26,14,181,145
2024,7,2024_07_LAC_ARI,LAC,ARI,14,6,1,1,20,5,57,3,0,5,1,0,39,27,59,336
2024,7,2024_07_LV_LA,LA,LV,10,2,1,0,15,3,28,1,2,3,4,2,23,14,115,144
2024,7,2024_07_LV_LA,LV,LA,15,3,1,1,20,10,80,2,1,1,4,0,44,21,122,195
2024,7,2024_07_MIA_IND,IND,MIA,13,4,0,0,16,4,25,0,2,3,4,1,24,10,155,129
2024,7,2024_07_MIA_IND,MIA,IND,15,6,1,0,18,6,50,2,0,1,3,1,26,15,188,149
2024,7,2024_07_NE_JAX,JAX,NE,10,6,1,0,23,4,24,0,2,3,6,3,21,15,171,195
2024,7,2024_07_NE_JAX,NE,JAX,12,6,1,0,17,7,35,2,0,3,2,2,38,26,38,257
2024,7,2024_07_NYJ_PIT,NYJ,PIT,10,3,2,1,17,5,50,1,1,3,3,2,40,24,54,271
2024,7,2024_07_NYJ_PIT,PIT,NYJ,14,5,2,2,21,4,36,1,1,6,6,4,29,16,149,260
2024,7,2024_07_PHI_NYG,NYG,PHI,14,3,0,0,10,5,35,8,5,0,1,0,29,17,76,43
2024,7,2024_07_PHI_NYG,PHI,NYG,13,1,3,3,20,6,35,5,8,4,4,4,15,10,269,70
2024,7,2024_07_SEA_ATL,ATL,SEA,15,8,2,2,22,9,72,3,1,4,2,2,36,25,155,214
2024,7,2024_07_SEA_ATL,SEA,ATL,11,4,1,1,20,5,42,1,3,6,5,3,29,19,103,236
2024,7,2024_07_TEN_BUF,BUF,TEN,10,3,0,0,18,5,40,1,3,6,6,4,33,21,74,315
2024,7,2024_07_TEN_BUF,TEN,BUF,16,6,2,1,18,8,52,3,1,2,3,1,40,25,89,200
2024,8,2024_08_ARI_MIA,ARI,MIA,13,7,0,0,22,4,29,0,1,4,4,3,36,26,82,307
2024,8,2024_08_ARI_MIA,MIA,ARI,15,11,0,0,22,2,15,1,0,3,4,3,38,28,150,227
2024,8,2024_08_ATL_TB,ATL,TB,12,6,2,2,20,4,43,2,0,5,4,4,29,23,129,265
2024,8,2024_08_ATL_TB,TB,ATL,14,9,2,1,24,6,45,0,2,3,3,3,50,37,102,330
2024,8,2024_08_BAL_CLE,BAL,CLE,10,2,2,0,22,7,53,3,2,8,5,3,38,23,124,263
2024,8,2024_08_BAL_CLE,CLE,BAL,15,8,0,0,22,7,74,2,3,5,5,3,42,27,80,321
2024,8,2024_08_BUF_SEA,BUF,SEA,15,8,1,1,29,13,85,1,1,5,6,4,34,24,164,281
2024,8,2024_08_BUF_SEA,SEA,BUF,7,1,1,0,17,11,82,1,1,1,3,1,29,21,32,201
2024,8,2024_08_CAR_DEN,CAR,DEN,14,5,4,1,14,8,49,2,2,3,3,2,38,24,69,215
2024,8,2024_08_CAR_DEN,DEN,CAR,17,11,2,1,23,4,43,2,2,4,5,4,39,30,102,298
2024,8,2024_08_CHI_WAS,CHI,WAS,12,2,1,0,15,8,60,3,2,4,3,2,25,10,202,107
2024,8,2024_08_CHI_WAS,WAS,CHI,15,5,0,0,22,5,30,2,3,6,3,0,38,21,168,313
2024,8,2024_08_DAL_SF,DAL,SF,12,4,2,1,18,6,30,2,2,4,4,3,38,25,56,236
2024,8,2024_08_DAL_SF,SF,DAL,16,8,1,0,19,9,73,2,2,5,4,3,26,18,223,246
2024,8,2024_08_GB_JAX,GB,JAX,11,3,0,0,22,3,20,1,1,6,7,3,27,18,170,252
2024,8,2024_08_GB_JAX,JAX,GB,9,1,1,1,19,8,59,1,1,8,3,3,32,21,91,299
2024,8,2024_08_IND_HOU,HOU,IND,13,4,0,0,21,5,30,2,5,3,6,2,37,25,96,267
2024,8,2024_08_IND_HOU,IND,HOU,13,2,2,2,17,9,57,5,2,4,3,2,32,10,163,140
2024,8,2024_08_KC_LV,KC,LV,16,12,0,0,23,8,55,1,5,2,4,3,38,27,82,252
2024,8,2024_08_KC_LV,LV,KC,13,6,2,1,15,5,32,5,1,1,4,2,30,24,33,195
2024,8,2024_08_MIN_LA,LA,MIN,10,4,1,1,26,6,40,0,3,3,5,4,34,25,107,279
2024,8,2024_08_MIN_LA,MIN,LA,7,2,0,0,17,9,50,3,0,3,4,2,25,18,64,212
2024,8,2024_08_NO_LAC,LAC,NO,12,3,1,0,19,4,34,3,5,5,4,3,32,20,122,256
2024,8,2024_08_NO_LAC,NO,LAC,16,2,1,1,15,7,66,5,3,7,2,0,42,22,117,249
2024,8,2024_08_NYG_PIT,NYG,PIT,15,5,1,1,17,11,65,4,4,5,4,1,39,24,157,237
2024,8,2024_08_NYG_PIT,PIT,NYG,13,6,0,0,20,5,50,4,4,5,6,1,28,20,167,259
2024,8,2024_08_NYJ_NE,NE,NYJ,15,7,1,1,18,5,50,2,1,1,4,3,31,18,112,138
2024,8,2024_08_NYJ_NE,NYJ,NE,10,4,0,0,22,8,55,1,2,5,5,3,29,17,112,224
2024,8,2024_08_PHI_CIN,CIN,PHI,13,10,1,0,18,1,3,1,0,3,3,2,37,26,58,222
2024,8,2024_08_PHI_CIN,PHI,CIN,11,6,1,1,24,4,40,0,1,4,6,4,20,16,161,236
2024,8,2024_08_TEN_DET,DET,TEN,9,3,0,0,16,3,29,4,1,2,7,6,19,15,164,61
2024,8,2024_08_TEN_DET,TEN,DET,11,3,2,1,23,7,55,1,4,4,4,2,38,22,158,258
2024,9,2024_09_CHI_ARI,ARI,CHI,13,5,1,0,18,2,15,3,6,3,5,3,20,13,213,137
2024,9,2024_09_CHI_ARI,CHI,ARI,14,3,4,2,16,6,33,6,3,1,1,0,41,22,69,172
2024,9,2024_09_DAL_ATL,ATL,DAL,13,4,2,2,17,4,26,2,3,3,4,4,25,19,100,210
2024,9,2024_09_DAL_ATL,DAL,ATL,13,3,5,1,22,9,55,3,2,3,3,2,51,31,137,243
2024,9,2024_09_DEN_BAL,BAL,DEN,8,3,0,0,24,6,53,1,4,7,7,5,19,16,127,269
2024,9,2024_09_DEN_BAL,DEN,BAL,14,6,5,1,19,9,71,4,1,5,4,1,34,20,122,197
2024,9,2024_09_DET_GB,DET,GB,12,4,2,2,17,4,36,1,0,1,5,2,22,18,124,137
2024,9,2024_09_DET_GB,GB,DET,12,3,3,2,19,10,67,0,1,4,4,1,40,23,138,275
2024,9,2024_09_HOU_NYJ,HOU,NYJ,17,6,2,2,21,7,60,8,2,5,4,1,31,11,187,135
2024,9,2024_09_HOU_NYJ,NYJ,HOU,12,5,1,1,17,9,83,2,8,3,4,3,32,22,100,193
2024,9,2024_09_IND_MIN,IND,MIN,11,3,2,1,13,7,50,3,4,2,1,0,27,16,68,159
2024,9,2024_09_IND_MIN,MIN,IND,12,6,1,1,29,3,41,4,3,7,5,3,35,29,133,282
2024,9,2024_09_JAX_PHI,JAX,PHI,10,3,2,1,14,4,17,2,3,2,4,2,33,16,60,159
2024,9,2024_09_JAX_PHI,PHI,JAX,17,9,2,0,21,8,67,3,2,7,5,4,25,18,237,210
2024,9,2024_09_LAC_CLE,CLE,LAC,17,6,3,2,21,4,25,6,6,1,3,1,46,26,79,213
2024,9,2024_09_LAC_CLE,LAC,CLE,14,5,1,1,13,5,35,6,6,7,4,4,27,18,96,246
2024,9,2024_09_LA_SEA,LA,SEA,13,3,0,0,21,8,83,0,7,5,4,1,44,25,68,298
2024,9,2024_09_LA_SEA,SEA,LA,15,4,3,2,20,12,95,7,0,9,6,4,34,21,107,317
2024,9,2024_09_LV_CIN,CIN,LV,15,8,1,1,26,7,60,1,5,3,6,5,39,27,130,243
2024,9,2024_09_LV_CIN,LV,CIN,13,5,1,0,16,6,51,5,1,4,3,2,33,21,60,157
2024,9,2024_09_MIA_BUF,BUF,MIA,10,5,1,1,24,4,40,1,1,2,6,3,40,25,94,233
2024,9,2024_09_MIA_BUF,MIA,BUF,8,4,1,1,25,8,57,1,1,2,5,3,28,25,149,224
2024,9,2024_09_NE_TEN,NE,TEN,11,3,1,1,19,8,58,4,1,3,2,2,41,29,110,185
2024,9,2024_09_NE_TEN,TEN,NE,16,7,1,0,24,10,67,1,4,4,5,2,33,20,167,233
2024,9,2024_09_NO_CAR,CAR,NO,10,4,0,0,15,6,55,1,1,3,3,3,27,16,80,166
2024,9,2024_09_NO_CAR,NO,CAR,15,5,3,2,25,10,109,1,1,4,4,2,33,18,197,230
2024,9,2024_09_TB_KC,KC,TB,18,12,1,1,28,3,30,4,2,2,5,4,44,34,124,260
2024,9,2024_09_TB_KC,TB,KC,11,5,0,0,16,6,50,2,4,0,3,3,31,23,95,189
2024,9,2024_09_WAS_NYG,NYG,WAS,11,6,2,2,25,4,51,2,0,3,4,3,28,20,164,162
2024,9,2024_09_WAS_NYG,WAS,NYG,12,5,2,2,21,5,52,0,2,5,6,3,22,15,149,209
2024,10,2024_10_ATL_NO,ATL,NO,14,5,2,1,25,6,45,3,0,7,4,2,38,23,181,287
2024,10,2024_10_ATL_NO,NO,ATL,13,5,1,0,14,8,76,0,3,5,5,2,25,16,96,269
2024,10,2024_10_BUF_IND,BUF,IND,14,7,3,2,21,8,54,2,4,5,5,2,37,22,135,280
2024,10,2024_10_BUF_IND,IND,BUF,11,4,3,2,19,5,25,4,2,5,5,2,35,26,121,240
2024,10,2024_10_CIN_BAL,BAL,CIN,12,7,0,0,20,11,81,0,3,2,5,5,33,25,101,290
2024,10,2024_10_CIN_BAL,CIN,BAL,16,8,4,2,26,3,23,3,0,4,5,5,57,34,49,421
2024,10,2024_10_DEN_KC,DEN,KC,13,7,0,0,16,6,35,2,4,3,3,2,30,22,78,182
2024,10,2024_10_DEN_KC,KC,DEN,16,7,2,2,19,3,10,4,2,4,4,1,42,28,57,243
2024,10,2024_10_DET_HOU,DET,HOU,12,7,0,0,19,4,61,0,4,6,4,3,30,15,105,240
2024,10,2024_10_DET_HOU,HOU,DET,15,6,0,0,16,4,30,4,0,3,4,2,33,19,56,192
2024,10,2024_10_MIA_LA,LA,MIA,12,3,0,0,20,6,64,4,3,2,3,0,46,32,70,257
2024,10,2024_10_MIA_LA,MIA,LA,13,6,0,0,15,1,15,3,4,3,3,2,28,20,67,171
2024,10,2024_10_MIN_JAX,JAX,MIN,11,5,0,0,10,3,25,3,1,1,1,1,22,14,56,87
2024,10,2024_10_MIN_JAX,MIN,JAX,14,5,1,1,27,6,40,1,3,3,5,0,38,24,169,233
2024,10,2024_10_NE_CHI,CHI,NE,14,1,4,2,11,5,25,9,1,0,1,0,30,16,73,69
2024,10,2024_10_NE_CHI,NE,CHI,14,5,1,1,16,7,40,1,9,3,5,1,25,15,144,184
2024,10,2024_10_NYG_CAR,CAR,NYG,15,6,0,0,15,10,87,1,2,6,3,2,25,15,188,118
2024,10,2024_10_NYG_CAR,NYG,CAR,15,7,0,0,24,3,15,2,1,2,4,2,37,22,167,175
2024,10,2024_10_NYJ_ARI,ARI,NYJ,7,5,1,1,28,5,58,1,3,2,5,4,24,22,147,259
2024,10,2024_10_NYJ_ARI,NYJ,ARI,13,6,3,1,17,3,25,3,1,0,3,0,35,22,79,128
2024,10,2024_10_PHI_DAL,DAL,PHI,14,3,2,2,11,5,40,3,5,0,2,0,29,17,97,49
2024,10,2024_10_PHI_DAL,PHI,DAL,11,4,1,1,24,7,49,5,3,4,7,4,22,15,187,161
2024,10,2024_10_PIT_WAS,PIT,WAS,16,7,2,1,21,5,49,3,3,4,5,4,29,14,140,172
2024,10,2024_10_PIT_WAS,WAS,PIT,14,5,1,0,19,5,41,3,3,3,3,3,34,17,60,182
2024,10,2024_10_SF_TB,SF,TB,11,5,0,0,24,6,49,3,2,5,4,2,36,25,75,338
2024,10,2024_10_SF_TB,TB,SF,14,5,1,1,18,5,42,2,3,0,4,2,29,18,110,105
2024,10,2024_10_TEN_LAC,LAC,TEN,10,4,1,1,22,5,30,0,7,2,5,3,18,14,145,164
2024,10,2024_10_TEN_LAC,TEN,LAC,9,3,0,0,19,9,68,7,0,1,4,2,23,18,132,157
2024,11,2024_11_ATL_DEN,ATL,DEN,13,4,2,2,13,6,52,4,1,2,1,0,31,20,50,176
2024,11,2024_11_ATL_DEN,DEN,ATL,11,6,1,1,22,4,45,1,4,4,5,5,33,28,105,295
2024,11,2024_11_BAL_PIT,BAL,PIT,11,4,0,0,16,12,80,2,4,5,2,2,34,16,124,205
2024,11,2024_11_BAL_PIT,PIT,BAL,16,4,1,0,18,7,45,4,2,3,4,0,36,23,122,181
2024,11,2024_11_CIN_LAC,CIN,LAC,17,5,3,3,24,8,56,3,2,8,5,3,50,28,110,342
2024,11,2024_11_CIN_LAC,LAC,CIN,11,3,1,1,24,5,50,2,3,11,5,4,36,17,155,280
2024,11,2024_11_CLE_NO,CLE,NO,13,3,3,1,22,3,14,3,1,5,3,2,49,30,66,379
2024,11,2024_11_CLE_NO,NO,CLE,10,5,1,1,19,5,41,1,3,5,6,5,29,22,214,259
2024,11,2024_11_GB_CHI,CHI,GB,16,9,3,3,23,7,50,3,1,3,3,2,32,23,179,212
2024,11,2024_11_GB_CHI,GB,CHI,5,1,1,0,19,3,25,1,3,5,5,3,17,13,106,260
2024,11,2024_11_HOU_DAL,DAL,HOU,15,5,4,0,24,9,66,5,1,3,2,1,56,33,64,324
2024,11,2024_11_HOU_DAL,HOU,DAL,12,4,2,1,20,9,69,1,5,5,6,3,34,23,141,250
2024,11,2024_11_IND_NYJ,IND,NYJ,15,6,2,1,18,5,40,2,3,4,4,3,31,20,91,241
2024,11,2024_11_IND_NYJ,NYJ,IND,13,4,1,0,10,2,14,3,2,3,4,3,29,22,91,162
2024,11,2024_11_JAX_DET,DET,JAX,10,6,3,3,37,4,46,0,1,11,8,7,33,27,196,449
2024,11,2024_11_JAX_DET,JAX,DET,10,2,2,1,10,6,40,1,0,3,1,0,29,17,41,129
2024,11,2024_11_KC_BUF,BUF,KC,15,9,2,1,24,3,24,0,2,6,5,4,40,27,104,262
2024,11,2024_11_KC_BUF,KC,BUF,10,5,1,0,19,6,57,2,0,1,3,3,33,23,78,181
2024,11,2024_11_LA_NE,LA,NE,8,2,1,1,19,7,66,0,3,5,5,4,27,18,107,295
2024,11,2024_11_LA_NE,NE,LA,14,6,0,0,26,7,45,3,0,2,5,2,39,29,125,257
2024,11,2024_11_LV_MIA,LV,MIA,14,8,2,2,22,7,49,3,2,4,4,2,43,30,60,268
2024,11,2024_11_LV_MIA,MIA,LV,12,8,2,2,24,4,23,2,3,3,5,4,36,28,82,271
2024,11,2024_11_MIN_TEN,MIN,TEN,14,5,0,0,22,3,35,2,5,4,4,3,32,20,82,236
2024,11,2024_11_MIN_TEN,TEN,MIN,15,6,2,0,11,12,91,5,2,4,2,1,31,17,33,261
2024,11,2024_11_SEA_SF,SEA,SF,13,6,2,1,19,4,20,4,2,2,2,2,32,25,94,195
2024,11,2024_11_SEA_SF,SF,SEA,11,7,0,0,21,9,54,2,4,1,3,2,28,21,131,146
2024,11,2024_11_WAS_PHI,PHI,WAS,16,9,0,0,23,4,49,2,3,6,5,3,28,18,228,206
2024,11,2024_11_WAS_PHI,WAS,PHI,12,3,2,1,18,4,25,3,2,2,3,2,33,22,93,173
2024,12,2024_12_ARI_SEA,ARI,SEA,12,3,1,0,15,5,60,5,5,4,2,0,37,24,49,249
2024,12,2024_12_ARI_SEA,SEA,ARI,14,7,0,0,17,5,51,5,5,3,2,1,31,22,65,220
2024,12,2024_12_BAL_LAC,BAL,LAC,15,8,3,3,19,9,102,1,4,5,4,4,23,16,212,177
2024,12,2024_12_BAL_LAC,LAC,BAL,14,5,2,2,19,7,62,4,1,0,2,2,36,21,83,202
2024,12,2024_12_DAL_WAS,DAL,WAS,11,2,0,0,19,4,20,1,4,3,5,4,32,24,91,241
2024,12,2024_12_DAL_WAS,WAS,DAL,12,4,0,0,19,8,78,4,1,3,3,3,38,25,147,267
2024,12,2024_12_DEN_LV,DEN,LV,15,6,0,0,19,6,58,1,5,4,4,2,42,25,63,262
2024,12,2024_12_DEN_LV,LV,DEN,14,4,2,2,21,4,44,5,1,3,5,1,53,31,69,300
2024,12,2024_12_DET_IND,DET,IND,15,9,1,0,26,5,45,3,0,2,4,3,36,26,137,253
2024,12,2024_12_DET_IND,IND,DET,12,3,1,0,10,10,75,0,3,4,2,0,28,11,96,172
2024,12,2024_12_KC_CAR,CAR,KC,13,5,2,2,21,9,53,2,5,4,6,2,35,21,87,249
2024,12,2024_12_KC_CAR,KC,CAR,13,8,1,1,27,10,91,5,2,3,6,3,37,27,165,226
2024,12,2024_12_MIN_CHI,CHI,MIN,17,6,3,2,20,7,80,3,3,6,3,3,50,32,78,322
2024,12,2024_12_MIN_CHI,MIN,CHI,13,6,1,0,22,5,45,3,3,7,7,3,35,23,124,328
2024,12,2024_12_NE_MIA,MIA,NE,12,4,0,0,23,3,17,2,4,4,5,4,40,29,65,308
2024,12,2024_12_NE_MIA,NE,MIA,14,3,3,1,14,10,75,4,2,3,3,1,39,22,86,185
2024,12,2024_12_PHI_LA,LA,PHI,8,0,3,3,23,4,38,5,1,3,5,3,37,24,92,198
2024,12,2024_12_PHI_LA,PHI,LA,15,9,1,0,24,4,52,1,5,5,7,4,22,15,314,167
2024,12,2024_12_PIT_CLE,CLE,PIT,10,1,4,4,17,8,48,1,4,3,4,3,29,18,85,221
2024,12,2024_12_PIT_CLE,PIT,CLE,16,7,3,1,17,6,39,4,1,6,3,2,30,21,120,248
2024,12,2024_12_SF_GB,GB,SF,13,6,2,1,22,5,40,2,2,2,5,5,23,13,169,156
2024,12,2024_12_SF_GB,SF,GB,10,3,2,0,11,9,77,2,2,5,1,1,29,17,44,197
2024,12,2024_12_TB_NYG,NYG,TB,11,5,2,0,17,4,42,4,0,2,3,1,32,22,76,169
2024,12,2024_12_TB_NYG,TB,NYG,11,6,2,1,24,4,29,0,4,6,5,4,30,24,157,294
2024,12,2024_12_TEN_HOU,HOU,TEN,13,3,0,0,12,11,81,4,8,3,5,2,33,20,40,220
2024,12,2024_12_TEN_HOU,TEN,HOU,14,4,1,1,18,6,35,8,4,4,5,3,25,18,132,237
2024,13,2024_13_ARI_MIN,ARI,MIN,13,5,1,0,25,10,96,1,5,1,6,1,45,31,154,252
2024,13,2024_13_ARI_MIN,MIN,ARI,8,1,1,1,19,3,56,5,1,3,4,2,31,21,68,205
2024,13,2024_13_CHI_DET,CHI,DET,15,7,2,0,17,8,78,5,2,4,3,3,40,20,78,223
2024,13,2024_13_CHI_DET,DET,CHI,14,5,1,1,24,6,79,2,5,3,5,2,34,21,194,211
2024,13,2024_13_CLE_DEN,CLE,DEN,19,9,2,2,28,5,46,3,0,6,5,4,59,34,77,477
2024,13,2024_13_CLE_DEN,DEN,CLE,13,6,0,0,19,4,57,0,3,3,7,3,35,18,106,294
2024,13,2024_13_HOU_JAX,HOU,JAX,13,5,1,1,20,3,15,2,0,5,4,2,34,22,108,218
2024,13,2024_13_HOU_JAX,JAX,HOU,15,5,2,2,19,4,30,0,2,4,4,2,44,24,97,278
2024,13,2024_13_IND_NE,IND,NE,11,5,3,3,20,2,15,0,4,1,4,3,24,12,146,109
2024,13,2024_13_IND_NE,NE,IND,11,6,0,0,23,7,88,4,0,3,6,2,31,24,200,224
2024,13,2024_13_LAC_ATL,ATL,LAC,14,3,4,2,24,2,10,1,5,2,4,1,39,24,116,234
2024,13,2024_13_LAC_ATL,LAC,ATL,11,3,1,0,10,7,33,5,1,2,3,0,25,17,56,133
2024,13,2024_13_LA_NO,LA,NO,9,4,2,1,22,3,30,2,0,2,3,3,24,14,156,166
2024,13,2024_13_LA_NO,NO,LA,15,5,3,2,19,4,38,0,2,3,3,1,38,24,143,186
2024,13,2024_13_LV_KC,KC,LV,16,7,0,0,18,7,40,5,3,6,5,1,46,26,63,266
2024,13,2024_13_LV_KC,LV,KC,12,3,1,0,20,9,101,3,5,7,3,2,35,23,116,318
2024,13,2024_13_MIA_GB,GB,MIA,11,5,0,0,19,7,44,0,5,4,5,3,28,21,114,274
2024,13,2024_13_MIA_GB,MIA,GB,14,4,5,3,21,10,75,5,0,2,4,2,48,37,39,338
2024,13,2024_13_NYG_DAL,DAL,NYG,15,7,1,0,21,6,48,0,6,4,5,2,36,21,122,195
2024,13,2024_13_NYG_DAL,NYG,DAL,12,3,1,1,17,13,98,6,0,2,2,2,32,21,116,131
2024,13,2024_13_PHI_BAL,BAL,PHI,15,6,2,1,23,4,20,3,2,4,5,2,36,23,166,206
2024,13,2024_13_PHI_BAL,PHI,BAL,12,4,1,1,17,8,55,2,3,1,4,3,19,11,140,112
2024,13,2024_13_PIT_CIN,CIN,PIT,8,4,0,0,25,11,101,4,2,5,6,4,38,28,93,282
2024,13,2024_13_PIT_CIN,PIT,CIN,9,4,0,0,27,9,103,2,4,10,7,4,38,29,110,410
2024,13,2024_13_SEA_NYJ,NYJ,SEA,13,5,3,1,16,12,83,2,3,2,4,4,39,21,91,169
2024,13,2024_13_SEA_NYJ,SEA,NYJ,13,4,2,1,16,5,50,3,2,5,5,2,31,20,84,175
2024,13,2024_13_SF_BUF,BUF,SF,12,6,1,1,20,5,35,0,2,2,5,5,18,14,220,152
2024,13,2024_13_SF_BUF,SF,BUF,10,3,1,1,15,2,10,2,0,2,3,1,18,11,153,86
2024,13,2024_13_TB_CAR,CAR,TB,16,6,0,0,19,7,62,1,4,3,5,2,46,26,78,289
2024,13,2024_13_TB_CAR,TB,CAR,12,2,1,1,27,7,54,4,1,6,6,2,34,22,236,209
2024,13,2024_13_TEN_WAS,TEN,WAS,12,5,1,0,12,12,93,2,2,3,4,2,38,18,35,210
2024,13,2024_13_TEN_WAS,WAS,TEN,14,9,1,1,29,7,65,2,2,3,8,6,30,25,267,196
2024,14,2024_14_ATL_MIN,ATL,MIN,13,7,3,1,25,12,127,1,4,6,5,2,37,23,160,338
2024,14,2024_14_ATL_MIN,MIN,ATL,12,8,0,0,23,6,35,4,1,7,6,6,28,22,115,318
2024,14,2024_14_BUF_LA,BUF,LA,9,5,0,0,24,7,59,0,0,8,6,6,37,22,103,342
2024,14,2024_14_BUF_LA,LA,BUF,15,11,1,1,28,9,99,0,0,4,7,5,30,23,137,320
2024,14,2024_14_CAR_PHI,CAR,PHI,16,7,5,3,19,7,43,1,4,2,3,2,34,19,118,184
2024,14,2024_14_CAR_PHI,PHI,CAR,12,7,0,0,18,7,40,4,1,3,3,3,21,14,211,83
2024,14,2024_14_CHI_SF,CHI,SF,10,4,0,0,14,2,30,7,1,0,2,2,25,18,68,94
2024,14,2024_14_CHI_SF,SF,CHI,12,6,2,2,22,7,31,1,7,9,6,5,26,20,131,321
2024,14,2024_14_CIN_DAL,CIN,DAL,10,4,1,0,23,10,77,2,3,3,5,3,44,33,74,359
2024,14,2024_14_CIN_DAL,DAL,CIN,12,4,2,1,17,4,36,3,2,3,4,2,31,16,156,166
2024,14,2024_14_CLE_PIT,CLE,PIT,13,2,4,3,20,9,81,3,1,2,5,2,41,24,104,196
2024,14,2024_14_CLE_PIT,PIT,CLE,14,6,0,0,15,6,61,1,3,5,5,3,26,15,120,147
2024,14,2024_14_GB_DET,DET,GB,15,7,5,4,27,7,56,1,1,3,5,4,41,32,111,280
2024,14,2024_14_GB_DET,GB,DET,5,1,0,0,17,7,59,1,1,5,5,4,20,12,99,199
2024,14,2024_14_JAX_TEN,JAX,TEN,13,6,1,1,16,5,39,1,2,4,2,1,31,23,71,220
2024,14,2024_14_JAX_TEN,TEN,JAX,16,8,3,0,17,4,25,2,1,3,2,0,32,19,126,146
2024,14,2024_14_LAC_KC,KC,LAC,15,8,0,0,20,8,98,3,3,1,4,1,37,24,96,202
2024,14,2024_14_LAC_KC,LAC,KC,13,6,1,1,18,7,50,3,3,5,3,2,30,21,94,194
2024,14,2024_14_LV_TB,LV,TB,13,4,3,3,16,3,31,2,4,4,4,1,37,23,91,195
2024,14,2024_14_LV_TB,TB,LV,12,5,1,1,21,5,31,4,2,6,5,4,29,18,152,268
2024,14,2024_14_NO_NYG,NO,NYG,15,5,1,0,18,6,40,2,2,3,2,2,31,20,92,200
2024,14,2024_14_NO_NYG,NYG,NO,19,5,4,2,16,12,112,2,2,4,3,1,50,21,112,215
2024,14,2024_14_NYJ_MIA,MIA,NYJ,9,1,2,2,26,8,49,0,3,3,4,3,48,33,44,333
2024,14,2024_14_NYJ_MIA,NYJ,MIA,12,4,2,2,23,10,83,3,0,3,5,2,39,27,83,319
2024,14,2024_14_SEA_ARI,ARI,SEA,12,4,1,1,21,6,49,2,0,2,4,2,38,25,123,235
2024,14,2024_14_SEA_ARI,SEA,ARI,15,7,0,0,18,9,62,0,2,4,6,3,30,24,176,233
2024,15,2024_15_ATL_LV,ATL,LV,13,4,0,0,14,6,30,3,4,2,2,1,17,11,168,93
2024,15,2024_15_ATL_LV,LV,ATL,14,4,2,2,16,7,55,4,3,3,1,1,39,23,65,184
2024,15,2024_15_BAL_NYG,BAL,NYG,11,9,0,0,25,12,112,3,3,6,6,5,25,21,170,275
2024,15,2024_15_BAL_NYG,NYG,BAL,12,2,5,3,19,6,44,3,3,2,3,2,37,22,55,181
2024,15,2024_15_BUF_DET,BUF,DET,10,5,1,1,27,6,49,0,3,9,8,6,34,23,197,362
2024,15,2024_15_BUF_DET,DET,BUF,13,6,3,3,30,5,41,3,0,6,6,6,59,38,48,473
2024,15,2024_15_CHI_MIN,CHI,MIN,12,1,3,1,16,9,93,2,2,3,3,1,33,19,113,171
2024,15,2024_15_CHI_MIN,MIN,CHI,14,7,1,0,24,10,56,2,2,1,4,3,40,24,114,215
2024,15,2024_15_CIN_TEN,CIN,TEN,13,10,0,0,23,14,113,1,1,3,7,4,37,26,101,269
2024,15,2024_15_CIN_TEN,TEN,CIN,8,5,0,0,25,12,110,1,1,3,4,4,38,29,83,291
2024,15,2024_15_DAL_CAR,CAR,DAL,11,3,1,1,16,8,65,6,1,1,3,2,28,19,60,175
2024,15,2024_15_DAL_CAR,DAL,CAR,12,6,0,0,24,14,99,1,6,2,5,3,29,18,211,199
2024,15,2024_15_GB_SEA,GB,SEA,12,5,1,0,20,5,27,0,7,4,6,3,27,20,140,229
2024,15,2024_15_GB_SEA,SEA,GB,13,4,0,0,13,5,108,7,0,3,2,1,33,20,80,128
2024,15,2024_15_IND_DEN,DEN,IND,17,6,0,0,13,6,58,1,2,1,3,3,33,20,72,121
2024,15,2024_15_IND_DEN,IND,DEN,15,4,4,2,18,8,69,2,1,4,3,1,38,17,149,161
2024,15,2024_15_KC_CLE,CLE,KC,12,4,1,0,15,6,45,5,0,3,1,1,34,20,139,127
2024,15,2024_15_KC_CLE,KC,CLE,18,7,1,0,18,4,30,0,5,2,5,3,40,21,132,179
2024,15,2024_15_LA_SF,LA,SF,15,4,1,1,14,4,40,0,3,1,3,0,27,16,142,160
2024,15,2024_15_LA_SF,SF,LA,12,3,0,0,11,4,25,3,0,1,0,0,31,14,63,128
2024,15,2024_15_MIA_HOU,HOU,MIA,13,5,1,1,11,7,70,4,3,0,3,2,26,18,42,104
2024,15,2024_15_MIA_HOU,MIA,HOU,13,4,2,2,18,8,64,3,4,2,3,1,40,29,52,172
2024,15,2024_15_NE_ARI,ARI,NE,15,10,0,0,21,4,35,0,2,5,4,3,32,25,163,232
2024,15,2024_15_NE_ARI,NE,ARI,6,0,2,1,17,4,45,2,0,4,3,2,23,19,116,195
2024,15,2024_15_NYJ_JAX,JAX,NYJ,15,8,0,0,26,8,106,2,1,3,4,2,47,31,136,285
2024,15,2024_15_NYJ_JAX,NYJ,JAX,10,4,1,1,21,8,62,1,2,6,5,4,31,16,125,277
2024,15,2024_15_PIT_PHI,PHI,PIT,17,10,1,1,26,7,54,3,2,8,6,3,32,25,131,270
2024,15,2024_15_PIT_PHI,PIT,PHI,10,3,0,0,10,5,60,2,3,1,2,1,22,14,56,107
2024,15,2024_15_TB_LAC,LAC,TB,6,0,2,0,14,7,60,3,1,2,3,2,34,22,32,174
2024,15,2024_15_TB_LAC,TB,LAC,15,9,1,1,24,8,83,1,3,7,7,4,27,22,223,283
2024,15,2024_15_WAS_NO,NO,WAS,11,3,1,1,16,4,36,3,8,4,3,2,33,15,69,176
2024,15,2024_15_WAS_NO,WAS,NO,17,9,1,1,23,9,84,8,3,3,3,2,31,25,137,189
2024,16,2024_16_ARI_CAR,ARI,CAR,13,6,1,1,23,11,82,3,3,4,4,3,32,20,206,176
2024,16,2024_16_ARI_CAR,CAR,ARI,14,6,2,2,22,9,64,3,3,7,5,4,26,17,243,149
2024,16,2024_16_CLE_CIN,CIN,CLE,11,4,0,0,20,5,35,4,5,5,4,3,30,23,116,210
2024,16,2024_16_CLE_CIN,CLE,CIN,12,3,3,1,18,5,41,5,4,2,3,1,34,20,148,125
2024,16,2024_16_DEN_LAC,DEN,LAC,13,5,2,2,22,7,61,2,2,1,3,3,40,29,110,245
2024,16,2024_16_DEN_LAC,LAC,DEN,12,6,1,0,23,2,8,2,2,5,5,4,32,23,117,265
2024,16,2024_16_DET_CHI,CHI,DET,10,2,4,3,19,10,70,2,1,5,4,2,40,26,59,323
2024,16,2024_16_DET_CHI,DET,CHI,12,7,1,0,27,7,55,1,2,5,7,4,32,23,146,329
2024,16,2024_16_HOU_KC,HOU,KC,13,7,0,0,20,6,45,2,1,5,4,2,39,23,84,227
2024,16,2024_16_HOU_KC,KC,HOU,13,7,2,1,25,2,20,1,2,3,5,3,41,28,124,251
2024,16,2024_16_JAX_LV,JAX,LV,15,6,2,1,15,8,60,1,2,2,2,2,39,25,72,236
2024,16,2024_16_JAX_LV,LV,JAX,14,4,0,0,21,7,62,2,1,3,3,2,39,24,69,245
2024,16,2024_16_LA_NYJ,LA,NYJ,10,5,0,0,17,5,45,0,1,1,5,2,19,14,132,110
2024,16,2024_16_LA_NYJ,NYJ,LA,13,5,5,2,17,8,62,1,0,1,3,1,42,28,75,246
2024,16,2024_16_MIN_SEA,MIN,SEA,12,3,1,1,19,7,70,3,2,2,3,3,35,22,81,217
2024,16,2024_16_MIN_SEA,SEA,MIN,10,2,1,1,23,11,77,2,3,3,3,3,43,31,59,302
2024,16,2024_16_NE_BUF,BUF,NE,11,4,1,1,19,13,78,1,2,2,3,2,29,16,172,152
2024,16,2024_16_NE_BUF,NE,BUF,12,7,2,2,27,5,34,2,1,4,4,3,36,22,126,253
2024,16,2024_16_NO_GB,GB,NO,13,6,3,3,24,6,60,0,3,5,4,4,30,17,188,216
2024,16,2024_16_NO_GB,NO,GB,11,4,2,0,13,7,40,3,0,2,0,0,30,15,67,129
2024,16,2024_16_NYG_ATL,ATL,NYG,14,8,0,0,22,3,30,0,3,1,6,2,27,18,127,202
2024,16,2024_16_NYG_ATL,NYG,ATL,9,3,1,0,14,10,85,3,0,2,2,1,39,22,45,189
2024,16,2024_16_PHI_WAS,PHI,WAS,16,3,3,3,20,10,91,4,1,3,5,3,28,15,211,127
2024,16,2024_16_PHI_WAS,WAS,PHI,13,7,3,2,23,5,88,1,4,4,6,5,39,24,115,255
2024,16,2024_16_PIT_BAL,BAL,PIT,10,4,0,0,24,2,10,1,3,3,6,3,23,15,220,198
2024,16,2024_16_PIT_BAL,PIT,BAL,10,4,1,0,19,5,29,3,1,2,2,2,33,22,117,198
2024,16,2024_16_SF_MIA,MIA,SF,12,4,0,0,22,6,45,0,3,5,4,2,34,22,166,215
2024,16,2024_16_SF_MIA,SF,MIA,13,5,1,0,20,11,90,3,0,5,5,2,40,26,81,293
2024,16,2024_16_TB_DAL,DAL,TB,15,5,0,0,15,5,30,1,4,5,2,2,35,26,31,286
2024,16,2024_16_TB_DAL,TB,DAL,12,6,1,0,25,6,47,4,1,3,3,3,43,31,134,276
2024,16,2024_16_TEN_IND,IND,TEN,15,8,1,1,19,6,46,1,1,6,6,5,11,7,335,123
2024,16,2024_16_TEN_IND,TEN,IND,11,5,0,0,17,4,35,1,1,3,4,4,35,23,67,244
2024,17,2024_17_ARI_LA,ARI,LA,13,6,2,0,24,9,62,4,0,4,4,1,48,33,113,283
2024,17,2024_17_ARI_LA,LA,ARI,15,6,0,0,12,7,46,0,4,3,2,1,32,17,68,189
2024,17,2024_17_ATL_WAS,ATL,WAS,10,2,2,2,23,4,25,2,5,3,3,3,35,19,126,211
2024,17,2024_17_ATL_WAS,WAS,ATL,13,6,3,3,29,13,108,5,2,2,6,4,36,24,216,196
2024,17,2024_17_BAL_HOU,BAL,HOU,9,4,0,0,25,3,30,1,5,6,4,4,17,11,251,181
2024,17,2024_17_BAL_HOU,HOU,BAL,15,4,2,0,10,5,49,5,1,1,2,0,32,18,58,153
2024,17,2024_17_CAR_TB,CAR,TB,9,2,1,0,12,4,30,5,2,3,2,2,28,15,39,165
2024,17,2024_17_CAR_TB,TB,CAR,14,10,0,0,32,5,40,2,5,7,9,5,32,27,202,349
2024,17,2024_17_DAL_PHI,DAL,PHI,14,6,0,0,16,8,69,1,0,1,2,1,29,16,127,141
2024,17,2024_17_DAL_PHI,PHI,DAL,13,6,1,1,20,4,25,0,1,7,7,4,19,13,179,197
2024,17,2024_17_DEN_CIN,CIN,DEN,13,7,3,1,34,3,15,7,2,3,7,4,49,39,115,384
2024,17,2024_17_DEN_CIN,DEN,CIN,12,4,1,1,19,7,35,2,7,2,4,3,31,24,123,206
2024,17,2024_17_DET_SF,DET,SF,14,9,3,2,23,6,57,2,2,6,6,5,35,26,152,289
2024,17,2024_17_DET_SF,SF,DET,8,5,1,1,29,5,30,2,2,5,5,5,40,30,75,400
2024,17,2024_17_GB_MIN,GB,MIN,14,8,1,0,16,7,51,3,1,1,4,3,31,19,104,169
2024,17,2024_17_GB_MIN,MIN,GB,12,6,0,0,26,7,47,1,3,5,5,3,43,33,69,372
2024,17,2024_17_IND_NYG,IND,NYG,13,7,2,1,25,3,21,2,0,5,6,4,39,26,126,320
2024,17,2024_17_IND_NYG,NYG,IND,13,7,1,0,15,7,94,0,2,6,7,6,23,17,80,309
2024,17,2024_17_KC_PIT,KC,PIT,10,3,1,1,20,9,90,0,5,3,5,4,39,29,69,320
2024,17,2024_17_KC_PIT,PIT,KC,16,8,1,0,23,4,25,5,0,4,4,1,37,23,202,162
2024,17,2024_17_LAC_NE,LAC,NE,17,10,2,2,28,6,54,0,4,2,7,4,40,26,147,281
2024,17,2024_17_LAC_NE,NE,LAC,10,2,3,0,11,7,60,4,0,2,1,1,24,13,96,85
2024,17,2024_17_LV_NO,LV,NO,18,10,0,0,22,3,20,1,4,2,4,2,35,20,156,232
2024,17,2024_17_LV_NO,NO,LV,10,1,1,1,13,10,85,4,1,4,3,1,36,20,81,188
2024,17,2024_17_MIA_CLE,CLE,MIA,17,7,4,0,18,9,84,1,4,0,3,0,47,24,114,162
2024,17,2024_17_MIA_CLE,MIA,CLE,11,2,1,0,17,11,94,4,1,1,2,2,26,22,74,206
2024,17,2024_17_NYJ_BUF,BUF,NYJ,14,8,1,0,23,7,60,0,4,3,6,5,28,17,97,251
2024,17,2024_17_NYJ_BUF,NYJ,BUF,9,4,1,0,20,16,120,4,0,3,3,2,34,23,112,171
2024,17,2024_17_SEA_CHI,CHI,SEA,15,5,2,1,11,4,23,7,3,1,1,0,28,16,103,76
2024,17,2024_17_SEA_CHI,SEA,CHI,13,5,0,0,12,3,25,3,7,2,1,0,23,17,122,143
2024,17,2024_17_TEN_JAX,JAX,TEN,13,8,0,0,18,7,50,2,3,3,2,2,22,15,122,173
2024,17,2024_17_TEN_JAX,TEN,JAX,14,7,2,1,23,5,34,3,2,3,2,1,31,19,159,178
2024,18,2024_18_BUF_NE,BUF,NE,15,6,4,1,15,6,35,0,1,2,2,2,32,18,130,129
2024,18,2024_18_BUF_NE,NE,BUF,12,4,1,1,19,7,59,1,0,2,4,2,30,22,77,232
2024,18,2024_18_CAR_ATL,ATL,CAR,14,9,3,2,31,7,55,1,0,8,6,5,38,21,227,310
2024,18,2024_18_CAR_ATL,CAR,ATL,12,7,1,1,25,2,30,0,1,4,7,6,35,26,155,270
2024,18,2024_18_CHI_GB,CHI,GB,14,7,1,1,16,7,45,1,3,1,3,2,30,21,83,141
2024,18,2024_18_CHI_GB,GB,CHI,10,3,1,0,20,5,45,3,1,5,4,2,26,17,183,184
2024,18,2024_18_CIN_PIT,CIN,PIT,13,5,1,0,21,6,25,4,4,0,4,1,46,37,68,246
2024,18,2024_18_CIN_PIT,PIT,CIN,12,4,2,0,16,3,20,4,4,1,2,2,31,17,74,119
2024,18,2024_18_CLE_BAL,BAL,CLE,14,7,3,0,20,10,83,0,2,6,6,4,32,16,220,217
2024,18,2024_18_CLE_BAL,CLE,BAL,12,4,2,0,13,3,20,2,0,3,3,1,34,18,56,174
2024,18,2024_18_HOU_TEN,HOU,TEN,12,5,2,1,18,6,48,1,2,3,5,2,28,18,207,167
2024,18,2024_18_HOU_TEN,TEN,HOU,15,5,3,2,14,7,68,2,1,3,3,1,27,16,85,231
2024,18,2024_18_JAX_IND,IND,JAX,15,5,1,0,24,3,15,3,2,3,4,2,40,23,177,252
2024,18,2024_18_JAX_IND,JAX,IND,14,5,1,0,19,4,57,2,3,4,3,2,32,20,113,206
2024,18,2024_18_KC_DEN,DEN,KC,14,10,2,2,29,5,41,0,5,6,6,5,29,26,158,321
2024,18,2024_18_KC_DEN,KC,DEN,9,1,2,1,5,3,15,5,0,2,0,0,17,10,27,71
2024,18,2024_18_LAC_LV,LAC,LV,14,7,1,1,25,7,40,1,0,5,6,3,37,28,137,338
2024,18,2024_18_LAC_LV,LV,LAC,9,2,2,1,16,3,28,0,1,5,3,2,36,25,39,225
2024,18,2024_18_MIA_NYJ,MIA,NYJ,12,3,3,3,21,4,32,4,3,4,5,2,41,25,135,199
2024,18,2024_18_MIA_NYJ,NYJ,MIA,12,5,2,1,22,6,35,3,4,5,5,4,37,23,120,257
2024,18,2024_18_MIN_DET,DET,MIN,12,5,4,2,24,8,49,2,2,3,4,4,33,27,178,216
2024,18,2024_18_MIN_DET,MIN,DET,13,3,3,0,13,6,30,2,2,3,4,0,41,18,120,142
2024,18,2024_18_NO_TB,NO,TB,13,3,3,2,19,8,77,2,1,2,2,1,42,26,64,228
2024,18,2024_18_NO_TB,TB,NO,16,10,1,1,19,12,90,1,2,5,4,3,32,21,179,216
2024,18,2024_18_NYG_PHI,NYG,PHI,14,4,4,2,10,6,40,0,2,1,2,1,29,22,100,138
2024,18,2024_18_NYG_PHI,PHI,NYG,14,3,2,1,21,1,0,2,0,0,4,2,41,27,51,252
2024,18,2024_18_SEA_LA,LA,SEA,14,5,3,2,20,2,10,3,2,6,5,2,42,27,84,319
2024,18,2024_18_SEA_LA,SEA,LA,11,6,0,0,18,3,23,2,3,4,4,4,28,20,126,210
2024,18,2024_18_SF_ARI,ARI,SF,11,4,2,2,26,1,5,0,2,6,6,6,35,25,151,242
2024,18,2024_18_SF_ARI,SF,ARI,13,5,2,1,26,13,85,2,0,6,4,3,43,29,138,298
2024,18,2024_18_WAS_DAL,DAL,WAS,17,7,2,1,23,11,67,2,6,4,6,1,34,20,150,228
2024,18,2024_18_WAS_DAL,WAS,DAL,13,6,1,1,18,5,55,6,2,3,3,3,32,21,113,156
2025,1,2025_01_ARI_NO,ARI,NO,13,6,0,0,19,9,54,5,1,3,3,2,29,21,146,130
2025,1,2025_01_ARI_NO,NO,ARI,14,5,2,1,20,13,89,1,5,1,5,1,46,27,107,208
2025,1,2025_01_BAL_BUF,BAL,BUF,11,6,0,0,19,7,51,2,1,8,7,5,19,14,238,194
2025,1,2025_01_BAL_BUF,BUF,BAL,15,7,1,1,29,5,38,1,2,7,7,5,49,33,108,389
2025,1,2025_01_CAR_JAX,CAR,JAX,15,8,2,0,15,4,35,1,0,3,2,1,35,18,113,142
2025,1,2025_01_CAR_JAX,JAX,CAR,12,5,2,2,19,11,93,0,1,3,5,2,31,19,200,178
2025,1,2025_01_CIN_CLE,CIN,CLE,14,7,0,0,11,7,33,3,2,1,3,2,23,14,46,95
2025,1,2025_01_CIN_CLE,CLE,CIN,16,9,3,2,21,7,53,2,3,3,3,2,45,31,49,278
2025,1,2025_01_DAL_PHI,DAL,PHI,11,7,1,0,22,4,42,0,1,3,3,2,34,21,119,188
2025,1,2025_01_DAL_PHI,PHI,DAL,13,8,0,0,20,9,110,1,0,2,3,3,23,19,158,144
2025,1,2025_01_DET_GB,DET,GB,15,5,4,3,16,7,40,4,0,1,4,1,39,31,46,200
2025,1,2025_01_DET_GB,GB,DET,10,4,1,1,14,4,40,0,4,3,5,3,22,16,78,188
2025,1,2025_01_HOU_LA,HOU,LA,9,2,1,1,18,11,80,3,3,2,1,0,27,19,114,151
2025,1,2025_01_HOU_LA,LA,HOU,13,7,1,1,17,7,60,3,3,5,3,2,29,21,72,224
2025,1,2025_01_KC_LAC,KC,LAC,14,5,3,3,17,10,71,2,3,3,4,2,40,24,98,249
2025,1,2025_01_KC_LAC,LAC,KC,13,7,1,1,22,6,49,3,2,4,5,3,34,25,90,304
2025,1,2025_01_LV_NE,LV,NE,13,5,1,1,20,9,77,4,4,9,2,2,34,24,56,333
2025,1,2025_01_LV_NE,NE,LV,14,4,1,1,18,8,70,4,4,3,3,1,46,30,60,276
2025,1,2025_01_MIA_IND,IND,MIA,15,7,3,3,27,4,45,1,3,4,6,3,29,22,156,262
2025,1,2025_01_MIA_IND,MIA,IND,10,5,2,1,12,3,15,3,1,2,1,1,32,19,78,135
2025,1,2025_01_MIN_CHI,CHI,MIN,12,3,1,0,19,12,127,2,3,3,3,2,35,21,119,198
2025,1,2025_01_MIN_CHI,MIN,CHI,12,3,0,0,14,8,50,3,2,2,4,3,22,13,120,136
2025,1,2025_01_NYG_WAS,NYG,WAS,16,4,2,1,16,6,35,2,3,3,2,0,37,17,74,157
2025,1,2025_01_NYG_WAS,WAS,NYG,11,4,0,0,24,12,89,3,2,3,4,3,30,19,220,212
2025,1,2025_01_PIT_NYJ,NYJ,PIT,14,7,2,1,22,7,74,1,4,5,5,4,23,16,182,212
2025,1,2025_01_PIT_NYJ,PIT,NYJ,10,4,0,0,19,4,26,4,1,5,4,4,30,22,53,218
2025,1,2025_01_SF_SEA,SEA,SF,10,3,0,0,13,4,30,1,1,3,3,1,23,16,84,146
2025,1,2025_01_SF_SEA,SF,SEA,14,7,2,2,24,9,61,1,1,5,5,2,35,26,119,265
2025,1,2025_01_TB_ATL,ATL,TB,15,6,4,3,23,8,55,1,1,3,3,2,42,27,69,289
2025,1,2025_01_TB_ATL,TB,ATL,14,7,1,1,16,5,60,1,1,3,3,3,32,17,101,159
2025,1,2025_01_TEN_DEN,DEN,TEN,15,6,2,0,19,6,45,1,6,2,4,2,40,25,151,166
2025,1,2025_01_TEN_DEN,TEN,DEN,14,2,1,0,7,13,131,6,1,1,2,0,28,12,71,62
2025,2,2025_02_ATL_MIN,ATL,MIN,15,6,0,0,19,5,29,3,6,2,5,1,21,13,218,108
2025,2,2025_02_ATL_MIN,MIN,ATL,11,4,2,1,10,8,50,6,3,2,1,0,21,11,78,120
2025,2,2025_02_BUF_NYJ,BUF,NYJ,14,5,2,2,23,6,69,1,4,4,5,3,27,15,224,179
2025,2,2025_02_BUF_NYJ,NYJ,BUF,11,0,3,3,11,5,35,4,1,1,1,1,22,10,100,54
2025,2,2025_02_CAR_ARI,ARI,CAR,9,3,1,1,16,12,96,1,3,3,5,2,25,17,82,211
2025,2,2025_02_CAR_ARI,CAR,ARI,15,5,4,3,26,7,83,3,1,4,4,3,55,35,49,303
2025,2,2025_02_CHI_DET,CHI,DET,13,7,2,0,19,8,50,4,0,5,3,3,33,21,134,205
2025,2,2025_02_CHI_DET,DET,CHI,10,4,1,1,25,3,28,0,4,7,8,7,28,23,177,334
2025,2,2025_02_CLE_BAL,BAL,CLE,12,3,1,1,14,6,28,3,2,3,6,4,29,19,45,197
2025,2,2025_02_CLE_BAL,CLE,BAL,18,7,3,1,17,6,42,2,3,4,3,2,48,28,115,207
2025,2,2025_02_DEN_IND,DEN,IND,9,4,0,0,22,8,83,0,1,3,4,4,30,22,118,206
2025,2,2025_02_DEN_IND,IND,DEN,13,6,2,0,25,10,62,1,0,4,6,2,34,23,167,306
2025,2,2025_02_JAX_CIN,CIN,JAX,14,6,1,1,24,3,29,3,1,4,5,4,45,28,48,302
2025,2,2025_02_JAX_CIN,JAX,CIN,13,6,1,0,21,6,55,1,3,4,6,3,42,24,139,261
2025,2,2025_02_LAC_LV,LAC,LV,11,4,2,1,14,6,33,2,3,3,5,2,27,19,81,236
2025,2,2025_02_LAC_LV,LV,LAC,18,9,2,0,15,5,47,3,2,3,3,0,43,24,68,150
2025,2,2025_02_LA_TEN,LA,TEN,12,5,1,1,21,4,29,1,5,7,7,4,33,23,149,290
2025,2,2025_02_LA_TEN,TEN,LA,15,6,1,1,18,10,62,5,1,3,3,1,33,19,109,143
2025,2,2025_02_NE_MIA,MIA,NE,10,4,2,0,16,10,65,5,3,4,4,2,32,26,61,297
2025,2,2025_02_NE_MIA,NE,MIA,12,7,1,1,18,12,75,3,5,3,5,4,23,19,124,211
2025,2,2025_02_NYG_DAL,DAL,NYG,14,6,1,1,30,12,106,3,3,4,4,4,52,38,135,343
2025,2,2025_02_NYG_DAL,NYG,DAL,14,6,2,1,22,14,160,3,3,8,8,4,41,30,84,422
2025,2,2025_02_PHI_KC,KC,PHI,12,4,3,2,17,6,45,2,2,4,3,2,29,16,121,173
2025,2,2025_02_PHI_KC,PHI,KC,14,5,1,1,16,6,48,2,2,1,2,2,22,15,122,94
2025,2,2025_02_SEA_PIT,PIT,SEA,15,5,2,1,13,2,15,3,2,3,2,1,36,20,72,197
2025,2,2025_02_SEA_PIT,SEA,PIT,14,6,2,1,21,2,10,2,3,4,5,4,33,22,117,278
2025,2,2025_02_SF_NO,NO,SF,11,4,2,1,21,7,45,3,3,2,3,3,34,25,121,186
2025,2,2025_02_SF_NO,SF,NO,15,8,0,0,23,5,40,3,3,2,3,3,39,26,77,267
2025,2,2025_02_TB_HOU,HOU,TB,9,2,1,0,12,6,45,3,4,6,4,2,25,13,84,182
2025,2,2025_02_TB_HOU,TB,HOU,14,6,1,1,25,7,45,4,3,3,4,3,39,25,169,191
2025,2,2025_02_WAS_GB,GB,WAS,12,5,1,0,22,10,77,2,4,3,4,3,31,19,135,269
2025,2,2025_02_WAS_GB,WAS,GB,16,5,3,1,15,5,30,4,2,1,2,2,43,24,51,181
2025,3,2025_03_ARI_SF,ARI,SF,15,5,2,2,16,5,30,1,1,2,4,1,35,22,106,154
2025,3,2025_03_ARI_SF,SF,ARI,10,2,2,1,19,5,69,1,1,3,4,1,41,27,73,282
2025,3,2025_03_ATL_CAR,ATL,CAR,13,5,3,0,17,3,23,0,1,2,0,0,43,23,131,201
2025,3,2025_03_ATL_CAR,CAR,ATL,11,3,2,2,15,6,55,1,0,2,3,2,24,16,110,114
2025,3,2025_03_CIN_MIN,CIN,MIN,11,3,0,0,11,4,45,4,3,1,1,1,27,19,53,118
2025,3,2025_03_CIN_MIN,MIN,CIN,12,4,1,1,21,13,105,3,4,4,7,4,24,16,169,183
2025,3,2025_03_DAL_CHI,CHI,DAL,14,8,1,1,19,6,41,0,2,5,5,4,28,19,87,298
2025,3,2025_03_DAL_CHI,DAL,CHI,11,3,3,2,23,4,25,2,0,5,4,1,46,34,121,277
2025,3,2025_03_DEN_LAC,DEN,LAC,13,2,2,2,8,10,90,2,5,3,3,2,25,14,118,147
2025,3,2025_03_DEN_LAC,LAC,DEN,17,8,0,0,28,3,25,5,2,4,4,2,47,28,106,270
2025,3,2025_03_DET_BAL,BAL,DET,11,6,1,0,21,3,10,7,0,5,6,4,29,21,85,233
2025,3,2025_03_DET_BAL,DET,BAL,14,7,3,3,24,8,68,0,7,4,6,5,28,20,224,202
2025,3,2025_03_GB_CLE,CLE,GB,13,4,2,1,15,8,90,2,5,1,2,1,36,21,96,125
2025,3,2025_03_GB_CLE,GB,CLE,18,10,0,0,14,14,75,5,2,2,2,1,25,18,81,149
2025,3,2025_03_HOU_JAX,HOU,JAX,15,4,1,1,12,7,66,2,2,1,2,1,38,25,87,184
2025,3,2025_03_HOU_JAX,JAX,HOU,15,4,1,0,17,9,70,2,2,2,3,2,40,20,86,205
2025,3,2025_03_IND_TEN,IND,TEN,8,2,2,2,22,4,23,0,4,3,7,4,25,18,137,228
2025,3,2025_03_IND_TEN,TEN,IND,14,5,2,1,21,8,68,4,0,3,2,2,38,23,86,196
2025,3,2025_03_KC_NYG,KC,NYG,15,8,0,0,22,8,85,2,2,3,4,2,37,22,105,201
2025,3,2025_03_KC_NYG,NYG,KC,10,1,4,1,19,7,82,2,2,2,3,1,32,18,130,151
2025,3,2025_03_LA_PHI,LA,PHI,10,3,1,0,22,4,41,1,4,2,5,2,34,19,160,196
2025,3,2025_03_LA_PHI,PHI,LA,14,5,5,4,19,5,50,4,1,4,4,4,33,21,86,202
2025,3,2025_03_LV_WAS,LV,WAS,14,3,3,2,17,6,54,5,1,3,4,3,30,19,93,263
2025,3,2025_03_LV_WAS,WAS,LV,10,5,0,0,17,7,54,1,5,4,6,4,21,15,201,199
2025,3,2025_03_MIA_BUF,BUF,MIA,11,6,0,0,23,3,35,2,0,3,5,4,28,22,157,203
2025,3,2025_03_MIA_BUF,MIA,BUF,15,10,1,1,19,6,57,0,2,0,3,3,34,22,130,146
2025,3,2025_03_NO_SEA,NO,SEA,15,5,2,0,19,11,77,2,0,1,3,1,41,28,79,205
2025,3,2025_03_NO_SEA,SEA,NO,9,3,0,0,21,8,70,0,2,4,6,4,21,16,87,233
2025,3,2025_03_NYJ_TB,NYJ,TB,11,3,3,1,21,7,81,4,1,1,4,2,36,26,99,168
2025,3,2025_03_NYJ_TB,TB,NYJ,13,4,0,0,19,14,124,1,4,7,7,1,29,19,122,225
2025,3,2025_03_PIT_NE,NE,PIT,13,6,5,4,25,7,54,5,0,2,4,2,37,28,119,250
2025,3,2025_03_PIT_NE,PIT,NE,9,4,0,0,16,8,59,0,5,1,3,3,23,16,64,139
2025,4,2025_04_BAL_KC,BAL,KC,10,3,4,1,17,6,56,3,1,3,3,2,33,23,166,194
2025,4,2025_04_BAL_KC,KC,BAL,15,5,4,4,24,5,40,1,3,3,7,4,37,25,118,264
2025,4,2025_04_CAR_NE,CAR,NE,14,5,3,1,21,5,29,1,1,3,2,2,36,23,129,197
2025,4,2025_04_CAR_NE,NE,CAR,9,3,1,1,16,7,54,1,1,7,6,5,18,14,104,203
2025,4,2025_04_CHI_LV,CHI,LV,16,7,1,1,16,8,60,1,0,2,5,2,38,22,69,202
2025,4,2025_04_CHI_LV,LV,CHI,8,2,1,0,17,5,36,0,1,3,4,3,21,14,240,117
2025,4,2025_04_CIN_DEN,CIN,DEN,11,2,0,0,9,11,65,3,0,1,1,0,25,14,53,106
2025,4,2025_04_CIN_DEN,DEN,CIN,14,8,1,0,29,7,72,0,3,5,5,4,42,29,186,326
2025,4,2025_04_CLE_DET,CLE,DET,14,3,1,1,16,6,44,3,0,2,2,1,35,16,79,170
2025,4,2025_04_CLE_DET,DET,CLE,14,6,1,0,16,6,35,0,3,5,4,3,27,16,109,168
2025,4,2025_04_GB_DAL,DAL,GB,11,4,1,1,26,11,95,1,1,4,6,5,40,31,117,319
2025,4,2025_04_GB_DAL,GB,DAL,14,10,1,1,31,7,53,1,1,5,6,5,43,31,164,325
2025,4,2025_04_IND_LA,IND,LA,12,4,1,1,16,11,88,2,3,3,3,2,33,24,85,248
2025,4,2025_04_IND_LA,LA,IND,12,4,2,1,24,7,63,3,2,4,4,3,41,29,102,360
2025,4,2025_04_JAX_SF,JAX,SF,14,4,1,1,18,12,90,0,1,2,4,2,32,21,151,174
2025,4,2025_04_JAX_SF,SF,JAX,13,8,1,0,22,5,54,1,0,6,4,2,39,22,83,308
2025,4,2025_04_LAC_NYG,LAC,NYG,12,4,0,0,17,14,107,2,6,5,3,2,41,23,154,186
2025,4,2025_04_LAC_NYG,NYG,LAC,15,7,1,0,20,8,43,6,2,0,5,2,21,14,163,89
2025,4,2025_04_MIN_PIT,MIN,PIT,14,4,3,2,22,8,82,6,2,4,4,2,47,30,70,304
2025,4,2025_04_MIN_PIT,PIT,MIN,10,4,1,0,17,5,35,2,6,1,6,3,22,18,131,182
2025,4,2025_04_NO_BUF,BUF,NO,10,3,1,0,20,11,55,3,3,4,5,4,22,16,165,191
2025,4,2025_04_NO_BUF,NO,BUF,13,5,2,0,21,4,41,3,3,0,4,2,28,18,189,109
2025,4,2025_04_NYJ_MIA,MIA,NYJ,12,4,1,1,19,6,40,0,2,3,4,3,25,17,123,177
2025,4,2025_04_NYJ_MIA,NYJ,MIA,9,4,2,1,23,13,101,2,0,4,4,2,27,20,199,190
2025,4,2025_04_PHI_TB,PHI,TB,14,5,1,0,16,8,83,2,2,3,5,3,24,15,88,112
2025,4,2025_04_PHI_TB,TB,PHI,13,3,3,1,18,5,40,2,2,2,4,2,40,22,104,272
2025,4,2025_04_SEA_ARI,ARI,SEA,15,6,1,1,18,7,46,6,3,1,3,2,41,27,89,164
2025,4,2025_04_SEA_ARI,SEA,ARI,13,6,1,0,20,6,74,3,6,7,3,2,26,18,155,229
2025,4,2025_04_TEN_HOU,HOU,TEN,15,6,3,3,20,6,50,2,2,4,3,3,29,22,129,224
2025,4,2025_04_TEN_HOU,TEN,HOU,11,2,1,0,10,4,35,2,2,3,0,0,26,10,82,93
2025,4,2025_04_WAS_ATL,ATL,WAS,12,6,1,1,24,5,45,1,2,4,6,4,26,20,128,307
2025,4,2025_04_WAS_ATL,WAS,ATL,8,1,2,2,17,6,50,2,1,3,2,2,28,16,147,149
2025,5,2025_05_DAL_NYJ,DAL,NYJ,13,6,0,0,21,11,91,1,5,5,6,5,29,18,180,236
2025,5,2025_05_DAL_NYJ,NYJ,DAL,16,7,3,1,24,10,61,5,1,3,3,2,48,32,144,238
2025,5,2025_05_DEN_PHI,DEN,PHI,16,5,0,0,23,12,121,2,6,2,3,2,40,24,130,230
2025,5,2025_05_DEN_PHI,PHI,DEN,11,2,0,0,16,9,55,6,2,4,3,2,38,23,45,257
2025,5,2025_05_DET_CIN,CIN,DET,11,4,0,0,20,6,30,2,4,3,3,3,40,26,85,237
2025,5,2025_05_DET_CIN,DET,CIN,8,2,0,0,23,8,56,4,2,4,6,5,24,20,118,247
2025,5,2025_05_HOU_BAL,BAL,HOU,8,3,0,0,12,9,49,1,2,2,2,1,20,14,44,163
2025,5,2025_05_HOU_BAL,HOU,BAL,12,7,1,1,26,4,26,2,1,5,7,5,31,25,167,250
2025,5,2025_05_KC_JAX,JAX,KC,9,5,1,0,21,4,25,3,0,4,5,3,25,18,109,210
2025,5,2025_05_KC_JAX,KC,JAX,9,5,0,0,26,13,109,0,3,5,5,5,41,29,158,318
2025,5,2025_05_LV_IND,IND,LV,10,8,0,0,24,8,71,0,4,2,6,6,35,21,98,221
2025,5,2025_05_LV_IND,LV,IND,14,8,2,1,20,6,65,4,0,2,4,0,36,25,106,190
2025,5,2025_05_MIA_CAR,CAR,MIA,11,5,2,2,25,8,46,3,3,6,5,3,30,19,239,179
2025,5,2025_05_MIA_CAR,MIA,CAR,13,5,1,1,15,9,64,3,3,3,4,3,36,27,19,229
2025,5,2025_05_MIN_CLE,CLE,MIN,15,3,3,3,17,10,78,2,3,3,3,2,33,19,140,182
2025,5,2025_05_MIN_CLE,MIN,CLE,9,3,0,0,20,7,50,3,2,5,3,3,35,26,97,252
2025,5,2025_05_NE_BUF,BUF,NE,9,5,0,0,24,11,90,1,4,5,4,2,31,22,118,245
2025,5,2025_05_NE_BUF,NE,BUF,9,3,0,0,21,8,93,4,1,4,4,2,30,22,71,267
2025,5,2025_05_NYG_NO,NO,NYG,15,7,1,1,18,7,43,0,1,1,5,1,32,22,88,244
2025,5,2025_05_NYG_NO,NYG,NO,10,3,5,3,23,8,95,1,0,1,4,3,40,26,136,199
2025,5,2025_05_SF_LA,LA,SF,10,4,3,2,27,5,36,1,1,8,5,3,47,30,78,378
2025,5,2025_05_SF_LA,SF,LA,18,7,3,3,26,8,44,1,1,1,5,2,49,33,74,333
2025,5,2025_05_TB_SEA,SEA,TB,9,6,1,1,26,7,56,0,1,7,5,5,34,28,122,341
2025,5,2025_05_TB_SEA,TB,SEA,11,7,0,0,25,4,37,1,0,7,7,4,34,29,56,372
2025,5,2025_05_TEN_ARI,ARI,TEN,16,7,0,0,16,8,47,3,2,3,4,3,32,23,168,192
2025,5,2025_05_TEN_ARI,TEN,ARI,15,5,1,0,20,6,35,2,3,3,3,2,39,21,78,249
2025,5,2025_05_WAS_LAC,LAC,WAS,16,9,2,1,18,10,85,5,1,3,2,1,33,25,155,181
2025,5,2025_05_WAS_LAC,WAS,LAC,7,2,1,1,22,7,48,1,5,5,5,3,26,15,163,226
2025,6,2025_06_ARI_IND,ARI,IND,14,9,1,0,25,7,65,2,1,7,6,3,44,27,88,312
2025,6,2025_06_ARI_IND,IND,ARI,8,4,0,0,25,5,40,1,2,4,4,4,30,22,150,205
2025,6,2025_06_BUF_ATL,ATL,BUF,12,5,1,0,22,6,35,2,4,9,5,3,32,20,210,233
2025,6,2025_06_BUF_ATL,BUF,ATL,9,2,1,0,17,8,64,4,2,2,3,2,26,15,134,157
2025,6,2025_06_CHI_WAS,CHI,WAS,10,3,1,0,19,9,84,3,3,4,4,2,30,17,150,236
2025,6,2025_06_CHI_WAS,WAS,CHI,8,3,1,1,22,5,40,3,3,3,3,3,26,19,124,205
2025,6,2025_06_CIN_GB,CIN,GB,15,6,2,2,20,3,17,1,1,0,2,2,46,29,55,215
2025,6,2025_06_CIN_GB,GB,CIN,11,5,1,1,24,5,40,1,1,6,4,3,26,19,153,256
2025,6,2025_06_CLE_PIT,CLE,PIT,17,6,4,2,20,6,44,6,0,1,3,0,52,29,65,183
2025,6,2025_06_CLE_PIT,PIT,CLE,13,5,0,0,19,10,59,0,6,5,2,2,30,21,100,235
2025,6,2025_06_DAL_CAR,CAR,DAL,8,3,1,1,27,6,57,1,0,3,5,3,25,17,216,194
2025,6,2025_06_DAL_CAR,DAL,CAR,12,5,2,2,15,6,37,0,1,3,5,3,34,25,31,261
2025,6,2025_06_DEN_NYJ,DEN,NYJ,15,5,1,1,12,6,37,1,9,1,2,1,30,19,78,168
2025,6,2025_06_DEN_NYJ,NYJ,DEN,15,2,2,1,8,2,15,9,1,0,2,0,17,9,92,-10
2025,6,2025_06_DET_KC,DET,KC,11,5,2,0,18,4,38,1,3,3,3,2,29,23,98,199
2025,6,2025_06_DET_KC,KC,DET,10,4,3,2,26,0,0,3,1,2,6,4,30,22,112,243
2025,6,2025_06_LAC_MIA,LAC,MIA,15,6,1,1,20,7,45,1,2,5,7,2,38,29,140,263
2025,6,2025_06_LAC_MIA,MIA,LAC,11,5,0,0,18,4,45,2,1,3,4,3,33,22,137,204
2025,6,2025_06_LA_BAL,BAL,LA,17,7,6,2,19,7,80,4,2,0,3,0,34,21,179,117
2025,6,2025_06_LA_BAL,LA,BAL,10,4,2,1,15,6,40,2,4,4,5,2,26,17,74,167
2025,6,2025_06_NE_NO,NE,NO,13,6,2,1,19,11,65,1,2,5,4,3,26,18,75,260
2025,6,2025_06_NE_NO,NO,NE,9,3,0,0,17,8,67,2,1,3,3,1,26,20,73,223
2025,6,2025_06_PHI_NYG,NYG,PHI,16,11,0,0,24,6,55,2,3,5,5,5,26,17,172,194
2025,6,2025_06_PHI_NYG,PHI,NYG,9,1,2,2,20,4,46,3,2,3,3,2,33,24,73,266
2025,6,2025_06_SEA_JAX,JAX,SEA,16,4,3,3,16,10,76,7,1,3,2,2,42,27,59,214
2025,6,2025_06_SEA_JAX,SEA,JAX,12,1,0,0,13,7,56,1,7,5,4,2,27,16,60,286
2025,6,2025_06_SF_TB,SF,TB,16,7,2,0,17,9,65,6,1,4,2,1,39,27,67,296
2025,6,2025_06_SF_TB,TB,SF,8,3,0,0,19,5,31,1,6,4,4,4,23,17,104,248
2025,6,2025_06_TEN_LV,LV,TEN,13,6,1,1,16,6,27,2,6,2,4,2,23,17,68,158
2025,6,2025_06_TEN_LV,TEN,LV,13,3,2,2,15,7,34,6,2,4,2,1,38,26,65,160
2025,7,2025_07_ATL_SF,ATL,SF,11,5,2,0,19,6,43,2,1,1,2,1,38,21,62,230
2025,7,2025_07_ATL_SF,SF,ATL,15,9,0,0,23,3,25,1,2,0,2,2,26,17,174,150
2025,7,2025_07_CAR_NYJ,CAR,NYJ,17,5,4,3,17,6,45,2,6,2,3,1,32,19,125,177
2025,7,2025_07_CAR_NYJ,NYJ,CAR,15,7,1,0,11,5,26,6,2,2,1,0,34,16,81,139
2025,7,2025_07_GB_ARI,ARI,GB,14,7,2,0,23,6,55,6,1,4,4,2,36,25,94,236
2025,7,2025_07_GB_ARI,GB,ARI,10,3,3,2,19,10,94,1,6,2,4,3,29,19,94,168
2025,7,2025_07_HOU_SEA,HOU,SEA,15,2,4,1,18,10,105,3,2,4,4,1,50,23,56,198
2025,7,2025_07_HOU_SEA,SEA,HOU,14,2,2,2,19,12,93,2,3,3,4,3,32,17,118,198
2025,7,2025_07_IND_LAC,IND,LAC,11,5,3,3,24,3,42,1,3,5,6,5,35,23,120,283
2025,7,2025_07_IND_LAC,LAC,IND,16,8,4,3,24,6,35,3,1,6,5,3,55,37,54,391
2025,7,2025_07_LA_JAX,JAX,LA,15,3,6,2,21,12,102,7,0,6,3,1,48,23,94,264
2025,7,2025_07_LA_JAX,LA,JAX,10,2,2,2,25,5,45,0,7,2,5,5,33,21,89,182
2025,7,2025_07_LV_KC,KC,LV,15,9,2,1,30,5,38,1,1,3,6,4,35,26,152,282
2025,7,2025_07_LV_KC,LV,KC,7,0,1,0,3,8,58,1,1,0,0,0,18,12,25,70
2025,7,2025_07_MIA_CLE,CLE,MIA,11,4,0,0,15,5,37,2,4,2,5,3,18,13,104,102
2025,7,2025_07_MIA_CLE,MIA,CLE,13,1,4,2,12,11,103,4,2,4,2,0,31,17,99,120
2025,7,2025_07_NE_TEN,NE,TEN,12,5,2,2,22,5,36,4,5,4,5,3,24,22,175,212
2025,7,2025_07_NE_TEN,TEN,NE,10,3,2,0,16,3,15,5,4,2,1,1,34,25,39,216
2025,7,2025_07_NO_CHI,CHI,NO,12,3,1,1,23,10,92,1,4,5,6,2,26,15,222,164
2025,7,2025_07_NO_CHI,NO,CHI,10,3,2,0,16,5,30,4,1,4,2,2,32,20,44,209
2025,7,2025_07_NYG_DEN,DEN,NYG,13,4,2,1,25,11,89,2,4,7,5,4,52,27,142,269
2025,7,2025_07_NYG_DEN,NYG,DEN,15,6,2,2,23,8,36,4,2,5,5,5,34,15,119,268
2025,7,2025_07_PHI_MIN,MIN,PHI,15,7,1,1,21,3,30,2,3,5,6,1,42,26,89,298
2025,7,2025_07_PHI_MIN,PHI,MIN,10,3,3,2,13,8,64,3,2,6,5,3,23,19,45,316
2025,7,2025_07_PIT_CIN,CIN,PIT,14,7,1,1,27,4,35,2,0,6,6,3,47,31,142,328
2025,7,2025_07_PIT_CIN,PIT,CIN,10,7,0,0,19,7,59,0,2,4,5,4,34,23,147,249
2025,7,2025_07_TB_DET,DET,TB,13,3,2,1,17,6,50,4,4,6,4,3,29,20,164,215
2025,7,2025_07_TB_DET,TB,DET,16,4,5,2,15,6,35,4,4,3,2,1,51,28,41,210
2025,7,2025_07_WAS_DAL,DAL,WAS,12,6,0,0,21,10,79,1,4,4,6,4,30,21,152,257
2025,7,2025_07_WAS_DAL,WAS,DAL,16,7,2,0,17,11,118,4,1,4,3,3,32,16,136,205
2025,8,2025_08_BUF_CAR,BUF,CAR,12,7,0,0,23,7,60,2,7,5,6,5,23,14,245,165
2025,8,2025_08_BUF_CAR,CAR,BUF,11,4,1,1,19,4,20,7,2,2,3,1,24,16,114,130
2025,8,2025_08_CHI_BAL,BAL,CHI,10,4,1,1,23,6,45,2,1,5,6,3,22,17,177,178
2025,8,2025_08_CHI_BAL,CHI,BAL,13,6,1,0,19,11,79,1,2,6,3,1,38,25,96,276
2025,8,2025_08_CLE_NE,CLE,NE,11,2,3,1,12,5,31,1,6,3,3,2,36,21,68,145
2025,8,2025_08_CLE_NE,NE,CLE,11,3,0,0,23,7,54,6,1,7,8,3,24,18,177,245
2025,8,2025_08_DAL_DEN,DAL,DEN,11,4,1,1,23,9,80,2,0,2,5,3,35,22,108,231
2025,8,2025_08_DAL_DEN,DEN,DAL,8,5,0,0,25,7,42,0,2,7,7,6,30,19,179,247
2025,8,2025_08_GB_PIT,GB,PIT,12,5,1,1,22,5,47,0,3,6,6,4,38,29,94,362
2025,8,2025_08_GB_PIT,PIT,GB,10,1,1,1,16,6,65,3,0,3,2,2,37,24,93,202
2025,8,2025_08_MIA_ATL,ATL,MIA,11,2,4,2,11,8,76,1,1,2,2,1,31,21,45,168
2025,8,2025_08_MIA_ATL,MIA,ATL,13,6,2,1,24,4,54,1,1,3,6,4,27,21,141,197
2025,8,2025_08_MIN_LAC,LAC,MIN,13,9,0,0,28,8,46,2,5,3,5,4,25,18,207,212
2025,8,2025_08_MIN_LAC,MIN,LAC,11,3,1,0,12,8,66,5,2,0,1,1,31,18,34,130
2025,8,2025_08_NYG_PHI,NYG,PHI,12,5,1,1,13,7,54,5,4,3,3,2,24,14,68,178
2025,8,2025_08_NYG_PHI,PHI,NYG,8,2,2,2,23,5,30,4,5,5,5,5,20,15,276,151
2025,8,2025_08_NYJ_CIN,CIN,NYJ,9,4,1,0,24,2,15,1,0,4,6,5,34,21,181,217
2025,8,2025_08_NYJ_CIN,NYJ,CIN,15,7,3,2,25,4,25,0,1,8,6,4,34,22,256,250
2025,8,2025_08_SF_HOU,HOU,SF,16,9,1,1,23,8,55,0,2,4,6,2,39,30,157,318
2025,8,2025_08_SF_HOU,SF,HOU,9,3,1,0,12,4,30,2,0,2,2,2,33,19,48,177
2025,8,2025_08_TB_NO,NO,TB,16,8,4,2,17,8,40,5,3,1,1,0,51,32,48,227
2025,8,2025_08_TB_NO,TB,NO,13,3,2,1,14,4,25,3,5,2,3,1,24,15,88,124
2025,8,2025_08_TEN_IND,IND,TEN,9,3,1,1,21,3,32,3,4,4,6,5,31,21,164,256
2025,8,2025_08_TEN_IND,TEN,IND,15,6,3,1,20,3,34,4,3,5,3,2,38,22,113,228
2025,8,2025_08_WAS_KC,KC,WAS,10,4,2,2,26,9,95,3,2,5,4,4,34,25,148,284
2025,8,2025_08_WAS_KC,WAS,KC,12,7,2,0,14,3,35,2,3,4,2,1,30,21,60,200
2025,9,2025_09_ARI_DAL,ARI,DAL,13,7,1,0,23,2,10,5,5,2,4,3,31,21,119,221
2025,9,2025_09_ARI_DAL,DAL,ARI,12,5,3,0,22,6,55,5,5,2,4,1,39,24,123,210
2025,9,2025_09_ATL_NE,ATL,NE,10,1,3,2,17,5,40,1,6,3,4,3,37,22,71,217
2025,9,2025_09_ATL_NE,NE,ATL,12,8,0,0,23,2,15,6,1,3,4,3,29,19,110,221
2025,9,2025_09_BAL_MIA,BAL,MIA,13,5,1,1,18,5,56,2,2,5,4,4,23,18,150,188
2025,9,2025_09_BAL_MIA,MIA,BAL,12,2,3,2,17,5,45,2,2,4,3,0,40,25,87,245
2025,9,2025_09_CAR_GB,CAR,GB,10,4,2,2,19,5,39,1,1,2,3,2,20,11,163,102
2025,9,2025_09_CAR_GB,GB,CAR,13,7,3,2,20,7,42,1,1,4,5,1,37,26,104,265
2025,9,2025_09_CHI_CIN,CHI,CIN,15,8,2,2,30,7,43,2,3,6,8,6,38,22,283,293
2025,9,2025_09_CHI_CIN,CIN,CHI,10,5,1,1,26,7,49,3,2,10,7,5,48,31,46,451
2025,9,2025_09_DEN_HOU,DEN,HOU,15,6,0,0,15,4,41,1,4,4,3,2,38,18,100,173
2025,9,2025_09_DEN_HOU,HOU,DEN,17,3,1,1,13,4,29,4,1,2,5,0,40,23,77,191
2025,9,2025_09_IND_PIT,IND,PIT,14,6,5,5,25,5,53,5,3,3,2,2,50,31,55,313
2025,9,2025_09_IND_PIT,PIT,IND,12,4,2,1,16,8,46,3,5,0,6,3,35,25,38,187
2025,9,2025_09_JAX_LV,JAX,LV,16,9,3,3,26,9,80,1,2,3,5,3,34,23,151,216
2025,9,2025_09_JAX_LV,LV,JAX,10,7,1,0,25,7,55,2,1,3,5,4,40,29,57,274
2025,9,2025_09_KC_BUF,BUF,KC,12,7,1,0,23,4,40,3,3,5,4,4,26,23,141,263
2025,9,2025_09_KC_BUF,KC,BUF,13,3,3,2,16,3,25,3,3,7,3,2,35,15,79,228
2025,9,2025_09_LAC_TEN,LAC,TEN,13,7,0,0,21,3,20,6,4,5,4,3,29,19,131,212
2025,9,2025_09_LAC_TEN,TEN,LAC,9,1,1,0,10,7,60,4,6,3,4,0,21,12,88,118
2025,9,2025_09_MIN_DET,DET,MIN,17,5,3,3,15,10,76,5,5,2,5,3,37,25,65,240
2025,9,2025_09_MIN_DET,MIN,DET,12,4,0,0,19,7,56,5,5,3,5,3,25,14,142,116
2025,9,2025_09_NO_LA,LA,NO,14,7,2,2,30,3,32,2,1,5,6,5,32,24,171,267
2025,9,2025_09_NO_LA,NO,LA,9,2,2,0,10,5,33,1,2,4,3,1,25,15,57,167
2025,9,2025_09_SEA_WAS,SEA,WAS,11,7,0,0,20,5,44,0,4,7,5,5,24,21,88,330
2025,9,2025_09_SEA_WAS,WAS,SEA,13,6,2,1,19,8,87,4,0,1,2,2,22,16,157,133
2025,9,2025_09_SF_NYG,NYG,SF,12,5,0,0,18,5,23,2,2,2,4,3,33,24,117,179
2025,9,2025_09_SF_NYG,SF,NYG,11,6,1,1,25,6,34,2,2,4,5,4,24,19,159,221
2025,10,2025_10_ARI_SEA,ARI,SEA,16,6,5,2,21,5,37,5,1,4,6,3,46,22,129,208
2025,10,2025_10_ARI_SEA,SEA,ARI,10,6,0,0,22,3,20,1,5,4,7,3,12,10,198,174
2025,10,2025_10_ATL_IND,ATL,IND,8,0,0,0,22,3,35,3,7,2,3,3,29,12,140,152
2025,10,2025_10_ATL_IND,IND,ATL,12,2,4,2,25,7,56,7,3,8,7,4,27,19,323,196
2025,10,2025_10_BAL_MIN,BAL,MIN,15,6,0,0,23,5,62,1,1,4,5,2,30,17,152,171
2025,10,2025_10_BAL_MIN,MIN,BAL,14,3,5,2,18,13,102,1,1,4,4,2,43,20,120,245
2025,10,2025_10_BUF_MIA,BUF,MIA,15,5,2,1,20,6,67,3,0,7,3,2,41,28,87,289
2025,10,2025_10_BUF_MIA,MIA,BUF,9,3,0,0,18,5,35,0,3,5,4,4,21,15,197,173
2025,10,2025_10_CLE_NYJ,CLE,NYJ,16,6,1,0,20,10,78,6,3,2,3,2,32,17,158,120
2025,10,2025_10_CLE_NYJ,NYJ,CLE,11,3,0,0,11,7,61,3,6,3,5,2,11,6,127,42
2025,10,2025_10_DET_WAS,DET,WAS,10,5,2,2,30,3,1,0,2,4,7,5,35,25,228,320
2025,10,2025_10_DET_WAS,WAS,DET,10,2,3,3,14,8,61,2,0,3,3,3,23,16,93,195
2025,10,2025_10_JAX_HOU,HOU,JAX,15,10,2,1,27,11,80,2,5,5,5,4,47,27,130,284
2025,10,2025_10_JAX_HOU,JAX,HOU,11,4,0,0,19,9,90,5,2,3,5,2,24,13,94,119
2025,10,2025_10_LA_SF,LA,SF,9,5,1,1,31,0,0,1,0,3,7,6,36,24,126,275
2025,10,2025_10_LA_SF,SF,LA,8,3,3,1,24,7,45,0,1,2,5,4,40,33,74,319
2025,10,2025_10_LV_DEN,DEN,LV,15,5,0,0,10,11,78,2,6,1,3,1,28,16,84,136
2025,10,2025_10_LV_DEN,LV,DEN,15,4,1,0,10,11,83,6,2,2,1,1,27,16,74,114
2025,10,2025_10_NE_TB,NE,TB,14,5,3,2,16,5,49,1,2,5,5,4,31,16,166,269
2025,10,2025_10_NE_TB,TB,NE,13,5,1,0,24,6,40,2,1,4,4,3,43,28,113,258
2025,10,2025_10_NO_CAR,CAR,NO,9,3,1,0,13,1,5,2,2,1,2,1,25,17,73,102
2025,10,2025_10_NO_CAR,NO,CAR,17,8,3,2,17,6,60,2,2,4,4,2,28,19,122,266
2025,10,2025_10_NYG_CHI,CHI,NYG,11,3,4,1,23,3,25,0,4,6,4,3,36,20,171,220
2025,10,2025_10_NYG_CHI,NYG,CHI,14,5,4,1,21,10,69,4,0,6,5,2,36,22,169,262
2025,10,2025_10_PHI_GB,GB,PHI,13,5,3,1,18,4,20,3,0,3,1,1,36,20,104,157
2025,10,2025_10_PHI_GB,PHI,GB,16,7,2,0,13,7,61,0,3,3,2,1,26,15,111,183
2025,10,2025_10_PIT_LAC,LAC,PIT,17,6,1,1,18,8,55,5,3,1,4,2,33,20,115,199
2025,10,2025_10_PIT_LAC,PIT,LAC,11,2,1,0,11,4,29,3,5,1,3,1,31,16,73,148
2025,11,2025_11_BAL_CLE,BAL,CLE,13,5,1,1,17,4,26,5,3,3,5,2,25,14,184,167
2025,11,2025_11_BAL_CLE,CLE,BAL,14,2,1,0,10,5,41,3,5,3,3,0,26,11,106,81
2025,11,2025_11_CAR_ATL,ATL,CAR,11,4,0,0,23,6,44,0,5,4,3,3,30,19,125,223
2025,11,2025_11_CAR_ATL,CAR,ATL,17,6,5,3,22,8,49,5,0,9,7,3,47,31,67,421
2025,11,2025_11_CHI_MIN,CHI,MIN,18,7,0,0,19,6,40,2,0,2,3,1,32,16,140,180
2025,11,2025_11_CHI_MIN,MIN,CHI,11,3,1,1,15,2,15,0,2,2,3,2,32,16,115,150
2025,11,2025_11_CIN_PIT,CIN,PIT,15,7,1,0,17,8,67,1,1,3,3,1,40,23,105,192
2025,11,2025_11_CIN_PIT,PIT,CIN,13,7,1,1,22,8,76,1,1,4,6,2,31,21,111,232
2025,11,2025_11_DAL_LV,DAL,LV,10,4,3,1,24,6,50,1,4,3,5,3,33,25,114,267
2025,11,2025_11_DAL_LV,LV,DAL,12,3,3,2,17,6,40,4,1,2,4,1,42,27,27,209
2025,11,2025_11_DET_PHI,DET,PHI,13,3,5,0,13,5,48,2,1,5,1,0,37,14,74,243
2025,11,2025_11_DET_PHI,PHI,DET,15,4,1,0,15,9,78,1,2,1,3,1,28,14,148,124
2025,11,2025_11_GB_NYG,GB,NYG,11,7,0,0,19,5,48,2,2,3,4,4,27,15,128,170
2025,11,2025_11_GB_NYG,NYG,GB,14,7,4,3,22,6,77,2,2,4,5,3,29,19,142,194
2025,11,2025_11_HOU_TEN,HOU,TEN,13,4,1,0,20,5,53,4,3,2,3,1,41,26,75,240
2025,11,2025_11_HOU_TEN,TEN,HOU,15,6,0,0,13,9,62,3,4,2,1,1,37,24,58,171
2025,11,2025_11_KC_DEN,DEN,KC,15,7,0,0,16,10,147,2,3,5,5,1,38,24,59,283
2025,11,2025_11_KC_DEN,KC,DEN,13,5,1,0,19,10,69,3,2,2,5,2,45,29,62,249
2025,11,2025_11_LAC_JAX,JAX,LAC,10,5,5,3,29,1,5,0,3,1,6,5,22,14,192,153
2025,11,2025_11_LAC_JAX,LAC,JAX,12,3,3,1,8,5,71,3,0,2,1,0,26,13,42,93
2025,11,2025_11_NYJ_NE,NE,NYJ,12,6,1,1,23,2,20,1,2,5,5,3,34,25,65,271
2025,11,2025_11_NYJ_NE,NYJ,NE,14,8,1,0,15,7,62,2,1,1,3,2,27,15,140,105
2025,11,2025_11_SEA_LA,LA,SEA,11,2,3,2,12,6,43,0,0,3,4,3,28,15,119,130
2025,11,2025_11_SEA_LA,SEA,LA,16,7,1,1,26,6,47,0,0,4,4,1,44,29,135,279
2025,11,2025_11_SF_ARI,ARI,SF,14,6,0,0,24,17,130,0,1,4,5,3,58,47,36,452
2025,11,2025_11_SF_ARI,SF,ARI,9,3,0,0,24,1,15,1,0,4,6,5,27,19,95,186
2025,11,2025_11_TB_BUF,BUF,TB,11,6,2,1,19,7,45,0,1,8,7,6,31,19,97,317
2025,11,2025_11_TB_BUF,TB,BUF,16,9,1,1,21,2,30,1,0,3,6,4,30,16,202,165
2025,11,2025_11_WAS_MIA,MIA,WAS,9,3,2,0,19,4,39,3,1,4,5,1,20,14,169,142
2025,11,2025_11_WAS_MIA,WAS,MIA,13,6,2,1,22,6,31,1,3,4,4,1,30,20,172,207
2025,12,2025_12_ATL_NO,ATL,NO,12,3,1,1,13,9,82,3,5,4,3,2,23,16,123,181
2025,12,2025_12_ATL_NO,NO,ATL,16,5,5,2,21,4,36,5,3,0,4,0,45,30,79,214
2025,12,2025_12_BUF_HOU,BUF,HOU,16,5,5,3,14,6,54,8,0,6,5,2,34,24,143,183
2025,12,2025_12_BUF_HOU,HOU,BUF,12,2,1,1,15,5,40,0,8,2,4,2,30,16,108,153
2025,12,2025_12_CAR_SF,CAR,SF,7,1,0,0,12,4,30,1,0,1,3,1,30,18,69,161
2025,12,2025_12_CAR_SF,SF,CAR,13,7,2,2,23,2,6,0,1,1,3,2,32,23,147,193
2025,12,2025_12_CLE_LV,CLE,LV,12,3,0,0,11,8,77,1,10,4,4,3,20,11,64,206
2025,12,2025_12_CLE_LV,LV,CLE,17,4,3,1,19,13,109,10,1,2,1,1,44,30,60,208
2025,12,2025_12_IND_KC,IND,KC,13,5,0,0,10,11,83,0,4,3,4,2,31,19,74,181
2025,12,2025_12_IND_KC,KC,IND,16,7,2,2,32,7,57,4,0,4,6,1,47,29,148,348
2025,12,2025_12_JAX_ARI,ARI,JAX,16,5,3,1,25,7,53,6,3,2,5,2,50,34,55,271
2025,12,2025_12_JAX_ARI,JAX,ARI,11,3,1,0,18,7,60,3,6,5,5,3,30,18,134,237
2025,12,2025_12_MIN_GB,GB,MIN,14,7,0,0,22,2,10,1,5,0,4,2,22,15,146,142
2025,12,2025_12_MIN_GB,MIN,GB,9,2,1,0,10,2,29,5,1,1,1,0,19,12,93,52
2025,12,2025_12_NE_CIN,CIN,NE,13,3,3,2,20,6,65,1,1,1,2,1,38,20,120,187
2025,12,2025_12_NE_CIN,NE,CIN,13,5,1,0,21,4,52,1,1,5,4,1,35,22,107,285
2025,12,2025_12_NYG_DET,DET,NYG,12,5,0,0,23,9,81,3,1,8,6,4,42,28,237,257
2025,12,2025_12_NYG_DET,NYG,DET,16,8,3,1,24,7,59,1,3,10,5,3,37,19,122,395
2025,12,2025_12_NYJ_BAL,BAL,NYJ,11,2,2,2,16,5,30,1,3,2,5,2,23,13,98,143
2025,12,2025_12_NYJ_BAL,NYJ,BAL,11,4,2,0,15,6,81,3,1,2,2,1,28,17,78,204
2025,12,2025_12_PHI_DAL,DAL,PHI,12,5,2,0,25,8,69,1,1,7,5,3,36,23,125,348
2025,12,2025_12_PHI_DAL,PHI,DAL,12,5,0,0,19,14,96,1,1,2,3,3,39,27,63,276
2025,12,2025_12_PIT_CHI,CHI,PIT,13,7,1,1,19,7,83,1,2,3,4,4,35,19,99,229
2025,12,2025_12_PIT_CHI,PIT,CHI,14,8,3,1,22,6,41,2,1,2,4,3,31,24,186,159
2025,12,2025_12_SEA_TEN,SEA,TEN,7,2,1,0,18,11,69,1,4,3,5,3,26,16,114,239
2025,12,2025_12_SEA_TEN,TEN,SEA,17,6,7,5,18,10,63,4,1,3,4,2,42,28,64,232
2025,12,2025_12_TB_LA,LA,TB,10,4,1,0,20,4,32,1,4,3,4,3,35,25,70,263
2025,12,2025_12_TB_LA,TB,LA,17,7,5,1,14,2,10,4,1,1,3,1,34,17,123,70
2025,13,2025_13_ARI_TB,ARI,TB,8,3,2,0,22,4,33,2,2,2,3,2,40,29,95,291
2025,13,2025_13_ARI_TB,TB,ARI,16,7,1,1,13,5,40,2,2,6,4,2,28,18,95,184
2025,13,2025_13_ATL_NYJ,ATL,NYJ,12,4,0,0,24,1,27,2,2,4,3,3,33,21,167,222
2025,13,2025_13_ATL_NYJ,NYJ,ATL,16,7,1,1,16,9,59,2,2,1,4,3,33,19,110,159
2025,13,2025_13_BUF_PIT,BUF,PIT,15,8,2,2,26,7,45,0,1,1,5,2,23,15,249,123
2025,13,2025_13_BUF_PIT,PIT,BUF,9,3,1,0,10,5,67,1,0,1,2,1,24,10,58,108
2025,13,2025_13_CHI_PHI,CHI,PHI,17,10,3,1,28,4,35,2,0,3,4,3,36,17,281,144
2025,13,2025_13_CHI_PHI,PHI,CHI,12,4,0,0,14,7,44,0,2,4,3,2,35,19,87,230
2025,13,2025_13_CIN_BAL,BAL,CIN,10,3,2,1,16,7,53,3,1,4,3,2,32,17,123,223
2025,13,2025_13_CIN_BAL,CIN,BAL,19,8,2,1,22,6,35,1,3,2,7,2,46,24,128,254
2025,13,2025_13_DEN_WAS,DEN,WAS,15,7,1,1,23,5,33,1,2,4,5,3,45,29,87,315
2025,13,2025_13_DEN_WAS,WAS,DEN,17,8,3,3,30,5,35,2,1,3,6,3,51,28,143,276
2025,13,2025_13_GB_DET,DET,GB,13,8,2,0,20,5,22,3,0,6,4,3,27,20,119,233
2025,13,2025_13_GB_DET,GB,DET,12,6,3,3,18,3,20,0,3,5,4,4,30,18,125,234
2025,13,2025_13_HOU_IND,HOU,IND,13,6,2,0,24,9,85,2,1,4,5,2,35,22,108,256
2025,13,2025_13_HOU_IND,IND,HOU,10,3,2,0,16,5,33,1,2,3,4,2,27,14,86,195
2025,13,2025_13_JAX_TEN,JAX,TEN,13,3,1,1,20,13,98,3,3,3,3,3,27,16,72,202
2025,13,2025_13_JAX_TEN,TEN,JAX,12,2,4,1,11,10,86,3,3,0,1,0,38,24,67,121
2025,13,2025_13_KC_DAL,DAL,KC,16,9,1,1,23,7,50,0,3,4,5,3,40,27,137,322
2025,13,2025_13_KC_DAL,KC,DAL,13,5,3,3,19,10,119,3,0,5,4,4,34,23,119,243
2025,13,2025_13_LA_CAR,CAR,LA,15,7,3,3,17,7,70,2,2,4,5,3,20,15,164,194
2025,13,2025_13_LA_CAR,LA,CAR,5,2,0,0,22,1,5,2,2,5,6,4,28,18,152,227
2025,13,2025_13_LV_LAC,LAC,LV,17,12,1,0,20,4,27,3,5,3,6,4,21,16,192,149
2025,13,2025_13_LV_LAC,LV,LAC,8,2,2,0,12,4,50,5,3,2,2,2,23,18,31,125
2025,13,2025_13_MIN_SEA,MIN,SEA,10,2,2,0,11,10,80,4,4,2,1,1,30,19,66,96
2025,13,2025_13_MIN_SEA,SEA,MIN,15,6,1,1,17,4,25,4,4,2,3,1,26,14,125,94
2025,13,2025_13_NO_MIA,MIA,NO,12,4,1,0,16,3,15,4,4,4,3,1,23,12,164,134
2025,13,2025_13_NO_MIA,NO,MIA,12,4,1,0,20,6,45,4,4,0,2,2,39,26,83,213
2025,13,2025_13_NYG_NE,NE,NYG,13,6,1,1,21,3,30,3,2,5,7,2,31,24,119,276
2025,13,2025_13_NYG_NE,NYG,NE,11,4,3,0,14,4,30,2,3,2,2,2,25,17,111,130
2025,13,2025_13_SF_CLE,CLE,SF,11,3,4,0,15,4,25,3,1,1,2,1,26,17,140,115
2025,13,2025_13_SF_CLE,SF,CLE,17,11,0,0,19,3,11,1,3,2,5,3,31,16,91,161
2025,14,2025_14_CHI_GB,CHI,GB,16,8,2,1,21,4,17,1,1,3,4,2,35,19,140,177
2025,14,2025_14_CHI_GB,GB,CHI,12,8,0,0,17,6,55,1,1,5,4,4,25,17,117,220
2025,14,2025_14_CIN_BUF,BUF,CIN,11,6,4,3,22,6,68,3,1,6,7,4,29,22,183,235
2025,14,2025_14_CIN_BUF,CIN,BUF,12,10,0,0,25,4,30,1,3,3,5,5,37,25,62,276
2025,14,2025_14_DAL_DET,DAL,DET,15,6,2,2,25,7,76,5,1,6,4,2,48,31,91,328
2025,14,2025_14_DAL_DET,DET,DAL,8,3,0,0,19,8,50,1,5,6,6,5,34,25,109,299
2025,14,2025_14_DEN_LV,DEN,LV,12,7,3,1,27,8,50,3,4,0,4,2,38,31,152,204
2025,14,2025_14_DEN_LV,LV,DEN,9,3,3,1,16,3,25,4,3,2,3,2,32,21,40,189
2025,14,2025_14_HOU_KC,HOU,KC,18,8,0,0,14,8,59,3,2,2,4,2,31,15,82,186
2025,14,2025_14_HOU_KC,KC,HOU,14,4,3,1,14,5,20,2,3,3,2,1,33,14,126,148
2025,14,2025_14_IND_JAX,IND,JAX,11,6,1,0,20,5,45,1,0,2,4,2,37,23,89,196
2025,14,2025_14_IND_JAX,JAX,IND,15,7,2,1,18,8,64,0,1,5,7,4,31,18,103,247
2025,14,2025_14_LA_ARI,ARI,LA,12,4,1,0,17,7,42,3,0,4,4,2,44,25,51,263
2025,14,2025_14_LA_ARI,LA,ARI,8,3,0,0,30,5,30,0,3,6,7,6,31,22,249,281
2025,14,2025_14_MIA_NYJ,MIA,NYJ,10,2,0,0,23,5,54,1,6,5,4,4,21,13,239,119
2025,14,2025_14_MIA_NYJ,NYJ,MIA,12,1,2,1,12,6,50,6,1,1,4,0,34,15,65,142
2025,14,2025_14_NO_TB,NO,TB,11,5,1,0,16,10,82,3,0,2,4,3,20,13,139,121
2025,14,2025_14_NO_TB,TB,NO,13,3,7,2,19,7,49,0,3,3,3,2,30,14,179,122
2025,14,2025_14_PHI_LAC,LAC,PHI,19,7,0,0,16,7,55,7,1,1,3,1,26,12,169,106
2025,14,2025_14_PHI_LAC,PHI,LAC,13,4,0,0,19,6,53,1,7,4,3,1,40,21,134,231
2025,14,2025_14_PIT_BAL,BAL,PIT,18,7,4,3,22,5,39,2,0,4,6,2,35,19,217,203
2025,14,2025_14_PIT_BAL,PIT,BAL,14,6,1,1,13,7,33,0,2,5,5,3,34,23,34,284
2025,14,2025_14_SEA_ATL,ATL,SEA,13,1,2,1,15,8,56,1,2,4,4,0,30,15,120,154
2025,14,2025_14_SEA_ATL,SEA,ATL,13,6,0,0,20,6,60,2,1,6,6,4,30,20,129,236
2025,14,2025_14_TEN_CLE,CLE,TEN,14,6,0,0,20,7,50,2,1,5,5,4,43,23,61,351
2025,14,2025_14_TEN_CLE,TEN,CLE,17,6,0,0,13,11,85,1,2,3,4,4,28,14,184,108
2025,14,2025_14_WAS_MIN,MIN,WAS,11,6,2,2,25,3,24,4,2,2,4,4,23,16,162,151
2025,14,2025_14_WAS_MIN,WAS,MIN,10,3,3,1,12,4,34,2,4,1,2,0,24,11,107,99
2025,15,2025_15_ARI_HOU,ARI,HOU,12,5,3,1,22,2,34,2,1,3,4,3,41,27,72,235
2025,15,2025_15_ARI_HOU,HOU,ARI,13,7,0,0,23,5,40,1,2,3,7,4,29,22,143,256
2025,15,2025_15_ATL_TB,ATL,TB,11,5,1,1,27,19,125,1,5,5,4,4,46,30,111,365
2025,15,2025_15_ATL_TB,TB,ATL,9,4,0,0,28,4,25,5,1,6,3,3,35,19,88,252
2025,15,2025_15_BAL_CIN,BAL,CIN,7,2,0,0,15,2,10,4,3,8,4,2,12,8,189,128
2025,15,2025_15_BAL_CIN,CIN,BAL,15,3,5,3,18,4,30,3,4,2,1,1,39,25,100,198
2025,15,2025_15_BUF_NE,BUF,NE,14,8,1,1,22,2,15,2,3,3,6,5,28,19,168,181
2025,15,2025_15_BUF_NE,NE,BUF,10,5,1,0,19,7,65,3,2,3,5,4,23,14,246,139
2025,15,2025_15_CAR_NO,CAR,NO,14,7,3,2,15,11,103,1,5,4,2,2,24,15,127,154
2025,15,2025_15_CAR_NO,NO,CAR,11,6,2,1,26,9,78,5,1,0,3,2,33,24,81,256
2025,15,2025_15_CLE_CHI,CHI,CLE,13,5,2,1,21,4,25,3,5,4,5,4,28,17,142,219
2025,15,2025_15_CLE_CHI,CLE,CHI,14,4,1,0,9,6,21,5,3,2,1,0,35,18,50,142
2025,15,2025_15_DET_LA,DET,LA,14,5,2,2,21,4,25,1,2,6,5,4,41,25,70,326
2025,15,2025_15_DET_LA,LA,DET,9,2,3,3,30,2,8,2,1,8,8,5,38,24,159,360
2025,15,2025_15_GB_DEN,DEN,GB,11,4,4,2,21,6,60,0,3,5,5,5,34,23,89,302
2025,15,2025_15_GB_DEN,GB,DEN,13,6,3,1,18,10,72,3,0,6,5,2,40,24,115,247
2025,15,2025_15_IND_SEA,IND,SEA,13,5,0,0,14,3,14,1,1,0,1,1,27,18,102,118
2025,15,2025_15_IND_SEA,SEA,IND,13,2,1,1,15,5,34,1,1,3,2,0,36,22,50,264
2025,15,2025_15_LAC_KC,KC,LAC,13,6,0,0,16,9,64,5,4,3,3,1,33,19,49,190
2025,15,2025_15_LAC_KC,LAC,KC,14,5,0,0,18,5,50,4,5,3,2,1,29,19,94,201
2025,15,2025_15_LV_PHI,LV,PHI,12,3,1,0,7,3,39,4,1,0,0,0,25,15,46,29
2025,15,2025_15_LV_PHI,PHI,LV,13,10,1,0,27,3,35,1,4,3,6,4,18,15,183,204
2025,15,2025_15_MIA_PIT,MIA,PIT,8,2,1,1,16,6,31,4,3,4,2,2,30,22,63,222
2025,15,2025_15_MIA_PIT,PIT,MIA,13,4,3,3,22,4,25,3,4,4,4,4,27,23,135,201
2025,15,2025_15_MIN_DAL,DAL,MIN,12,2,4,3,25,7,58,2,0,5,5,2,38,23,138,285
2025,15,2025_15_MIN_DAL,MIN,DAL,9,2,3,3,20,3,17,0,2,4,5,4,24,15,77,250
2025,15,2025_15_NYJ_JAX,JAX,NYJ,9,4,0,0,24,5,60,0,3,7,8,6,32,20,108,330
2025,15,2025_15_NYJ_JAX,NYJ,JAX,15,8,3,1,18,6,44,3,0,3,3,2,33,22,130,154
2025,15,2025_15_TEN_SF,SF,TEN,15,9,1,1,28,6,30,2,0,6,6,4,30,23,138,292
2025,15,2025_15_TEN_SF,TEN,SF,9,3,2,2,18,7,57,0,2,5,4,3,29,18,136,170
2025,15,2025_15_WAS_NYG,NYG,WAS,12,2,4,2,22,6,62,1,2,3,4,3,37,20,146,238
2025,15,2025_15_WAS_NYG,WAS,NYG,11,3,0,0,19,11,67,2,1,3,3,2,19,10,145,195
2025,16,2025_16_ATL_ARI,ARI,ATL,13,7,0,0,16,5,14,2,1,6,3,1,31,16,132,188
2025,16,2025_16_ATL_ARI,ATL,ARI,14,7,5,2,24,4,20,1,2,2,3,3,35,21,152,190
2025,16,2025_16_BUF_CLE,BUF,CLE,8,2,2,0,16,5,35,2,3,2,4,3,19,12,164,95
2025,16,2025_16_BUF_CLE,CLE,BUF,14,8,1,0,22,5,44,3,2,2,4,2,30,20,160,134
2025,16,2025_16_CIN_MIA,CIN,MIA,12,6,1,1,23,2,10,2,0,6,6,6,33,26,105,302
2025,16,2025_16_CIN_MIA,MIA,CIN,10,2,2,1,19,3,20,0,2,5,3,3,30,20,129,260
2025,16,2025_16_GB_CHI,CHI,GB,11,2,3,2,20,10,105,0,2,5,2,1,34,19,150,250
2025,16,2025_16_GB_CHI,GB,CHI,12,6,3,1,24,4,40,2,0,4,5,0,24,17,192,192
2025,16,2025_16_JAX_DEN,DEN,JAX,14,5,3,1,20,6,61,1,5,6,3,2,47,28,101,344
2025,16,2025_16_JAX_DEN,JAX,DEN,15,8,0,0,22,2,20,5,1,7,5,4,36,23,81,265
2025,16,2025_16_KC_TEN,KC,TEN,9,1,0,0,9,10,59,4,2,2,1,0,24,14,51,82
2025,16,2025_16_KC_TEN,TEN,KC,17,9,2,0,22,12,82,2,4,4,5,3,28,21,164,212
2025,16,2025_16_LAC_DAL,DAL,LAC,9,4,3,1,17,5,40,1,0,3,4,2,32,23,91,249
2025,16,2025_16_LAC_DAL,LAC,DAL,11,7,1,0,24,4,34,0,1,6,6,4,29,23,152,300
2025,16,2025_16_LA_SEA,LA,SEA,20,8,3,2,25,8,54,0,4,7,7,4,49,29,124,457
2025,16,2025_16_LA_SEA,SEA,LA,11,4,0,0,22,5,40,4,0,7,6,4,36,22,173,248
2025,16,2025_16_LV_HOU,HOU,LV,15,7,0,0,16,4,29,0,3,3,3,1,35,23,83,187
2025,16,2025_16_LV_HOU,LV,HOU,14,6,0,0,12,9,85,3,0,3,3,3,23,16,145,170
2025,16,2025_16_MIN_NYG,MIN,NYG,12,7,1,1,16,11,90,4,5,2,3,1,23,16,114,126
2025,16,2025_16_MIN_NYG,NYG,MIN,10,2,3,1,12,11,74,5,4,0,4,0,13,7,128,13
2025,16,2025_16_NE_BAL,BAL,NE,11,7,0,0,18,7,28,1,4,3,4,3,20,16,171,159
2025,16,2025_16_NE_BAL,NE,BAL,12,4,3,2,24,5,50,4,1,10,5,3,45,31,79,376
2025,16,2025_16_NYJ_NO,NO,NYJ,17,8,2,1,23,3,30,3,8,4,5,2,50,33,84,328
2025,16,2025_16_NYJ_NO,NYJ,NO,15,2,4,2,12,7,54,8,3,2,2,0,35,22,64,131
2025,16,2025_16_PHI_WAS,PHI,WAS,9,4,0,0,26,5,61,2,2,3,4,4,30,22,209,178
2025,16,2025_16_PHI_WAS,WAS,PHI,10,2,1,1,15,5,44,2,2,4,3,2,23,12,92,130
2025,16,2025_16_PIT_DET,DET,PIT,15,6,2,1,23,7,40,3,2,6,6,3,54,34,15,346
2025,16,2025_16_PIT_DET,PIT,DET,16,8,2,2,23,8,89,2,3,6,6,3,41,27,230,251
2025,16,2025_16_SF_IND,IND,SF,10,5,1,0,19,6,45,2,1,2,3,3,36,23,58,254
2025,16,2025_16_SF_IND,SF,IND,11,7,1,1,28,2,36,1,2,6,8,5,34,25,145,295
2025,16,2025_16_TB_CAR,CAR,TB,12,6,0,0,16,5,30,2,2,3,3,2,32,21,101,174
2025,16,2025_16_TB_CAR,TB,CAR,14,8,0,0,19,8,56,2,2,4,3,2,26,18,169,127
2025,17,2025_17_ARI_CIN,ARI,CIN,13,3,4,3,12,6,51,4,3,2,3,2,37,21,42,191
2025,17,2025_17_ARI_CIN,CIN,ARI,15,10,1,1,29,5,38,3,4,5,5,5,36,27,120,309
2025,17,2025_17_BAL_GB,BAL,GB,14,10,0,0,29,6,45,1,2,3,7,5,20,16,307,107
2025,17,2025_17_BAL_GB,GB,BAL,6,3,2,0,17,5,38,2,1,7,4,3,25,19,79,284
2025,17,2025_17_CHI_SF,CHI,SF,12,6,2,2,25,7,39,0,1,7,7,4,42,25,110,330
2025,17,2025_17_CHI_SF,SF,CHI,10,7,1,1,32,5,55,1,0,6,6,6,33,24,200,296
2025,17,2025_17_DAL_WAS,DAL,WAS,20,8,6,6,28,11,89,6,2,5,4,3,37,19,211,269
2025,17,2025_17_DAL_WAS,WAS,DAL,6,1,0,0,16,10,71,2,6,4,4,2,23,15,138,190
2025,17,2025_17_DEN_KC,DEN,KC,18,11,1,1,22,5,57,1,1,1,4,2,38,26,128,175
2025,17,2025_17_DEN_KC,KC,DEN,11,4,2,1,10,2,10,1,1,0,1,1,22,13,82,57
2025,17,2025_17_DET_MIN,DET,MIN,14,5,2,2,16,5,25,5,7,3,1,1,29,18,68,163
2025,17,2025_17_DET_MIN,MIN,DET,13,3,0,0,11,3,20,7,5,1,2,2,16,9,158,3
2025,17,2025_17_HOU_LAC,HOU,LAC,11,3,0,0,16,8,70,0,5,3,3,2,28,16,118,244
2025,17,2025_17_HOU_LAC,LAC,HOU,15,6,0,0,16,3,25,5,0,4,5,2,32,21,74,201
2025,17,2025_17_JAX_IND,IND,JAX,11,4,1,0,16,5,45,2,2,0,3,2,31,17,69,135
2025,17,2025_17_JAX_IND,JAX,IND,14,7,2,1,21,6,55,2,2,4,5,2,37,23,121,249
2025,17,2025_17_LA_ATL,ATL,LA,13,5,0,0,14,7,42,0,3,4,4,3,20,13,219,126
2025,17,2025_17_LA_ATL,LA,ATL,13,5,4,1,16,4,35,3,0,6,5,2,38,22,115,248
2025,17,2025_17_NE_NYJ,NE,NYJ,9,4,2,2,28,2,20,1,1,7,6,6,25,22,155,285
2025,17,2025_17_NE_NYJ,NYJ,NE,16,5,6,2,14,5,53,1,1,2,4,1,34,20,164,143
2025,17,2025_17_NO_TEN,NO,TEN,11,5,0,0,16,6,84,2,4,7,4,3,27,22,103,320
2025,17,2025_17_NO_TEN,TEN,NO,15,5,3,2,18,4,35,4,2,5,4,2,40,21,108,228
2025,17,2025_17_NYG_LV,LV,NYG,13,3,5,4,13,5,41,4,2,2,2,1,30,22,63,168
2025,17,2025_17_NYG_LV,NYG,LV,13,6,1,1,22,8,58,2,4,4,5,3,30,22,155,188
2025,17,2025_17_PHI_BUF,BUF,PHI,15,6,3,2,20,4,40,5,1,4,3,2,36,23,120,211
2025,17,2025_17_PHI_BUF,PHI,BUF,13,3,0,0,11,3,36,1,5,1,2,1,27,13,82,108
2025,17,2025_17_PIT_CLE,CLE,PIT,11,4,1,0,11,6,45,2,2,2,2,1,23,17,78,184
2025,17,2025_17_PIT_CLE,PIT,CLE,15,3,3,0,15,4,34,2,2,3,2,0,39,21,131,160
2025,17,2025_17_SEA_CAR,CAR,SEA,11,1,5,2,10,3,20,2,3,0,2,1,24,14,99,40
2025,17,2025_17_SEA_CAR,SEA,CAR,16,9,1,0,19,4,40,3,2,2,6,3,27,18,163,125
2025,17,2025_17_TB_MIA,MIA,TB,12,4,0,0,13,10,77,2,3,4,4,2,22,14,145,153
2025,17,2025_17_TB_MIA,TB,MIA,13,6,2,2,21,5,45,3,2,3,3,2,44,33,53,327
2025,18,2025_18_ARI_LA,ARI,LA,11,4,2,1,17,6,45,6,1,5,4,2,32,23,79,238
2025,18,2025_18_ARI_LA,LA,ARI,16,9,1,1,25,4,20,1,6,6,6,4,40,25,143,252
2025,18,2025_18_BAL_PIT,BAL,PIT,12,4,2,2,12,9,78,3,2,6,3,3,18,11,137,222
2025,18,2025_18_BAL_PIT,PIT,BAL,16,9,2,1,24,5,45,2,3,4,5,3,47,31,100,290
2025,18,2025_18_CAR_TB,CAR,TB,8,1,2,2,16,5,46,0,2,3,3,2,35,24,19,266
2025,18,2025_18_CAR_TB,TB,CAR,15,8,0,0,20,6,45,2,0,3,4,1,22,16,140,198
2025,18,2025_18_CLE_CIN,CIN,CLE,11,5,1,1,24,6,40,2,6,3,4,4,40,29,142,222
2025,18,2025_18_CLE_CIN,CLE,CIN,14,5,1,1,11,4,40,6,2,1,1,0,22,11,118,82
2025,18,2025_18_DAL_NYG,DAL,NYG,8,2,2,1,18,9,94,0,4,4,4,2,24,14,143,143
2025,18,2025_18_DAL_NYG,NYG,DAL,14,8,0,0,25,7,63,4,0,4,6,3,34,22,161,221
2025,18,2025_18_DET_CHI,CHI,DET,11,4,2,1,15,4,25,1,3,2,2,2,34,20,67,207
2025,18,2025_18_DET_CHI,DET,CHI,13,6,0,0,26,6,35,3,1,4,4,1,42,27,122,311
2025,18,2025_18_GB_MIN,GB,MIN,12,3,0,0,12,4,47,4,2,0,1,0,11,6,128,-7
2025,18,2025_18_GB_MIN,MIN,GB,10,2,1,1,23,2,20,2,4,3,4,1,31,21,137,226
2025,18,2025_18_IND_HOU,HOU,IND,13,4,0,0,22,7,77,0,1,4,3,2,32,17,134,205
2025,18,2025_18_IND_HOU,IND,HOU,15,8,1,1,19,7,81,1,0,4,5,3,35,22,76,278
2025,18,2025_18_KC_LV,KC,LV,17,3,1,1,10,7,45,8,3,1,3,0,31,18,84,84
2025,18,2025_18_KC_LV,LV,KC,16,4,2,0,12,2,10,3,8,2,3,0,26,11,118,86
2025,18,2025_18_LAC_DEN,DEN,LAC,15,5,0,0,13,1,5,4,4,2,5,0,23,14,116,124
2025,18,2025_18_LAC_DEN,LAC,DEN,20,7,5,3,13,5,25,4,4,1,2,0,44,20,113,104
2025,18,2025_18_MIA_NE,MIA,NE,13,5,1,0,13,7,52,4,0,2,3,1,25,16,63,117
2025,18,2025_18_MIA_NE,NE,MIA,10,5,1,0,21,4,52,0,4,7,6,5,22,17,243,214
2025,18,2025_18_NO_ATL,ATL,NO,14,4,1,1,14,5,42,4,4,1,4,1,32,18,49,159
2025,18,2025_18_NO_ATL,NO,ATL,16,5,3,3,16,6,40,4,4,4,4,2,35,23,108,232
2025,18,2025_18_NYJ_BUF,BUF,NYJ,13,6,5,3,30,3,28,0,1,5,6,5,31,22,211,261
2025,18,2025_18_NYJ_BUF,NYJ,BUF,13,5,3,1,9,4,27,1,0,0,1,1,23,11,69,55
2025,18,2025_18_SEA_SF,SEA,SF,13,6,1,0,23,5,25,2,3,4,4,1,26,20,180,181
2025,18,2025_18_SEA_SF,SF,SEA,9,2,2,0,9,3,31,3,2,1,1,0,27,19,53,120
2025,18,2025_18_TEN_JAX,JAX,TEN,9,4,0,0,23,3,20,2,1,4,5,4,32,24,64,255
2025,18,2025_18_TEN_JAX,TEN,JAX,14,4,3,1,10,5,42,1,2,2,1,1,33,20,77,117
2025,18,2025_18_WAS_PHI,PHI,WAS,14,6,3,0,18,9,123,3,0,2,4,2,40,21,80,227
2025,18,2025_18_WAS_PHI,WAS,PHI,11,6,1,1,25,4,19,0,3,1,4,3,22,14,143,131
