season,week,game_id,team,opp,home,plays,yards,top_seconds,turnovers,points_for,points_against,win
1999,1,1999_01_ARI_PHI,ARI,PHI,0,86,344.0,2091,4,25,24,1
1999,1,1999_01_ARI_PHI,PHI,ARI,1,55,203.0,1509,4,24,25,0
1999,1,1999_01_BUF_IND,BUF,IND,0,63,323.0,1583,3,14,31,0
1999,1,1999_01_BUF_IND,IND,BUF,1,61,353.0,2106,3,31,14,1
1999,1,1999_01_CAR_NO,CAR,NO,0,55,246.0,1628,3,10,19,0
1999,1,1999_01_CAR_NO,NO,CAR,1,66,250.0,2033,0,19,10,1
1999,1,1999_01_CIN_TEN,CIN,TEN,0,78,398.0,2205,2,35,36,0
1999,1,1999_01_CIN_TEN,TEN,CIN,1,52,403.0,1531,4,36,35,1
1999,1,1999_01_DAL_WAS,DAL,WAS,0,83,534.0,2150,3,41,35,1
1999,1,1999_01_DAL_WAS,WAS,DAL,1,67,506.0,1865,2,35,41,0
1999,1,1999_01_DET_SEA,DET,SEA,0,67,369.0,2085,2,28,20,1
1999,1,1999_01_DET_SEA,SEA,DET,1,52,202.0,1796,1,20,28,0
1999,1,1999_01_KC_CHI,CHI,KC,1,75,388.0,2137,2,20,17,1
1999,1,1999_01_KC_CHI,KC,CHI,0,59,347.0,1686,1,17,20,0
1999,1,1999_01_MIA_DEN,DEN,MIA,1,68,353.0,1877,1,21,38,0
1999,1,1999_01_MIA_DEN,MIA,DEN,0,53,293.0,1925,0,38,21,1
1999,1,1999_01_MIN_ATL,ATL,MIN,1,56,359.0,1658,3,14,17,0
1999,1,1999_01_MIN_ATL,MIN,ATL,0,63,295.0,1942,0,17,14,1
1999,1,1999_01_NE_NYJ,NE,NYJ,0,59,396.0,1772,2,30,28,1
1999,1,1999_01_NE_NYJ,NYJ,NE,1,66,363.0,2026,4,28,30,0
1999,1,1999_01_NYG_TB,NYG,TB,0,50,106.0,1942,0,17,13,1
1999,1,1999_01_NYG_TB,TB,NYG,1,71,254.0,1979,5,13,17,0
1999,1,1999_01_OAK_GB,GB,LV,1,69,404.0,1781,4,28,24,1
1999,1,1999_01_OAK_GB,LV,GB,0,67,363.0,1819,1,24,28,0
1999,1,1999_01_PIT_CLE,CLE,PIT,1,28,40.0,731,4,0,43,0
1999,1,1999_01_PIT_CLE,PIT,CLE,0,86,422.0,2869,0,43,0,1
1999,1,1999_01_SF_JAX,JAX,SF,1,68,346.0,2422,0,41,3,1
1999,1,1999_01_SF_JAX,SF,JAX,0,58,203.0,1498,5,3,41,0
1999,2,1999_02_ARI_MIA,ARI,MIA,0,58,184.0,1797,4,16,19,0
1999,2,1999_02_ARI_MIA,MIA,ARI,1,66,304.0,1912,4,19,16,1
1999,2,1999_02_ATL_DAL,ATL,DAL,0,66,324.0,1772,4,7,24,0
1999,2,1999_02_ATL_DAL,DAL,ATL,1,60,224.0,2014,2,24,7,1
1999,2,1999_02_CLE_TEN,CLE,TEN,0,48,173.0,1120,1,9,26,0
1999,2,1999_02_CLE_TEN,TEN,CLE,1,73,408.0,2480,0,26,9,1
1999,2,1999_02_DEN_KC,DEN,KC,0,59,244.0,1592,4,10,26,0
1999,2,1999_02_DEN_KC,KC,DEN,1,62,365.0,2225,1,26,10,1
1999,2,1999_02_GB_DET,DET,GB,1,52,233.0,1577,2,23,15,1
1999,2,1999_02_GB_DET,GB,DET,0,73,437.0,2023,3,15,23,0
1999,2,1999_02_IND_NE,IND,NE,0,61,328.0,1857,4,28,31,0
1999,2,1999_02_IND_NE,NE,IND,1,70,386.0,1860,1,31,28,1
1999,2,1999_02_JAX_CAR,CAR,JAX,1,48,267.0,1311,1,20,22,0
1999,2,1999_02_JAX_CAR,JAX,CAR,0,80,411.0,2634,1,22,20,1
1999,2,1999_02_NO_SF,NO,SF,0,66,324.0,1856,3,21,28,0
1999,2,1999_02_NO_SF,SF,NO,1,63,311.0,1807,1,28,21,1
1999,2,1999_02_NYJ_BUF,BUF,NYJ,1,70,363.0,2604,1,17,3,1
1999,2,1999_02_NYJ_BUF,NYJ,BUF,0,47,191.0,1416,0,3,17,0
1999,2,1999_02_OAK_MIN,LV,MIN,0,65,386.0,1997,1,22,17,1
1999,2,1999_02_OAK_MIN,MIN,LV,1,58,336.0,1603,3,17,22,0
1999,2,1999_02_PIT_BAL,BAL,PIT,1,59,250.0,1553,3,20,23,0
1999,2,1999_02_PIT_BAL,PIT,BAL,0,66,270.0,2047,0,23,20,1
1999,2,1999_02_SD_CIN,CIN,LAC,1,52,179.0,1290,5,7,34,0
1999,2,1999_02_SD_CIN,LAC,CIN,0,70,268.0,2364,0,34,7,1
1999,2,1999_02_SEA_CHI,CHI,SEA,1,76,303.0,1691,1,13,14,0
1999,2,1999_02_SEA_CHI,SEA,CHI,0,63,342.0,1744,3,14,13,1
1999,2,1999_02_TB_PHI,PHI,TB,1,59,150.0,1569,1,5,19,0
1999,2,1999_02_TB_PHI,TB,PHI,0,61,220.0,2031,2,19,5,1
1999,2,1999_02_WAS_NYG,NYG,WAS,1,56,373.0,1610,3,21,50,0
1999,2,1999_02_WAS_NYG,WAS,NYG,0,68,379.0,2055,0,50,21,1
1999,3,1999_03_ATL_STL,ATL,LA,0,54,227.0,1653,1,7,35,0
1999,3,1999_03_ATL_STL,LA,ATL,1,58,442.0,1947,0,35,7,1
1999,3,1999_03_CHI_OAK,CHI,LV,0,52,226.0,1531,4,17,24,0
1999,3,1999_03_CHI_OAK,LV,CHI,1,65,392.0,2069,4,24,17,1
1999,3,1999_03_CIN_CAR,CAR,CIN,1,42,343.0,1356,1,27,3,1
1999,3,1999_03_CIN_CAR,CIN,CAR,0,73,367.0,2244,2,3,27,0
1999,3,1999_03_CLE_BAL,BAL,CLE,1,65,333.0,1972,4,17,10,1
1999,3,1999_03_CLE_BAL,CLE,BAL,0,58,188.0,1628,2,10,17,0
1999,3,1999_03_DEN_TB,DEN,TB,0,49,173.0,1381,2,10,13,0
1999,3,1999_03_DEN_TB,TB,DEN,1,67,234.0,2393,1,13,10,1
1999,3,1999_03_DET_KC,DET,KC,0,62,313.0,1733,2,21,31,0
1999,3,1999_03_DET_KC,KC,DET,1,65,383.0,1867,0,31,21,1
1999,3,1999_03_IND_SD,IND,LAC,0,74,458.0,1893,1,27,19,1
1999,3,1999_03_IND_SD,LAC,IND,1,65,274.0,1864,1,19,27,0
1999,3,1999_03_MIN_GB,GB,MIN,1,61,354.0,2153,0,23,20,1
1999,3,1999_03_MIN_GB,MIN,GB,0,62,332.0,1854,2,20,23,0
1999,3,1999_03_NYG_NE,NE,NYG,1,58,290.0,1841,0,16,14,1
1999,3,1999_03_NYG_NE,NYG,NE,0,62,273.0,1759,0,14,16,0
1999,3,1999_03_PHI_BUF,BUF,PHI,1,70,377.0,2242,1,26,0,1
1999,3,1999_03_PHI_BUF,PHI,BUF,0,51,169.0,1619,2,0,26,0
1999,3,1999_03_SEA_PIT,PIT,SEA,1,61,254.0,1632,5,10,29,0
1999,3,1999_03_SEA_PIT,SEA,PIT,0,64,341.0,2276,2,29,10,1
1999,3,1999_03_SF_ARI,ARI,SF,1,65,250.0,1703,3,10,24,0
1999,3,1999_03_SF_ARI,SF,ARI,0,65,315.0,1897,2,24,10,1
1999,3,1999_03_TEN_JAX,JAX,TEN,1,75,369.0,2167,4,19,20,0
1999,3,1999_03_TEN_JAX,TEN,JAX,0,60,242.0,1669,2,20,19,1
1999,3,1999_03_WAS_NYJ,NYJ,WAS,1,68,337.0,1867,2,20,27,0
1999,3,1999_03_WAS_NYJ,WAS,NYJ,0,57,334.0,1733,0,27,20,1
1999,4,1999_04_ARI_DAL,ARI,DAL,0,60,208.0,1573,5,7,35,0
1999,4,1999_04_ARI_DAL,DAL,ARI,1,58,300.0,2307,1,35,7,1
1999,4,1999_04_BAL_ATL,ATL,BAL,1,72,279.0,1876,3,13,19,0
1999,4,1999_04_BAL_ATL,BAL,ATL,0,66,307.0,2624,0,19,13,1
1999,4,1999_04_BUF_MIA,BUF,MIA,0,53,250.0,1801,1,23,18,1
1999,4,1999_04_BUF_MIA,MIA,BUF,1,71,292.0,1920,3,18,23,0
1999,4,1999_04_CAR_WAS,CAR,WAS,0,69,483.0,1700,1,36,38,0
1999,4,1999_04_CAR_WAS,WAS,CAR,1,67,418.0,1900,1,38,36,1
1999,4,1999_04_JAX_PIT,JAX,PIT,0,58,200.0,1727,1,17,3,1
1999,4,1999_04_JAX_PIT,PIT,JAX,1,67,216.0,1873,2,3,17,0
1999,4,1999_04_KC_SD,KC,LAC,0,77,313.0,2219,4,14,21,0
1999,4,1999_04_KC_SD,LAC,KC,1,47,128.0,1381,2,21,14,1
1999,4,1999_04_NE_CLE,CLE,NE,1,51,240.0,1389,1,7,19,0
1999,4,1999_04_NE_CLE,NE,CLE,0,82,447.0,2211,2,19,7,1
1999,4,1999_04_NO_CHI,CHI,NO,1,74,324.0,1548,5,14,10,1
1999,4,1999_04_NO_CHI,NO,CHI,0,67,269.0,1944,1,10,14,0
1999,4,1999_04_NYJ_DEN,DEN,NYJ,1,66,326.0,1602,6,13,21,0
1999,4,1999_04_NYJ_DEN,NYJ,DEN,0,66,330.0,1998,2,21,13,1
1999,4,1999_04_OAK_SEA,LV,SEA,0,68,383.0,1940,1,21,22,0
1999,4,1999_04_OAK_SEA,SEA,LV,1,57,261.0,1660,1,22,21,1
1999,4,1999_04_PHI_NYG,NYG,PHI,1,77,340.0,2105,5,16,15,1
1999,4,1999_04_PHI_NYG,PHI,NYG,0,52,160.0,1645,3,15,16,0
1999,4,1999_04_STL_CIN,CIN,LA,1,69,245.0,1853,1,10,38,0
1999,4,1999_04_STL_CIN,LA,CIN,0,52,399.0,1821,2,38,10,1
1999,4,1999_04_TB_MIN,MIN,TB,1,57,343.0,1758,1,21,14,1
1999,4,1999_04_TB_MIN,TB,MIN,0,65,369.0,1842,2,14,21,0
1999,4,1999_04_TEN_SF,SF,TEN,1,60,329.0,1947,0,24,22,1
1999,4,1999_04_TEN_SF,TEN,SF,0,64,392.0,1653,1,22,24,0
1999,5,1999_05_ATL_NO,ATL,NO,0,56,251.0,1779,2,20,17,1
1999,5,1999_05_ATL_NO,NO,ATL,1,65,386.0,1821,2,17,20,0
1999,5,1999_05_BAL_TEN,BAL,TEN,0,64,233.0,1739,1,11,14,0
1999,5,1999_05_BAL_TEN,TEN,BAL,1,58,268.0,1861,0,14,11,1
1999,5,1999_05_CHI_MIN,CHI,MIN,0,74,359.0,2372,0,24,22,1
1999,5,1999_05_CHI_MIN,MIN,CHI,1,70,445.0,1594,5,22,24,0
1999,5,1999_05_CIN_CLE,CIN,CLE,0,80,407.0,2209,1,18,17,1
1999,5,1999_05_CIN_CLE,CLE,CIN,1,53,224.0,1391,1,17,18,0
1999,5,1999_05_DAL_PHI,DAL,PHI,0,71,300.0,2171,3,10,13,0
1999,5,1999_05_DAL_PHI,PHI,DAL,1,57,209.0,1429,1,13,10,1
1999,5,1999_05_DEN_OAK,DEN,LV,0,59,301.0,1639,2,16,13,1
1999,5,1999_05_DEN_OAK,LV,DEN,1,66,265.0,1961,2,13,16,0
1999,5,1999_05_JAX_NYJ,JAX,NYJ,0,69,321.0,1968,1,16,6,1
1999,5,1999_05_JAX_NYJ,NYJ,JAX,1,65,222.0,1632,2,6,16,0
1999,5,1999_05_MIA_IND,IND,MIA,1,49,326.0,1654,2,31,34,0
1999,5,1999_05_MIA_IND,MIA,IND,0,66,456.0,2047,0,34,31,1
1999,5,1999_05_NE_KC,KC,NE,1,69,328.0,2137,2,16,14,1
1999,5,1999_05_NE_KC,NE,KC,0,67,378.0,1463,4,14,16,0
1999,5,1999_05_NYG_ARI,ARI,NYG,1,57,207.0,1689,0,14,3,1
1999,5,1999_05_NYG_ARI,NYG,ARI,0,69,285.0,1911,2,3,14,0
1999,5,1999_05_PIT_BUF,BUF,PIT,1,66,365.0,1960,1,24,21,1
1999,5,1999_05_PIT_BUF,PIT,BUF,0,53,255.0,1640,1,21,24,0
1999,5,1999_05_SD_DET,DET,LAC,1,68,229.0,1775,3,10,20,0
1999,5,1999_05_SD_DET,LAC,DET,0,60,256.0,2079,2,20,10,1
1999,5,1999_05_SF_STL,LA,SF,1,51,420.0,1849,2,42,20,1
1999,5,1999_05_SF_STL,SF,LA,0,57,305.0,1870,3,20,42,0
1999,5,1999_05_TB_GB,GB,TB,1,65,437.0,1807,1,26,23,1
1999,5,1999_05_TB_GB,TB,GB,0,59,273.0,1793,4,23,26,0
1999,6,1999_06_CAR_SF,CAR,SF,0,65,383.0,2356,5,31,29,1
1999,6,1999_06_CAR_SF,SF,CAR,1,73,333.0,2027,2,29,31,0
1999,6,1999_06_CLE_JAX,CLE,JAX,0,54,232.0,1656,1,7,24,0
1999,6,1999_06_CLE_JAX,JAX,CLE,1,66,321.0,1944,0,24,7,1
1999,6,1999_06_DAL_NYG,DAL,NYG,0,59,268.0,1879,1,10,13,0
1999,6,1999_06_DAL_NYG,NYG,DAL,1,55,224.0,1791,0,13,10,1
1999,6,1999_06_GB_DEN,DEN,GB,1,81,514.0,2714,1,31,10,1
1999,6,1999_06_GB_DEN,GB,DEN,0,35,133.0,886,3,10,31,0
1999,6,1999_06_IND_NYJ,IND,NYJ,0,63,318.0,1824,1,16,13,1
1999,6,1999_06_IND_NYJ,NYJ,IND,1,59,281.0,1776,2,13,16,0
1999,6,1999_06_MIA_NE,MIA,NE,0,87,317.0,2407,2,31,30,1
1999,6,1999_06_MIA_NE,NE,MIA,1,52,259.0,1422,2,30,31,0
1999,6,1999_06_MIN_DET,DET,MIN,1,69,299.0,2318,1,25,23,1
1999,6,1999_06_MIN_DET,MIN,DET,0,52,327.0,1484,5,23,25,0
1999,6,1999_06_OAK_BUF,BUF,LV,1,54,310.0,1225,3,14,20,0
1999,6,1999_06_OAK_BUF,LV,BUF,0,71,341.0,2375,0,20,14,1
1999,6,1999_06_PHI_CHI,CHI,PHI,1,64,342.0,1896,2,16,20,0
1999,6,1999_06_PHI_CHI,PHI,CHI,0,66,316.0,1704,2,20,16,1
1999,6,1999_06_PIT_CIN,CIN,PIT,1,62,261.0,1692,2,3,17,0
1999,6,1999_06_PIT_CIN,PIT,CIN,0,68,255.0,1908,1,17,3,1
1999,6,1999_06_SEA_SD,LAC,SEA,1,67,311.0,1916,4,13,10,1
1999,6,1999_06_SEA_SD,SEA,LAC,0,59,201.0,1513,1,10,13,0
1999,6,1999_06_STL_ATL,ATL,LA,1,58,316.0,1872,3,13,41,0
1999,6,1999_06_STL_ATL,LA,ATL,0,49,279.0,1798,1,41,13,1
1999,6,1999_06_TEN_NO,NO,TEN,1,64,398.0,1809,4,21,24,0
1999,6,1999_06_TEN_NO,TEN,NO,0,61,278.0,1906,3,24,21,1
1999,6,1999_06_WAS_ARI,ARI,WAS,1,65,274.0,1538,4,10,24,0
1999,6,1999_06_WAS_ARI,WAS,ARI,0,74,407.0,2106,2,24,10,1
1999,7,1999_07_ATL_PIT,ATL,PIT,0,65,235.0,1988,1,9,13,0
1999,7,1999_07_ATL_PIT,PIT,ATL,1,57,226.0,1612,1,13,9,1
1999,7,1999_07_BUF_SEA,BUF,SEA,0,78,352.0,1849,3,16,26,0
1999,7,1999_07_BUF_SEA,SEA,BUF,1,63,385.0,1814,0,26,16,1
1999,7,1999_07_CHI_TB,CHI,TB,0,70,275.0,1743,2,3,6,0
1999,7,1999_07_CHI_TB,TB,CHI,1,57,225.0,1898,0,6,3,1
1999,7,1999_07_CIN_IND,CIN,IND,0,60,235.0,1689,0,10,31,0
1999,7,1999_07_CIN_IND,IND,CIN,1,62,335.0,1911,1,31,10,1
1999,7,1999_07_CLE_STL,CLE,LA,0,56,272.0,1394,3,3,34,0
1999,7,1999_07_CLE_STL,LA,CLE,1,64,434.0,2206,0,34,3,1
1999,7,1999_07_DEN_NE,DEN,NE,0,68,442.0,1899,0,23,24,0
1999,7,1999_07_DEN_NE,NE,DEN,1,53,322.0,1701,0,24,23,1
1999,7,1999_07_DET_CAR,CAR,DET,1,72,320.0,2000,2,9,24,0
1999,7,1999_07_DET_CAR,DET,CAR,0,53,296.0,1600,2,24,9,1
1999,7,1999_07_GB_SD,GB,LAC,0,53,290.0,1733,2,31,3,1
1999,7,1999_07_GB_SD,LAC,GB,1,84,303.0,1867,6,3,31,0
1999,7,1999_07_KC_BAL,BAL,KC,1,79,279.0,2034,3,8,35,0
1999,7,1999_07_KC_BAL,KC,BAL,0,52,218.0,1984,0,35,8,1
1999,7,1999_07_NO_NYG,NO,NYG,0,63,268.0,1669,3,3,31,0
1999,7,1999_07_NO_NYG,NYG,NO,1,69,321.0,1931,2,31,3,1
1999,7,1999_07_NYJ_OAK,LV,NYJ,1,76,461.0,1763,4,24,23,1
1999,7,1999_07_NYJ_OAK,NYJ,LV,0,57,320.0,1837,2,23,24,0
1999,7,1999_07_PHI_MIA,MIA,PHI,1,61,283.0,2165,2,16,13,1
1999,7,1999_07_PHI_MIA,PHI,MIA,0,51,182.0,1667,2,13,16,0
1999,7,1999_07_SF_MIN,MIN,SF,1,59,395.0,1798,2,40,16,1
1999,7,1999_07_SF_MIN,SF,MIN,0,57,251.0,1819,2,16,40,0
1999,7,1999_07_WAS_DAL,DAL,WAS,1,65,346.0,2186,1,38,20,1
1999,7,1999_07_WAS_DAL,WAS,DAL,0,50,257.0,1528,0,20,38,0
1999,8,1999_08_BUF_BAL,BAL,BUF,1,64,200.0,1675,2,10,13,0
1999,8,1999_08_BUF_BAL,BUF,BAL,0,69,238.0,1925,3,13,10,1
1999,8,1999_08_CAR_ATL,ATL,CAR,1,56,283.0,1865,0,27,20,1
1999,8,1999_08_CAR_ATL,CAR,ATL,0,58,296.0,1735,5,20,27,0
1999,8,1999_08_CHI_WAS,CHI,WAS,0,92,447.0,2156,5,22,48,0
1999,8,1999_08_CHI_WAS,WAS,CHI,1,57,376.0,1836,1,48,22,1
1999,8,1999_08_CLE_NO,CLE,NO,0,42,243.0,1150,0,21,16,1
1999,8,1999_08_CLE_NO,NO,CLE,1,79,351.0,2450,6,16,21,0
1999,8,1999_08_DAL_IND,DAL,IND,0,56,232.0,1649,1,24,34,0
1999,8,1999_08_DAL_IND,IND,DAL,1,61,394.0,1951,0,34,24,1
1999,8,1999_08_JAX_CIN,CIN,JAX,1,61,291.0,1846,3,10,41,0
1999,8,1999_08_JAX_CIN,JAX,CIN,0,64,377.0,1754,0,41,10,1
1999,8,1999_08_MIA_OAK,LV,MIA,1,54,186.0,1351,2,9,16,0
1999,8,1999_08_MIA_OAK,MIA,LV,0,79,325.0,2249,0,16,9,1
1999,8,1999_08_MIN_DEN,DEN,MIN,1,74,393.0,1914,3,20,23,0
1999,8,1999_08_MIN_DEN,MIN,DEN,0,53,295.0,1774,0,23,20,1
1999,8,1999_08_NE_ARI,ARI,NE,1,61,166.0,1436,2,3,27,0
1999,8,1999_08_NE_ARI,NE,ARI,0,70,386.0,2164,0,27,3,1
1999,8,1999_08_NYG_PHI,NYG,PHI,0,69,293.0,2082,0,23,17,1
1999,8,1999_08_NYG_PHI,PHI,NYG,1,64,360.0,1782,3,17,23,0
1999,8,1999_08_SD_KC,KC,LAC,1,55,283.0,1951,0,34,0,1
1999,8,1999_08_SD_KC,LAC,KC,0,60,204.0,1871,4,0,34,0
1999,8,1999_08_SEA_GB,GB,SEA,1,71,298.0,1773,8,7,27,0
1999,8,1999_08_SEA_GB,SEA,GB,0,57,222.0,1955,1,27,7,1
1999,8,1999_08_STL_TEN,LA,TEN,0,71,415.0,1903,3,21,24,0
1999,8,1999_08_STL_TEN,TEN,LA,1,61,281.0,1824,0,24,21,1
1999,8,1999_08_TB_DET,DET,TB,1,46,256.0,1777,0,20,3,1
1999,8,1999_08_TB_DET,TB,DET,0,70,292.0,2071,2,3,20,0
1999,9,1999_09_ARI_NYJ,ARI,NYJ,0,50,206.0,1428,1,7,12,0
1999,9,1999_09_ARI_NYJ,NYJ,ARI,1,67,287.0,2172,0,12,7,1
1999,9,1999_09_BAL_CLE,BAL,CLE,0,65,315.0,2267,0,41,9,1
1999,9,1999_09_BAL_CLE,CLE,BAL,1,59,170.0,1568,3,9,41,0
1999,9,1999_09_BUF_WAS,BUF,WAS,0,72,413.0,2460,0,34,17,1
1999,9,1999_09_BUF_WAS,WAS,BUF,1,51,273.0,1140,2,17,34,0
1999,9,1999_09_CHI_GB,CHI,GB,0,64,311.0,1768,4,14,13,1
1999,9,1999_09_CHI_GB,GB,CHI,1,70,319.0,1832,1,13,14,0
1999,9,1999_09_CIN_SEA,CIN,SEA,0,61,396.0,1827,2,20,37,0
1999,9,1999_09_CIN_SEA,SEA,CIN,1,62,355.0,1773,2,37,20,1
1999,9,1999_09_DAL_MIN,DAL,MIN,0,61,328.0,1652,2,17,27,0
1999,9,1999_09_DAL_MIN,MIN,DAL,1,64,269.0,1948,2,27,17,1
1999,9,1999_09_DEN_SD,DEN,LAC,0,59,226.0,2217,1,33,17,1
1999,9,1999_09_DEN_SD,LAC,DEN,1,61,278.0,1832,3,17,33,0
1999,9,1999_09_JAX_ATL,ATL,JAX,1,48,182.0,1536,4,7,30,0
1999,9,1999_09_JAX_ATL,JAX,ATL,0,71,367.0,2064,0,30,7,1
1999,9,1999_09_KC_IND,IND,KC,1,57,354.0,1725,3,25,17,1
1999,9,1999_09_KC_IND,KC,IND,0,64,319.0,1875,0,17,25,0
1999,9,1999_09_PHI_CAR,CAR,PHI,1,73,360.0,2195,2,33,7,1
1999,9,1999_09_PHI_CAR,PHI,CAR,0,55,249.0,1402,3,7,33,0
1999,9,1999_09_PIT_SF,PIT,SF,0,58,271.0,1850,0,27,6,1
1999,9,1999_09_PIT_SF,SF,PIT,1,65,301.0,1887,2,6,27,0
1999,9,1999_09_STL_DET,DET,LA,1,64,334.0,1800,0,31,27,1
1999,9,1999_09_STL_DET,LA,DET,0,64,334.0,1800,2,27,31,0
1999,9,1999_09_TB_NO,NO,TB,1,61,303.0,1569,3,16,31,0
1999,9,1999_09_TB_NO,TB,NO,0,61,381.0,2031,2,31,16,1
1999,9,1999_09_TEN_MIA,MIA,TEN,1,55,229.0,1682,0,17,0,1
1999,9,1999_09_TEN_MIA,TEN,MIA,0,69,293.0,1918,4,0,17,0
1999,10,1999_10_BAL_JAX,BAL,JAX,0,61,242.0,1621,1,3,6,0
1999,10,1999_10_BAL_JAX,JAX,BAL,1,59,114.0,1979,0,6,3,1
1999,10,1999_10_CAR_STL,CAR,LA,0,65,374.0,2085,3,10,35,0
1999,10,1999_10_CAR_STL,LA,CAR,1,48,333.0,1744,2,35,10,1
1999,10,1999_10_CLE_PIT,CLE,PIT,0,52,210.0,1605,2,16,15,1
1999,10,1999_10_CLE_PIT,PIT,CLE,1,70,295.0,1995,2,15,16,0
1999,10,1999_10_DEN_SEA,DEN,SEA,0,62,323.0,2163,1,17,20,0
1999,10,1999_10_DEN_SEA,SEA,DEN,1,52,271.0,1437,2,20,17,1
1999,10,1999_10_DET_ARI,ARI,DET,1,64,341.0,1964,1,23,19,1
1999,10,1999_10_DET_ARI,DET,ARI,0,60,373.0,1713,1,19,23,0
1999,10,1999_10_GB_DAL,DAL,GB,1,58,335.0,1911,2,27,13,1
1999,10,1999_10_GB_DAL,GB,DAL,0,70,284.0,1766,2,13,27,0
1999,10,1999_10_IND_NYG,IND,NYG,0,54,342.0,1882,1,27,19,1
1999,10,1999_10_IND_NYG,NYG,IND,1,78,384.0,1925,4,19,27,0
1999,10,1999_10_KC_TB,KC,TB,0,62,271.0,1633,3,10,17,0
1999,10,1999_10_KC_TB,TB,KC,1,62,377.0,1967,6,17,10,1
1999,10,1999_10_MIA_BUF,BUF,MIA,1,66,319.0,2151,0,23,3,1
1999,10,1999_10_MIA_BUF,MIA,BUF,0,47,101.0,1297,1,3,23,0
1999,10,1999_10_MIN_CHI,CHI,MIN,1,73,456.0,1925,2,24,27,0
1999,10,1999_10_MIN_CHI,MIN,CHI,0,74,458.0,2624,3,27,24,1
1999,10,1999_10_NYJ_NE,NE,NYJ,1,58,225.0,1342,3,17,24,0
1999,10,1999_10_NYJ_NE,NYJ,NE,0,73,334.0,2258,2,24,17,1
1999,10,1999_10_SD_OAK,LAC,LV,0,50,204.0,1372,0,9,28,0
1999,10,1999_10_SD_OAK,LV,LAC,1,67,391.0,2228,0,28,9,1
1999,10,1999_10_SF_NO,NO,SF,1,53,353.0,1945,0,24,6,1
1999,10,1999_10_SF_NO,SF,NO,0,53,234.0,1655,1,6,24,0
1999,10,1999_10_TEN_CIN,CIN,TEN,1,57,246.0,1621,4,14,24,0
1999,10,1999_10_TEN_CIN,TEN,CIN,0,62,245.0,2137,1,24,14,1
1999,10,1999_10_WAS_PHI,PHI,WAS,1,66,239.0,2052,0,35,28,1
1999,10,1999_10_WAS_PHI,WAS,PHI,0,62,412.0,1548,7,28,35,0
1999,11,1999_11_ATL_TB,ATL,TB,0,51,168.0,1773,2,10,19,0
1999,11,1999_11_ATL_TB,TB,ATL,1,61,239.0,2021,1,19,10,1
1999,11,1999_11_BAL_CIN,BAL,CIN,0,73,281.0,2154,2,34,31,1
1999,11,1999_11_BAL_CIN,CIN,BAL,1,61,344.0,1782,3,31,34,0
1999,11,1999_11_BUF_NYJ,BUF,NYJ,0,59,273.0,1563,3,7,17,0
1999,11,1999_11_BUF_NYJ,NYJ,BUF,1,60,208.0,2275,0,17,7,1
1999,11,1999_11_CAR_CLE,CAR,CLE,0,62,324.0,1963,1,31,17,1
1999,11,1999_11_CAR_CLE,CLE,CAR,1,64,305.0,1637,2,17,31,0
1999,11,1999_11_CHI_SD,CHI,LAC,0,67,430.0,2523,1,23,20,1
1999,11,1999_11_CHI_SD,LAC,CHI,1,74,348.0,1977,1,20,23,0
1999,11,1999_11_DAL_ARI,ARI,DAL,1,61,207.0,1617,2,13,9,1
1999,11,1999_11_DAL_ARI,DAL,ARI,0,64,260.0,1983,0,9,13,0
1999,11,1999_11_DET_GB,DET,GB,0,62,335.0,1560,2,17,26,0
1999,11,1999_11_DET_GB,GB,DET,1,70,373.0,2040,0,26,17,1
1999,11,1999_11_IND_PHI,IND,PHI,0,67,447.0,2103,3,44,17,1
1999,11,1999_11_IND_PHI,PHI,IND,1,59,212.0,1629,5,17,44,0
1999,11,1999_11_NE_MIA,MIA,NE,1,72,227.0,1938,2,27,17,1
1999,11,1999_11_NE_MIA,NE,MIA,0,57,270.0,1864,5,17,27,0
1999,11,1999_11_NO_JAX,JAX,NO,1,60,482.0,2133,1,41,23,1
1999,11,1999_11_NO_JAX,NO,JAX,0,59,339.0,1928,1,23,41,0
1999,11,1999_11_NYG_WAS,NYG,WAS,0,58,301.0,1515,5,13,23,0
1999,11,1999_11_NYG_WAS,WAS,NYG,1,67,358.0,2350,2,23,13,1
1999,11,1999_11_OAK_DEN,DEN,LV,1,73,291.0,1826,2,27,21,1
1999,11,1999_11_OAK_DEN,LV,DEN,0,69,286.0,1928,3,21,27,0
1999,11,1999_11_PIT_TEN,PIT,TEN,0,53,260.0,1731,1,10,16,0
1999,11,1999_11_PIT_TEN,TEN,PIT,1,58,261.0,1869,1,16,10,1
1999,11,1999_11_SEA_KC,KC,SEA,1,76,342.0,1919,2,19,31,0
1999,11,1999_11_SEA_KC,SEA,KC,0,64,365.0,1681,2,31,19,1
1999,11,1999_11_STL_SF,LA,SF,0,72,341.0,2038,1,23,7,1
1999,11,1999_11_STL_SF,SF,LA,1,59,251.0,1710,5,7,23,0
1999,12,1999_12_ARI_NYG,ARI,NYG,0,73,291.0,2192,1,34,24,1
1999,12,1999_12_ARI_NYG,NYG,ARI,1,66,333.0,1483,4,24,34,0
1999,12,1999_12_ATL_CAR,ATL,CAR,0,60,332.0,1437,1,28,34,0
1999,12,1999_12_ATL_CAR,CAR,ATL,1,67,380.0,2163,1,34,28,1
1999,12,1999_12_CHI_DET,CHI,DET,0,52,227.0,1304,2,17,21,0
1999,12,1999_12_CHI_DET,DET,CHI,1,72,371.0,2296,0,21,17,1
1999,12,1999_12_CIN_PIT,CIN,PIT,0,65,415.0,1727,1,27,20,1
1999,12,1999_12_CIN_PIT,PIT,CIN,1,78,387.0,1955,3,20,27,0
1999,12,1999_12_GB_SF,GB,SF,0,58,308.0,1826,0,20,3,1
1999,12,1999_12_GB_SF,SF,GB,1,59,312.0,1774,2,3,20,0
1999,12,1999_12_JAX_BAL,BAL,JAX,1,59,280.0,1645,4,23,30,0
1999,12,1999_12_JAX_BAL,JAX,BAL,0,77,392.0,2099,2,30,23,1
1999,12,1999_12_KC_OAK,KC,LV,0,59,293.0,2183,3,37,34,1
1999,12,1999_12_KC_OAK,LV,KC,1,59,315.0,1931,3,34,37,0
1999,12,1999_12_MIA_DAL,DAL,MIA,1,61,307.0,2142,1,20,0,1
1999,12,1999_12_MIA_DAL,MIA,DAL,0,62,270.0,1521,5,0,20,0
1999,12,1999_12_NE_BUF,BUF,NE,1,51,299.0,1754,1,17,7,1
1999,12,1999_12_NE_BUF,NE,BUF,0,64,267.0,1846,2,7,17,0
1999,12,1999_12_NO_STL,LA,NO,1,56,326.0,1576,0,43,12,1
1999,12,1999_12_NO_STL,NO,LA,0,77,365.0,2154,2,12,43,0
1999,12,1999_12_NYJ_IND,IND,NYJ,1,59,280.0,1918,3,13,6,1
1999,12,1999_12_NYJ_IND,NYJ,IND,0,51,214.0,1682,0,6,13,0
1999,12,1999_12_PHI_WAS,PHI,WAS,0,57,296.0,1796,0,17,20,0
1999,12,1999_12_PHI_WAS,WAS,PHI,1,68,312.0,2078,1,20,17,1
1999,12,1999_12_SD_MIN,LAC,MIN,0,59,417.0,1486,3,27,35,0
1999,12,1999_12_SD_MIN,MIN,LAC,1,72,485.0,2114,2,35,27,1
1999,12,1999_12_TB_SEA,SEA,TB,1,68,259.0,1680,6,3,16,0
1999,12,1999_12_TB_SEA,TB,SEA,0,59,156.0,1920,0,16,3,1
1999,12,1999_12_TEN_CLE,CLE,TEN,1,66,309.0,1644,1,21,33,0
1999,12,1999_12_TEN_CLE,TEN,CLE,0,70,337.0,2125,2,33,21,1
1999,13,1999_13_CLE_SD,CLE,LAC,0,51,199.0,1400,2,10,23,0
1999,13,1999_13_CLE_SD,LAC,CLE,1,68,224.0,2200,1,23,10,1
1999,13,1999_13_DAL_NE,DAL,NE,0,55,203.0,1831,0,6,13,0
1999,13,1999_13_DAL_NE,NE,DAL,1,62,284.0,1769,2,13,6,1
1999,13,1999_13_GB_CHI,CHI,GB,1,65,282.0,1702,3,19,35,0
1999,13,1999_13_GB_CHI,GB,CHI,0,61,327.0,2153,2,35,19,1
1999,13,1999_13_IND_MIA,IND,MIA,0,55,363.0,2014,2,37,34,1
1999,13,1999_13_IND_MIA,MIA,IND,1,60,345.0,1991,3,34,37,0
1999,13,1999_13_KC_DEN,DEN,KC,1,55,283.0,1583,1,10,16,0
1999,13,1999_13_KC_DEN,KC,DEN,0,72,352.0,2079,1,16,10,1
1999,13,1999_13_MIN_TB,MIN,TB,0,73,339.0,1972,4,17,24,0
1999,13,1999_13_MIN_TB,TB,MIN,1,48,190.0,1726,3,24,17,1
1999,13,1999_13_NO_ATL,ATL,NO,1,53,361.0,2204,3,35,12,1
1999,13,1999_13_NO_ATL,NO,ATL,0,69,236.0,1835,2,12,35,0
1999,13,1999_13_NYJ_NYG,NYG,NYJ,1,75,490.0,2148,1,41,28,1
1999,13,1999_13_NYJ_NYG,NYJ,NYG,0,61,282.0,1452,0,28,41,0
1999,13,1999_13_PHI_ARI,ARI,PHI,1,58,227.0,1533,2,21,17,1
1999,13,1999_13_PHI_ARI,PHI,ARI,0,69,294.0,2276,2,17,21,0
1999,13,1999_13_PIT_JAX,JAX,PIT,1,73,466.0,2166,1,20,6,1
1999,13,1999_13_PIT_JAX,PIT,JAX,0,56,235.0,1434,0,6,20,0
1999,13,1999_13_SEA_OAK,LV,SEA,1,65,415.0,2155,1,30,21,1
1999,13,1999_13_SEA_OAK,SEA,LV,0,58,324.0,1810,4,21,30,0
1999,13,1999_13_SF_CIN,CIN,SF,1,60,476.0,1709,1,44,30,1
1999,13,1999_13_SF_CIN,SF,CIN,0,70,535.0,1891,2,30,44,0
1999,13,1999_13_STL_CAR,CAR,LA,1,61,307.0,1544,3,21,34,0
1999,13,1999_13_STL_CAR,LA,CAR,0,63,419.0,2168,2,34,21,1
1999,13,1999_13_TEN_BAL,BAL,TEN,1,54,448.0,1793,1,41,14,1
1999,13,1999_13_TEN_BAL,TEN,BAL,0,70,314.0,1939,2,14,41,0
1999,13,1999_13_WAS_DET,DET,WAS,1,51,296.0,1864,0,33,17,1
1999,13,1999_13_WAS_DET,WAS,DET,0,68,333.0,1994,4,17,33,0
1999,14,1999_14_ARI_WAS,ARI,WAS,0,49,166.0,1274,4,3,28,0
1999,14,1999_14_ARI_WAS,WAS,ARI,1,77,393.0,2326,2,28,3,1
1999,14,1999_14_ATL_SF,ATL,SF,0,44,105.0,1278,1,7,26,0
1999,14,1999_14_ATL_SF,SF,ATL,1,71,334.0,2443,1,26,7,1
1999,14,1999_14_BAL_PIT,BAL,PIT,0,55,374.0,1546,1,31,24,1
1999,14,1999_14_BAL_PIT,PIT,BAL,1,70,352.0,2054,0,24,31,0
1999,14,1999_14_CAR_GB,CAR,GB,0,54,372.0,1619,2,33,31,1
1999,14,1999_14_CAR_GB,GB,CAR,1,63,362.0,2125,4,31,33,0
1999,14,1999_14_CLE_CIN,CIN,CLE,1,75,435.0,2377,1,44,28,1
1999,14,1999_14_CLE_CIN,CLE,CIN,0,57,325.0,1361,4,28,44,0
1999,14,1999_14_DEN_JAX,DEN,JAX,0,60,357.0,1955,2,24,27,0
1999,14,1999_14_DEN_JAX,JAX,DEN,1,59,264.0,1748,0,27,24,1
1999,14,1999_14_DET_TB,DET,TB,0,68,265.0,1841,1,16,23,0
1999,14,1999_14_DET_TB,TB,DET,1,57,242.0,1759,2,23,16,1
1999,14,1999_14_MIA_NYJ,MIA,NYJ,0,66,319.0,1697,2,20,28,0
1999,14,1999_14_MIA_NYJ,NYJ,MIA,1,66,320.0,1990,1,28,20,1
1999,14,1999_14_MIN_KC,KC,MIN,1,71,380.0,2061,3,31,28,1
1999,14,1999_14_MIN_KC,MIN,KC,0,58,326.0,2058,3,28,31,0
1999,14,1999_14_NE_IND,IND,NE,1,53,287.0,1746,1,20,15,1
1999,14,1999_14_NE_IND,NE,IND,0,70,401.0,1928,1,15,20,0
1999,14,1999_14_NYG_BUF,BUF,NYG,1,63,237.0,1882,2,17,19,0
1999,14,1999_14_NYG_BUF,NYG,BUF,0,72,334.0,1871,2,19,17,1
1999,14,1999_14_OAK_TEN,LV,TEN,0,54,364.0,1749,2,14,21,0
1999,14,1999_14_OAK_TEN,TEN,LV,1,55,307.0,1851,2,21,14,1
1999,14,1999_14_PHI_DAL,DAL,PHI,1,72,337.0,2045,1,20,10,1
1999,14,1999_14_PHI_DAL,PHI,DAL,0,56,238.0,1555,3,10,20,0
1999,14,1999_14_SD_SEA,LAC,SEA,0,75,329.0,1915,1,19,16,1
1999,14,1999_14_SD_SEA,SEA,LAC,1,64,347.0,1685,2,16,19,0
1999,14,1999_14_STL_NO,LA,NO,0,65,459.0,2184,2,30,14,1
1999,14,1999_14_STL_NO,NO,LA,1,51,212.0,1416,3,14,30,0
1999,15,1999_15_ATL_TEN,ATL,TEN,0,63,338.0,1753,6,17,30,0
1999,15,1999_15_ATL_TEN,TEN,ATL,1,60,399.0,1847,0,30,17,1
1999,15,1999_15_BUF_ARI,ARI,BUF,1,53,178.0,1230,1,21,31,0
1999,15,1999_15_BUF_ARI,BUF,ARI,0,74,376.0,2370,2,31,21,1
1999,15,1999_15_DET_CHI,CHI,DET,1,68,380.0,1941,2,28,10,1
1999,15,1999_15_DET_CHI,DET,CHI,0,60,295.0,1659,4,10,28,0
1999,15,1999_15_GB_MIN,GB,MIN,0,71,332.0,2019,4,20,24,0
1999,15,1999_15_GB_MIN,MIN,GB,1,56,305.0,1735,1,24,20,1
1999,15,1999_15_JAX_CLE,CLE,JAX,1,67,269.0,1696,1,14,24,0
1999,15,1999_15_JAX_CLE,JAX,CLE,0,67,442.0,1904,2,24,14,1
1999,15,1999_15_NE_PHI,NE,PHI,0,81,350.0,1951,7,9,24,0
1999,15,1999_15_NE_PHI,PHI,NE,1,65,295.0,1649,3,24,9,1
1999,15,1999_15_NO_BAL,BAL,NO,1,67,301.0,1988,4,31,8,1
1999,15,1999_15_NO_BAL,NO,BAL,0,66,244.0,1710,4,8,31,0
1999,15,1999_15_NYG_STL,LA,NYG,1,59,413.0,2384,1,31,10,1
1999,15,1999_15_NYG_STL,NYG,LA,0,58,328.0,1693,2,10,31,0
1999,15,1999_15_NYJ_DAL,DAL,NYJ,1,59,347.0,1759,2,21,22,0
1999,15,1999_15_NYJ_DAL,NYJ,DAL,0,71,355.0,1841,2,22,21,1
1999,15,1999_15_PIT_KC,KC,PIT,1,54,358.0,1685,0,35,19,1
1999,15,1999_15_PIT_KC,PIT,KC,0,76,377.0,2025,4,19,35,0
1999,15,1999_15_SD_MIA,LAC,MIA,0,64,186.0,1759,1,9,12,0
1999,15,1999_15_SD_MIA,MIA,LAC,1,61,284.0,1841,2,12,9,1
1999,15,1999_15_SEA_DEN,DEN,SEA,1,72,410.0,2244,2,36,30,1
1999,15,1999_15_SEA_DEN,SEA,DEN,0,61,371.0,2429,2,30,36,0
1999,15,1999_15_SF_CAR,CAR,SF,1,65,452.0,2129,0,41,24,1
1999,15,1999_15_SF_CAR,SF,CAR,0,66,397.0,1660,1,24,41,0
1999,15,1999_15_TB_OAK,LV,TB,1,66,400.0,2045,0,45,0,1
1999,15,1999_15_TB_OAK,TB,LV,0,52,137.0,1669,3,0,45,0
1999,15,1999_15_WAS_IND,IND,WAS,1,59,343.0,1776,3,24,21,1
1999,15,1999_15_WAS_IND,WAS,IND,0,67,361.0,1876,0,21,24,0
1999,16,1999_16_ARI_ATL,ARI,ATL,0,50,282.0,1493,2,14,37,0
1999,16,1999_16_ARI_ATL,ATL,ARI,1,62,393.0,2107,0,37,14,1
1999,16,1999_16_BUF_NE,BUF,NE,0,79,374.0,2552,3,13,10,1
1999,16,1999_16_BUF_NE,NE,BUF,1,60,225.0,1917,1,10,13,0
1999,16,1999_16_CAR_PIT,CAR,PIT,0,55,361.0,1479,3,20,30,0
1999,16,1999_16_CAR_PIT,PIT,CAR,1,69,293.0,2221,1,30,20,1
1999,16,1999_16_CHI_STL,CHI,LA,0,77,434.0,1577,3,12,34,0
1999,16,1999_16_CHI_STL,LA,CHI,1,67,463.0,2403,1,34,12,1
1999,16,1999_16_CIN_BAL,BAL,CIN,1,64,301.0,1906,1,22,0,1
1999,16,1999_16_CIN_BAL,CIN,BAL,0,68,241.0,1861,3,0,22,0
1999,16,1999_16_DAL_NO,DAL,NO,0,64,367.0,1827,3,24,31,0
1999,16,1999_16_DAL_NO,NO,DAL,1,58,313.0,1916,2,31,24,1
1999,16,1999_16_DEN_DET,DEN,DET,0,66,352.0,2956,1,17,7,1
1999,16,1999_16_DEN_DET,DET,DEN,1,56,274.0,1222,0,7,17,0
1999,16,1999_16_GB_TB,GB,TB,0,61,243.0,1433,4,10,29,0
1999,16,1999_16_GB_TB,TB,GB,1,69,274.0,2167,1,29,10,1
1999,16,1999_16_IND_CLE,CLE,IND,1,52,314.0,1600,0,28,29,0
1999,16,1999_16_IND_CLE,IND,CLE,0,74,396.0,2000,0,29,28,1
1999,16,1999_16_JAX_TEN,JAX,TEN,0,55,237.0,1290,3,14,41,0
1999,16,1999_16_JAX_TEN,TEN,JAX,1,74,461.0,2310,0,41,14,1
1999,16,1999_16_KC_SEA,KC,SEA,0,67,302.0,1709,3,14,23,0
1999,16,1999_16_KC_SEA,SEA,KC,1,60,267.0,1891,0,23,14,1
1999,16,1999_16_MIN_NYG,MIN,NYG,0,49,378.0,1345,2,34,17,1
1999,16,1999_16_MIN_NYG,NYG,MIN,1,83,346.0,2255,1,17,34,0
1999,16,1999_16_NYJ_MIA,MIA,NYJ,1,76,422.0,2128,4,31,38,0
1999,16,1999_16_NYJ_MIA,NYJ,MIA,0,49,290.0,1827,0,38,31,1
1999,16,1999_16_OAK_SD,LAC,LV,1,59,344.0,1710,1,23,20,1
1999,16,1999_16_OAK_SD,LV,LAC,0,59,294.0,1890,1,20,23,0
1999,16,1999_16_WAS_SF,SF,WAS,1,66,415.0,1950,2,20,26,0
1999,16,1999_16_WAS_SF,WAS,SF,0,67,511.0,1770,1,26,20,1
1999,17,1999_17_ARI_GB,ARI,GB,0,84,464.0,1920,4,24,49,0
1999,17,1999_17_ARI_GB,GB,ARI,1,64,475.0,1680,1,49,24,1
1999,17,1999_17_BAL_NE,BAL,NE,0,70,313.0,1994,4,3,20,0
1999,17,1999_17_BAL_NE,NE,BAL,1,50,151.0,2049,1,20,3,1
1999,17,1999_17_CIN_JAX,CIN,JAX,0,43,236.0,1343,2,7,24,0
1999,17,1999_17_CIN_JAX,JAX,CIN,1,77,440.0,2257,1,24,7,1
1999,17,1999_17_DET_MIN,DET,MIN,0,67,302.0,1842,2,17,24,0
1999,17,1999_17_DET_MIN,MIN,DET,1,58,379.0,1758,3,24,17,1
1999,17,1999_17_IND_BUF,BUF,IND,1,63,419.0,1957,0,31,6,1
1999,17,1999_17_IND_BUF,IND,BUF,0,56,226.0,1643,1,6,31,0
1999,17,1999_17_MIA_WAS,MIA,WAS,0,81,389.0,2068,4,10,21,0
1999,17,1999_17_MIA_WAS,WAS,MIA,1,51,256.0,1532,0,21,10,1
1999,17,1999_17_NO_CAR,CAR,NO,1,61,355.0,1545,1,45,13,1
1999,17,1999_17_NO_CAR,NO,CAR,0,77,332.0,2055,4,13,45,0
1999,17,1999_17_NYG_DAL,DAL,NYG,1,62,437.0,1798,0,26,18,1
1999,17,1999_17_NYG_DAL,NYG,DAL,0,67,382.0,1802,1,18,26,0
1999,17,1999_17_OAK_KC,KC,LV,1,78,429.0,1914,1,38,41,0
1999,17,1999_17_OAK_KC,LV,KC,0,80,399.0,2092,2,41,38,1
1999,17,1999_17_SD_DEN,DEN,LAC,1,69,235.0,1845,1,6,12,0
1999,17,1999_17_SD_DEN,LAC,DEN,0,62,375.0,1755,4,12,6,1
1999,17,1999_17_SEA_NYJ,NYJ,SEA,1,67,379.0,2253,2,19,9,1
1999,17,1999_17_SEA_NYJ,SEA,NYJ,0,57,266.0,1347,2,9,19,0
1999,17,1999_17_SF_ATL,ATL,SF,1,55,339.0,1790,0,34,29,1
1999,17,1999_17_SF_ATL,SF,ATL,0,58,490.0,1822,1,29,34,0
1999,17,1999_17_STL_PHI,LA,PHI,0,71,440.0,1981,7,31,38,0
1999,17,1999_17_STL_PHI,PHI,LA,1,58,207.0,1809,2,38,31,1
1999,17,1999_17_TB_CHI,CHI,TB,1,61,257.0,1396,2,6,20,0
1999,17,1999_17_TB_CHI,TB,CHI,0,65,318.0,2204,0,20,6,1
1999,17,1999_17_TEN_PIT,PIT,TEN,1,70,424.0,1663,4,36,47,0
1999,17,1999_17_TEN_PIT,TEN,PIT,0,57,338.0,2255,3,47,36,1
2000,1,2000_01_ARI_NYG,ARI,NYG,0,71,355.0,1710,4,16,21,0
2000,1,2000_01_ARI_NYG,NYG,ARI,1,65,395.0,1973,2,21,16,1
2000,1,2000_01_BAL_PIT,BAL,PIT,0,69,336.0,2107,0,16,0,1
2000,1,2000_01_BAL_PIT,PIT,BAL,1,58,223.0,1493,1,0,16,0
2000,1,2000_01_CAR_WAS,CAR,WAS,0,51,241.0,1606,1,17,20,0
2000,1,2000_01_CAR_WAS,WAS,CAR,1,66,396.0,1994,0,20,17,1
2000,1,2000_01_CHI_MIN,CHI,MIN,0,68,425.0,1954,1,27,30,0
2000,1,2000_01_CHI_MIN,MIN,CHI,1,54,374.0,1646,1,30,27,1
2000,1,2000_01_DEN_STL,DEN,LA,0,60,384.0,2150,0,36,41,0
2000,1,2000_01_DEN_STL,LA,DEN,1,56,513.0,1870,3,41,36,1
2000,1,2000_01_DET_NO,DET,NO,0,58,181.0,2038,2,14,10,1
2000,1,2000_01_DET_NO,NO,DET,1,62,245.0,1874,3,10,14,0
2000,1,2000_01_IND_KC,IND,KC,0,63,383.0,2220,2,27,14,1
2000,1,2000_01_IND_KC,KC,IND,1,62,280.0,1607,1,14,27,0
2000,1,2000_01_JAX_CLE,CLE,JAX,1,44,249.0,1377,1,7,27,0
2000,1,2000_01_JAX_CLE,JAX,CLE,0,78,398.0,2223,0,27,7,1
2000,1,2000_01_NYJ_GB,GB,NYJ,1,51,211.0,1330,2,16,20,0
2000,1,2000_01_NYJ_GB,NYJ,GB,0,74,351.0,2270,1,20,16,1
2000,1,2000_01_PHI_DAL,DAL,PHI,1,49,160.0,1471,2,14,41,0
2000,1,2000_01_PHI_DAL,PHI,DAL,0,76,425.0,2458,3,41,14,1
2000,1,2000_01_SD_OAK,LAC,LV,0,73,255.0,1710,4,6,9,0
2000,1,2000_01_SD_OAK,LV,LAC,1,64,233.0,1890,0,9,6,1
2000,1,2000_01_SEA_MIA,MIA,SEA,1,66,296.0,2300,2,23,0,1
2000,1,2000_01_SEA_MIA,SEA,MIA,0,47,143.0,1300,5,0,23,0
2000,1,2000_01_SF_ATL,ATL,SF,1,63,359.0,2107,1,36,28,1
2000,1,2000_01_SF_ATL,SF,ATL,0,61,339.0,1701,1,28,36,0
2000,1,2000_01_TB_NE,NE,TB,1,67,278.0,1955,1,16,21,0
2000,1,2000_01_TB_NE,TB,NE,0,61,235.0,2072,1,21,16,1
2000,1,2000_01_TEN_BUF,BUF,TEN,1,65,266.0,1991,0,16,13,1
2000,1,2000_01_TEN_BUF,TEN,BUF,0,55,172.0,1609,1,13,16,0
2000,2,2000_02_ATL_DEN,ATL,DEN,0,46,179.0,1377,3,14,42,0
2000,2,2000_02_ATL_DEN,DEN,ATL,1,74,395.0,2223,0,42,14,1
2000,2,2000_02_CAR_SF,CAR,SF,0,68,450.0,2167,1,38,22,1
2000,2,2000_02_CAR_SF,SF,CAR,1,61,382.0,1433,2,22,38,0
2000,2,2000_02_CHI_TB,CHI,TB,0,56,165.0,1584,4,0,41,0
2000,2,2000_02_CHI_TB,TB,CHI,1,62,327.0,2093,0,41,0,1
2000,2,2000_02_CLE_CIN,CIN,CLE,1,68,313.0,1557,2,7,24,0
2000,2,2000_02_CLE_CIN,CLE,CIN,0,63,353.0,2043,2,24,7,1
2000,2,2000_02_DAL_ARI,ARI,DAL,1,59,317.0,1880,1,32,31,1
2000,2,2000_02_DAL_ARI,DAL,ARI,0,56,328.0,1849,2,31,32,0
2000,2,2000_02_GB_BUF,BUF,GB,1,65,309.0,2003,2,27,18,1
2000,2,2000_02_GB_BUF,GB,BUF,0,56,276.0,1597,2,18,27,0
2000,2,2000_02_JAX_BAL,BAL,JAX,1,62,333.0,1717,2,39,36,1
2000,2,2000_02_JAX_BAL,JAX,BAL,0,75,421.0,1883,4,36,39,0
2000,2,2000_02_KC_TEN,KC,TEN,0,56,189.0,1805,0,14,17,0
2000,2,2000_02_KC_TEN,TEN,KC,1,67,342.0,1985,3,17,14,1
2000,2,2000_02_MIA_MIN,MIA,MIN,0,50,209.0,1361,1,7,13,0
2000,2,2000_02_MIA_MIN,MIN,MIA,1,68,468.0,2239,4,13,7,1
2000,2,2000_02_NE_NYJ,NE,NYJ,0,83,293.0,2280,0,19,20,0
2000,2,2000_02_NE_NYJ,NYJ,NE,1,55,308.0,1320,1,20,19,1
2000,2,2000_02_NO_SD,LAC,NO,1,51,188.0,1434,2,27,28,0
2000,2,2000_02_NO_SD,NO,LAC,0,76,306.0,2166,3,28,27,1
2000,2,2000_02_NYG_PHI,NYG,PHI,0,69,387.0,2406,0,33,18,1
2000,2,2000_02_NYG_PHI,PHI,NYG,1,49,237.0,1276,0,18,33,0
2000,2,2000_02_OAK_IND,IND,LV,1,68,451.0,1741,3,31,38,0
2000,2,2000_02_OAK_IND,LV,IND,0,60,359.0,1859,0,38,31,1
2000,2,2000_02_STL_SEA,LA,SEA,0,70,476.0,2200,1,37,34,1
2000,2,2000_02_STL_SEA,SEA,LA,1,57,330.0,1814,3,34,37,0
2000,2,2000_02_WAS_DET,DET,WAS,1,55,218.0,1745,2,15,10,1
2000,2,2000_02_WAS_DET,WAS,DET,0,59,333.0,1855,4,10,15,0
2000,3,2000_03_ATL_CAR,ATL,CAR,0,59,262.0,2126,3,15,10,1
2000,3,2000_03_ATL_CAR,CAR,ATL,1,56,274.0,1606,3,10,15,0
2000,3,2000_03_BAL_MIA,BAL,MIA,0,54,236.0,1729,1,6,19,0
2000,3,2000_03_BAL_MIA,MIA,BAL,1,51,258.0,1871,1,19,6,1
2000,3,2000_03_BUF_NYJ,BUF,NYJ,0,59,351.0,1609,2,14,27,0
2000,3,2000_03_BUF_NYJ,NYJ,BUF,1,68,279.0,1991,3,27,14,1
2000,3,2000_03_CIN_JAX,CIN,JAX,0,67,220.0,1711,4,0,13,0
2000,3,2000_03_CIN_JAX,JAX,CIN,1,65,241.0,1889,1,13,0,1
2000,3,2000_03_DAL_WAS,DAL,WAS,0,55,332.0,1494,2,27,21,1
2000,3,2000_03_DAL_WAS,WAS,DAL,1,79,327.0,2106,2,21,27,0
2000,3,2000_03_DEN_OAK,DEN,LV,0,70,383.0,2503,1,33,24,1
2000,3,2000_03_DEN_OAK,LV,DEN,1,43,267.0,1655,4,24,33,0
2000,3,2000_03_MIN_NE,MIN,NE,0,75,315.0,2348,2,21,13,1
2000,3,2000_03_MIN_NE,NE,MIN,1,57,267.0,1252,1,13,21,0
2000,3,2000_03_NO_SEA,NO,SEA,0,52,263.0,1513,0,10,20,0
2000,3,2000_03_NO_SEA,SEA,NO,1,63,294.0,2087,1,20,10,1
2000,3,2000_03_NYG_CHI,CHI,NYG,1,54,217.0,1309,1,7,14,0
2000,3,2000_03_NYG_CHI,NYG,CHI,0,75,402.0,2391,1,14,7,1
2000,3,2000_03_PHI_GB,GB,PHI,1,66,236.0,2226,4,6,3,1
2000,3,2000_03_PHI_GB,PHI,GB,0,57,160.0,1660,1,3,6,0
2000,3,2000_03_PIT_CLE,CLE,PIT,1,54,377.0,1893,1,23,20,1
2000,3,2000_03_PIT_CLE,PIT,CLE,0,63,336.0,1872,1,20,23,0
2000,3,2000_03_SF_STL,LA,SF,1,62,520.0,1987,2,41,24,1
2000,3,2000_03_SF_STL,SF,LA,0,53,398.0,1613,2,24,41,0
2000,3,2000_03_TB_DET,DET,TB,1,51,254.0,1436,3,10,31,0
2000,3,2000_03_TB_DET,TB,DET,0,69,331.0,2164,0,31,10,1
2000,4,2000_04_CIN_BAL,BAL,CIN,1,75,377.0,2324,1,37,0,1
2000,4,2000_04_CIN_BAL,CIN,BAL,0,43,99.0,1276,4,0,37,0
2000,4,2000_04_CLE_OAK,CLE,LV,0,57,230.0,1623,2,10,36,0
2000,4,2000_04_CLE_OAK,LV,CLE,1,61,279.0,2019,0,36,10,1
2000,4,2000_04_DET_CHI,CHI,DET,1,66,398.0,1702,5,14,21,0
2000,4,2000_04_DET_CHI,DET,CHI,0,67,276.0,1898,1,21,14,1
2000,4,2000_04_GB_ARI,ARI,GB,1,56,195.0,1538,4,3,29,0
2000,4,2000_04_GB_ARI,GB,ARI,0,69,455.0,2188,1,29,3,1
2000,4,2000_04_JAX_IND,IND,JAX,1,63,527.0,1942,1,43,14,1
2000,4,2000_04_JAX_IND,JAX,IND,0,65,286.0,1658,2,14,43,0
2000,4,2000_04_KC_DEN,DEN,KC,1,61,338.0,1902,3,22,23,0
2000,4,2000_04_KC_DEN,KC,DEN,0,62,294.0,1819,3,23,22,1
2000,4,2000_04_NE_MIA,MIA,NE,1,57,238.0,1802,3,10,3,1
2000,4,2000_04_NE_MIA,NE,MIA,0,64,210.0,1798,2,3,10,0
2000,4,2000_04_NYJ_TB,NYJ,TB,0,69,302.0,1889,3,21,17,1
2000,4,2000_04_NYJ_TB,TB,NYJ,1,52,239.0,1820,4,17,21,0
2000,4,2000_04_PHI_NO,NO,PHI,1,67,278.0,1839,5,7,21,0
2000,4,2000_04_PHI_NO,PHI,NO,0,60,268.0,1921,1,21,7,1
2000,4,2000_04_SEA_SD,LAC,SEA,1,65,296.0,1996,3,12,20,0
2000,4,2000_04_SEA_SD,SEA,LAC,0,51,269.0,1781,1,20,12,1
2000,4,2000_04_SF_DAL,DAL,SF,1,47,269.0,1367,3,24,41,0
2000,4,2000_04_SF_DAL,SF,DAL,0,73,433.0,2310,0,41,24,1
2000,4,2000_04_STL_ATL,ATL,LA,1,66,286.0,1964,5,20,41,0
2000,4,2000_04_STL_ATL,LA,ATL,0,47,395.0,1727,1,41,20,1
2000,4,2000_04_TEN_PIT,PIT,TEN,1,64,341.0,1768,1,20,23,0
2000,4,2000_04_TEN_PIT,TEN,PIT,0,61,363.0,1832,3,23,20,1
2000,4,2000_04_WAS_NYG,NYG,WAS,1,71,261.0,1718,1,6,16,0
2000,4,2000_04_WAS_NYG,WAS,NYG,0,59,391.0,2027,0,16,6,1
2000,5,2000_05_ARI_SF,ARI,SF,0,64,359.0,1670,2,20,27,0
2000,5,2000_05_ARI_SF,SF,ARI,1,65,333.0,1930,1,27,20,1
2000,5,2000_05_ATL_PHI,ATL,PHI,0,59,200.0,1979,1,10,38,0
2000,5,2000_05_ATL_PHI,PHI,ATL,1,67,502.0,1912,3,38,10,1
2000,5,2000_05_BAL_CLE,BAL,CLE,0,71,336.0,2204,1,12,0,1
2000,5,2000_05_BAL_CLE,CLE,BAL,1,47,225.0,1396,4,0,12,0
2000,5,2000_05_CHI_GB,CHI,GB,0,61,370.0,1910,0,27,24,1
2000,5,2000_05_CHI_GB,GB,CHI,1,63,357.0,1690,3,24,27,0
2000,5,2000_05_DAL_CAR,CAR,DAL,1,58,272.0,1669,2,13,16,0
2000,5,2000_05_DAL_CAR,DAL,CAR,0,64,293.0,2163,2,16,13,1
2000,5,2000_05_IND_BUF,BUF,IND,1,69,385.0,2422,0,16,18,0
2000,5,2000_05_IND_BUF,IND,BUF,0,51,255.0,1577,1,18,16,1
2000,5,2000_05_MIA_CIN,CIN,MIA,1,69,326.0,2020,1,16,31,0
2000,5,2000_05_MIA_CIN,MIA,CIN,0,51,291.0,2045,2,31,16,1
2000,5,2000_05_MIN_DET,DET,MIN,1,71,355.0,1878,1,24,31,0
2000,5,2000_05_MIN_DET,MIN,DET,0,59,420.0,1839,0,31,24,1
2000,5,2000_05_NE_DEN,DEN,NE,1,76,402.0,1968,2,19,28,0
2000,5,2000_05_NE_DEN,NE,DEN,0,56,298.0,1632,1,28,19,1
2000,5,2000_05_NYG_TEN,NYG,TEN,0,49,215.0,1034,4,14,28,0
2000,5,2000_05_NYG_TEN,TEN,NYG,1,80,436.0,2566,1,28,14,1
2000,5,2000_05_PIT_JAX,JAX,PIT,1,67,204.0,1490,2,13,24,0
2000,5,2000_05_PIT_JAX,PIT,JAX,0,60,334.0,2110,3,24,13,1
2000,5,2000_05_SD_STL,LA,LAC,1,62,614.0,1825,0,57,31,1
2000,5,2000_05_SD_STL,LAC,LA,0,57,364.0,1775,2,31,57,0
2000,5,2000_05_SEA_KC,KC,SEA,1,55,378.0,1508,0,24,17,1
2000,5,2000_05_SEA_KC,SEA,KC,0,66,299.0,2092,2,17,24,0
2000,5,2000_05_TB_WAS,TB,WAS,0,69,250.0,1892,2,17,20,0
2000,5,2000_05_TB_WAS,WAS,TB,1,67,330.0,1957,1,20,17,1
2000,6,2000_06_BAL_JAX,BAL,JAX,0,66,194.0,1692,1,15,10,1
2000,6,2000_06_BAL_JAX,JAX,BAL,1,71,330.0,1978,6,10,15,0
2000,6,2000_06_CLE_ARI,ARI,CLE,1,63,315.0,1863,1,29,21,1
2000,6,2000_06_CLE_ARI,CLE,ARI,0,53,225.0,1737,1,21,29,0
2000,6,2000_06_DEN_SD,DEN,LAC,0,70,287.0,2066,0,21,7,1
2000,6,2000_06_DEN_SD,LAC,DEN,1,67,277.0,1534,3,7,21,0
2000,6,2000_06_GB_DET,DET,GB,1,53,253.0,1608,1,31,24,1
2000,6,2000_06_GB_DET,GB,DET,0,69,333.0,2160,5,24,31,0
2000,6,2000_06_IND_NE,IND,NE,0,79,392.0,1990,3,16,24,0
2000,6,2000_06_IND_NE,NE,IND,1,57,301.0,1610,0,24,16,1
2000,6,2000_06_NO_CHI,CHI,NO,1,56,242.0,1543,3,10,31,0
2000,6,2000_06_NO_CHI,NO,CHI,0,76,403.0,2308,1,31,10,1
2000,6,2000_06_NYG_ATL,ATL,NYG,1,65,238.0,1815,2,6,13,0
2000,6,2000_06_NYG_ATL,NYG,ATL,0,58,255.0,1785,3,13,6,1
2000,6,2000_06_OAK_SF,LV,SF,0,75,436.0,2130,2,34,28,1
2000,6,2000_06_OAK_SF,SF,LV,1,74,461.0,2085,2,28,34,0
2000,6,2000_06_PIT_NYJ,NYJ,PIT,1,47,206.0,1375,4,3,20,0
2000,6,2000_06_PIT_NYJ,PIT,NYJ,0,66,315.0,2406,0,20,3,1
2000,6,2000_06_SEA_CAR,CAR,SEA,1,72,444.0,2380,1,26,3,1
2000,6,2000_06_SEA_CAR,SEA,CAR,0,48,209.0,1220,0,3,26,0
2000,6,2000_06_TB_MIN,MIN,TB,1,55,322.0,1823,3,30,23,1
2000,6,2000_06_TB_MIN,TB,MIN,0,62,333.0,1988,2,23,30,0
2000,6,2000_06_TEN_CIN,CIN,TEN,1,44,213.0,1201,2,14,23,0
2000,6,2000_06_TEN_CIN,TEN,CIN,0,76,415.0,2482,2,23,14,1
2000,6,2000_06_WAS_PHI,PHI,WAS,1,55,281.0,1413,4,14,17,0
2000,6,2000_06_WAS_PHI,WAS,PHI,0,68,399.0,2214,2,17,14,1
2000,7,2000_07_ATL_STL,ATL,LA,0,50,261.0,1516,1,29,45,0
2000,7,2000_07_ATL_STL,LA,ATL,1,79,537.0,2084,1,45,29,1
2000,7,2000_07_BAL_WAS,BAL,WAS,0,55,199.0,1864,1,3,10,0
2000,7,2000_07_BAL_WAS,WAS,BAL,1,57,246.0,1736,2,10,3,1
2000,7,2000_07_CAR_NO,CAR,NO,0,51,141.0,1442,3,6,24,0
2000,7,2000_07_CAR_NO,NO,CAR,1,72,397.0,2158,2,24,6,1
2000,7,2000_07_CIN_PIT,CIN,PIT,0,66,232.0,1719,3,0,15,0
2000,7,2000_07_CIN_PIT,PIT,CIN,1,66,274.0,1881,0,15,0,1
2000,7,2000_07_CLE_DEN,CLE,DEN,0,58,261.0,1689,3,10,44,0
2000,7,2000_07_CLE_DEN,DEN,CLE,1,70,494.0,2091,0,44,10,1
2000,7,2000_07_DAL_NYG,DAL,NYG,0,69,259.0,1842,5,14,19,0
2000,7,2000_07_DAL_NYG,NYG,DAL,1,59,306.0,1758,0,19,14,1
2000,7,2000_07_IND_SEA,IND,SEA,0,70,499.0,2210,1,37,24,1
2000,7,2000_07_IND_SEA,SEA,IND,1,53,285.0,1454,3,24,37,0
2000,7,2000_07_JAX_TEN,JAX,TEN,0,57,295.0,1613,2,13,27,0
2000,7,2000_07_JAX_TEN,TEN,JAX,1,58,402.0,1987,1,27,13,1
2000,7,2000_07_MIN_CHI,CHI,MIN,1,61,294.0,1955,1,16,28,0
2000,7,2000_07_MIN_CHI,MIN,CHI,0,57,359.0,1645,0,28,16,1
2000,7,2000_07_NYJ_NE,NE,NYJ,1,61,246.0,1326,6,17,34,0
2000,7,2000_07_NYJ_NE,NYJ,NE,0,69,294.0,2517,1,34,17,1
2000,7,2000_07_OAK_KC,KC,LV,1,60,346.0,1559,1,17,20,0
2000,7,2000_07_OAK_KC,LV,KC,0,67,385.0,2041,1,20,17,1
2000,7,2000_07_PHI_ARI,ARI,PHI,1,42,228.0,1226,3,14,33,0
2000,7,2000_07_PHI_ARI,PHI,ARI,0,75,387.0,2374,0,33,14,1
2000,7,2000_07_SD_BUF,BUF,LAC,1,80,413.0,2166,2,27,24,1
2000,7,2000_07_SD_BUF,LAC,BUF,0,61,302.0,1974,4,24,27,0
2000,7,2000_07_SF_GB,GB,SF,1,60,378.0,1944,0,31,28,1
2000,7,2000_07_SF_GB,SF,GB,0,61,413.0,1656,0,28,31,0
2000,8,2000_08_ARI_DAL,ARI,DAL,0,56,276.0,1755,3,7,48,0
2000,8,2000_08_ARI_DAL,DAL,ARI,1,55,343.0,2181,0,48,7,1
2000,8,2000_08_BUF_MIN,BUF,MIN,0,72,406.0,2138,1,27,31,0
2000,8,2000_08_BUF_MIN,MIN,BUF,1,50,342.0,1462,1,31,27,1
2000,8,2000_08_CHI_PHI,CHI,PHI,0,70,274.0,1742,1,9,13,0
2000,8,2000_08_CHI_PHI,PHI,CHI,1,62,296.0,1858,2,13,9,1
2000,8,2000_08_CLE_PIT,CLE,PIT,0,43,104.0,1225,3,0,22,0
2000,8,2000_08_CLE_PIT,PIT,CLE,1,72,256.0,2375,0,22,0,1
2000,8,2000_08_DEN_CIN,CIN,DEN,1,50,394.0,1347,1,31,21,1
2000,8,2000_08_DEN_CIN,DEN,CIN,0,78,492.0,2253,3,21,31,0
2000,8,2000_08_DET_TB,DET,TB,0,76,279.0,2195,0,28,14,1
2000,8,2000_08_DET_TB,TB,DET,1,51,256.0,1450,4,14,28,0
2000,8,2000_08_MIA_NYJ,MIA,NYJ,0,75,433.0,2171,4,37,40,0
2000,8,2000_08_MIA_NYJ,NYJ,MIA,1,81,429.0,1836,3,40,37,1
2000,8,2000_08_NE_IND,IND,NE,1,42,398.0,1259,1,30,23,1
2000,8,2000_08_NE_IND,NE,IND,0,76,386.0,2341,1,23,30,0
2000,8,2000_08_NO_ATL,ATL,NO,1,43,274.0,1568,0,19,21,0
2000,8,2000_08_NO_ATL,NO,ATL,0,68,394.0,2032,1,21,19,1
2000,8,2000_08_SEA_OAK,LV,SEA,1,48,349.0,1820,1,31,3,1
2000,8,2000_08_SEA_OAK,SEA,LV,0,63,266.0,1780,3,3,31,0
2000,8,2000_08_SF_CAR,CAR,SF,1,69,383.0,2188,0,34,16,1
2000,8,2000_08_SF_CAR,SF,CAR,0,59,410.0,1583,2,16,34,0
2000,8,2000_08_STL_KC,KC,LA,1,59,468.0,2004,0,54,34,1
2000,8,2000_08_STL_KC,LA,KC,0,71,428.0,2089,4,34,54,0
2000,8,2000_08_TEN_BAL,BAL,TEN,1,79,359.0,2161,4,6,14,0
2000,8,2000_08_TEN_BAL,TEN,BAL,0,46,191.0,1575,2,14,6,1
2000,8,2000_08_WAS_JAX,JAX,WAS,1,73,390.0,1938,3,16,35,0
2000,8,2000_08_WAS_JAX,WAS,JAX,0,52,386.0,1662,3,35,16,1
2000,9,2000_09_CAR_ATL,ATL,CAR,1,56,274.0,1897,3,13,12,1
2000,9,2000_09_CAR_ATL,CAR,ATL,0,65,209.0,1703,4,12,13,0
2000,9,2000_09_CIN_CLE,CIN,CLE,0,73,236.0,2202,1,12,3,1
2000,9,2000_09_CIN_CLE,CLE,CIN,1,54,182.0,1398,1,3,12,0
2000,9,2000_09_DET_IND,DET,IND,0,65,330.0,1607,4,18,30,0
2000,9,2000_09_DET_IND,IND,DET,1,65,420.0,2162,5,30,18,1
2000,9,2000_09_GB_MIA,GB,MIA,0,60,319.0,1901,2,20,28,0
2000,9,2000_09_GB_MIA,MIA,GB,1,54,257.0,1907,1,28,20,1
2000,9,2000_09_JAX_DAL,DAL,JAX,1,59,325.0,1808,3,17,23,0
2000,9,2000_09_JAX_DAL,JAX,DAL,0,62,392.0,2016,0,23,17,1
2000,9,2000_09_KC_SEA,KC,SEA,0,61,351.0,1840,3,24,19,1
2000,9,2000_09_KC_SEA,SEA,KC,1,71,351.0,1760,4,19,24,0
2000,9,2000_09_MIN_TB,MIN,TB,0,72,401.0,1933,3,13,41,0
2000,9,2000_09_MIN_TB,TB,MIN,1,49,413.0,1813,0,41,13,1
2000,9,2000_09_NO_ARI,ARI,NO,1,76,390.0,1999,3,10,21,0
2000,9,2000_09_NO_ARI,NO,ARI,0,56,236.0,1669,2,21,10,1
2000,9,2000_09_NYJ_BUF,BUF,NYJ,1,64,336.0,2336,0,23,20,1
2000,9,2000_09_NYJ_BUF,NYJ,BUF,0,58,337.0,1777,4,20,23,0
2000,9,2000_09_OAK_SD,LAC,LV,1,57,205.0,1696,2,13,15,0
2000,9,2000_09_OAK_SD,LV,LAC,0,61,200.0,1904,1,15,13,1
2000,9,2000_09_PHI_NYG,NYG,PHI,1,84,384.0,2621,0,24,7,1
2000,9,2000_09_PHI_NYG,PHI,NYG,0,46,192.0,1068,1,7,24,0
2000,9,2000_09_PIT_BAL,BAL,PIT,1,55,274.0,1682,3,6,9,0
2000,9,2000_09_PIT_BAL,PIT,BAL,0,57,231.0,1918,1,9,6,1
2000,9,2000_09_STL_SF,LA,SF,0,70,441.0,2041,1,34,24,1
2000,9,2000_09_STL_SF,SF,LA,1,62,319.0,1559,0,24,34,0
2000,9,2000_09_TEN_WAS,TEN,WAS,0,45,176.0,1982,0,27,21,1
2000,9,2000_09_TEN_WAS,WAS,TEN,1,65,255.0,1841,3,21,27,0
2000,10,2000_10_BAL_CIN,BAL,CIN,0,66,378.0,1993,0,27,7,1
2000,10,2000_10_BAL_CIN,CIN,BAL,1,55,167.0,1607,1,7,27,0
2000,10,2000_10_BUF_NE,BUF,NE,0,69,315.0,1914,1,16,13,1
2000,10,2000_10_BUF_NE,NE,BUF,1,63,189.0,1958,2,13,16,0
2000,10,2000_10_CAR_STL,CAR,LA,0,54,270.0,1715,2,27,24,1
2000,10,2000_10_CAR_STL,LA,CAR,1,63,426.0,1885,2,24,27,0
2000,10,2000_10_DAL_PHI,DAL,PHI,0,71,295.0,2541,2,13,16,0
2000,10,2000_10_DAL_PHI,PHI,DAL,1,70,349.0,1985,2,16,13,1
2000,10,2000_10_DEN_NYJ,DEN,NYJ,0,75,447.0,2207,1,30,23,1
2000,10,2000_10_DEN_NYJ,NYJ,DEN,1,59,381.0,1393,3,23,30,0
2000,10,2000_10_IND_CHI,CHI,IND,1,69,360.0,2221,0,27,24,1
2000,10,2000_10_IND_CHI,IND,CHI,0,62,372.0,1477,2,24,27,0
2000,10,2000_10_KC_OAK,KC,LV,0,64,486.0,1606,3,31,49,0
2000,10,2000_10_KC_OAK,LV,KC,1,72,469.0,2309,0,49,31,1
2000,10,2000_10_MIA_DET,DET,MIA,1,53,255.0,1943,3,8,23,0
2000,10,2000_10_MIA_DET,MIA,DET,0,56,293.0,2025,0,23,8,1
2000,10,2000_10_MIN_GB,GB,MIN,1,63,293.0,1666,1,26,20,1
2000,10,2000_10_MIN_GB,MIN,GB,0,69,407.0,2205,4,20,26,0
2000,10,2000_10_NYG_CLE,CLE,NYG,1,48,185.0,1400,1,3,24,0
2000,10,2000_10_NYG_CLE,NYG,CLE,0,76,371.0,2200,1,24,3,1
2000,10,2000_10_PIT_TEN,PIT,TEN,0,43,160.0,1230,2,7,9,0
2000,10,2000_10_PIT_TEN,TEN,PIT,1,71,362.0,2588,2,9,7,1
2000,10,2000_10_SD_SEA,LAC,SEA,0,72,398.0,2391,3,15,17,0
2000,10,2000_10_SD_SEA,SEA,LAC,1,44,127.0,1209,1,17,15,1
2000,10,2000_10_SF_NO,NO,SF,1,69,360.0,2210,0,31,15,1
2000,10,2000_10_SF_NO,SF,NO,0,55,348.0,1390,2,15,31,0
2000,10,2000_10_TB_ATL,ATL,TB,1,68,279.0,1785,4,14,27,0
2000,10,2000_10_TB_ATL,TB,ATL,0,64,267.0,1913,2,27,14,1
2000,10,2000_10_WAS_ARI,ARI,WAS,1,44,173.0,1411,2,16,15,1
2000,10,2000_10_WAS_ARI,WAS,ARI,0,77,431.0,2246,3,15,16,0
2000,11,2000_11_ARI_MIN,ARI,MIN,0,48,249.0,1552,2,14,31,0
2000,11,2000_11_ARI_MIN,MIN,ARI,1,67,460.0,2048,2,31,14,1
2000,11,2000_11_ATL_DET,ATL,DET,0,65,204.0,1832,2,10,13,0
2000,11,2000_11_ATL_DET,DET,ATL,1,62,222.0,1768,1,13,10,1
2000,11,2000_11_BAL_TEN,BAL,TEN,0,70,361.0,2054,1,24,23,1
2000,11,2000_11_BAL_TEN,TEN,BAL,1,51,286.0,1671,2,23,24,0
2000,11,2000_11_CHI_BUF,BUF,CHI,1,65,299.0,2337,1,20,3,1
2000,11,2000_11_CHI_BUF,CHI,BUF,0,59,234.0,1484,4,3,20,0
2000,11,2000_11_CIN_DAL,CIN,DAL,0,58,189.0,1475,2,6,23,0
2000,11,2000_11_CIN_DAL,DAL,CIN,1,67,391.0,2125,1,23,6,1
2000,11,2000_11_GB_TB,GB,TB,0,64,302.0,1677,1,15,20,0
2000,11,2000_11_GB_TB,TB,GB,1,57,272.0,1923,1,20,15,1
2000,11,2000_11_KC_SF,KC,SF,0,58,294.0,1430,1,7,21,0
2000,11,2000_11_KC_SF,SF,KC,1,61,384.0,2170,0,21,7,1
2000,11,2000_11_MIA_SD,LAC,MIA,1,63,202.0,1634,4,7,17,0
2000,11,2000_11_MIA_SD,MIA,LAC,0,60,239.0,1966,0,17,7,1
2000,11,2000_11_NE_CLE,CLE,NE,1,72,277.0,2064,0,19,11,1
2000,11,2000_11_NE_CLE,NE,CLE,0,62,288.0,1536,4,11,19,0
2000,11,2000_11_NO_CAR,CAR,NO,1,66,307.0,1883,6,10,20,0
2000,11,2000_11_NO_CAR,NO,CAR,0,53,306.0,1809,1,20,10,1
2000,11,2000_11_NYJ_IND,IND,NYJ,1,73,358.0,2039,1,23,15,1
2000,11,2000_11_NYJ_IND,NYJ,IND,0,60,368.0,1561,2,15,23,0
2000,11,2000_11_OAK_DEN,DEN,LV,1,62,321.0,2032,1,27,24,1
2000,11,2000_11_OAK_DEN,LV,DEN,0,74,403.0,1808,4,24,27,0
2000,11,2000_11_PHI_PIT,PHI,PIT,0,77,266.0,1870,1,26,23,1
2000,11,2000_11_PHI_PIT,PIT,PHI,1,70,322.0,2516,1,23,26,0
2000,11,2000_11_SEA_JAX,JAX,SEA,1,64,437.0,1848,1,21,28,0
2000,11,2000_11_SEA_JAX,SEA,JAX,0,66,326.0,1752,0,28,21,1
2000,11,2000_11_STL_NYG,LA,NYG,0,74,390.0,2200,1,38,24,1
2000,11,2000_11_STL_NYG,NYG,LA,1,56,348.0,1400,3,24,38,0
2000,12,2000_12_ARI_PHI,ARI,PHI,0,54,210.0,1511,1,9,34,0
2000,12,2000_12_ARI_PHI,PHI,ARI,1,67,338.0,2266,2,34,9,1
2000,12,2000_12_ATL_SF,ATL,SF,0,56,195.0,1655,1,6,16,0
2000,12,2000_12_ATL_SF,SF,ATL,1,60,334.0,2289,1,16,6,1
2000,12,2000_12_BUF_KC,BUF,KC,0,66,291.0,1880,0,21,17,1
2000,12,2000_12_BUF_KC,KC,BUF,1,72,378.0,1720,2,17,21,0
2000,12,2000_12_CAR_MIN,CAR,MIN,0,74,327.0,1989,3,17,31,0
2000,12,2000_12_CAR_MIN,MIN,CAR,1,55,439.0,1611,2,31,17,1
2000,12,2000_12_CIN_NE,CIN,NE,0,74,353.0,1948,2,13,16,0
2000,12,2000_12_CIN_NE,NE,CIN,1,59,291.0,1652,1,16,13,1
2000,12,2000_12_CLE_TEN,CLE,TEN,0,42,125.0,1454,1,10,24,0
2000,12,2000_12_CLE_TEN,TEN,CLE,1,73,336.0,2299,7,24,10,1
2000,12,2000_12_DAL_BAL,BAL,DAL,1,68,453.0,2302,2,27,0,1
2000,12,2000_12_DAL_BAL,DAL,BAL,0,48,192.0,1298,3,0,27,0
2000,12,2000_12_DET_NYG,DET,NYG,0,68,314.0,2033,2,31,21,1
2000,12,2000_12_DET_NYG,NYG,DET,1,69,355.0,1567,4,21,31,0
2000,12,2000_12_IND_GB,GB,IND,1,66,427.0,2049,2,26,24,1
2000,12,2000_12_IND_GB,IND,GB,0,65,338.0,1551,1,24,26,0
2000,12,2000_12_JAX_PIT,JAX,PIT,0,70,417.0,2060,2,34,24,1
2000,12,2000_12_JAX_PIT,PIT,JAX,1,58,304.0,1540,5,24,34,0
2000,12,2000_12_NYJ_MIA,MIA,NYJ,1,53,194.0,1682,4,3,20,0
2000,12,2000_12_NYJ_MIA,NYJ,MIA,0,61,237.0,1918,2,20,3,1
2000,12,2000_12_OAK_NO,LV,NO,0,61,272.0,2012,1,31,22,1
2000,12,2000_12_OAK_NO,NO,LV,1,56,306.0,1657,1,22,31,0
2000,12,2000_12_SD_DEN,DEN,LAC,1,83,536.0,2006,5,38,37,1
2000,12,2000_12_SD_DEN,LAC,DEN,0,57,385.0,1655,3,37,38,0
2000,12,2000_12_TB_CHI,CHI,TB,1,63,243.0,1849,1,13,10,1
2000,12,2000_12_TB_CHI,TB,CHI,0,55,213.0,1792,3,10,13,0
2000,12,2000_12_WAS_STL,LA,WAS,1,56,368.0,1865,3,20,33,0
2000,12,2000_12_WAS_STL,WAS,LA,0,67,393.0,1957,1,33,20,1
2000,13,2000_13_ATL_OAK,ATL,LV,0,47,174.0,1493,2,14,41,0
2000,13,2000_13_ATL_OAK,LV,ATL,1,61,489.0,2107,1,41,14,1
2000,13,2000_13_BUF_TB,BUF,TB,0,81,416.0,2177,2,17,31,0
2000,13,2000_13_BUF_TB,TB,BUF,1,49,178.0,1610,0,31,17,1
2000,13,2000_13_CHI_NYJ,CHI,NYJ,0,62,233.0,1499,3,10,17,0
2000,13,2000_13_CHI_NYJ,NYJ,CHI,1,65,275.0,2101,1,17,10,1
2000,13,2000_13_CLE_BAL,BAL,CLE,1,76,459.0,2312,3,44,7,1
2000,13,2000_13_CLE_BAL,CLE,BAL,0,48,112.0,1288,2,7,44,0
2000,13,2000_13_DEN_SEA,DEN,SEA,0,72,538.0,2177,5,38,31,1
2000,13,2000_13_DEN_SEA,SEA,DEN,1,68,354.0,1851,3,31,38,0
2000,13,2000_13_GB_CAR,CAR,GB,1,68,349.0,1917,3,31,14,1
2000,13,2000_13_GB_CAR,GB,CAR,0,68,326.0,1683,4,14,31,0
2000,13,2000_13_KC_SD,KC,LAC,0,65,148.0,1996,2,16,17,0
2000,13,2000_13_KC_SD,LAC,KC,1,58,201.0,1737,4,17,16,1
2000,13,2000_13_MIA_IND,IND,MIA,1,63,353.0,1855,1,14,17,0
2000,13,2000_13_MIA_IND,MIA,IND,0,58,242.0,1745,0,17,14,1
2000,13,2000_13_MIN_DAL,DAL,MIN,1,67,403.0,2023,2,15,27,0
2000,13,2000_13_MIN_DAL,MIN,DAL,0,51,360.0,1689,0,27,15,1
2000,13,2000_13_NE_DET,DET,NE,1,54,304.0,2098,1,34,9,1
2000,13,2000_13_NE_DET,NE,DET,0,56,190.0,1827,2,9,34,0
2000,13,2000_13_NO_STL,LA,NO,1,54,248.0,1459,3,24,31,0
2000,13,2000_13_NO_STL,NO,LA,0,72,316.0,2366,3,31,24,1
2000,13,2000_13_NYG_ARI,ARI,NYG,1,59,272.0,1517,4,7,31,0
2000,13,2000_13_NYG_ARI,NYG,ARI,0,70,355.0,2083,1,31,7,1
2000,13,2000_13_PHI_WAS,PHI,WAS,0,61,289.0,1753,3,23,20,1
2000,13,2000_13_PHI_WAS,WAS,PHI,1,61,316.0,1847,1,20,23,0
2000,13,2000_13_PIT_CIN,CIN,PIT,1,63,304.0,1751,2,28,48,0
2000,13,2000_13_PIT_CIN,PIT,CIN,0,63,364.0,2023,1,48,28,1
2000,13,2000_13_TEN_JAX,JAX,TEN,1,56,334.0,1759,2,16,13,1
2000,13,2000_13_TEN_JAX,TEN,JAX,0,57,334.0,1841,0,13,16,0
2000,14,2000_14_ARI_CIN,ARI,CIN,0,64,340.0,1452,1,13,24,0
2000,14,2000_14_ARI_CIN,CIN,ARI,1,76,385.0,2148,2,24,13,1
2000,14,2000_14_CLE_JAX,CLE,JAX,0,41,49.0,1369,1,0,48,0
2000,14,2000_14_CLE_JAX,JAX,CLE,1,78,415.0,2231,0,48,0,1
2000,14,2000_14_DAL_TB,DAL,TB,0,63,266.0,1889,5,7,27,0
2000,14,2000_14_DAL_TB,TB,DAL,1,51,281.0,1921,0,27,7,1
2000,14,2000_14_DEN_NO,DEN,NO,0,66,483.0,2103,0,38,23,1
2000,14,2000_14_DEN_NO,NO,DEN,1,60,446.0,1497,3,23,38,0
2000,14,2000_14_DET_MIN,DET,MIN,0,64,347.0,2094,2,17,24,0
2000,14,2000_14_DET_MIN,MIN,DET,1,57,305.0,1506,2,24,17,1
2000,14,2000_14_GB_CHI,CHI,GB,1,68,330.0,1787,2,6,28,0
2000,14,2000_14_GB_CHI,GB,CHI,0,60,304.0,2012,0,28,6,1
2000,14,2000_14_IND_NYJ,IND,NYJ,0,66,375.0,1115,3,17,27,0
2000,14,2000_14_IND_NYJ,NYJ,IND,1,79,487.0,2485,1,27,17,1
2000,14,2000_14_KC_NE,KC,NE,0,65,418.0,1398,3,24,30,0
2000,14,2000_14_KC_NE,NE,KC,1,81,368.0,2202,1,30,24,1
2000,14,2000_14_MIA_BUF,BUF,MIA,1,59,193.0,1745,3,6,33,0
2000,14,2000_14_MIA_BUF,MIA,BUF,0,56,325.0,2029,1,33,6,1
2000,14,2000_14_NYG_WAS,NYG,WAS,0,65,305.0,1998,3,9,7,1
2000,14,2000_14_NYG_WAS,WAS,NYG,1,62,290.0,1602,2,7,9,0
2000,14,2000_14_OAK_PIT,LV,PIT,0,66,387.0,1806,2,20,21,0
2000,14,2000_14_OAK_PIT,PIT,LV,1,63,311.0,1913,1,21,20,1
2000,14,2000_14_SEA_ATL,ATL,SEA,1,61,301.0,1775,4,10,30,0
2000,14,2000_14_SEA_ATL,SEA,ATL,0,57,329.0,1955,0,30,10,1
2000,14,2000_14_SF_SD,LAC,SF,1,61,294.0,1572,5,17,45,0
2000,14,2000_14_SF_SD,SF,LAC,0,64,387.0,2192,0,45,17,1
2000,14,2000_14_STL_CAR,CAR,LA,1,67,228.0,2367,3,16,3,1
2000,14,2000_14_STL_CAR,LA,CAR,0,54,278.0,1325,6,3,16,0
2000,14,2000_14_TEN_PHI,PHI,TEN,1,53,262.0,1278,0,13,15,0
2000,14,2000_14_TEN_PHI,TEN,PHI,0,77,331.0,2322,1,15,13,1
2000,15,2000_15_ARI_JAX,ARI,JAX,0,49,189.0,1504,1,10,44,0
2000,15,2000_15_ARI_JAX,JAX,ARI,1,65,466.0,2096,0,44,10,1
2000,15,2000_15_BUF_IND,BUF,IND,0,67,296.0,1912,3,20,44,0
2000,15,2000_15_BUF_IND,IND,BUF,1,56,223.0,2098,0,44,20,1
2000,15,2000_15_CAR_KC,CAR,KC,0,53,257.0,1674,1,14,15,0
2000,15,2000_15_CAR_KC,KC,CAR,1,71,453.0,1926,4,15,14,1
2000,15,2000_15_CIN_TEN,CIN,TEN,0,55,171.0,1512,0,3,35,0
2000,15,2000_15_CIN_TEN,TEN,CIN,1,70,442.0,2088,1,35,3,1
2000,15,2000_15_DET_GB,DET,GB,0,63,293.0,1726,5,13,26,0
2000,15,2000_15_DET_GB,GB,DET,1,70,330.0,1874,2,26,13,1
2000,15,2000_15_MIN_STL,LA,MIN,1,66,488.0,2064,0,40,29,1
2000,15,2000_15_MIN_STL,MIN,LA,0,55,301.0,1536,0,29,40,0
2000,15,2000_15_NE_CHI,CHI,NE,1,66,324.0,2230,1,24,17,1
2000,15,2000_15_NE_CHI,NE,CHI,0,61,245.0,1370,0,17,24,0
2000,15,2000_15_NO_SF,NO,SF,0,73,390.0,1966,0,31,27,1
2000,15,2000_15_NO_SF,SF,NO,1,61,390.0,1634,3,27,31,0
2000,15,2000_15_NYJ_OAK,LV,NYJ,1,62,326.0,2064,1,31,7,1
2000,15,2000_15_NYJ_OAK,NYJ,LV,0,68,300.0,1699,4,7,31,0
2000,15,2000_15_PHI_CLE,CLE,PHI,1,76,418.0,2057,4,24,35,0
2000,15,2000_15_PHI_CLE,PHI,CLE,0,55,361.0,1543,2,35,24,1
2000,15,2000_15_PIT_NYG,NYG,PIT,1,61,394.0,1934,0,30,10,1
2000,15,2000_15_PIT_NYG,PIT,NYG,0,54,253.0,1666,1,10,30,0
2000,15,2000_15_SD_BAL,BAL,LAC,1,67,276.0,2256,4,24,3,1
2000,15,2000_15_SD_BAL,LAC,BAL,0,51,128.0,1344,4,3,24,0
2000,15,2000_15_SEA_DEN,DEN,SEA,1,62,313.0,1895,1,31,24,1
2000,15,2000_15_SEA_DEN,SEA,DEN,0,66,405.0,1888,4,24,31,0
2000,15,2000_15_TB_MIA,MIA,TB,1,55,254.0,1690,5,13,16,0
2000,15,2000_15_TB_MIA,TB,MIA,0,56,220.0,2141,1,16,13,1
2000,15,2000_15_WAS_DAL,DAL,WAS,1,55,314.0,1860,0,32,13,1
2000,15,2000_15_WAS_DAL,WAS,DAL,0,59,267.0,1740,2,13,32,0
2000,16,2000_16_ATL_NO,ATL,NO,0,46,163.0,1526,3,7,23,0
2000,16,2000_16_ATL_NO,NO,ATL,1,66,373.0,2475,1,23,7,1
2000,16,2000_16_BAL_ARI,ARI,BAL,1,67,306.0,1683,4,7,13,0
2000,16,2000_16_BAL_ARI,BAL,ARI,0,63,214.0,1917,2,13,7,1
2000,16,2000_16_CHI_SF,CHI,SF,0,46,93.0,1252,1,0,17,0
2000,16,2000_16_CHI_SF,SF,CHI,1,75,451.0,2592,1,17,0,1
2000,16,2000_16_DEN_KC,DEN,KC,0,51,291.0,1526,2,7,20,0
2000,16,2000_16_DEN_KC,KC,DEN,1,68,424.0,2074,1,20,7,1
2000,16,2000_16_DET_NYJ,DET,NYJ,0,67,288.0,2058,1,10,7,1
2000,16,2000_16_DET_NYJ,NYJ,DET,1,54,234.0,1699,2,7,10,0
2000,16,2000_16_GB_MIN,GB,MIN,0,69,416.0,2141,0,33,28,1
2000,16,2000_16_GB_MIN,MIN,GB,1,55,397.0,1459,2,28,33,0
2000,16,2000_16_IND_MIA,IND,MIA,0,63,323.0,2030,2,20,13,1
2000,16,2000_16_IND_MIA,MIA,IND,1,55,266.0,1570,2,13,20,0
2000,16,2000_16_JAX_CIN,CIN,JAX,1,52,261.0,1715,3,17,14,1
2000,16,2000_16_JAX_CIN,JAX,CIN,0,63,276.0,2235,2,14,17,0
2000,16,2000_16_NE_BUF,BUF,NE,1,71,345.0,2146,1,10,13,0
2000,16,2000_16_NE_BUF,NE,BUF,0,75,331.0,2656,0,13,10,1
2000,16,2000_16_NYG_DAL,DAL,NYG,1,59,145.0,1884,3,13,17,0
2000,16,2000_16_NYG_DAL,NYG,DAL,0,57,225.0,1716,1,17,13,1
2000,16,2000_16_OAK_SEA,LV,SEA,0,60,361.0,1866,3,24,27,0
2000,16,2000_16_OAK_SEA,SEA,LV,1,67,317.0,1734,2,27,24,1
2000,16,2000_16_SD_CAR,CAR,LAC,1,58,164.0,1636,1,30,22,1
2000,16,2000_16_SD_CAR,LAC,CAR,0,78,343.0,2226,2,22,30,0
2000,16,2000_16_STL_TB,LA,TB,0,56,371.0,1711,3,35,38,0
2000,16,2000_16_STL_TB,TB,LA,1,70,431.0,1889,2,38,35,1
2000,16,2000_16_TEN_CLE,CLE,TEN,1,49,113.0,1267,1,0,24,0
2000,16,2000_16_TEN_CLE,TEN,CLE,0,67,293.0,2269,2,24,0,1
2000,16,2000_16_WAS_PIT,PIT,WAS,1,66,341.0,2140,1,24,3,1
2000,16,2000_16_WAS_PIT,WAS,PIT,0,56,271.0,1493,5,3,24,0
2000,17,2000_17_ARI_WAS,ARI,WAS,0,53,245.0,1387,5,3,20,0
2000,17,2000_17_ARI_WAS,WAS,ARI,1,67,309.0,2287,2,20,3,1
2000,17,2000_17_BUF_SEA,BUF,SEA,0,60,581.0,1976,2,42,23,1
2000,17,2000_17_BUF_SEA,SEA,BUF,1,61,312.0,1624,4,23,42,0
2000,17,2000_17_CAR_OAK,CAR,LV,0,50,286.0,1296,4,9,52,0
2000,17,2000_17_CAR_OAK,LV,CAR,1,71,409.0,2683,0,52,9,1
2000,17,2000_17_CHI_DET,CHI,DET,0,56,286.0,1974,2,23,20,1
2000,17,2000_17_CHI_DET,DET,CHI,1,67,240.0,1864,2,20,23,0
2000,17,2000_17_CIN_PHI,CIN,PHI,0,61,263.0,1370,3,7,16,0
2000,17,2000_17_CIN_PHI,PHI,CIN,1,77,321.0,2230,4,16,7,1
2000,17,2000_17_DAL_TEN,DAL,TEN,0,53,95.0,1526,6,0,31,0
2000,17,2000_17_DAL_TEN,TEN,DAL,1,67,321.0,2454,3,31,0,1
2000,17,2000_17_JAX_NYG,JAX,NYG,0,62,329.0,1539,2,25,28,0
2000,17,2000_17_JAX_NYG,NYG,JAX,1,73,373.0,2061,1,28,25,1
2000,17,2000_17_KC_ATL,ATL,KC,1,68,288.0,2478,0,29,13,1
2000,17,2000_17_KC_ATL,KC,ATL,0,49,259.0,1122,1,13,29,0
2000,17,2000_17_MIA_NE,MIA,NE,0,71,293.0,2139,0,27,24,1
2000,17,2000_17_MIA_NE,NE,MIA,1,57,348.0,1461,3,24,27,0
2000,17,2000_17_MIN_IND,IND,MIN,1,65,411.0,2039,1,31,10,1
2000,17,2000_17_MIN_IND,MIN,IND,0,50,236.0,1561,1,10,31,0
2000,17,2000_17_NYJ_BAL,BAL,NYJ,1,56,144.0,2139,2,34,20,1
2000,17,2000_17_NYJ_BAL,NYJ,BAL,0,90,524.0,1934,6,20,34,0
2000,17,2000_17_PIT_SD,LAC,PIT,1,46,160.0,1527,2,21,34,0
2000,17,2000_17_PIT_SD,PIT,LAC,0,76,316.0,2361,2,34,21,1
2000,17,2000_17_SF_DEN,DEN,SF,1,75,355.0,2167,1,38,9,1
2000,17,2000_17_SF_DEN,SF,DEN,0,60,185.0,1433,2,9,38,0
2000,17,2000_17_STL_NO,LA,NO,0,71,463.0,2262,1,26,21,1
2000,17,2000_17_STL_NO,NO,LA,1,48,269.0,1889,1,21,26,0
2000,17,2000_17_TB_GB,GB,TB,1,80,302.0,2275,4,17,14,1
2000,17,2000_17_TB_GB,TB,GB,0,71,274.0,1716,0,14,17,0
2001,1,2001_01_ATL_SF,ATL,SF,0,55,241.0,1827,0,13,16,0
2001,1,2001_01_ATL_SF,SF,ATL,1,70,429.0,2017,1,16,13,1
2001,1,2001_01_CAR_MIN,CAR,MIN,0,62,291.0,2005,2,24,13,1
2001,1,2001_01_CAR_MIN,MIN,CAR,1,65,343.0,1595,5,13,24,0
2001,1,2001_01_CHI_BAL,BAL,CHI,1,60,316.0,1518,2,17,6,1
2001,1,2001_01_CHI_BAL,CHI,BAL,0,68,189.0,2082,2,6,17,0
2001,1,2001_01_DET_GB,DET,GB,0,66,288.0,1552,3,6,28,0
2001,1,2001_01_DET_GB,GB,DET,1,60,424.0,1995,1,28,6,1
2001,1,2001_01_IND_NYJ,IND,NYJ,0,63,376.0,2239,3,45,24,1
2001,1,2001_01_IND_NYJ,NYJ,IND,1,61,330.0,1870,2,24,45,0
2001,1,2001_01_MIA_TEN,MIA,TEN,0,53,307.0,1977,1,31,23,1
2001,1,2001_01_MIA_TEN,TEN,MIA,1,67,315.0,1780,4,23,31,0
2001,1,2001_01_NE_CIN,CIN,NE,1,61,353.0,1857,1,23,17,1
2001,1,2001_01_NE_CIN,NE,CIN,0,63,292.0,1743,0,17,23,0
2001,1,2001_01_NO_BUF,BUF,NO,1,61,251.0,1947,3,6,24,0
2001,1,2001_01_NO_BUF,NO,BUF,0,58,301.0,1653,0,24,6,1
2001,1,2001_01_NYG_DEN,DEN,NYG,1,65,473.0,2079,0,31,20,1
2001,1,2001_01_NYG_DEN,NYG,DEN,0,56,308.0,1521,0,20,31,0
2001,1,2001_01_OAK_KC,KC,LV,1,55,254.0,1410,3,24,27,0
2001,1,2001_01_OAK_KC,LV,KC,0,77,429.0,2277,3,27,24,1
2001,1,2001_01_PIT_JAX,JAX,PIT,1,56,299.0,1730,0,21,3,1
2001,1,2001_01_PIT_JAX,PIT,JAX,0,68,281.0,1870,4,3,21,0
2001,1,2001_01_SEA_CLE,CLE,SEA,1,61,239.0,1792,1,6,9,0
2001,1,2001_01_SEA_CLE,SEA,CLE,0,65,251.0,1808,2,9,6,1
2001,1,2001_01_STL_PHI,LA,PHI,0,69,364.0,2112,2,20,17,1
2001,1,2001_01_STL_PHI,PHI,LA,1,71,334.0,1964,3,17,20,0
2001,1,2001_01_TB_DAL,DAL,TB,1,44,127.0,1408,3,6,10,0
2001,1,2001_01_TB_DAL,TB,DAL,0,69,263.0,2239,2,10,6,1
2001,1,2001_01_WAS_SD,LAC,WAS,1,65,255.0,2299,4,30,3,1
2001,1,2001_01_WAS_SD,WAS,LAC,0,52,161.0,1406,4,3,30,0
2001,2,2001_02_BAL_CIN,BAL,CIN,0,86,382.0,1958,7,10,21,0
2001,2,2001_02_BAL_CIN,CIN,BAL,1,55,203.0,1777,0,21,10,1
2001,2,2001_02_BUF_IND,BUF,IND,0,64,374.0,1967,1,26,42,0
2001,2,2001_02_BUF_IND,IND,BUF,1,60,555.0,1763,3,42,26,1
2001,2,2001_02_CAR_ATL,ATL,CAR,1,46,377.0,1643,2,24,16,1
2001,2,2001_02_CAR_ATL,CAR,ATL,0,64,359.0,1957,1,16,24,0
2001,2,2001_02_DEN_ARI,ARI,DEN,1,49,308.0,1557,3,17,38,0
2001,2,2001_02_DEN_ARI,DEN,ARI,0,70,383.0,2043,0,38,17,1
2001,2,2001_02_DET_CLE,CLE,DET,1,60,257.0,1877,2,24,14,1
2001,2,2001_02_DET_CLE,DET,CLE,0,65,271.0,1770,7,14,24,0
2001,2,2001_02_MIN_CHI,CHI,MIN,1,57,284.0,1801,1,17,10,1
2001,2,2001_02_MIN_CHI,MIN,CHI,0,65,319.0,1799,2,10,17,0
2001,2,2001_02_NYG_KC,KC,NYG,1,55,266.0,1733,1,3,13,0
2001,2,2001_02_NYG_KC,NYG,KC,0,66,299.0,1950,3,13,3,1
2001,2,2001_02_NYJ_NE,NE,NYJ,1,65,308.0,1852,4,3,10,0
2001,2,2001_02_NYJ_NE,NYJ,NE,0,57,238.0,1748,0,10,3,1
2001,2,2001_02_OAK_MIA,LV,MIA,0,53,216.0,1666,0,15,18,0
2001,2,2001_02_OAK_MIA,MIA,LV,1,70,361.0,1990,2,18,15,1
2001,2,2001_02_PHI_SEA,PHI,SEA,0,73,344.0,1956,1,27,3,1
2001,2,2001_02_PHI_SEA,SEA,PHI,1,57,147.0,1644,1,3,27,0
2001,2,2001_02_SD_DAL,DAL,LAC,1,52,289.0,1321,5,21,32,0
2001,2,2001_02_SD_DAL,LAC,DAL,0,78,475.0,2279,1,32,21,1
2001,2,2001_02_STL_SF,LA,SF,0,63,427.0,1796,3,30,26,1
2001,2,2001_02_STL_SF,SF,LA,1,61,232.0,1804,1,26,30,0
2001,2,2001_02_TEN_JAX,JAX,TEN,1,60,329.0,1847,2,13,6,1
2001,2,2001_02_TEN_JAX,TEN,JAX,0,62,264.0,1787,0,6,13,0
2001,2,2001_02_WAS_GB,GB,WAS,1,72,386.0,2240,1,37,0,1
2001,2,2001_02_WAS_GB,WAS,GB,0,44,137.0,1375,3,0,37,0
2001,3,2001_03_ATL_ARI,ARI,ATL,1,54,335.0,1340,4,14,34,0
2001,3,2001_03_ATL_ARI,ATL,ARI,0,64,379.0,2260,0,34,14,1
2001,3,2001_03_BAL_DEN,BAL,DEN,0,64,333.0,1818,1,20,13,1
2001,3,2001_03_BAL_DEN,DEN,BAL,1,62,228.0,1782,3,13,20,0
2001,3,2001_03_CIN_SD,CIN,LAC,0,60,237.0,1795,4,14,28,0
2001,3,2001_03_CIN_SD,LAC,CIN,1,56,245.0,1849,0,28,14,1
2001,3,2001_03_CLE_JAX,CLE,JAX,0,73,321.0,2190,3,23,14,1
2001,3,2001_03_CLE_JAX,JAX,CLE,1,58,259.0,1510,2,14,23,0
2001,3,2001_03_DAL_PHI,DAL,PHI,0,64,242.0,1771,5,18,40,0
2001,3,2001_03_DAL_PHI,PHI,DAL,1,60,276.0,1780,3,40,18,1
2001,3,2001_03_GB_CAR,CAR,GB,1,50,169.0,1467,3,7,28,0
2001,3,2001_03_GB_CAR,GB,CAR,0,71,385.0,2133,2,28,7,1
2001,3,2001_03_IND_NE,IND,NE,0,71,322.0,1687,4,13,44,0
2001,3,2001_03_IND_NE,NE,IND,1,63,336.0,2221,0,44,13,1
2001,3,2001_03_KC_WAS,KC,WAS,0,69,546.0,2112,0,45,13,1
2001,3,2001_03_KC_WAS,WAS,KC,1,48,218.0,1488,1,13,45,0
2001,3,2001_03_MIA_STL,LA,MIA,1,59,441.0,1912,0,42,10,1
2001,3,2001_03_MIA_STL,MIA,LA,0,54,253.0,1688,4,10,42,0
2001,3,2001_03_NO_NYG,NO,NYG,0,80,330.0,1949,1,13,21,0
2001,3,2001_03_NO_NYG,NYG,NO,1,51,253.0,1651,1,21,13,1
2001,3,2001_03_PIT_BUF,BUF,PIT,1,53,172.0,1610,2,3,20,0
2001,3,2001_03_PIT_BUF,PIT,BUF,0,55,270.0,1974,0,20,3,1
2001,3,2001_03_SEA_OAK,LV,SEA,1,58,344.0,1822,2,38,14,1
2001,3,2001_03_SEA_OAK,SEA,LV,0,70,348.0,1802,2,14,38,0
2001,3,2001_03_SF_NYJ,NYJ,SF,1,50,268.0,1432,0,17,19,0
2001,3,2001_03_SF_NYJ,SF,NYJ,0,65,359.0,2168,1,19,17,1
2001,3,2001_03_TB_MIN,MIN,TB,1,69,402.0,2175,2,20,16,1
2001,3,2001_03_TB_MIN,TB,MIN,0,51,331.0,1425,1,16,20,0
2001,4,2001_04_ARI_PHI,ARI,PHI,0,61,329.0,1909,1,21,20,1
2001,4,2001_04_ARI_PHI,PHI,ARI,1,61,440.0,1745,2,20,21,0
2001,4,2001_04_CAR_SF,CAR,SF,0,64,336.0,1769,3,14,24,0
2001,4,2001_04_CAR_SF,SF,CAR,1,67,353.0,1897,1,24,14,1
2001,4,2001_04_CHI_ATL,ATL,CHI,1,61,335.0,1992,5,3,31,0
2001,4,2001_04_CHI_ATL,CHI,ATL,0,52,300.0,1963,2,31,3,1
2001,4,2001_04_CIN_PIT,CIN,PIT,0,57,214.0,1566,1,7,16,0
2001,4,2001_04_CIN_PIT,PIT,CIN,1,66,413.0,2034,2,16,7,1
2001,4,2001_04_DAL_OAK,DAL,LV,0,58,231.0,1729,1,21,28,0
2001,4,2001_04_DAL_OAK,LV,DAL,1,63,308.0,1871,1,28,21,1
2001,4,2001_04_GB_TB,GB,TB,0,58,322.0,1691,3,10,14,0
2001,4,2001_04_GB_TB,TB,GB,1,53,253.0,2164,1,14,10,1
2001,4,2001_04_JAX_SEA,JAX,SEA,0,64,256.0,1614,2,15,24,0
2001,4,2001_04_JAX_SEA,SEA,JAX,1,61,395.0,1986,2,24,15,1
2001,4,2001_04_KC_DEN,DEN,KC,1,61,300.0,1872,1,20,6,1
2001,4,2001_04_KC_DEN,KC,DEN,0,61,297.0,1728,4,6,20,0
2001,4,2001_04_MIN_NO,MIN,NO,0,52,342.0,1545,3,15,28,0
2001,4,2001_04_MIN_NO,NO,MIN,1,68,370.0,2318,1,28,15,1
2001,4,2001_04_NE_MIA,MIA,NE,1,65,296.0,2305,2,30,10,1
2001,4,2001_04_NE_MIA,NE,MIA,0,51,149.0,1419,2,10,30,0
2001,4,2001_04_NYJ_BUF,BUF,NYJ,1,81,473.0,1879,5,36,42,0
2001,4,2001_04_NYJ_BUF,NYJ,BUF,0,57,335.0,1833,0,42,36,1
2001,4,2001_04_SD_CLE,CLE,LAC,1,62,278.0,1805,1,20,16,1
2001,4,2001_04_SD_CLE,LAC,CLE,0,64,269.0,1795,0,16,20,0
2001,4,2001_04_STL_DET,DET,LA,1,58,334.0,1729,3,0,35,0
2001,4,2001_04_STL_DET,LA,DET,0,59,378.0,2109,1,35,0,1
2001,4,2001_04_TEN_BAL,BAL,TEN,1,73,460.0,2162,0,26,7,1
2001,4,2001_04_TEN_BAL,TEN,BAL,0,53,185.0,1528,2,7,26,0
2001,4,2001_04_WAS_NYG,NYG,WAS,1,76,309.0,2321,4,23,9,1
2001,4,2001_04_WAS_NYG,WAS,NYG,0,52,181.0,1289,5,9,23,0
2001,5,2001_05_ARI_CHI,ARI,CHI,0,63,288.0,1769,1,13,20,0
2001,5,2001_05_ARI_CHI,CHI,ARI,1,53,253.0,1973,3,20,13,1
2001,5,2001_05_BAL_GB,BAL,GB,0,67,357.0,1649,4,23,31,0
2001,5,2001_05_BAL_GB,GB,BAL,1,60,391.0,2089,1,31,23,1
2001,5,2001_05_CLE_CIN,CIN,CLE,1,81,402.0,2183,0,24,14,1
2001,5,2001_05_CLE_CIN,CLE,CIN,0,50,211.0,1520,1,14,24,0
2001,5,2001_05_DEN_SEA,DEN,SEA,0,59,281.0,1732,3,21,34,0
2001,5,2001_05_DEN_SEA,SEA,DEN,1,60,254.0,2215,1,34,21,1
2001,5,2001_05_DET_MIN,DET,MIN,0,66,457.0,1731,1,26,31,0
2001,5,2001_05_DET_MIN,MIN,DET,1,60,343.0,1869,1,31,26,1
2001,5,2001_05_MIA_NYJ,MIA,NYJ,0,66,348.0,2030,4,17,21,0
2001,5,2001_05_MIA_NYJ,NYJ,MIA,1,50,268.0,1570,0,21,17,1
2001,5,2001_05_NO_CAR,CAR,NO,1,62,218.0,1808,4,25,27,0
2001,5,2001_05_NO_CAR,NO,CAR,0,81,358.0,1906,2,27,25,1
2001,5,2001_05_NYG_STL,LA,NYG,1,69,315.0,1899,4,15,14,1
2001,5,2001_05_NYG_STL,NYG,LA,0,59,324.0,1701,2,14,15,0
2001,5,2001_05_OAK_IND,IND,LV,1,70,352.0,1868,2,18,23,0
2001,5,2001_05_OAK_IND,LV,IND,0,65,317.0,1836,1,23,18,1
2001,5,2001_05_PIT_KC,KC,PIT,1,62,273.0,1616,1,17,20,0
2001,5,2001_05_PIT_KC,PIT,KC,0,63,316.0,2119,0,20,17,1
2001,5,2001_05_SD_NE,LAC,NE,0,62,343.0,1875,1,26,29,0
2001,5,2001_05_SD_NE,NE,LAC,1,81,374.0,2330,1,29,26,1
2001,5,2001_05_SF_ATL,ATL,SF,1,63,344.0,1907,1,31,37,0
2001,5,2001_05_SF_ATL,SF,ATL,0,77,517.0,2217,2,37,31,1
2001,5,2001_05_TB_TEN,TB,TEN,0,68,306.0,1565,1,28,31,0
2001,5,2001_05_TB_TEN,TEN,TB,1,70,367.0,2193,1,31,28,1
2001,5,2001_05_WAS_DAL,DAL,WAS,1,74,386.0,2205,1,9,7,1
2001,5,2001_05_WAS_DAL,WAS,DAL,0,46,226.0,1395,1,7,9,0
2001,6,2001_06_ATL_NO,ATL,NO,0,53,297.0,1812,2,20,13,1
2001,6,2001_06_ATL_NO,NO,ATL,1,68,276.0,1815,1,13,20,0
2001,6,2001_06_BAL_CLE,BAL,CLE,0,80,323.0,2043,3,14,24,0
2001,6,2001_06_BAL_CLE,CLE,BAL,1,49,219.0,1557,0,24,14,1
2001,6,2001_06_BUF_JAX,BUF,JAX,0,67,317.0,2134,0,13,10,1
2001,6,2001_06_BUF_JAX,JAX,BUF,1,51,247.0,1466,2,10,13,0
2001,6,2001_06_CAR_WAS,CAR,WAS,0,61,342.0,1959,4,14,17,0
2001,6,2001_06_CAR_WAS,WAS,CAR,1,59,443.0,1887,2,17,14,1
2001,6,2001_06_CHI_CIN,CHI,CIN,0,62,435.0,1954,1,24,0,1
2001,6,2001_06_CHI_CIN,CIN,CHI,1,69,264.0,1646,1,0,24,0
2001,6,2001_06_DEN_SD,DEN,LAC,0,66,263.0,1617,3,10,27,0
2001,6,2001_06_DEN_SD,LAC,DEN,1,67,379.0,1983,2,27,10,1
2001,6,2001_06_GB_MIN,GB,MIN,0,52,234.0,1543,2,13,35,0
2001,6,2001_06_GB_MIN,MIN,GB,1,66,379.0,2260,1,35,13,1
2001,6,2001_06_KC_ARI,ARI,KC,1,62,363.0,1976,2,24,16,1
2001,6,2001_06_KC_ARI,KC,ARI,0,65,459.0,1624,2,16,24,0
2001,6,2001_06_NE_IND,IND,NE,1,73,486.0,2005,2,17,38,0
2001,6,2001_06_NE_IND,NE,IND,0,51,385.0,1595,0,38,17,1
2001,6,2001_06_PHI_NYG,NYG,PHI,1,67,238.0,2120,1,9,10,0
2001,6,2001_06_PHI_NYG,PHI,NYG,0,50,215.0,1480,1,10,9,1
2001,6,2001_06_PIT_TB,PIT,TB,0,54,344.0,1742,3,17,10,1
2001,6,2001_06_PIT_TB,TB,PIT,1,69,278.0,1858,1,10,17,0
2001,6,2001_06_STL_NYJ,LA,NYJ,0,66,448.0,2067,2,34,14,1
2001,6,2001_06_STL_NYJ,NYJ,LA,1,52,266.0,1970,1,14,34,0
2001,6,2001_06_TEN_DET,DET,TEN,1,65,363.0,1716,2,24,27,0
2001,6,2001_06_TEN_DET,TEN,DET,0,71,331.0,2050,2,27,24,1
2001,7,2001_07_ARI_DAL,ARI,DAL,0,65,292.0,1812,4,3,17,0
2001,7,2001_07_ARI_DAL,DAL,ARI,1,56,225.0,1851,2,17,3,1
2001,7,2001_07_BUF_SD,BUF,LAC,0,68,396.0,1847,2,24,27,0
2001,7,2001_07_BUF_SD,LAC,BUF,1,54,338.0,1833,0,27,24,1
2001,7,2001_07_CIN_DET,CIN,DET,0,65,412.0,1952,2,31,27,1
2001,7,2001_07_CIN_DET,DET,CIN,1,62,278.0,1648,3,27,31,0
2001,7,2001_07_IND_KC,IND,KC,0,67,375.0,1959,1,35,28,1
2001,7,2001_07_IND_KC,KC,IND,1,70,417.0,1641,3,28,35,0
2001,7,2001_07_JAX_BAL,BAL,JAX,1,70,305.0,2024,1,18,17,1
2001,7,2001_07_JAX_BAL,JAX,BAL,0,55,365.0,1576,1,17,18,0
2001,7,2001_07_MIA_SEA,MIA,SEA,0,55,289.0,1735,3,24,20,1
2001,7,2001_07_MIA_SEA,SEA,MIA,1,62,302.0,1865,3,20,24,0
2001,7,2001_07_MIN_TB,MIN,TB,0,50,197.0,1316,1,14,41,0
2001,7,2001_07_MIN_TB,TB,MIN,1,72,446.0,2284,1,41,14,1
2001,7,2001_07_NE_DEN,DEN,NE,1,61,355.0,1838,2,31,20,1
2001,7,2001_07_NE_DEN,NE,DEN,0,65,300.0,1851,5,20,31,0
2001,7,2001_07_NO_STL,LA,NO,1,66,474.0,1815,8,31,34,0
2001,7,2001_07_NO_STL,NO,LA,0,63,320.0,1785,2,34,31,1
2001,7,2001_07_NYG_WAS,NYG,WAS,0,72,388.0,1797,2,21,35,0
2001,7,2001_07_NYG_WAS,WAS,NYG,1,60,355.0,1904,0,35,21,1
2001,7,2001_07_NYJ_CAR,CAR,NYJ,1,56,162.0,1796,1,12,13,0
2001,7,2001_07_NYJ_CAR,NYJ,CAR,0,70,358.0,2407,4,13,12,1
2001,7,2001_07_OAK_PHI,LV,PHI,0,74,354.0,2409,0,20,10,1
2001,7,2001_07_OAK_PHI,PHI,LV,1,47,195.0,1191,0,10,20,0
2001,7,2001_07_SF_CHI,CHI,SF,1,78,366.0,1742,3,37,31,1
2001,7,2001_07_SF_CHI,SF,CHI,0,60,350.0,2226,2,31,37,0
2001,7,2001_07_TEN_PIT,PIT,TEN,1,66,405.0,2057,0,34,7,1
2001,7,2001_07_TEN_PIT,TEN,PIT,0,50,214.0,1543,4,7,34,0
2001,8,2001_08_BAL_PIT,BAL,PIT,0,51,183.0,1469,1,13,10,1
2001,8,2001_08_BAL_PIT,PIT,BAL,1,74,348.0,2131,1,10,13,0
2001,8,2001_08_CAR_MIA,CAR,MIA,0,57,281.0,1744,1,6,23,0
2001,8,2001_08_CAR_MIA,MIA,CAR,1,63,337.0,1866,1,23,6,1
2001,8,2001_08_CLE_CHI,CHI,CLE,1,87,413.0,2260,4,27,21,1
2001,8,2001_08_CLE_CHI,CLE,CHI,0,49,261.0,1593,1,21,27,0
2001,8,2001_08_DAL_NYG,DAL,NYG,0,67,324.0,2376,4,24,27,0
2001,8,2001_08_DAL_NYG,NYG,DAL,1,64,358.0,1778,5,27,24,1
2001,8,2001_08_DEN_OAK,DEN,LV,0,68,370.0,1737,2,28,38,0
2001,8,2001_08_DEN_OAK,LV,DEN,1,64,356.0,1863,1,38,28,1
2001,8,2001_08_DET_SF,DET,SF,0,49,131.0,1695,0,13,21,0
2001,8,2001_08_DET_SF,SF,DET,1,72,427.0,2313,3,21,13,1
2001,8,2001_08_IND_BUF,BUF,IND,1,60,232.0,1441,3,14,30,0
2001,8,2001_08_IND_BUF,IND,BUF,0,68,305.0,2222,0,30,14,1
2001,8,2001_08_JAX_TEN,JAX,TEN,0,54,309.0,1332,1,24,28,0
2001,8,2001_08_JAX_TEN,TEN,JAX,1,71,362.0,2268,0,28,24,1
2001,8,2001_08_KC_SD,KC,LAC,0,68,378.0,1901,1,25,20,1
2001,8,2001_08_KC_SD,LAC,KC,1,66,325.0,1699,1,20,25,0
2001,8,2001_08_NE_ATL,ATL,NE,1,57,244.0,1582,1,10,24,0
2001,8,2001_08_NE_ATL,NE,ATL,0,68,371.0,2018,2,24,10,1
2001,8,2001_08_NYJ_NO,NO,NYJ,1,62,246.0,1581,4,9,16,0
2001,8,2001_08_NYJ_NO,NYJ,NO,0,58,272.0,2090,2,16,9,1
2001,8,2001_08_PHI_ARI,ARI,PHI,1,68,327.0,1865,2,7,21,0
2001,8,2001_08_PHI_ARI,PHI,ARI,0,58,332.0,1735,1,21,7,1
2001,8,2001_08_SEA_WAS,SEA,WAS,0,48,275.0,1242,4,14,27,0
2001,8,2001_08_SEA_WAS,WAS,SEA,1,70,365.0,2358,1,27,14,1
2001,8,2001_08_TB_GB,GB,TB,1,57,352.0,1820,3,21,20,1
2001,8,2001_08_TB_GB,TB,GB,0,61,194.0,2001,0,20,21,0
2001,9,2001_09_BAL_TEN,BAL,TEN,0,55,238.0,1473,2,16,10,1
2001,9,2001_09_BAL_TEN,TEN,BAL,1,83,318.0,2127,2,10,16,0
2001,9,2001_09_BUF_NE,BUF,NE,0,60,244.0,1618,2,11,21,0
2001,9,2001_09_BUF_NE,NE,BUF,1,59,205.0,1982,3,21,11,1
2001,9,2001_09_CAR_STL,CAR,LA,0,45,146.0,1376,3,14,48,0
2001,9,2001_09_CAR_STL,LA,CAR,1,63,493.0,2277,4,48,14,1
2001,9,2001_09_CIN_JAX,CIN,JAX,0,75,352.0,1912,1,13,30,0
2001,9,2001_09_CIN_JAX,JAX,CIN,1,60,261.0,1688,0,30,13,1
2001,9,2001_09_DAL_ATL,ATL,DAL,1,52,201.0,1614,2,20,13,1
2001,9,2001_09_DAL_ATL,DAL,ATL,0,58,303.0,2252,1,13,20,0
2001,9,2001_09_GB_CHI,CHI,GB,1,73,262.0,1917,1,12,20,0
2001,9,2001_09_GB_CHI,GB,CHI,0,56,368.0,1683,2,20,12,1
2001,9,2001_09_KC_NYJ,KC,NYJ,0,60,224.0,1612,4,7,27,0
2001,9,2001_09_KC_NYJ,NYJ,KC,1,65,353.0,2020,2,27,7,1
2001,9,2001_09_MIA_IND,IND,MIA,1,61,289.0,1860,4,24,27,0
2001,9,2001_09_MIA_IND,MIA,IND,0,59,375.0,1740,2,27,24,1
2001,9,2001_09_MIN_PHI,MIN,PHI,0,62,301.0,1697,4,17,48,0
2001,9,2001_09_MIN_PHI,PHI,MIN,1,65,487.0,1903,1,48,17,1
2001,9,2001_09_NO_SF,NO,SF,0,71,490.0,1874,1,27,28,0
2001,9,2001_09_NO_SF,SF,NO,1,61,415.0,1726,0,28,27,1
2001,9,2001_09_NYG_ARI,ARI,NYG,1,53,213.0,1571,3,10,17,0
2001,9,2001_09_NYG_ARI,NYG,ARI,0,67,334.0,2029,1,17,10,1
2001,9,2001_09_OAK_SEA,LV,SEA,0,58,338.0,1529,1,27,34,0
2001,9,2001_09_OAK_SEA,SEA,LV,1,66,497.0,2071,0,34,27,1
2001,9,2001_09_PIT_CLE,CLE,PIT,1,63,187.0,1763,0,12,15,0
2001,9,2001_09_PIT_CLE,PIT,CLE,0,75,428.0,2159,1,15,12,1
2001,9,2001_09_SD_DEN,DEN,LAC,1,76,338.0,2394,2,26,16,1
2001,9,2001_09_SD_DEN,LAC,DEN,0,50,243.0,1439,4,16,26,0
2001,9,2001_09_TB_DET,DET,TB,1,68,270.0,1819,4,17,20,0
2001,9,2001_09_TB_DET,TB,DET,0,64,274.0,1847,0,20,17,1
2001,10,2001_10_ATL_GB,ATL,GB,0,78,417.0,2185,2,23,20,1
2001,10,2001_10_ATL_GB,GB,ATL,1,50,313.0,1415,4,20,23,0
2001,10,2001_10_CHI_TB,CHI,TB,0,57,274.0,1757,1,27,24,1
2001,10,2001_10_CHI_TB,TB,CHI,1,75,416.0,1843,4,24,27,0
2001,10,2001_10_CLE_BAL,BAL,CLE,1,73,350.0,1755,5,17,27,0
2001,10,2001_10_CLE_BAL,CLE,BAL,0,61,232.0,1966,3,27,17,1
2001,10,2001_10_DET_ARI,ARI,DET,1,61,417.0,1711,1,45,38,1
2001,10,2001_10_DET_ARI,DET,ARI,0,85,478.0,1949,3,38,45,0
2001,10,2001_10_IND_NO,IND,NO,0,51,339.0,1630,1,20,34,0
2001,10,2001_10_IND_NO,NO,IND,1,63,378.0,1970,0,34,20,1
2001,10,2001_10_JAX_PIT,JAX,PIT,0,52,234.0,1509,3,7,20,0
2001,10,2001_10_JAX_PIT,PIT,JAX,1,69,402.0,1897,0,20,7,1
2001,10,2001_10_NYG_MIN,MIN,NYG,1,69,359.0,2100,3,28,16,1
2001,10,2001_10_NYG_MIN,NYG,MIN,0,56,358.0,1500,2,16,28,0
2001,10,2001_10_NYJ_MIA,MIA,NYJ,1,69,254.0,2070,5,0,24,0
2001,10,2001_10_NYJ_MIA,NYJ,MIA,0,49,162.0,2152,0,24,0,1
2001,10,2001_10_PHI_DAL,DAL,PHI,1,52,213.0,1580,4,3,36,0
2001,10,2001_10_PHI_DAL,PHI,DAL,0,67,227.0,2064,1,36,3,1
2001,10,2001_10_SD_OAK,LAC,LV,0,56,250.0,1651,2,24,34,0
2001,10,2001_10_SD_OAK,LV,LAC,1,70,381.0,1949,1,34,24,1
2001,10,2001_10_SEA_BUF,BUF,SEA,1,66,372.0,1813,2,20,23,0
2001,10,2001_10_SEA_BUF,SEA,BUF,0,55,246.0,1787,0,23,20,1
2001,10,2001_10_SF_CAR,CAR,SF,1,58,280.0,1521,0,22,25,0
2001,10,2001_10_SF_CAR,SF,CAR,0,84,419.0,2075,3,25,22,1
2001,10,2001_10_STL_NE,LA,NE,0,71,482.0,2034,3,24,17,1
2001,10,2001_10_STL_NE,NE,LA,1,49,230.0,1781,3,17,24,0
2001,10,2001_10_TEN_CIN,CIN,TEN,1,63,264.0,1653,3,7,20,0
2001,10,2001_10_TEN_CIN,TEN,CIN,0,57,293.0,1947,2,20,7,1
2001,10,2001_10_WAS_DEN,DEN,WAS,1,61,186.0,1600,3,10,17,0
2001,10,2001_10_WAS_DEN,WAS,DEN,0,66,245.0,2000,2,17,10,1
2001,11,2001_11_ARI_SD,ARI,LAC,0,58,298.0,1551,2,20,17,1
2001,11,2001_11_ARI_SD,LAC,ARI,1,67,392.0,2049,1,17,20,0
2001,11,2001_11_ATL_CAR,ATL,CAR,0,64,239.0,1954,0,10,7,1
2001,11,2001_11_ATL_CAR,CAR,ATL,1,63,247.0,1646,2,7,10,0
2001,11,2001_11_BAL_JAX,BAL,JAX,0,74,361.0,2014,2,24,21,1
2001,11,2001_11_BAL_JAX,JAX,BAL,1,61,305.0,1586,0,21,24,0
2001,11,2001_11_CHI_MIN,CHI,MIN,0,52,235.0,1547,1,13,6,1
2001,11,2001_11_CHI_MIN,MIN,CHI,1,72,316.0,2053,1,6,13,0
2001,11,2001_11_CIN_CLE,CIN,CLE,0,60,191.0,1485,6,0,18,0
2001,11,2001_11_CIN_CLE,CLE,CIN,1,69,249.0,2115,4,18,0,1
2001,11,2001_11_DEN_DAL,DAL,DEN,1,53,191.0,1449,2,24,26,0
2001,11,2001_11_DEN_DAL,DEN,DAL,0,69,279.0,2194,1,26,24,1
2001,11,2001_11_GB_DET,DET,GB,1,69,362.0,1858,2,27,29,0
2001,11,2001_11_GB_DET,GB,DET,0,55,339.0,1856,2,29,27,1
2001,11,2001_11_MIA_BUF,BUF,MIA,1,64,422.0,1695,3,27,34,0
2001,11,2001_11_MIA_BUF,MIA,BUF,0,64,362.0,1905,1,34,27,1
2001,11,2001_11_NO_NE,NE,NO,1,69,432.0,2147,0,34,17,1
2001,11,2001_11_NO_NE,NO,NE,0,62,428.0,1453,2,17,34,0
2001,11,2001_11_OAK_NYG,LV,NYG,0,53,339.0,1737,0,28,10,1
2001,11,2001_11_OAK_NYG,NYG,LV,1,68,313.0,1863,0,10,28,0
2001,11,2001_11_PIT_TEN,PIT,TEN,0,64,377.0,1925,0,34,24,1
2001,11,2001_11_PIT_TEN,TEN,PIT,1,60,405.0,1765,2,24,34,0
2001,11,2001_11_SEA_KC,KC,SEA,1,74,433.0,2127,0,19,7,1
2001,11,2001_11_SEA_KC,SEA,KC,0,46,204.0,1473,0,7,19,0
2001,11,2001_11_SF_IND,IND,SF,1,84,491.0,2330,5,21,40,0
2001,11,2001_11_SF_IND,SF,IND,0,49,340.0,1320,1,40,21,1
2001,11,2001_11_TB_STL,LA,TB,1,62,347.0,1498,5,17,24,0
2001,11,2001_11_TB_STL,TB,LA,0,67,264.0,2102,2,24,17,1
2001,11,2001_11_WAS_PHI,PHI,WAS,1,49,186.0,1331,0,3,13,0
2001,11,2001_11_WAS_PHI,WAS,PHI,0,65,240.0,2269,0,13,3,1
2001,12,2001_12_ARI_OAK,ARI,LV,0,74,392.0,2006,2,34,31,1
2001,12,2001_12_ARI_OAK,LV,ARI,1,78,436.0,2043,2,31,34,0
2001,12,2001_12_BUF_SF,BUF,SF,0,51,191.0,1212,5,0,35,0
2001,12,2001_12_BUF_SF,SF,BUF,1,72,409.0,2388,0,35,0,1
2001,12,2001_12_CAR_NO,CAR,NO,0,48,150.0,1362,1,23,27,0
2001,12,2001_12_CAR_NO,NO,CAR,1,77,432.0,2238,2,27,23,1
2001,12,2001_12_DAL_WAS,DAL,WAS,0,61,337.0,2067,1,20,14,1
2001,12,2001_12_DAL_WAS,WAS,DAL,1,57,277.0,1533,1,14,20,0
2001,12,2001_12_DEN_MIA,DEN,MIA,0,66,273.0,2084,2,10,21,0
2001,12,2001_12_DEN_MIA,MIA,DEN,1,50,218.0,1750,1,21,10,1
2001,12,2001_12_DET_CHI,CHI,DET,1,68,232.0,1830,1,13,10,1
2001,12,2001_12_DET_CHI,DET,CHI,0,65,295.0,1770,1,10,13,0
2001,12,2001_12_GB_JAX,GB,JAX,0,64,389.0,1747,1,28,21,1
2001,12,2001_12_GB_JAX,JAX,GB,1,74,350.0,2248,4,21,28,0
2001,12,2001_12_IND_BAL,BAL,IND,1,71,398.0,1852,4,39,27,1
2001,12,2001_12_IND_BAL,IND,BAL,0,68,314.0,1775,4,27,39,0
2001,12,2001_12_MIN_PIT,MIN,PIT,0,49,385.0,1331,3,16,21,0
2001,12,2001_12_MIN_PIT,PIT,MIN,1,65,364.0,2269,2,21,16,1
2001,12,2001_12_NE_NYJ,NE,NYJ,0,54,264.0,1623,0,17,16,1
2001,12,2001_12_NE_NYJ,NYJ,NE,1,63,288.0,1977,2,16,17,0
2001,12,2001_12_PHI_KC,KC,PHI,1,57,291.0,1861,2,10,23,0
2001,12,2001_12_PHI_KC,PHI,KC,0,64,378.0,2097,2,23,10,1
2001,12,2001_12_SD_SEA,LAC,SEA,0,61,292.0,1764,3,10,13,0
2001,12,2001_12_SD_SEA,SEA,LAC,1,73,309.0,2219,0,13,10,1
2001,12,2001_12_STL_ATL,ATL,LA,1,71,320.0,2124,2,6,35,0
2001,12,2001_12_STL_ATL,LA,ATL,0,45,422.0,1857,0,35,6,1
2001,12,2001_12_TB_CIN,CIN,TB,1,65,201.0,1526,2,13,16,0
2001,12,2001_12_TB_CIN,TB,CIN,0,69,264.0,2458,1,16,13,1
2001,12,2001_12_TEN_CLE,CLE,TEN,1,58,284.0,1593,3,15,31,0
2001,12,2001_12_TEN_CLE,TEN,CLE,0,58,383.0,2007,0,31,15,1
2001,13,2001_13_CAR_BUF,BUF,CAR,1,68,369.0,2131,1,25,24,1
2001,13,2001_13_CAR_BUF,CAR,BUF,0,57,231.0,1515,2,24,25,0
2001,13,2001_13_CHI_GB,CHI,GB,0,52,189.0,1420,1,7,17,0
2001,13,2001_13_CHI_GB,GB,CHI,1,65,352.0,2180,1,17,7,1
2001,13,2001_13_CLE_NE,CLE,NE,0,61,277.0,1737,4,16,27,0
2001,13,2001_13_CLE_NE,NE,CLE,1,64,290.0,2147,2,27,16,1
2001,13,2001_13_DET_TB,DET,TB,0,52,253.0,1627,1,12,15,0
2001,13,2001_13_DET_TB,TB,DET,1,81,358.0,2194,2,15,12,1
2001,13,2001_13_IND_MIA,IND,MIA,0,51,254.0,1492,4,6,41,0
2001,13,2001_13_IND_MIA,MIA,IND,1,65,366.0,2108,0,41,6,1
2001,13,2001_13_JAX_CIN,CIN,JAX,1,58,200.0,1734,1,10,14,0
2001,13,2001_13_JAX_CIN,JAX,CIN,0,65,255.0,1866,1,14,10,1
2001,13,2001_13_KC_OAK,KC,LV,0,72,447.0,1980,2,26,28,0
2001,13,2001_13_KC_OAK,LV,KC,1,52,264.0,1826,4,28,26,1
2001,13,2001_13_NO_ATL,ATL,NO,1,62,230.0,2001,3,10,28,0
2001,13,2001_13_NO_ATL,NO,ATL,0,55,379.0,1599,1,28,10,1
2001,13,2001_13_NYG_DAL,DAL,NYG,1,64,289.0,2097,1,20,13,1
2001,13,2001_13_NYG_DAL,NYG,DAL,0,51,245.0,1503,1,13,20,0
2001,13,2001_13_NYJ_PIT,NYJ,PIT,0,46,220.0,1422,0,7,18,0
2001,13,2001_13_NYJ_PIT,PIT,NYJ,1,76,345.0,2213,0,18,7,1
2001,13,2001_13_SD_PHI,LAC,PHI,0,73,393.0,1832,4,14,24,0
2001,13,2001_13_SD_PHI,PHI,LAC,1,71,273.0,1887,1,24,14,1
2001,13,2001_13_SEA_DEN,DEN,SEA,1,67,309.0,1878,2,20,7,1
2001,13,2001_13_SEA_DEN,SEA,DEN,0,63,277.0,1722,2,7,20,0
2001,13,2001_13_SF_STL,LA,SF,1,76,385.0,2131,2,27,14,1
2001,13,2001_13_SF_STL,SF,LA,0,60,220.0,1469,2,14,27,0
2001,13,2001_13_TEN_MIN,MIN,TEN,1,56,496.0,1640,1,42,24,1
2001,13,2001_13_TEN_MIN,TEN,MIN,0,69,453.0,1960,2,24,42,0
2001,13,2001_13_WAS_ARI,ARI,WAS,1,57,326.0,1576,1,10,20,0
2001,13,2001_13_WAS_ARI,WAS,ARI,0,62,331.0,2024,0,20,10,1
2001,14,2001_14_ARI_NYG,ARI,NYG,0,78,285.0,2215,1,13,17,0
2001,14,2001_14_ARI_NYG,NYG,ARI,1,58,244.0,1385,0,17,13,1
2001,14,2001_14_ATL_IND,ATL,IND,0,65,316.0,1730,1,27,41,0
2001,14,2001_14_ATL_IND,IND,ATL,1,68,512.0,1870,1,41,27,1
2001,14,2001_14_CIN_NYJ,CIN,NYJ,0,56,248.0,1774,3,14,15,0
2001,14,2001_14_CIN_NYJ,NYJ,CIN,1,59,309.0,1826,0,15,14,1
2001,14,2001_14_DAL_SEA,DAL,SEA,0,58,218.0,1518,1,3,29,0
2001,14,2001_14_DAL_SEA,SEA,DAL,1,71,312.0,2100,0,29,3,1
2001,14,2001_14_DEN_KC,DEN,KC,0,70,335.0,2236,1,23,26,0
2001,14,2001_14_DEN_KC,KC,DEN,1,59,396.0,1908,3,26,23,1
2001,14,2001_14_GB_TEN,GB,TEN,0,55,223.0,1357,2,20,26,0
2001,14,2001_14_GB_TEN,TEN,GB,1,76,425.0,2243,2,26,20,1
2001,14,2001_14_JAX_CLE,CLE,JAX,1,48,220.0,1824,1,10,15,0
2001,14,2001_14_JAX_CLE,JAX,CLE,0,76,282.0,2233,4,15,10,1
2001,14,2001_14_MIA_SF,MIA,SF,0,49,174.0,1248,4,0,21,0
2001,14,2001_14_MIA_SF,SF,MIA,1,70,285.0,2352,0,21,0,1
2001,14,2001_14_MIN_DET,DET,MIN,1,69,369.0,2098,1,27,24,1
2001,14,2001_14_MIN_DET,MIN,DET,0,57,314.0,1692,2,24,27,0
2001,14,2001_14_NE_BUF,BUF,NE,1,73,310.0,1977,1,9,12,0
2001,14,2001_14_NE_BUF,NE,BUF,0,67,335.0,1968,2,12,9,1
2001,14,2001_14_OAK_SD,LAC,LV,1,63,274.0,1783,4,6,13,0
2001,14,2001_14_OAK_SD,LV,LAC,0,57,299.0,1817,2,13,6,1
2001,14,2001_14_PHI_WAS,PHI,WAS,0,59,287.0,1572,5,20,6,1
2001,14,2001_14_PHI_WAS,WAS,PHI,1,67,362.0,2052,2,6,20,0
2001,14,2001_14_PIT_BAL,BAL,PIT,1,53,207.0,1135,1,21,26,0
2001,14,2001_14_PIT_BAL,PIT,BAL,0,74,476.0,2345,0,26,21,1
2001,14,2001_14_STL_NO,LA,NO,0,61,365.0,2214,1,34,21,1
2001,14,2001_14_STL_NO,NO,LA,1,64,310.0,1708,3,21,34,0
2001,14,2001_14_TB_CHI,CHI,TB,1,72,379.0,2161,1,27,3,1
2001,14,2001_14_TB_CHI,TB,CHI,0,59,238.0,1439,4,3,27,0
2001,15,2001_15_BUF_ATL,ATL,BUF,1,70,489.0,2148,2,33,30,1
2001,15,2001_15_BUF_ATL,BUF,ATL,0,53,398.0,1498,0,30,33,0
2001,15,2001_15_CHI_WAS,CHI,WAS,0,59,237.0,1581,1,20,15,1
2001,15,2001_15_CHI_WAS,WAS,CHI,1,77,293.0,2019,2,15,20,0
2001,15,2001_15_CIN_BAL,BAL,CIN,1,70,305.0,1811,1,16,0,1
2001,15,2001_15_CIN_BAL,CIN,BAL,0,72,281.0,1789,4,0,16,0
2001,15,2001_15_CLE_GB,CLE,GB,0,63,337.0,1657,5,7,30,0
2001,15,2001_15_CLE_GB,GB,CLE,1,61,361.0,1993,1,30,7,1
2001,15,2001_15_DAL_ARI,ARI,DAL,1,52,209.0,1375,0,17,10,1
2001,15,2001_15_DAL_ARI,DAL,ARI,0,70,343.0,2234,3,10,17,0
2001,15,2001_15_DET_PIT,DET,PIT,0,52,151.0,1242,3,14,47,0
2001,15,2001_15_DET_PIT,PIT,DET,1,70,429.0,2385,0,47,14,1
2001,15,2001_15_JAX_MIN,JAX,MIN,0,62,423.0,2048,0,33,3,1
2001,15,2001_15_JAX_MIN,MIN,JAX,1,60,214.0,1552,2,3,33,0
2001,15,2001_15_MIA_NE,MIA,NE,0,58,368.0,1609,3,13,20,0
2001,15,2001_15_MIA_NE,NE,MIA,1,67,313.0,2205,0,20,13,1
2001,15,2001_15_NO_TB,NO,TB,0,54,271.0,1438,4,21,48,0
2001,15,2001_15_NO_TB,TB,NO,1,71,366.0,2213,0,48,21,1
2001,15,2001_15_NYJ_IND,IND,NYJ,1,57,395.0,1506,2,28,29,0
2001,15,2001_15_NYJ_IND,NYJ,IND,0,79,451.0,2094,2,29,28,1
2001,15,2001_15_PHI_SF,PHI,SF,0,59,292.0,1720,1,3,13,0
2001,15,2001_15_PHI_SF,SF,PHI,1,56,244.0,1880,0,13,3,1
2001,15,2001_15_SD_KC,KC,LAC,1,61,323.0,1895,2,20,17,1
2001,15,2001_15_SD_KC,LAC,KC,0,58,329.0,1705,0,17,20,0
2001,15,2001_15_SEA_NYG,NYG,SEA,1,69,420.0,1964,2,27,24,1
2001,15,2001_15_SEA_NYG,SEA,NYG,0,59,259.0,1779,2,24,27,0
2001,15,2001_15_STL_CAR,CAR,LA,1,74,402.0,1569,2,32,38,0
2001,15,2001_15_STL_CAR,LA,CAR,0,60,412.0,2116,2,38,32,1
2001,15,2001_15_TEN_OAK,LV,TEN,1,73,311.0,1824,1,10,13,0
2001,15,2001_15_TEN_OAK,TEN,LV,0,63,262.0,1776,2,13,10,1
2001,16,2001_16_ARI_CAR,ARI,CAR,0,57,331.0,1604,0,30,7,1
2001,16,2001_16_ARI_CAR,CAR,ARI,1,83,318.0,2052,2,7,30,0
2001,16,2001_16_ATL_MIA,ATL,MIA,0,72,388.0,2212,5,14,21,0
2001,16,2001_16_ATL_MIA,MIA,ATL,1,52,226.0,1437,2,21,14,1
2001,16,2001_16_BAL_TB,BAL,TB,0,68,257.0,1837,3,10,22,0
2001,16,2001_16_BAL_TB,TB,BAL,1,61,213.0,1763,0,22,10,1
2001,16,2001_16_BUF_NYJ,BUF,NYJ,0,68,368.0,2070,1,14,9,1
2001,16,2001_16_BUF_NYJ,NYJ,BUF,1,60,375.0,1530,3,9,14,0
2001,16,2001_16_CHI_DET,CHI,DET,0,61,326.0,1888,0,24,0,1
2001,16,2001_16_CHI_DET,DET,CHI,1,72,332.0,1745,5,0,24,0
2001,16,2001_16_CLE_TEN,CLE,TEN,0,59,409.0,1756,1,41,38,1
2001,16,2001_16_CLE_TEN,TEN,CLE,1,62,452.0,1844,2,38,41,0
2001,16,2001_16_IND_STL,IND,LA,0,52,261.0,1678,1,17,42,0
2001,16,2001_16_IND_STL,LA,IND,1,61,483.0,1922,1,42,17,1
2001,16,2001_16_KC_JAX,JAX,KC,1,67,431.0,1640,3,26,30,0
2001,16,2001_16_KC_JAX,KC,JAX,0,68,365.0,1960,4,30,26,1
2001,16,2001_16_MIN_GB,GB,MIN,1,51,213.0,1734,0,24,13,1
2001,16,2001_16_MIN_GB,MIN,GB,0,75,302.0,1753,4,13,24,0
2001,16,2001_16_NYG_PHI,NYG,PHI,0,68,422.0,1820,1,21,24,0
2001,16,2001_16_NYG_PHI,PHI,NYG,1,66,361.0,1780,2,24,21,1
2001,16,2001_16_OAK_DEN,DEN,LV,1,55,231.0,1770,0,23,17,1
2001,16,2001_16_OAK_DEN,LV,DEN,0,68,334.0,1830,3,17,23,0
2001,16,2001_16_PIT_CIN,CIN,PIT,1,99,544.0,2573,3,26,23,1
2001,16,2001_16_PIT_CIN,PIT,CIN,0,65,313.0,2195,5,23,26,0
2001,16,2001_16_SEA_SD,LAC,SEA,1,73,398.0,2049,2,22,25,0
2001,16,2001_16_SEA_SD,SEA,LAC,0,52,309.0,1551,0,25,22,1
2001,16,2001_16_SF_DAL,DAL,SF,1,70,420.0,2269,0,27,21,1
2001,16,2001_16_SF_DAL,SF,DAL,0,54,285.0,1331,1,21,27,0
2001,16,2001_16_WAS_NO,NO,WAS,1,55,213.0,1645,4,10,40,0
2001,16,2001_16_WAS_NO,WAS,NO,0,61,263.0,1955,1,40,10,1
2001,17,2001_17_ARI_WAS,ARI,WAS,0,44,187.0,1222,1,17,20,0
2001,17,2001_17_ARI_WAS,WAS,ARI,1,77,342.0,2407,1,20,17,1
2001,17,2001_17_ATL_STL,ATL,LA,0,56,255.0,1493,3,13,31,0
2001,17,2001_17_ATL_STL,LA,ATL,1,61,458.0,2107,3,31,13,1
2001,17,2001_17_BUF_MIA,BUF,MIA,0,59,250.0,1456,3,7,34,0
2001,17,2001_17_BUF_MIA,MIA,BUF,1,62,289.0,2262,0,34,7,1
2001,17,2001_17_CIN_TEN,CIN,TEN,0,76,436.0,1870,4,23,21,1
2001,17,2001_17_CIN_TEN,TEN,CIN,1,58,329.0,1730,1,21,23,0
2001,17,2001_17_CLE_PIT,CLE,PIT,0,49,173.0,1516,3,7,28,0
2001,17,2001_17_CLE_PIT,PIT,CLE,1,62,376.0,2100,3,28,7,1
2001,17,2001_17_DAL_DET,DAL,DET,0,53,264.0,1590,1,10,15,0
2001,17,2001_17_DAL_DET,DET,DAL,1,70,366.0,2010,0,15,10,1
2001,17,2001_17_DEN_IND,DEN,IND,0,62,219.0,1642,4,10,29,0
2001,17,2001_17_DEN_IND,IND,DEN,1,66,335.0,1958,1,29,10,1
2001,17,2001_17_GB_NYG,GB,NYG,0,57,413.0,1611,1,34,25,1
2001,17,2001_17_GB_NYG,NYG,GB,1,82,526.0,1989,3,25,34,0
2001,17,2001_17_JAX_CHI,CHI,JAX,1,70,322.0,2113,1,33,13,1
2001,17,2001_17_JAX_CHI,JAX,CHI,0,56,237.0,1487,3,13,33,0
2001,17,2001_17_KC_SEA,KC,SEA,0,65,310.0,1639,1,18,21,0
2001,17,2001_17_KC_SEA,SEA,KC,1,73,389.0,1961,2,21,18,1
2001,17,2001_17_MIN_BAL,BAL,MIN,1,71,351.0,2029,0,19,3,1
2001,17,2001_17_MIN_BAL,MIN,BAL,0,56,179.0,1482,4,3,19,0
2001,17,2001_17_NE_CAR,CAR,NE,1,65,322.0,1599,6,6,38,0
2001,17,2001_17_NE_CAR,NE,CAR,0,66,298.0,2357,3,38,6,1
2001,17,2001_17_NYJ_OAK,LV,NYJ,1,69,337.0,2022,0,22,24,0
2001,17,2001_17_NYJ_OAK,NYJ,LV,0,54,302.0,1662,3,24,22,1
2001,17,2001_17_PHI_TB,PHI,TB,0,54,296.0,1638,2,17,13,1
2001,17,2001_17_PHI_TB,TB,PHI,1,60,236.0,1962,2,13,17,0
2001,17,2001_17_SF_NO,NO,SF,1,54,126.0,1560,6,0,38,0
2001,17,2001_17_SF_NO,SF,NO,0,66,407.0,2040,1,38,0,1
2002,1,2002_01_ARI_WAS,ARI,WAS,0,57,257.0,1536,1,23,31,0
2002,1,2002_01_ARI_WAS,WAS,ARI,1,73,442.0,2064,1,31,23,1
2002,1,2002_01_ATL_GB,ATL,GB,0,57,374.0,1855,1,34,37,0
2002,1,2002_01_ATL_GB,GB,ATL,1,76,484.0,2330,1,37,34,1
2002,1,2002_01_BAL_CAR,BAL,CAR,0,55,289.0,1569,1,7,10,0
2002,1,2002_01_BAL_CAR,CAR,BAL,1,57,265.0,2031,0,10,7,1
2002,1,2002_01_DAL_HOU,DAL,HOU,0,57,267.0,1565,2,10,19,0
2002,1,2002_01_DAL_HOU,HOU,DAL,1,63,210.0,2035,1,19,10,1
2002,1,2002_01_DET_MIA,DET,MIA,0,58,257.0,1536,1,21,49,0
2002,1,2002_01_DET_MIA,MIA,DET,1,68,389.0,2064,1,49,21,1
2002,1,2002_01_IND_JAX,IND,JAX,0,60,307.0,1734,3,28,25,1
2002,1,2002_01_IND_JAX,JAX,IND,1,69,345.0,1953,1,25,28,0
2002,1,2002_01_KC_CLE,CLE,KC,1,62,411.0,1784,1,39,40,0
2002,1,2002_01_KC_CLE,KC,CLE,0,60,470.0,1816,1,40,39,1
2002,1,2002_01_MIN_CHI,CHI,MIN,1,60,368.0,1709,2,27,23,1
2002,1,2002_01_MIN_CHI,MIN,CHI,0,62,368.0,1891,3,23,27,0
2002,1,2002_01_NO_TB,NO,TB,0,78,368.0,2441,1,26,20,1
2002,1,2002_01_NO_TB,TB,NO,1,77,333.0,1889,1,20,26,0
2002,1,2002_01_NYJ_BUF,BUF,NYJ,1,75,384.0,2348,3,31,37,0
2002,1,2002_01_NYJ_BUF,NYJ,BUF,0,48,268.0,1266,1,37,31,1
2002,1,2002_01_PHI_TEN,PHI,TEN,0,64,261.0,1752,4,24,27,0
2002,1,2002_01_PHI_TEN,TEN,PHI,1,62,330.0,2012,3,27,24,1
2002,1,2002_01_PIT_NE,NE,PIT,1,63,343.0,1769,1,30,14,1
2002,1,2002_01_PIT_NE,PIT,NE,0,67,283.0,1831,5,14,30,0
2002,1,2002_01_SD_CIN,CIN,LAC,1,48,203.0,1332,1,6,34,0
2002,1,2002_01_SD_CIN,LAC,CIN,0,65,401.0,2268,0,34,6,1
2002,1,2002_01_SEA_OAK,LV,SEA,1,70,423.0,2091,2,31,17,1
2002,1,2002_01_SEA_OAK,SEA,LV,0,51,186.0,1509,0,17,31,0
2002,1,2002_01_SF_NYG,NYG,SF,1,70,353.0,1948,3,13,16,0
2002,1,2002_01_SF_NYG,SF,NYG,0,51,279.0,1652,1,16,13,1
2002,1,2002_01_STL_DEN,DEN,LA,1,57,291.0,1694,2,23,16,1
2002,1,2002_01_STL_DEN,LA,DEN,0,57,327.0,1906,2,16,23,0
2002,2,2002_02_ARI_SEA,ARI,SEA,0,59,347.0,1740,1,24,13,1
2002,2,2002_02_ARI_SEA,SEA,ARI,1,77,426.0,1860,1,13,24,0
2002,2,2002_02_BUF_MIN,BUF,MIN,0,67,468.0,1834,0,45,39,1
2002,2,2002_02_BUF_MIN,MIN,BUF,1,90,449.0,2389,3,39,45,0
2002,2,2002_02_CHI_ATL,ATL,CHI,1,62,257.0,1885,2,13,14,0
2002,2,2002_02_CHI_ATL,CHI,ATL,0,56,242.0,1715,3,14,13,1
2002,2,2002_02_CIN_CLE,CIN,CLE,0,83,357.0,1878,3,7,20,0
2002,2,2002_02_CIN_CLE,CLE,CIN,1,58,265.0,1722,0,20,7,1
2002,2,2002_02_DEN_SF,DEN,SF,0,58,299.0,1833,1,24,14,1
2002,2,2002_02_DEN_SF,SF,DEN,1,58,261.0,1767,2,14,24,0
2002,2,2002_02_DET_CAR,CAR,DET,1,63,385.0,1882,0,31,7,1
2002,2,2002_02_DET_CAR,DET,CAR,0,58,122.0,1577,3,7,31,0
2002,2,2002_02_GB_NO,GB,NO,0,66,357.0,1826,4,20,35,0
2002,2,2002_02_GB_NO,NO,GB,1,57,357.0,1841,2,35,20,1
2002,2,2002_02_HOU_SD,HOU,LAC,0,59,118.0,1656,3,3,24,0
2002,2,2002_02_HOU_SD,LAC,HOU,1,65,267.0,2007,1,24,3,1
2002,2,2002_02_JAX_KC,JAX,KC,0,65,450.0,1904,1,23,16,1
2002,2,2002_02_JAX_KC,KC,JAX,1,61,336.0,1696,2,16,23,0
2002,2,2002_02_MIA_IND,IND,MIA,1,76,432.0,1873,3,13,21,0
2002,2,2002_02_MIA_IND,MIA,IND,0,53,342.0,1727,1,21,13,1
2002,2,2002_02_NE_NYJ,NE,NYJ,0,75,432.0,2540,2,44,7,1
2002,2,2002_02_NE_NYJ,NYJ,NE,1,47,200.0,1316,2,7,44,0
2002,2,2002_02_NYG_STL,LA,NYG,1,57,352.0,1499,4,21,26,0
2002,2,2002_02_NYG_STL,NYG,LA,0,66,394.0,2146,1,26,21,1
2002,2,2002_02_OAK_PIT,LV,PIT,0,87,464.0,2363,2,30,17,1
2002,2,2002_02_OAK_PIT,PIT,LV,1,52,273.0,1226,5,17,30,0
2002,2,2002_02_PHI_WAS,PHI,WAS,0,68,451.0,2123,0,37,7,1
2002,2,2002_02_PHI_WAS,WAS,PHI,1,53,179.0,1564,3,7,37,0
2002,2,2002_02_TB_BAL,BAL,TB,1,61,173.0,1469,1,0,25,0
2002,2,2002_02_TB_BAL,TB,BAL,0,62,279.0,2485,0,25,0,1
2002,2,2002_02_TEN_DAL,DAL,TEN,1,51,297.0,1899,0,21,13,1
2002,2,2002_02_TEN_DAL,TEN,DAL,0,72,333.0,2145,1,13,21,0
2002,3,2002_03_BUF_DEN,BUF,DEN,0,60,291.0,1633,1,23,28,0
2002,3,2002_03_BUF_DEN,DEN,BUF,1,67,342.0,1903,0,28,23,1
2002,3,2002_03_CAR_MIN,CAR,MIN,0,66,370.0,2124,2,21,14,1
2002,3,2002_03_CAR_MIN,MIN,CAR,1,53,250.0,1432,5,14,21,0
2002,3,2002_03_CIN_ATL,ATL,CIN,1,63,306.0,2205,0,30,3,1
2002,3,2002_03_CIN_ATL,CIN,ATL,0,64,191.0,1395,2,3,30,0
2002,3,2002_03_CLE_TEN,CLE,TEN,0,73,403.0,2108,3,31,28,1
2002,3,2002_03_CLE_TEN,TEN,CLE,1,58,187.0,2148,1,28,31,0
2002,3,2002_03_DAL_PHI,DAL,PHI,0,65,304.0,1852,4,13,44,0
2002,3,2002_03_DAL_PHI,PHI,DAL,1,69,447.0,1748,2,44,13,1
2002,3,2002_03_GB_DET,DET,GB,1,57,271.0,1325,5,31,37,0
2002,3,2002_03_GB_DET,GB,DET,0,79,442.0,2470,3,37,31,1
2002,3,2002_03_IND_HOU,HOU,IND,1,56,204.0,1729,2,3,23,0
2002,3,2002_03_IND_HOU,IND,HOU,0,58,339.0,1871,2,23,3,1
2002,3,2002_03_KC_NE,KC,NE,0,62,349.0,1621,3,38,41,0
2002,3,2002_03_KC_NE,NE,KC,1,81,498.0,2259,1,41,38,1
2002,3,2002_03_NO_CHI,CHI,NO,1,71,353.0,2097,2,23,29,0
2002,3,2002_03_NO_CHI,NO,CHI,0,60,304.0,1561,3,29,23,1
2002,3,2002_03_NYJ_MIA,MIA,NYJ,1,66,394.0,1972,0,30,3,1
2002,3,2002_03_NYJ_MIA,NYJ,MIA,0,53,189.0,1628,4,3,30,0
2002,3,2002_03_SD_ARI,ARI,LAC,1,61,299.0,1543,3,15,23,0
2002,3,2002_03_SD_ARI,LAC,ARI,0,67,289.0,2118,1,23,15,1
2002,3,2002_03_SEA_NYG,NYG,SEA,1,76,351.0,2210,0,9,6,1
2002,3,2002_03_SEA_NYG,SEA,NYG,0,45,145.0,1390,1,6,9,0
2002,3,2002_03_STL_TB,LA,TB,0,70,358.0,2087,4,14,26,0
2002,3,2002_03_STL_TB,TB,LA,1,50,252.0,1608,1,26,14,1
2002,3,2002_03_WAS_SF,SF,WAS,1,71,366.0,2155,2,20,10,1
2002,3,2002_03_WAS_SF,WAS,SF,0,49,217.0,1445,2,10,20,0
2002,4,2002_04_CAR_GB,CAR,GB,0,63,332.0,1897,3,14,17,0
2002,4,2002_04_CAR_GB,GB,CAR,1,59,298.0,1703,1,17,14,1
2002,4,2002_04_CHI_BUF,BUF,CHI,1,63,410.0,1974,1,33,27,1
2002,4,2002_04_CHI_BUF,CHI,BUF,0,57,240.0,2041,0,27,33,0
2002,4,2002_04_CLE_PIT,CLE,PIT,0,56,245.0,1741,2,13,16,0
2002,4,2002_04_CLE_PIT,PIT,CLE,1,73,358.0,2293,2,16,13,1
2002,4,2002_04_DAL_STL,DAL,LA,0,65,315.0,1917,2,13,10,1
2002,4,2002_04_DAL_STL,LA,DAL,1,62,366.0,1726,3,10,13,0
2002,4,2002_04_DEN_BAL,BAL,DEN,1,55,230.0,1644,2,34,23,1
2002,4,2002_04_DEN_BAL,DEN,BAL,0,79,403.0,1974,3,23,34,0
2002,4,2002_04_HOU_PHI,HOU,PHI,0,60,242.0,1596,3,17,35,0
2002,4,2002_04_HOU_PHI,PHI,HOU,1,77,393.0,2004,3,35,17,1
2002,4,2002_04_MIA_KC,KC,MIA,1,67,450.0,2015,0,48,30,1
2002,4,2002_04_MIA_KC,MIA,KC,0,66,399.0,1585,5,30,48,0
2002,4,2002_04_MIN_SEA,MIN,SEA,0,90,443.0,2093,4,23,48,0
2002,4,2002_04_MIN_SEA,SEA,MIN,1,59,381.0,1549,1,48,23,1
2002,4,2002_04_NE_SD,LAC,NE,1,52,342.0,1607,1,21,14,1
2002,4,2002_04_NE_SD,NE,LAC,0,76,440.0,1993,3,14,21,0
2002,4,2002_04_NO_DET,DET,NO,1,65,352.0,2109,0,26,21,1
2002,4,2002_04_NO_DET,NO,DET,0,69,359.0,1583,3,21,26,0
2002,4,2002_04_NYG_ARI,ARI,NYG,1,69,263.0,2175,1,21,7,1
2002,4,2002_04_NYG_ARI,NYG,ARI,0,54,263.0,1435,3,7,21,0
2002,4,2002_04_NYJ_JAX,JAX,NYJ,1,57,383.0,2006,0,28,3,1
2002,4,2002_04_NYJ_JAX,NYJ,JAX,0,63,345.0,1594,4,3,28,0
2002,4,2002_04_TB_CIN,CIN,TB,1,65,168.0,1921,2,7,35,0
2002,4,2002_04_TB_CIN,TB,CIN,0,60,363.0,1891,3,35,7,1
2002,4,2002_04_TEN_OAK,LV,TEN,1,62,464.0,1988,1,52,25,1
2002,4,2002_04_TEN_OAK,TEN,LV,0,67,430.0,1825,4,25,52,0
2002,5,2002_05_ARI_CAR,ARI,CAR,0,70,312.0,1886,1,16,13,1
2002,5,2002_05_ARI_CAR,CAR,ARI,1,60,244.0,1714,4,13,16,0
2002,5,2002_05_BAL_CLE,BAL,CLE,0,64,409.0,1909,1,26,21,1
2002,5,2002_05_BAL_CLE,CLE,BAL,1,70,435.0,1749,5,21,26,0
2002,5,2002_05_CIN_IND,CIN,IND,0,68,410.0,1845,3,21,28,0
2002,5,2002_05_CIN_IND,IND,CIN,1,59,311.0,1785,2,28,21,1
2002,5,2002_05_GB_CHI,CHI,GB,1,69,380.0,1873,4,21,34,0
2002,5,2002_05_GB_CHI,GB,CHI,0,66,457.0,2094,1,34,21,1
2002,5,2002_05_KC_NYJ,KC,NYJ,0,63,504.0,1859,1,29,25,1
2002,5,2002_05_KC_NYJ,NYJ,KC,1,60,361.0,1741,1,25,29,0
2002,5,2002_05_NE_MIA,MIA,NE,1,72,319.0,2399,1,26,13,1
2002,5,2002_05_NE_MIA,NE,MIA,0,52,245.0,1201,3,13,26,0
2002,5,2002_05_NYG_DAL,DAL,NYG,1,69,340.0,1870,0,17,21,0
2002,5,2002_05_NYG_DAL,NYG,DAL,0,57,316.0,1730,2,21,17,1
2002,5,2002_05_OAK_BUF,BUF,LV,1,76,479.0,1892,3,31,49,0
2002,5,2002_05_OAK_BUF,LV,BUF,0,66,495.0,1904,0,49,31,1
2002,5,2002_05_PHI_JAX,JAX,PHI,1,52,269.0,1756,0,28,25,1
2002,5,2002_05_PHI_JAX,PHI,JAX,0,84,408.0,2098,0,25,28,0
2002,5,2002_05_PIT_NO,NO,PIT,1,54,315.0,1666,0,32,29,1
2002,5,2002_05_PIT_NO,PIT,NO,0,69,366.0,1934,2,29,32,0
2002,5,2002_05_SD_DEN,DEN,LAC,1,68,417.0,2047,1,26,9,1
2002,5,2002_05_SD_DEN,LAC,DEN,0,61,314.0,1573,3,9,26,0
2002,5,2002_05_STL_SF,LA,SF,0,65,313.0,1854,2,13,37,0
2002,5,2002_05_STL_SF,SF,LA,1,55,386.0,1809,0,37,13,1
2002,5,2002_05_TB_ATL,ATL,TB,1,64,243.0,1826,4,6,20,0
2002,5,2002_05_TB_ATL,TB,ATL,0,59,327.0,1921,2,20,6,1
2002,5,2002_05_WAS_TEN,TEN,WAS,1,58,289.0,1548,4,14,31,0
2002,5,2002_05_WAS_TEN,WAS,TEN,0,69,442.0,2052,0,31,14,1
2002,6,2002_06_ATL_NYG,ATL,NYG,0,51,313.0,1798,0,17,10,1
2002,6,2002_06_ATL_NYG,NYG,ATL,1,61,303.0,1802,2,10,17,0
2002,6,2002_06_BAL_IND,BAL,IND,0,57,244.0,1739,3,20,22,0
2002,6,2002_06_BAL_IND,IND,BAL,1,64,317.0,1531,1,22,20,1
2002,6,2002_06_BUF_HOU,BUF,HOU,0,69,403.0,2002,1,31,24,1
2002,6,2002_06_BUF_HOU,HOU,BUF,1,58,338.0,1598,0,24,31,0
2002,6,2002_06_CAR_DAL,CAR,DAL,0,61,308.0,2016,0,13,14,0
2002,6,2002_06_CAR_DAL,DAL,CAR,1,62,311.0,1560,2,14,13,1
2002,6,2002_06_CLE_TB,CLE,TB,0,60,194.0,1586,1,3,17,0
2002,6,2002_06_CLE_TB,TB,CLE,1,70,380.0,2014,1,17,3,1
2002,6,2002_06_DET_MIN,DET,MIN,0,59,354.0,1771,1,24,31,0
2002,6,2002_06_DET_MIN,MIN,DET,1,62,402.0,1900,1,31,24,1
2002,6,2002_06_GB_NE,GB,NE,0,64,301.0,1933,0,28,10,1
2002,6,2002_06_GB_NE,NE,GB,1,68,289.0,1667,4,10,28,0
2002,6,2002_06_JAX_TEN,JAX,TEN,0,42,198.0,1337,2,14,23,0
2002,6,2002_06_JAX_TEN,TEN,JAX,1,77,370.0,2263,1,23,14,1
2002,6,2002_06_KC_SD,KC,LAC,0,59,319.0,1898,3,34,35,0
2002,6,2002_06_KC_SD,LAC,KC,1,70,465.0,1828,4,35,34,1
2002,6,2002_06_MIA_DEN,DEN,MIA,1,75,410.0,2045,3,22,24,0
2002,6,2002_06_MIA_DEN,MIA,DEN,0,53,259.0,1650,2,24,22,1
2002,6,2002_06_NO_WAS,NO,WAS,0,60,311.0,2056,1,43,27,1
2002,6,2002_06_NO_WAS,WAS,NO,1,68,318.0,1868,5,27,43,0
2002,6,2002_06_OAK_STL,LA,LV,1,56,322.0,1906,1,28,13,1
2002,6,2002_06_OAK_STL,LV,LA,0,66,367.0,1694,3,13,28,0
2002,6,2002_06_PIT_CIN,CIN,PIT,1,64,268.0,1728,4,7,34,0
2002,6,2002_06_PIT_CIN,PIT,CIN,0,62,408.0,1872,2,34,7,1
2002,6,2002_06_SF_SEA,SEA,SF,1,62,334.0,1691,2,21,28,0
2002,6,2002_06_SF_SEA,SF,SEA,0,63,353.0,1771,0,28,21,1
2002,7,2002_07_BUF_MIA,BUF,MIA,0,63,294.0,1781,0,23,10,1
2002,7,2002_07_BUF_MIA,MIA,BUF,1,68,287.0,1874,6,10,23,0
2002,7,2002_07_CAR_ATL,ATL,CAR,1,67,393.0,2171,0,30,0,1
2002,7,2002_07_CAR_ATL,CAR,ATL,0,51,205.0,1192,1,0,30,0
2002,7,2002_07_CHI_DET,CHI,DET,0,59,224.0,1767,3,20,23,0
2002,7,2002_07_CHI_DET,DET,CHI,1,70,362.0,2121,1,23,20,1
2002,7,2002_07_DAL_ARI,ARI,DAL,1,85,380.0,2453,1,9,6,1
2002,7,2002_07_DAL_ARI,DAL,ARI,0,60,342.0,1857,4,6,9,0
2002,7,2002_07_DEN_KC,DEN,KC,0,78,507.0,1879,1,37,34,1
2002,7,2002_07_DEN_KC,KC,DEN,1,68,305.0,1898,0,34,37,0
2002,7,2002_07_HOU_CLE,CLE,HOU,1,56,230.0,1820,1,34,17,1
2002,7,2002_07_HOU_CLE,HOU,CLE,0,67,354.0,1780,1,17,34,0
2002,7,2002_07_IND_PIT,IND,PIT,0,71,367.0,1853,3,10,28,0
2002,7,2002_07_IND_PIT,PIT,IND,1,57,364.0,1747,1,28,10,1
2002,7,2002_07_JAX_BAL,BAL,JAX,1,62,261.0,1679,2,17,10,1
2002,7,2002_07_JAX_BAL,JAX,BAL,0,78,397.0,1921,3,10,17,0
2002,7,2002_07_MIN_NYJ,MIN,NYJ,0,62,389.0,1575,4,7,20,0
2002,7,2002_07_MIN_NYJ,NYJ,MIN,1,60,407.0,2025,0,20,7,1
2002,7,2002_07_SD_OAK,LAC,LV,0,69,333.0,2151,0,27,21,1
2002,7,2002_07_SD_OAK,LV,LAC,1,60,390.0,1667,1,21,27,0
2002,7,2002_07_SEA_STL,LA,SEA,1,83,478.0,2427,2,37,20,1
2002,7,2002_07_SEA_STL,SEA,LA,0,50,290.0,1186,3,20,37,0
2002,7,2002_07_SF_NO,NO,SF,1,67,422.0,1801,1,35,27,1
2002,7,2002_07_SF_NO,SF,NO,0,64,418.0,1799,2,27,35,0
2002,7,2002_07_TB_PHI,PHI,TB,1,61,269.0,1873,2,20,10,1
2002,7,2002_07_TB_PHI,TB,PHI,0,65,207.0,1832,2,10,20,0
2002,7,2002_07_WAS_GB,GB,WAS,1,55,243.0,1741,1,30,9,1
2002,7,2002_07_WAS_GB,WAS,GB,0,64,238.0,1859,4,9,30,0
2002,8,2002_08_ARI_SF,ARI,SF,0,66,420.0,1947,4,28,38,0
2002,8,2002_08_ARI_SF,SF,ARI,1,58,357.0,1653,0,38,28,1
2002,8,2002_08_ATL_NO,ATL,NO,0,66,446.0,2103,2,37,35,1
2002,8,2002_08_ATL_NO,NO,ATL,1,60,353.0,1497,3,35,37,0
2002,8,2002_08_CHI_MIN,CHI,MIN,0,49,218.0,1137,3,7,25,0
2002,8,2002_08_CHI_MIN,MIN,CHI,1,74,364.0,2574,1,25,7,1
2002,8,2002_08_CLE_NYJ,CLE,NYJ,0,72,336.0,2274,0,24,21,1
2002,8,2002_08_CLE_NYJ,NYJ,CLE,1,48,241.0,1365,3,21,24,0
2002,8,2002_08_DEN_NE,DEN,NE,0,65,351.0,2140,2,24,16,1
2002,8,2002_08_DEN_NE,NE,DEN,1,54,179.0,1460,0,16,24,0
2002,8,2002_08_DET_BUF,BUF,DET,1,64,343.0,2016,2,24,17,1
2002,8,2002_08_DET_BUF,DET,BUF,0,66,282.0,1707,1,17,24,0
2002,8,2002_08_HOU_JAX,HOU,JAX,0,54,244.0,1581,1,21,19,1
2002,8,2002_08_HOU_JAX,JAX,HOU,1,71,290.0,2019,0,19,21,0
2002,8,2002_08_IND_WAS,IND,WAS,0,56,260.0,1587,3,21,26,0
2002,8,2002_08_IND_WAS,WAS,IND,1,74,370.0,2013,1,26,21,1
2002,8,2002_08_NYG_PHI,NYG,PHI,0,58,348.0,1572,1,3,17,0
2002,8,2002_08_NYG_PHI,PHI,NYG,1,72,424.0,2028,0,17,3,1
2002,8,2002_08_OAK_KC,KC,LV,1,63,323.0,1893,2,20,10,1
2002,8,2002_08_OAK_KC,LV,KC,0,72,417.0,1707,2,10,20,0
2002,8,2002_08_PIT_BAL,BAL,PIT,1,74,362.0,2005,5,18,31,0
2002,8,2002_08_PIT_BAL,PIT,BAL,0,55,283.0,1595,1,31,18,1
2002,8,2002_08_SEA_DAL,DAL,SEA,1,54,237.0,1675,1,14,17,0
2002,8,2002_08_SEA_DAL,SEA,DAL,0,66,267.0,1925,2,17,14,1
2002,8,2002_08_TB_CAR,CAR,TB,1,52,130.0,1619,3,9,12,0
2002,8,2002_08_TB_CAR,TB,CAR,0,67,226.0,1981,3,12,9,1
2002,8,2002_08_TEN_CIN,CIN,TEN,1,63,384.0,2035,1,24,30,0
2002,8,2002_08_TEN_CIN,TEN,CIN,0,55,342.0,1565,1,30,24,1
2002,9,2002_09_BAL_ATL,ATL,BAL,1,61,241.0,1912,1,20,17,1
2002,9,2002_09_BAL_ATL,BAL,ATL,0,58,340.0,1698,2,17,20,0
2002,9,2002_09_CIN_HOU,CIN,HOU,0,62,390.0,2216,0,38,3,1
2002,9,2002_09_CIN_HOU,HOU,CIN,1,59,268.0,1718,2,3,38,0
2002,9,2002_09_DAL_DET,DAL,DET,0,71,221.0,2073,2,7,9,0
2002,9,2002_09_DAL_DET,DET,DAL,1,57,148.0,1527,2,9,7,1
2002,9,2002_09_JAX_NYG,JAX,NYG,0,60,329.0,1616,1,17,24,0
2002,9,2002_09_JAX_NYG,NYG,JAX,1,66,394.0,1984,1,24,17,1
2002,9,2002_09_MIA_GB,GB,MIA,1,53,270.0,2270,1,24,10,1
2002,9,2002_09_MIA_GB,MIA,GB,0,77,306.0,1871,4,10,24,0
2002,9,2002_09_MIN_TB,MIN,TB,0,55,359.0,1604,3,24,38,0
2002,9,2002_09_MIN_TB,TB,MIN,1,61,446.0,1915,0,38,24,1
2002,9,2002_09_NE_BUF,BUF,NE,1,62,331.0,1542,1,7,38,0
2002,9,2002_09_NE_BUF,NE,BUF,0,63,422.0,2058,0,38,7,1
2002,9,2002_09_NYJ_SD,LAC,NYJ,1,51,243.0,1374,3,13,44,0
2002,9,2002_09_NYJ_SD,NYJ,LAC,0,69,413.0,2386,0,44,13,1
2002,9,2002_09_PHI_CHI,CHI,PHI,1,64,260.0,1619,1,13,19,0
2002,9,2002_09_PHI_CHI,PHI,CHI,0,73,309.0,1981,1,19,13,1
2002,9,2002_09_PIT_CLE,CLE,PIT,1,42,193.0,1383,3,20,23,0
2002,9,2002_09_PIT_CLE,PIT,CLE,0,85,391.0,2530,1,23,20,1
2002,9,2002_09_SF_OAK,LV,SF,1,50,239.0,1448,1,20,23,0
2002,9,2002_09_SF_OAK,SF,LV,0,84,434.0,2673,1,23,20,1
2002,9,2002_09_STL_ARI,ARI,LA,1,52,235.0,1615,3,14,27,0
2002,9,2002_09_STL_ARI,LA,ARI,0,67,415.0,2128,2,27,14,1
2002,9,2002_09_TEN_IND,IND,TEN,1,73,380.0,1624,3,15,23,0
2002,9,2002_09_TEN_IND,TEN,IND,0,51,198.0,2184,0,23,15,1
2002,9,2002_09_WAS_SEA,SEA,WAS,1,73,324.0,2098,2,3,14,0
2002,9,2002_09_WAS_SEA,WAS,SEA,0,57,259.0,1502,1,14,3,1
2002,10,2002_10_ATL_PIT,ATL,PIT,0,80,447.0,2110,3,34,34,0
2002,10,2002_10_ATL_PIT,PIT,ATL,1,86,647.0,2390,2,34,34,0
2002,10,2002_10_CIN_BAL,BAL,CIN,1,58,325.0,1820,1,38,27,1
2002,10,2002_10_CIN_BAL,CIN,BAL,0,72,372.0,1955,5,27,38,0
2002,10,2002_10_DET_GB,DET,GB,0,61,362.0,1237,2,14,40,0
2002,10,2002_10_DET_GB,GB,DET,1,78,503.0,2371,2,40,14,1
2002,10,2002_10_HOU_TEN,HOU,TEN,0,62,233.0,1583,3,10,17,0
2002,10,2002_10_HOU_TEN,TEN,HOU,1,60,251.0,2017,2,17,10,1
2002,10,2002_10_IND_PHI,IND,PHI,0,58,446.0,1838,1,35,13,1
2002,10,2002_10_IND_PHI,PHI,IND,1,72,374.0,1502,2,13,35,0
2002,10,2002_10_KC_SF,KC,SF,0,46,256.0,1286,0,13,17,0
2002,10,2002_10_KC_SF,SF,KC,1,73,323.0,2314,1,17,13,1
2002,10,2002_10_MIA_NYJ,MIA,NYJ,0,54,279.0,1654,2,10,13,0
2002,10,2002_10_MIA_NYJ,NYJ,MIA,1,59,264.0,1946,0,13,10,1
2002,10,2002_10_NE_CHI,CHI,NE,1,60,299.0,1740,1,30,33,0
2002,10,2002_10_NE_CHI,NE,CHI,0,78,399.0,1860,2,33,30,1
2002,10,2002_10_NO_CAR,CAR,NO,1,69,396.0,1956,2,24,34,0
2002,10,2002_10_NO_CAR,NO,CAR,0,65,345.0,1690,0,34,24,1
2002,10,2002_10_NYG_MIN,MIN,NYG,1,57,356.0,1546,2,20,27,0
2002,10,2002_10_NYG_MIN,NYG,MIN,0,73,462.0,2054,1,27,20,1
2002,10,2002_10_OAK_DEN,DEN,LV,1,73,342.0,1901,1,10,34,0
2002,10,2002_10_OAK_DEN,LV,DEN,0,54,376.0,2065,0,34,10,1
2002,10,2002_10_SD_STL,LA,LAC,1,64,524.0,1813,4,28,24,1
2002,10,2002_10_SD_STL,LAC,LA,0,50,256.0,2125,2,24,28,0
2002,10,2002_10_SEA_ARI,ARI,SEA,1,58,337.0,1636,5,6,27,0
2002,10,2002_10_SEA_ARI,SEA,ARI,0,68,406.0,1964,0,27,6,1
2002,10,2002_10_WAS_JAX,JAX,WAS,1,64,309.0,2023,0,26,7,1
2002,10,2002_10_WAS_JAX,WAS,JAX,0,69,307.0,1577,3,7,26,0
2002,11,2002_11_ARI_PHI,ARI,PHI,0,59,248.0,1425,1,14,38,0
2002,11,2002_11_ARI_PHI,PHI,ARI,1,69,462.0,2175,2,38,14,1
2002,11,2002_11_BAL_MIA,BAL,MIA,0,57,157.0,1553,1,7,26,0
2002,11,2002_11_BAL_MIA,MIA,BAL,1,66,337.0,2047,0,26,7,1
2002,11,2002_11_BUF_KC,BUF,KC,0,64,344.0,1901,1,16,17,0
2002,11,2002_11_BUF_KC,KC,BUF,1,58,320.0,1871,0,17,16,1
2002,11,2002_11_CAR_TB,CAR,TB,0,61,231.0,1447,4,10,23,0
2002,11,2002_11_CAR_TB,TB,CAR,1,71,314.0,2153,2,23,10,1
2002,11,2002_11_CHI_STL,CHI,LA,0,64,220.0,1850,0,16,21,0
2002,11,2002_11_CHI_STL,LA,CHI,1,61,388.0,1750,2,21,16,1
2002,11,2002_11_CLE_CIN,CIN,CLE,1,53,350.0,1418,0,20,27,0
2002,11,2002_11_CLE_CIN,CLE,CIN,0,71,382.0,2182,2,27,20,1
2002,11,2002_11_DAL_IND,DAL,IND,0,46,178.0,1197,2,3,20,0
2002,11,2002_11_DAL_IND,IND,DAL,1,72,362.0,2403,1,20,3,1
2002,11,2002_11_DEN_SEA,DEN,SEA,0,64,401.0,1947,1,31,9,1
2002,11,2002_11_DEN_SEA,SEA,DEN,1,57,204.0,1711,3,9,31,0
2002,11,2002_11_GB_MIN,GB,MIN,0,61,367.0,1675,3,21,31,0
2002,11,2002_11_GB_MIN,MIN,GB,1,65,425.0,1925,3,31,21,1
2002,11,2002_11_JAX_HOU,HOU,JAX,1,62,272.0,1868,1,21,24,0
2002,11,2002_11_JAX_HOU,JAX,HOU,0,58,321.0,1732,2,24,21,1
2002,11,2002_11_NE_OAK,LV,NE,1,70,386.0,1946,1,27,20,1
2002,11,2002_11_NE_OAK,NE,LV,0,51,195.0,1454,1,20,27,0
2002,11,2002_11_NO_ATL,ATL,NO,1,63,292.0,2003,1,24,17,1
2002,11,2002_11_NO_ATL,NO,ATL,0,54,344.0,1597,2,17,24,0
2002,11,2002_11_NYJ_DET,DET,NYJ,1,50,279.0,1276,1,14,31,0
2002,11,2002_11_NYJ_DET,NYJ,DET,0,67,410.0,2324,1,31,14,1
2002,11,2002_11_PIT_TEN,PIT,TEN,0,63,361.0,1407,3,23,31,0
2002,11,2002_11_PIT_TEN,TEN,PIT,1,73,378.0,2193,1,31,23,1
2002,11,2002_11_SF_SD,LAC,SF,1,78,441.0,2108,1,20,17,1
2002,11,2002_11_SF_SD,SF,LAC,0,75,467.0,2141,1,17,20,0
2002,11,2002_11_WAS_NYG,NYG,WAS,1,84,299.0,2202,3,19,17,1
2002,11,2002_11_WAS_NYG,WAS,NYG,0,58,166.0,1398,2,17,19,0
2002,12,2002_12_ATL_CAR,ATL,CAR,0,72,426.0,2610,2,41,0,1
2002,12,2002_12_ATL_CAR,CAR,ATL,1,48,122.0,1212,5,0,41,0
2002,12,2002_12_BUF_NYJ,BUF,NYJ,0,57,258.0,1702,3,13,31,0
2002,12,2002_12_BUF_NYJ,NYJ,BUF,1,62,325.0,1898,0,31,13,1
2002,12,2002_12_CIN_PIT,CIN,PIT,0,61,352.0,1552,0,21,29,0
2002,12,2002_12_CIN_PIT,PIT,CIN,1,62,391.0,2048,1,29,21,1
2002,12,2002_12_CLE_NO,CLE,NO,0,60,339.0,1871,3,24,15,1
2002,12,2002_12_CLE_NO,NO,CLE,1,64,383.0,1729,5,15,24,0
2002,12,2002_12_DET_CHI,CHI,DET,1,79,422.0,2071,1,20,17,1
2002,12,2002_12_DET_CHI,DET,CHI,0,71,301.0,1891,2,17,20,0
2002,12,2002_12_GB_TB,GB,TB,0,64,267.0,1834,4,7,21,0
2002,12,2002_12_GB_TB,TB,GB,1,58,248.0,1766,1,21,7,1
2002,12,2002_12_IND_DEN,DEN,IND,1,48,285.0,1313,3,20,23,0
2002,12,2002_12_IND_DEN,IND,DEN,0,85,344.0,2625,2,23,20,1
2002,12,2002_12_JAX_DAL,DAL,JAX,1,58,405.0,1928,3,21,19,1
2002,12,2002_12_JAX_DAL,JAX,DAL,0,68,326.0,1672,3,19,21,0
2002,12,2002_12_KC_SEA,KC,SEA,0,63,554.0,1808,1,32,39,0
2002,12,2002_12_KC_SEA,SEA,KC,1,68,536.0,1792,0,39,32,1
2002,12,2002_12_MIN_NE,MIN,NE,0,78,417.0,1701,3,17,24,0
2002,12,2002_12_MIN_NE,NE,MIN,1,69,299.0,1899,0,24,17,1
2002,12,2002_12_NYG_HOU,HOU,NYG,1,64,214.0,1933,1,16,14,1
2002,12,2002_12_NYG_HOU,NYG,HOU,0,69,369.0,1667,3,14,16,0
2002,12,2002_12_OAK_ARI,ARI,LV,1,57,263.0,1423,3,20,41,0
2002,12,2002_12_OAK_ARI,LV,ARI,0,83,520.0,2177,1,41,20,1
2002,12,2002_12_PHI_SF,PHI,SF,0,61,343.0,1864,0,38,17,1
2002,12,2002_12_PHI_SF,SF,PHI,1,85,409.0,1942,0,17,38,0
2002,12,2002_12_SD_MIA,LAC,MIA,0,45,144.0,1446,1,3,30,0
2002,12,2002_12_SD_MIA,MIA,LAC,1,68,413.0,2154,1,30,3,1
2002,12,2002_12_STL_WAS,LA,WAS,0,69,364.0,1724,2,17,20,0
2002,12,2002_12_STL_WAS,WAS,LA,1,63,362.0,1876,0,20,17,1
2002,12,2002_12_TEN_BAL,BAL,TEN,1,55,199.0,1612,2,13,12,1
2002,12,2002_12_TEN_BAL,TEN,BAL,0,75,402.0,1797,4,12,13,0
2002,13,2002_13_ARI_KC,ARI,KC,0,63,122.0,1585,5,0,49,0
2002,13,2002_13_ARI_KC,KC,ARI,1,64,477.0,2102,0,49,0,1
2002,13,2002_13_ATL_MIN,ATL,MIN,0,59,379.0,1540,3,30,24,1
2002,13,2002_13_ATL_MIN,MIN,ATL,1,81,369.0,2205,3,24,30,0
2002,13,2002_13_BAL_CIN,BAL,CIN,0,54,247.0,1874,0,27,23,1
2002,13,2002_13_BAL_CIN,CIN,BAL,1,76,381.0,1946,2,23,27,0
2002,13,2002_13_CAR_CLE,CAR,CLE,0,57,234.0,1943,3,13,6,1
2002,13,2002_13_CAR_CLE,CLE,CAR,1,58,258.0,1657,4,6,13,0
2002,13,2002_13_CHI_GB,CHI,GB,0,59,304.0,1642,4,20,30,0
2002,13,2002_13_CHI_GB,GB,CHI,1,75,396.0,1958,2,30,20,1
2002,13,2002_13_DEN_SD,DEN,LAC,0,70,417.0,2099,3,27,30,0
2002,13,2002_13_DEN_SD,LAC,DEN,1,80,434.0,2386,0,30,27,1
2002,13,2002_13_HOU_IND,HOU,IND,0,61,165.0,1685,3,3,19,0
2002,13,2002_13_HOU_IND,IND,HOU,1,61,278.0,1928,0,19,3,1
2002,13,2002_13_MIA_BUF,BUF,MIA,1,68,431.0,1961,0,38,21,1
2002,13,2002_13_MIA_BUF,MIA,BUF,0,56,300.0,1639,3,21,38,0
2002,13,2002_13_NE_DET,DET,NE,1,59,292.0,1500,3,12,20,0
2002,13,2002_13_NE_DET,NE,DET,0,68,349.0,2122,1,20,12,1
2002,13,2002_13_NYJ_OAK,LV,NYJ,1,72,411.0,2194,1,26,20,1
2002,13,2002_13_NYJ_OAK,NYJ,LV,0,51,274.0,1406,1,20,26,0
2002,13,2002_13_PIT_JAX,JAX,PIT,1,48,226.0,1279,0,23,25,0
2002,13,2002_13_PIT_JAX,PIT,JAX,0,69,403.0,2321,1,25,23,1
2002,13,2002_13_SEA_SF,SEA,SF,0,74,507.0,1655,3,24,31,0
2002,13,2002_13_SEA_SF,SF,SEA,1,68,299.0,2190,2,31,24,1
2002,13,2002_13_STL_PHI,LA,PHI,0,70,250.0,2032,5,3,10,0
2002,13,2002_13_STL_PHI,PHI,LA,1,64,265.0,2003,4,10,3,1
2002,13,2002_13_TB_NO,NO,TB,1,62,238.0,1640,1,23,20,1
2002,13,2002_13_TB_NO,TB,NO,0,65,285.0,1960,3,20,23,0
2002,13,2002_13_TEN_NYG,NYG,TEN,1,63,345.0,1753,0,29,32,0
2002,13,2002_13_TEN_NYG,TEN,NYG,0,77,478.0,2147,1,32,29,1
2002,13,2002_13_WAS_DAL,DAL,WAS,1,65,328.0,2025,0,27,20,1
2002,13,2002_13_WAS_DAL,WAS,DAL,0,63,315.0,1622,4,20,27,0
2002,14,2002_14_ATL_TB,ATL,TB,0,49,181.0,1562,1,10,34,0
2002,14,2002_14_ATL_TB,TB,ATL,1,61,421.0,2038,0,34,10,1
2002,14,2002_14_BUF_NE,BUF,NE,0,71,390.0,1838,5,17,27,0
2002,14,2002_14_BUF_NE,NE,BUF,1,53,275.0,1762,0,27,17,1
2002,14,2002_14_CHI_MIA,CHI,MIA,0,59,195.0,1458,4,9,27,0
2002,14,2002_14_CHI_MIA,MIA,CHI,1,73,436.0,2142,3,27,9,1
2002,14,2002_14_CIN_CAR,CAR,CIN,1,59,403.0,1961,3,52,31,1
2002,14,2002_14_CIN_CAR,CIN,CAR,0,70,340.0,1878,1,31,52,0
2002,14,2002_14_CLE_JAX,CLE,JAX,0,71,417.0,2096,2,21,20,1
2002,14,2002_14_CLE_JAX,JAX,CLE,1,48,211.0,1504,0,20,21,0
2002,14,2002_14_DEN_NYJ,DEN,NYJ,0,68,369.0,1953,1,13,19,0
2002,14,2002_14_DEN_NYJ,NYJ,DEN,1,55,281.0,1647,0,19,13,1
2002,14,2002_14_DET_ARI,ARI,DET,1,80,313.0,2325,2,23,20,1
2002,14,2002_14_DET_ARI,DET,ARI,0,54,203.0,1632,0,20,23,0
2002,14,2002_14_HOU_PIT,HOU,PIT,0,40,47.0,1842,1,24,6,1
2002,14,2002_14_HOU_PIT,PIT,HOU,1,95,422.0,2381,5,6,24,0
2002,14,2002_14_IND_TEN,IND,TEN,0,67,389.0,1634,3,17,27,0
2002,14,2002_14_IND_TEN,TEN,IND,1,57,348.0,1966,1,27,17,1
2002,14,2002_14_MIN_GB,GB,MIN,1,62,328.0,1834,2,26,22,1
2002,14,2002_14_MIN_GB,MIN,GB,0,56,316.0,1703,1,22,26,0
2002,14,2002_14_NO_BAL,BAL,NO,1,66,412.0,1534,6,25,37,0
2002,14,2002_14_NO_BAL,NO,BAL,0,76,359.0,2066,1,37,25,1
2002,14,2002_14_NYG_WAS,NYG,WAS,0,61,316.0,1859,1,27,21,1
2002,14,2002_14_NYG_WAS,WAS,NYG,1,73,449.0,1741,4,21,27,0
2002,14,2002_14_OAK_SD,LAC,LV,1,68,291.0,1736,3,7,27,0
2002,14,2002_14_OAK_SD,LV,LAC,0,67,393.0,1864,0,27,7,1
2002,14,2002_14_PHI_SEA,PHI,SEA,0,67,316.0,1664,1,27,20,1
2002,14,2002_14_PHI_SEA,SEA,PHI,1,74,367.0,1763,3,20,27,0
2002,14,2002_14_SF_DAL,DAL,SF,1,55,257.0,1441,2,27,31,0
2002,14,2002_14_SF_DAL,SF,DAL,0,85,401.0,2159,1,31,27,1
2002,14,2002_14_STL_KC,KC,LA,1,54,293.0,2073,0,49,10,1
2002,14,2002_14_STL_KC,LA,KC,0,59,202.0,1734,3,10,49,0
2002,15,2002_15_ARI_STL,ARI,LA,0,59,378.0,1727,2,28,30,0
2002,15,2002_15_ARI_STL,LA,ARI,1,61,366.0,1973,2,30,28,1
2002,15,2002_15_BAL_HOU,BAL,HOU,0,63,298.0,1876,0,23,19,1
2002,15,2002_15_BAL_HOU,HOU,BAL,1,60,277.0,1834,2,19,23,0
2002,15,2002_15_CAR_PIT,CAR,PIT,0,56,131.0,1232,4,14,30,0
2002,15,2002_15_CAR_PIT,PIT,CAR,1,74,332.0,2368,2,30,14,1
2002,15,2002_15_DAL_NYG,DAL,NYG,0,70,241.0,1722,3,7,37,0
2002,15,2002_15_DAL_NYG,NYG,DAL,1,64,377.0,2166,0,37,7,1
2002,15,2002_15_GB_SF,GB,SF,0,67,302.0,2075,0,20,14,1
2002,15,2002_15_GB_SF,SF,GB,1,58,265.0,1437,1,14,20,0
2002,15,2002_15_IND_CLE,CLE,IND,1,67,349.0,1851,0,23,28,0
2002,15,2002_15_IND_CLE,IND,CLE,0,68,417.0,1749,2,28,23,1
2002,15,2002_15_JAX_CIN,CIN,JAX,1,70,300.0,1799,2,15,29,0
2002,15,2002_15_JAX_CIN,JAX,CIN,0,62,323.0,1801,0,29,15,1
2002,15,2002_15_KC_DEN,DEN,KC,1,63,482.0,1667,3,31,24,1
2002,15,2002_15_KC_DEN,KC,DEN,0,69,494.0,1770,0,24,31,0
2002,15,2002_15_MIN_NO,MIN,NO,0,65,441.0,1881,0,32,31,1
2002,15,2002_15_MIN_NO,NO,MIN,1,60,301.0,1719,0,31,32,0
2002,15,2002_15_NE_TEN,NE,TEN,0,47,176.0,1110,1,7,24,0
2002,15,2002_15_NE_TEN,TEN,NE,1,74,365.0,2498,2,24,7,1
2002,15,2002_15_NYJ_CHI,CHI,NYJ,1,57,266.0,1978,0,20,13,1
2002,15,2002_15_NYJ_CHI,NYJ,CHI,0,58,334.0,1622,1,13,20,0
2002,15,2002_15_OAK_MIA,LV,MIA,0,49,220.0,1387,1,17,23,0
2002,15,2002_15_OAK_MIA,MIA,LV,1,68,334.0,2213,2,23,17,1
2002,15,2002_15_SD_BUF,BUF,LAC,1,60,256.0,1610,1,20,13,1
2002,15,2002_15_SD_BUF,LAC,BUF,0,68,308.0,1990,0,13,20,0
2002,15,2002_15_SEA_ATL,ATL,SEA,1,75,373.0,2327,3,24,30,0
2002,15,2002_15_SEA_ATL,SEA,ATL,0,70,464.0,1998,3,30,24,1
2002,15,2002_15_TB_DET,DET,TB,1,49,292.0,1374,1,20,23,0
2002,15,2002_15_TB_DET,TB,DET,0,69,376.0,2226,0,23,20,1
2002,15,2002_15_WAS_PHI,PHI,WAS,1,60,320.0,1876,2,34,21,1
2002,15,2002_15_WAS_PHI,WAS,PHI,0,62,292.0,1788,2,21,34,0
2002,16,2002_16_BUF_GB,BUF,GB,0,66,185.0,1912,5,0,10,0
2002,16,2002_16_BUF_GB,GB,BUF,1,65,223.0,1688,3,10,0,1
2002,16,2002_16_CHI_CAR,CAR,CHI,1,77,253.0,2210,3,24,14,1
2002,16,2002_16_CHI_CAR,CHI,CAR,0,56,186.0,1390,3,14,24,0
2002,16,2002_16_CLE_BAL,BAL,CLE,1,59,275.0,1814,1,13,14,0
2002,16,2002_16_CLE_BAL,CLE,BAL,0,59,256.0,1786,1,14,13,1
2002,16,2002_16_DEN_OAK,DEN,LV,0,68,324.0,1504,3,16,28,0
2002,16,2002_16_DEN_OAK,LV,DEN,1,68,322.0,2096,2,28,16,1
2002,16,2002_16_DET_ATL,ATL,DET,1,80,533.0,2298,2,36,15,1
2002,16,2002_16_DET_ATL,DET,ATL,0,58,210.0,1302,3,15,36,0
2002,16,2002_16_HOU_WAS,HOU,WAS,0,58,166.0,1506,3,10,26,0
2002,16,2002_16_HOU_WAS,WAS,HOU,1,77,437.0,2218,0,26,10,1
2002,16,2002_16_MIA_MIN,MIA,MIN,0,39,239.0,1564,2,17,20,0
2002,16,2002_16_MIA_MIN,MIN,MIA,1,66,368.0,2154,3,20,17,1
2002,16,2002_16_NO_CIN,CIN,NO,1,81,423.0,2119,4,20,13,1
2002,16,2002_16_NO_CIN,NO,CIN,0,61,210.0,1481,2,13,20,0
2002,16,2002_16_NYG_IND,IND,NYG,1,69,401.0,1644,2,27,44,0
2002,16,2002_16_NYG_IND,NYG,IND,0,65,469.0,1970,3,44,27,1
2002,16,2002_16_NYJ_NE,NE,NYJ,1,62,216.0,1538,1,17,30,0
2002,16,2002_16_NYJ_NE,NYJ,NE,0,65,393.0,2062,1,30,17,1
2002,16,2002_16_PHI_DAL,DAL,PHI,1,50,146.0,1697,3,3,27,0
2002,16,2002_16_PHI_DAL,PHI,DAL,0,66,359.0,1973,2,27,3,1
2002,16,2002_16_PIT_TB,PIT,TB,0,61,327.0,2111,1,17,7,1
2002,16,2002_16_PIT_TB,TB,PIT,1,64,277.0,1540,3,7,17,0
2002,16,2002_16_SD_KC,KC,LAC,1,63,376.0,1819,1,24,22,1
2002,16,2002_16_SD_KC,LAC,KC,0,68,383.0,1781,1,22,24,0
2002,16,2002_16_SF_ARI,ARI,SF,1,55,184.0,1541,2,14,17,0
2002,16,2002_16_SF_ARI,SF,ARI,0,73,358.0,2059,2,17,14,1
2002,16,2002_16_STL_SEA,LA,SEA,0,66,271.0,1719,5,10,30,0
2002,16,2002_16_STL_SEA,SEA,LA,1,68,392.0,1881,1,30,10,1
2002,16,2002_16_TEN_JAX,JAX,TEN,1,58,214.0,1710,1,10,28,0
2002,16,2002_16_TEN_JAX,TEN,JAX,0,62,298.0,2189,0,28,10,1
2002,17,2002_17_ARI_DEN,ARI,DEN,0,55,207.0,1593,2,7,37,0
2002,17,2002_17_ARI_DEN,DEN,ARI,1,58,450.0,2007,0,37,7,1
2002,17,2002_17_ATL_CLE,ATL,CLE,0,69,331.0,1771,3,16,24,0
2002,17,2002_17_ATL_CLE,CLE,ATL,1,62,318.0,1845,4,24,16,1
2002,17,2002_17_BAL_PIT,BAL,PIT,0,52,422.0,1727,4,31,34,0
2002,17,2002_17_BAL_PIT,PIT,BAL,1,73,353.0,2195,2,34,31,1
2002,17,2002_17_CAR_NO,CAR,NO,0,61,273.0,1820,3,10,6,1
2002,17,2002_17_CAR_NO,NO,CAR,1,65,244.0,1780,3,6,10,0
2002,17,2002_17_CIN_BUF,BUF,CIN,1,71,324.0,2318,3,27,9,1
2002,17,2002_17_CIN_BUF,CIN,BUF,0,56,317.0,1282,3,9,27,0
2002,17,2002_17_DAL_WAS,DAL,WAS,0,50,186.0,1605,4,14,20,0
2002,17,2002_17_DAL_WAS,WAS,DAL,1,69,352.0,2225,5,20,14,1
2002,17,2002_17_GB_NYJ,GB,NYJ,0,69,322.0,1902,1,17,42,0
2002,17,2002_17_GB_NYJ,NYJ,GB,1,55,337.0,1698,0,42,17,1
2002,17,2002_17_JAX_IND,IND,JAX,1,57,272.0,1831,1,20,13,1
2002,17,2002_17_JAX_IND,JAX,IND,0,62,266.0,1769,1,13,20,0
2002,17,2002_17_KC_OAK,KC,LV,0,48,176.0,1185,1,0,24,0
2002,17,2002_17_KC_OAK,LV,KC,1,75,354.0,2415,1,24,0,1
2002,17,2002_17_MIA_NE,MIA,NE,0,64,359.0,1871,0,24,27,0
2002,17,2002_17_MIA_NE,NE,MIA,1,78,334.0,1852,2,27,24,1
2002,17,2002_17_MIN_DET,DET,MIN,1,66,386.0,1701,3,36,38,0
2002,17,2002_17_MIN_DET,MIN,DET,0,66,450.0,2124,2,38,36,1
2002,17,2002_17_PHI_NYG,NYG,PHI,1,75,461.0,2346,4,10,7,1
2002,17,2002_17_PHI_NYG,PHI,NYG,0,49,209.0,1564,1,7,10,0
2002,17,2002_17_SEA_SD,LAC,SEA,1,74,416.0,1808,1,28,31,0
2002,17,2002_17_SEA_SD,SEA,LAC,0,90,591.0,2390,3,31,28,1
2002,17,2002_17_SF_STL,LA,SF,1,57,263.0,1478,2,31,20,1
2002,17,2002_17_SF_STL,SF,LA,0,63,329.0,2092,2,20,31,0
2002,17,2002_17_TB_CHI,CHI,TB,1,52,218.0,1351,4,0,15,0
2002,17,2002_17_TB_CHI,TB,CHI,0,66,272.0,2249,0,15,0,1
2002,17,2002_17_TEN_HOU,HOU,TEN,1,66,224.0,1909,1,3,13,0
2002,17,2002_17_TEN_HOU,TEN,HOU,0,60,277.0,1691,0,13,3,1
2003,1,2003_01_ARI_DET,ARI,DET,0,68,439.0,2046,2,24,42,0
2003,1,2003_01_ARI_DET,DET,ARI,1,53,261.0,1554,1,42,24,1
2003,1,2003_01_ATL_DAL,ATL,DAL,0,59,318.0,1980,1,27,13,1
2003,1,2003_01_ATL_DAL,DAL,ATL,1,59,403.0,1620,2,13,27,0
2003,1,2003_01_BAL_PIT,BAL,PIT,0,68,231.0,1640,2,15,34,0
2003,1,2003_01_BAL_PIT,PIT,BAL,1,65,339.0,1960,1,34,15,1
2003,1,2003_01_CHI_SF,CHI,SF,0,59,127.0,1376,5,7,49,0
2003,1,2003_01_CHI_SF,SF,CHI,1,77,391.0,2281,2,49,7,1
2003,1,2003_01_DEN_CIN,CIN,DEN,1,63,294.0,1662,4,10,30,0
2003,1,2003_01_DEN_CIN,DEN,CIN,0,66,293.0,1938,3,30,10,1
2003,1,2003_01_HOU_MIA,HOU,MIA,0,67,393.0,1998,0,21,20,1
2003,1,2003_01_HOU_MIA,MIA,HOU,1,57,301.0,1602,3,20,21,0
2003,1,2003_01_IND_CLE,CLE,IND,1,55,280.0,1959,2,6,9,0
2003,1,2003_01_IND_CLE,IND,CLE,0,59,271.0,1641,2,9,6,1
2003,1,2003_01_JAX_CAR,CAR,JAX,1,63,242.0,1553,2,24,23,1
2003,1,2003_01_JAX_CAR,JAX,CAR,0,60,331.0,2003,1,23,24,0
2003,1,2003_01_MIN_GB,GB,MIN,1,62,306.0,1600,5,25,30,0
2003,1,2003_01_MIN_GB,MIN,GB,0,68,337.0,2074,3,30,25,1
2003,1,2003_01_NE_BUF,BUF,NE,1,63,319.0,2030,2,31,0,1
2003,1,2003_01_NE_BUF,NE,BUF,0,58,239.0,1570,4,0,31,0
2003,1,2003_01_NO_SEA,NO,SEA,0,75,359.0,2079,4,10,27,0
2003,1,2003_01_NO_SEA,SEA,NO,1,59,270.0,1521,0,27,10,1
2003,1,2003_01_NYJ_WAS,NYJ,WAS,0,47,158.0,1514,0,13,16,0
2003,1,2003_01_NYJ_WAS,WAS,NYJ,1,61,327.0,2086,2,16,13,1
2003,1,2003_01_OAK_TEN,LV,TEN,0,53,280.0,1503,0,20,25,0
2003,1,2003_01_OAK_TEN,TEN,LV,1,67,334.0,2097,3,25,20,1
2003,1,2003_01_SD_KC,KC,LAC,1,67,390.0,1956,2,27,14,1
2003,1,2003_01_SD_KC,LAC,KC,0,54,232.0,1537,2,14,27,0
2003,1,2003_01_STL_NYG,LA,NYG,0,74,355.0,1994,4,13,23,0
2003,1,2003_01_STL_NYG,NYG,LA,1,55,336.0,1606,3,23,13,1
2003,1,2003_01_TB_PHI,PHI,TB,1,56,245.0,1341,2,0,17,0
2003,1,2003_01_TB_PHI,TB,PHI,0,67,328.0,2259,1,17,0,1
2003,2,2003_02_BUF_JAX,BUF,JAX,0,59,371.0,1870,0,38,17,1
2003,2,2003_02_BUF_JAX,JAX,BUF,1,65,287.0,1730,0,17,38,0
2003,2,2003_02_CAR_TB,CAR,TB,0,64,258.0,2101,2,12,9,1
2003,2,2003_02_CAR_TB,TB,CAR,1,84,397.0,2191,1,9,12,0
2003,2,2003_02_CHI_MIN,CHI,MIN,0,43,208.0,1278,1,13,24,0
2003,2,2003_02_CHI_MIN,MIN,CHI,1,68,400.0,2322,1,24,13,1
2003,2,2003_02_CIN_OAK,CIN,LV,0,82,416.0,2364,2,20,23,0
2003,2,2003_02_CIN_OAK,LV,CIN,1,48,237.0,1236,0,23,20,1
2003,2,2003_02_CLE_BAL,BAL,CLE,1,63,393.0,1844,3,33,13,1
2003,2,2003_02_CLE_BAL,CLE,BAL,0,60,175.0,1756,3,13,33,0
2003,2,2003_02_DAL_NYG,DAL,NYG,0,80,403.0,2550,1,35,32,1
2003,2,2003_02_DAL_NYG,NYG,DAL,1,71,311.0,1594,3,32,35,0
2003,2,2003_02_DEN_SD,DEN,LAC,0,63,382.0,1993,0,37,13,1
2003,2,2003_02_DEN_SD,LAC,DEN,1,59,303.0,1607,1,13,37,0
2003,2,2003_02_DET_GB,DET,GB,0,73,293.0,1636,4,6,31,0
2003,2,2003_02_DET_GB,GB,DET,1,63,332.0,1964,1,31,6,1
2003,2,2003_02_HOU_NO,HOU,NO,0,65,258.0,1667,2,10,31,0
2003,2,2003_02_HOU_NO,NO,HOU,1,56,292.0,1933,0,31,10,1
2003,2,2003_02_MIA_NYJ,MIA,NYJ,0,64,376.0,2146,1,21,10,1
2003,2,2003_02_MIA_NYJ,NYJ,MIA,1,57,387.0,1454,1,10,21,0
2003,2,2003_02_NE_PHI,NE,PHI,0,76,309.0,2195,1,31,10,1
2003,2,2003_02_NE_PHI,PHI,NE,1,72,268.0,1405,5,10,31,0
2003,2,2003_02_PIT_KC,KC,PIT,1,57,282.0,1847,2,41,20,1
2003,2,2003_02_PIT_KC,PIT,KC,0,67,380.0,1753,4,20,41,0
2003,2,2003_02_SEA_ARI,ARI,SEA,1,72,286.0,2149,6,0,38,0
2003,2,2003_02_SEA_ARI,SEA,ARI,0,52,323.0,1589,0,38,0,1
2003,2,2003_02_SF_STL,LA,SF,1,65,278.0,1936,3,27,24,1
2003,2,2003_02_SF_STL,SF,LA,0,65,390.0,1803,2,24,27,0
2003,2,2003_02_TEN_IND,IND,TEN,1,56,291.0,1850,0,33,7,1
2003,2,2003_02_TEN_IND,TEN,IND,0,58,236.0,1750,2,7,33,0
2003,2,2003_02_WAS_ATL,ATL,WAS,1,61,283.0,1518,2,31,33,0
2003,2,2003_02_WAS_ATL,WAS,ATL,0,76,435.0,2082,2,33,31,1
2003,3,2003_03_BAL_SD,BAL,LAC,0,54,249.0,1488,1,24,10,1
2003,3,2003_03_BAL_SD,LAC,BAL,1,76,389.0,2112,3,10,24,0
2003,3,2003_03_BUF_MIA,BUF,MIA,0,44,118.0,1150,3,7,17,0
2003,3,2003_03_BUF_MIA,MIA,BUF,1,73,313.0,2450,3,17,7,1
2003,3,2003_03_CLE_SF,CLE,SF,0,61,251.0,1725,1,13,12,1
2003,3,2003_03_CLE_SF,SF,CLE,1,61,265.0,1875,2,12,13,0
2003,3,2003_03_GB_ARI,ARI,GB,1,62,354.0,1986,1,20,13,1
2003,3,2003_03_GB_ARI,GB,ARI,0,56,311.0,1614,2,13,20,0
2003,3,2003_03_JAX_IND,IND,JAX,1,63,289.0,2172,1,23,13,1
2003,3,2003_03_JAX_IND,JAX,IND,0,55,266.0,1428,1,13,23,0
2003,3,2003_03_KC_HOU,HOU,KC,1,65,316.0,1779,4,14,42,0
2003,3,2003_03_KC_HOU,KC,HOU,0,64,426.0,1821,2,42,14,1
2003,3,2003_03_MIN_DET,DET,MIN,1,70,302.0,2075,3,13,23,0
2003,3,2003_03_MIN_DET,MIN,DET,0,56,414.0,1525,1,23,13,1
2003,3,2003_03_NO_TEN,NO,TEN,0,41,188.0,1500,2,12,27,0
2003,3,2003_03_NO_TEN,TEN,NO,1,72,385.0,2351,1,27,12,1
2003,3,2003_03_NYG_WAS,NYG,WAS,0,71,399.0,2072,0,24,21,1
2003,3,2003_03_NYG_WAS,WAS,NYG,1,71,458.0,1783,1,21,24,0
2003,3,2003_03_NYJ_NE,NE,NYJ,1,67,294.0,1957,1,23,16,1
2003,3,2003_03_NYJ_NE,NYJ,NE,0,61,329.0,1643,1,16,23,0
2003,3,2003_03_OAK_DEN,DEN,LV,1,62,383.0,2046,1,31,10,1
2003,3,2003_03_OAK_DEN,LV,DEN,0,56,195.0,1521,1,10,31,0
2003,3,2003_03_PIT_CIN,CIN,PIT,1,44,182.0,1374,1,10,17,0
2003,3,2003_03_PIT_CIN,PIT,CIN,0,73,376.0,2226,1,17,10,1
2003,3,2003_03_STL_SEA,LA,SEA,0,62,308.0,1939,2,23,24,0
2003,3,2003_03_STL_SEA,SEA,LA,1,65,316.0,1661,2,24,23,1
2003,3,2003_03_TB_ATL,ATL,TB,1,52,136.0,1496,5,10,31,0
2003,3,2003_03_TB_ATL,TB,ATL,0,62,316.0,2104,1,31,10,1
2003,4,2003_04_ARI_STL,ARI,LA,0,37,161.0,1053,2,13,37,0
2003,4,2003_04_ARI_STL,LA,ARI,1,84,401.0,2547,2,37,13,1
2003,4,2003_04_ATL_CAR,ATL,CAR,0,52,267.0,1643,1,3,23,0
2003,4,2003_04_ATL_CAR,CAR,ATL,1,66,361.0,1957,1,23,3,1
2003,4,2003_04_CIN_CLE,CIN,CLE,0,60,295.0,1787,0,21,14,1
2003,4,2003_04_CIN_CLE,CLE,CIN,1,60,339.0,1813,1,14,21,0
2003,4,2003_04_DAL_NYJ,DAL,NYJ,0,66,360.0,1956,1,17,6,1
2003,4,2003_04_DAL_NYJ,NYJ,DAL,1,55,285.0,1644,2,6,17,0
2003,4,2003_04_DET_DEN,DEN,DET,1,60,332.0,2000,1,20,16,1
2003,4,2003_04_DET_DEN,DET,DEN,0,58,285.0,1600,0,16,20,0
2003,4,2003_04_GB_CHI,CHI,GB,1,77,361.0,1949,2,23,38,0
2003,4,2003_04_GB_CHI,GB,CHI,0,56,380.0,1698,1,38,23,1
2003,4,2003_04_IND_NO,IND,NO,0,56,418.0,1916,0,55,21,1
2003,4,2003_04_IND_NO,NO,IND,1,64,365.0,1684,4,21,55,0
2003,4,2003_04_JAX_HOU,HOU,JAX,1,75,339.0,2114,4,24,20,1
2003,4,2003_04_JAX_HOU,JAX,HOU,0,59,342.0,1486,5,20,24,0
2003,4,2003_04_KC_BAL,BAL,KC,1,65,326.0,1875,3,10,17,0
2003,4,2003_04_KC_BAL,KC,BAL,0,59,265.0,1725,1,17,10,1
2003,4,2003_04_NE_WAS,NE,WAS,0,69,387.0,2019,4,17,20,0
2003,4,2003_04_NE_WAS,WAS,NE,1,53,250.0,1581,0,20,17,1
2003,4,2003_04_PHI_BUF,BUF,PHI,1,58,308.0,1572,1,13,23,0
2003,4,2003_04_PHI_BUF,PHI,BUF,0,65,335.0,2028,0,23,13,1
2003,4,2003_04_SD_OAK,LAC,LV,0,71,430.0,2233,2,31,34,0
2003,4,2003_04_SD_OAK,LV,LAC,1,70,448.0,1966,1,34,31,1
2003,4,2003_04_SF_MIN,MIN,SF,1,53,354.0,1742,0,35,7,1
2003,4,2003_04_SF_MIN,SF,MIN,0,70,372.0,1858,3,7,35,0
2003,4,2003_04_TEN_PIT,PIT,TEN,1,75,376.0,2150,2,13,30,0
2003,4,2003_04_TEN_PIT,TEN,PIT,0,39,198.0,1450,0,30,13,1
2003,5,2003_05_ARI_DAL,ARI,DAL,0,49,151.0,1412,2,7,24,0
2003,5,2003_05_ARI_DAL,DAL,ARI,1,68,365.0,2188,1,24,7,1
2003,5,2003_05_CIN_BUF,BUF,CIN,1,66,257.0,1763,0,22,16,1
2003,5,2003_05_CIN_BUF,CIN,BUF,0,72,279.0,2070,2,16,22,0
2003,5,2003_05_CLE_PIT,CLE,PIT,0,66,324.0,2248,1,33,13,1
2003,5,2003_05_CLE_PIT,PIT,CLE,1,51,209.0,1352,4,13,33,0
2003,5,2003_05_DEN_KC,DEN,KC,0,70,469.0,2046,0,23,24,0
2003,5,2003_05_DEN_KC,KC,DEN,1,53,261.0,1554,3,24,23,1
2003,5,2003_05_DET_SF,DET,SF,0,56,305.0,1537,2,17,24,0
2003,5,2003_05_DET_SF,SF,DET,1,68,325.0,2063,1,24,17,1
2003,5,2003_05_IND_TB,IND,TB,0,70,455.0,1968,1,38,35,1
2003,5,2003_05_IND_TB,TB,IND,1,72,457.0,2366,2,35,38,0
2003,5,2003_05_MIA_NYG,MIA,NYG,0,58,285.0,1777,1,23,10,1
2003,5,2003_05_MIA_NYG,NYG,MIA,1,67,350.0,1823,4,10,23,0
2003,5,2003_05_MIN_ATL,ATL,MIN,1,61,440.0,1592,3,26,39,0
2003,5,2003_05_MIN_ATL,MIN,ATL,0,65,401.0,2008,1,39,26,1
2003,5,2003_05_NO_CAR,CAR,NO,1,64,309.0,1982,1,19,13,1
2003,5,2003_05_NO_CAR,NO,CAR,0,60,344.0,1618,1,13,19,0
2003,5,2003_05_OAK_CHI,CHI,LV,1,62,346.0,1886,3,24,21,1
2003,5,2003_05_OAK_CHI,LV,CHI,0,62,301.0,1714,2,21,24,0
2003,5,2003_05_SD_JAX,JAX,LAC,1,68,436.0,1993,1,27,21,1
2003,5,2003_05_SD_JAX,LAC,JAX,0,58,346.0,1607,2,21,27,0
2003,5,2003_05_SEA_GB,GB,SEA,1,61,336.0,1990,0,35,13,1
2003,5,2003_05_SEA_GB,SEA,GB,0,64,343.0,1610,2,13,35,0
2003,5,2003_05_TEN_NE,NE,TEN,1,61,354.0,1685,0,38,30,1
2003,5,2003_05_TEN_NE,TEN,NE,0,75,444.0,1915,1,30,38,0
2003,5,2003_05_WAS_PHI,PHI,WAS,1,63,261.0,2010,2,27,25,1
2003,5,2003_05_WAS_PHI,WAS,PHI,0,74,307.0,1651,2,25,27,0
2003,6,2003_06_ATL_STL,ATL,LA,0,52,209.0,1360,3,0,36,0
2003,6,2003_06_ATL_STL,LA,ATL,1,66,496.0,2240,4,36,0,1
2003,6,2003_06_BAL_ARI,ARI,BAL,1,59,322.0,1638,3,18,26,0
2003,6,2003_06_BAL_ARI,BAL,ARI,0,57,285.0,1962,0,26,18,1
2003,6,2003_06_BUF_NYJ,BUF,NYJ,0,67,193.0,1928,4,3,30,0
2003,6,2003_06_BUF_NYJ,NYJ,BUF,1,52,233.0,1672,0,30,3,1
2003,6,2003_06_CAR_IND,CAR,IND,0,64,341.0,2272,2,23,20,1
2003,6,2003_06_CAR_IND,IND,CAR,1,61,369.0,1667,3,20,23,0
2003,6,2003_06_CHI_NO,CHI,NO,0,56,271.0,1826,2,13,20,0
2003,6,2003_06_CHI_NO,NO,CHI,1,63,283.0,1774,0,20,13,1
2003,6,2003_06_HOU_TEN,HOU,TEN,0,59,458.0,1577,3,17,38,0
2003,6,2003_06_HOU_TEN,TEN,HOU,1,61,535.0,2023,1,38,17,1
2003,6,2003_06_KC_GB,GB,KC,1,74,440.0,2195,2,34,40,0
2003,6,2003_06_KC_GB,KC,GB,0,71,482.0,1783,0,40,34,1
2003,6,2003_06_MIA_JAX,JAX,MIA,1,76,332.0,1974,5,10,24,0
2003,6,2003_06_MIA_JAX,MIA,JAX,0,52,234.0,1626,2,24,10,1
2003,6,2003_06_NYG_NE,NE,NYG,1,54,220.0,1487,0,17,6,1
2003,6,2003_06_NYG_NE,NYG,NE,0,85,381.0,2113,5,6,17,0
2003,6,2003_06_OAK_CLE,CLE,LV,1,60,284.0,1898,1,13,7,1
2003,6,2003_06_OAK_CLE,LV,CLE,0,55,254.0,1702,0,7,13,0
2003,6,2003_06_PHI_DAL,DAL,PHI,1,63,292.0,1924,1,23,21,1
2003,6,2003_06_PHI_DAL,PHI,DAL,0,60,232.0,1676,1,21,23,0
2003,6,2003_06_PIT_DEN,DEN,PIT,1,48,242.0,1425,3,17,14,1
2003,6,2003_06_PIT_DEN,PIT,DEN,0,69,217.0,2175,1,14,17,0
2003,6,2003_06_SF_SEA,SEA,SF,1,65,333.0,1946,1,20,19,1
2003,6,2003_06_SF_SEA,SF,SEA,0,60,261.0,1654,1,19,20,0
2003,6,2003_06_TB_WAS,TB,WAS,0,55,379.0,1743,0,35,13,1
2003,6,2003_06_TB_WAS,WAS,TB,1,65,275.0,1857,3,13,35,0
2003,7,2003_07_BAL_CIN,BAL,CIN,0,61,395.0,1744,3,26,34,0
2003,7,2003_07_BAL_CIN,CIN,BAL,1,59,303.0,1856,0,34,26,1
2003,7,2003_07_CHI_SEA,CHI,SEA,0,66,213.0,2051,2,17,24,0
2003,7,2003_07_CHI_SEA,SEA,CHI,1,57,335.0,1549,2,24,17,1
2003,7,2003_07_DAL_DET,DAL,DET,0,71,331.0,2241,1,38,7,1
2003,7,2003_07_DAL_DET,DET,DAL,1,55,157.0,1359,4,7,38,0
2003,7,2003_07_DEN_MIN,DEN,MIN,0,69,321.0,1926,3,20,28,0
2003,7,2003_07_DEN_MIN,MIN,DEN,1,50,340.0,1674,0,28,20,1
2003,7,2003_07_GB_STL,GB,LA,0,59,372.0,1751,3,24,34,0
2003,7,2003_07_GB_STL,LA,GB,1,63,370.0,1849,3,34,24,1
2003,7,2003_07_KC_OAK,KC,LV,0,55,319.0,1681,2,17,10,1
2003,7,2003_07_KC_OAK,LV,KC,1,76,357.0,1919,2,10,17,0
2003,7,2003_07_NE_MIA,MIA,NE,1,65,326.0,2070,3,13,19,0
2003,7,2003_07_NE_MIA,NE,MIA,0,64,332.0,2085,2,19,13,1
2003,7,2003_07_NO_ATL,ATL,NO,1,52,238.0,1310,1,17,45,0
2003,7,2003_07_NO_ATL,NO,ATL,0,70,507.0,2290,1,45,17,1
2003,7,2003_07_NYJ_HOU,HOU,NYJ,1,61,325.0,2056,0,14,19,0
2003,7,2003_07_NYJ_HOU,NYJ,HOU,0,59,296.0,1544,0,19,14,1
2003,7,2003_07_PHI_NYG,NYG,PHI,1,80,339.0,2142,2,10,14,0
2003,7,2003_07_PHI_NYG,PHI,NYG,0,49,134.0,1458,2,14,10,1
2003,7,2003_07_SD_CLE,CLE,LAC,1,69,277.0,1694,2,20,26,0
2003,7,2003_07_SD_CLE,LAC,CLE,0,56,289.0,1729,2,26,20,1
2003,7,2003_07_TB_SF,SF,TB,1,71,458.0,1988,2,24,7,1
2003,7,2003_07_TB_SF,TB,SF,0,57,326.0,1612,4,7,24,0
2003,7,2003_07_TEN_CAR,CAR,TEN,1,70,383.0,1723,4,17,37,0
2003,7,2003_07_TEN_CAR,TEN,CAR,0,64,348.0,2008,0,37,17,1
2003,7,2003_07_WAS_BUF,BUF,WAS,1,66,432.0,2215,2,24,7,1
2003,7,2003_07_WAS_BUF,WAS,BUF,0,53,169.0,1385,1,7,24,0
2003,8,2003_08_BUF_KC,BUF,KC,0,67,266.0,1973,7,5,38,0
2003,8,2003_08_BUF_KC,KC,BUF,1,61,375.0,1627,0,38,5,1
2003,8,2003_08_CAR_NO,CAR,NO,0,67,368.0,2032,0,23,20,1
2003,8,2003_08_CAR_NO,NO,CAR,1,66,294.0,1844,3,20,23,0
2003,8,2003_08_CLE_NE,CLE,NE,0,59,203.0,1611,1,3,9,0
2003,8,2003_08_CLE_NE,NE,CLE,1,64,347.0,1989,0,9,3,1
2003,8,2003_08_DAL_TB,DAL,TB,0,51,178.0,1516,3,0,16,0
2003,8,2003_08_DAL_TB,TB,DAL,1,63,261.0,2084,0,16,0,1
2003,8,2003_08_DEN_BAL,BAL,DEN,1,66,277.0,1890,0,26,6,1
2003,8,2003_08_DEN_BAL,DEN,BAL,0,60,194.0,1710,2,6,26,0
2003,8,2003_08_DET_CHI,CHI,DET,1,59,261.0,1807,0,24,16,1
2003,8,2003_08_DET_CHI,DET,CHI,0,66,264.0,1793,2,16,24,0
2003,8,2003_08_HOU_IND,HOU,IND,0,56,270.0,1832,3,21,30,0
2003,8,2003_08_HOU_IND,IND,HOU,1,57,391.0,1768,0,30,21,1
2003,8,2003_08_MIA_SD,LAC,MIA,1,67,250.0,1908,3,10,26,0
2003,8,2003_08_MIA_SD,MIA,LAC,0,57,264.0,1692,1,26,10,1
2003,8,2003_08_NYG_MIN,MIN,NYG,1,63,359.0,1779,2,17,29,0
2003,8,2003_08_NYG_MIN,NYG,MIN,0,69,450.0,1821,1,29,17,1
2003,8,2003_08_NYJ_PHI,NYJ,PHI,0,61,377.0,1718,2,17,24,0
2003,8,2003_08_NYJ_PHI,PHI,NYJ,1,60,306.0,1882,2,24,17,1
2003,8,2003_08_SEA_CIN,CIN,SEA,1,66,412.0,1946,0,27,24,1
2003,8,2003_08_SEA_CIN,SEA,CIN,0,69,462.0,1654,5,24,27,0
2003,8,2003_08_SF_ARI,ARI,SF,1,70,314.0,2276,1,16,13,1
2003,8,2003_08_SF_ARI,SF,ARI,0,58,255.0,1623,1,13,16,0
2003,8,2003_08_STL_PIT,LA,PIT,0,77,448.0,2400,0,33,21,1
2003,8,2003_08_STL_PIT,PIT,LA,1,48,245.0,1200,4,21,33,0
2003,8,2003_08_TEN_JAX,JAX,TEN,1,52,297.0,1246,3,17,30,0
2003,8,2003_08_TEN_JAX,TEN,JAX,0,65,320.0,2354,1,30,17,1
2003,9,2003_09_CAR_HOU,CAR,HOU,0,58,367.0,1785,1,10,14,0
2003,9,2003_09_CAR_HOU,HOU,CAR,1,51,267.0,1815,0,14,10,1
2003,9,2003_09_CIN_ARI,ARI,CIN,1,67,304.0,2092,1,17,14,1
2003,9,2003_09_CIN_ARI,CIN,ARI,0,58,263.0,1508,2,14,17,0
2003,9,2003_09_GB_MIN,GB,MIN,0,63,451.0,1818,1,30,27,1
2003,9,2003_09_GB_MIN,MIN,GB,1,61,323.0,1782,0,27,30,0
2003,9,2003_09_IND_MIA,IND,MIA,0,76,356.0,2260,2,23,17,1
2003,9,2003_09_IND_MIA,MIA,IND,1,48,239.0,1340,2,17,23,0
2003,9,2003_09_JAX_BAL,BAL,JAX,1,54,261.0,1507,2,24,17,1
2003,9,2003_09_JAX_BAL,JAX,BAL,0,71,320.0,2093,3,17,24,0
2003,9,2003_09_NE_DEN,DEN,NE,1,64,277.0,1884,1,26,30,0
2003,9,2003_09_NE_DEN,NE,DEN,0,61,419.0,1716,2,30,26,1
2003,9,2003_09_NO_TB,NO,TB,0,59,257.0,1814,2,17,14,1
2003,9,2003_09_NO_TB,TB,NO,1,68,362.0,1924,5,14,17,0
2003,9,2003_09_NYG_NYJ,NYG,NYJ,0,75,415.0,2069,0,31,28,1
2003,9,2003_09_NYG_NYJ,NYJ,NYG,1,86,392.0,2427,4,28,31,0
2003,9,2003_09_OAK_DET,DET,LV,1,54,229.0,1754,1,23,13,1
2003,9,2003_09_OAK_DET,LV,DET,0,68,265.0,1846,5,13,23,0
2003,9,2003_09_PHI_ATL,ATL,PHI,1,59,278.0,1875,2,16,23,0
2003,9,2003_09_PHI_ATL,PHI,ATL,0,63,430.0,1725,0,23,16,1
2003,9,2003_09_PIT_SEA,PIT,SEA,0,67,320.0,1943,0,16,23,0
2003,9,2003_09_PIT_SEA,SEA,PIT,1,61,289.0,1657,0,23,16,1
2003,9,2003_09_SD_CHI,CHI,LAC,1,65,341.0,2146,1,20,7,1
2003,9,2003_09_SD_CHI,LAC,CHI,0,45,199.0,1454,1,7,20,0
2003,9,2003_09_STL_SF,LA,SF,0,55,340.0,1541,3,10,30,0
2003,9,2003_09_STL_SF,SF,LA,1,65,389.0,2059,2,30,10,1
2003,9,2003_09_WAS_DAL,DAL,WAS,1,74,400.0,1841,4,21,14,1
2003,9,2003_09_WAS_DAL,WAS,DAL,0,54,215.0,1715,0,14,21,0
2003,10,2003_10_ARI_PIT,ARI,PIT,0,77,379.0,2024,1,15,28,0
2003,10,2003_10_ARI_PIT,PIT,ARI,1,52,246.0,1576,1,28,15,1
2003,10,2003_10_ATL_NYG,ATL,NYG,0,61,274.0,1809,0,27,7,1
2003,10,2003_10_ATL_NYG,NYG,ATL,1,66,320.0,1791,4,7,27,0
2003,10,2003_10_BAL_STL,BAL,LA,0,79,267.0,2241,9,22,33,0
2003,10,2003_10_BAL_STL,LA,BAL,1,51,121.0,1359,2,33,22,1
2003,10,2003_10_BUF_DAL,BUF,DAL,0,62,185.0,1632,2,6,10,0
2003,10,2003_10_BUF_DAL,DAL,BUF,1,69,236.0,1968,0,10,6,1
2003,10,2003_10_CHI_DET,CHI,DET,0,54,199.0,1800,1,10,12,0
2003,10,2003_10_CHI_DET,DET,CHI,1,60,248.0,1800,0,12,10,1
2003,10,2003_10_CLE_KC,CLE,KC,0,51,199.0,1642,3,20,41,0
2003,10,2003_10_CLE_KC,KC,CLE,1,72,438.0,1991,1,41,20,1
2003,10,2003_10_HOU_CIN,CIN,HOU,1,83,422.0,2475,1,34,27,1
2003,10,2003_10_HOU_CIN,HOU,CIN,0,46,269.0,1125,1,27,34,0
2003,10,2003_10_IND_JAX,IND,JAX,0,66,394.0,1701,3,23,28,0
2003,10,2003_10_IND_JAX,JAX,IND,1,62,353.0,1899,1,28,23,1
2003,10,2003_10_MIA_TEN,MIA,TEN,0,53,224.0,1347,5,7,31,0
2003,10,2003_10_MIA_TEN,TEN,MIA,1,64,324.0,2253,0,31,7,1
2003,10,2003_10_MIN_SD,LAC,MIN,1,57,458.0,1720,0,42,28,1
2003,10,2003_10_MIN_SD,MIN,LAC,0,70,460.0,1988,2,28,42,0
2003,10,2003_10_NYJ_OAK,LV,NYJ,1,77,355.0,2311,1,24,27,0
2003,10,2003_10_NYJ_OAK,NYJ,LV,0,59,426.0,1645,0,27,24,1
2003,10,2003_10_PHI_GB,GB,PHI,1,63,307.0,1875,3,14,17,0
2003,10,2003_10_PHI_GB,PHI,GB,0,62,282.0,1725,0,17,14,1
2003,10,2003_10_SEA_WAS,SEA,WAS,0,60,346.0,1962,2,20,27,0
2003,10,2003_10_SEA_WAS,WAS,SEA,1,65,379.0,1749,3,27,20,1
2003,10,2003_10_TB_CAR,CAR,TB,1,65,341.0,1791,2,27,24,1
2003,10,2003_10_TB_CAR,TB,CAR,0,65,347.0,1809,1,24,27,0
2003,11,2003_11_ARI_CLE,ARI,CLE,0,46,187.0,1227,4,6,44,0
2003,11,2003_11_ARI_CLE,CLE,ARI,1,68,481.0,2373,0,44,6,1
2003,11,2003_11_ATL_NO,ATL,NO,0,56,244.0,1462,2,20,23,0
2003,11,2003_11_ATL_NO,NO,ATL,1,81,403.0,2377,4,23,20,1
2003,11,2003_11_BAL_MIA,BAL,MIA,0,60,220.0,1875,3,6,9,0
2003,11,2003_11_BAL_MIA,MIA,BAL,1,74,267.0,2097,1,9,6,1
2003,11,2003_11_DAL_NE,DAL,NE,0,65,291.0,1846,4,0,12,0
2003,11,2003_11_DAL_NE,NE,DAL,1,61,268.0,1754,0,12,0,1
2003,11,2003_11_DET_SEA,DET,SEA,0,66,357.0,1665,2,14,35,0
2003,11,2003_11_DET_SEA,SEA,DET,1,62,366.0,1935,0,35,14,1
2003,11,2003_11_GB_TB,GB,TB,0,66,282.0,2047,1,20,13,1
2003,11,2003_11_GB_TB,TB,GB,1,49,285.0,1553,3,13,20,0
2003,11,2003_11_HOU_BUF,BUF,HOU,1,58,335.0,1916,1,10,12,0
2003,11,2003_11_HOU_BUF,HOU,BUF,0,53,245.0,1684,1,12,10,1
2003,11,2003_11_JAX_TEN,JAX,TEN,0,62,271.0,1828,2,3,10,0
2003,11,2003_11_JAX_TEN,TEN,JAX,1,60,246.0,1772,3,10,3,1
2003,11,2003_11_KC_CIN,CIN,KC,1,67,422.0,1968,0,24,19,1
2003,11,2003_11_KC_CIN,KC,CIN,0,61,371.0,1632,0,19,24,0
2003,11,2003_11_MIN_OAK,LV,MIN,1,59,375.0,1770,2,28,18,1
2003,11,2003_11_MIN_OAK,MIN,LV,0,75,469.0,1830,6,18,28,0
2003,11,2003_11_NYG_PHI,NYG,PHI,0,71,361.0,1907,1,10,28,0
2003,11,2003_11_NYG_PHI,PHI,NYG,1,51,376.0,1832,1,28,10,1
2003,11,2003_11_NYJ_IND,IND,NYJ,1,77,538.0,2332,0,38,31,1
2003,11,2003_11_NYJ_IND,NYJ,IND,0,34,324.0,1268,0,31,38,0
2003,11,2003_11_PIT_SF,PIT,SF,0,67,349.0,1773,2,14,30,0
2003,11,2003_11_PIT_SF,SF,PIT,1,59,423.0,1827,0,30,14,1
2003,11,2003_11_SD_DEN,DEN,LAC,1,85,448.0,2651,3,37,8,1
2003,11,2003_11_SD_DEN,LAC,DEN,0,41,98.0,949,4,8,37,0
2003,11,2003_11_STL_CHI,CHI,LA,1,59,241.0,2029,2,21,23,0
2003,11,2003_11_STL_CHI,LA,CHI,0,75,320.0,1933,3,23,21,1
2003,11,2003_11_WAS_CAR,CAR,WAS,1,65,427.0,2056,4,20,17,1
2003,11,2003_11_WAS_CAR,WAS,CAR,0,60,181.0,1544,2,17,20,0
2003,12,2003_12_CAR_DAL,CAR,DAL,0,54,244.0,1558,2,20,24,0
2003,12,2003_12_CAR_DAL,DAL,CAR,1,70,319.0,2042,1,24,20,1
2003,12,2003_12_CHI_DEN,CHI,DEN,0,68,217.0,1963,0,19,10,1
2003,12,2003_12_CHI_DEN,DEN,CHI,1,59,365.0,1637,0,10,19,0
2003,12,2003_12_CIN_SD,CIN,LAC,0,85,454.0,2298,1,34,27,1
2003,12,2003_12_CIN_SD,LAC,CIN,1,55,325.0,1302,0,27,34,0
2003,12,2003_12_DET_MIN,DET,MIN,0,60,241.0,1571,4,14,24,0
2003,12,2003_12_DET_MIN,MIN,DET,1,61,307.0,2029,2,24,14,1
2003,12,2003_12_IND_BUF,BUF,IND,1,57,228.0,1679,1,14,17,0
2003,12,2003_12_IND_BUF,IND,BUF,0,75,328.0,1921,1,17,14,1
2003,12,2003_12_JAX_NYJ,JAX,NYJ,0,71,330.0,1950,2,10,13,0
2003,12,2003_12_JAX_NYJ,NYJ,JAX,1,62,282.0,1650,1,13,10,1
2003,12,2003_12_NE_HOU,HOU,NE,1,58,169.0,1829,1,20,23,0
2003,12,2003_12_NE_HOU,NE,HOU,0,92,472.0,2630,4,23,20,1
2003,12,2003_12_NO_PHI,NO,PHI,0,66,466.0,1736,3,20,33,0
2003,12,2003_12_NO_PHI,PHI,NO,1,60,448.0,1864,0,33,20,1
2003,12,2003_12_NYG_TB,NYG,TB,0,54,212.0,1349,4,13,19,0
2003,12,2003_12_NYG_TB,TB,NYG,1,72,358.0,2251,3,19,13,1
2003,12,2003_12_OAK_KC,KC,LV,1,59,384.0,1673,0,27,24,1
2003,12,2003_12_OAK_KC,LV,KC,0,69,379.0,1927,0,24,27,0
2003,12,2003_12_PIT_CLE,CLE,PIT,1,75,303.0,1953,5,6,13,0
2003,12,2003_12_PIT_CLE,PIT,CLE,0,57,168.0,1647,0,13,6,1
2003,12,2003_12_SEA_BAL,BAL,SEA,1,78,426.0,2150,3,44,41,1
2003,12,2003_12_SEA_BAL,SEA,BAL,0,80,426.0,1958,2,41,44,0
2003,12,2003_12_SF_GB,GB,SF,1,64,379.0,2083,3,20,10,1
2003,12,2003_12_SF_GB,SF,GB,0,55,192.0,1517,1,10,20,0
2003,12,2003_12_STL_ARI,ARI,LA,1,58,358.0,1873,2,27,30,0
2003,12,2003_12_STL_ARI,LA,ARI,0,74,415.0,2005,5,30,27,1
2003,12,2003_12_TEN_ATL,ATL,TEN,1,54,282.0,1674,2,31,38,0
2003,12,2003_12_TEN_ATL,TEN,ATL,0,62,347.0,2106,1,38,31,1
2003,12,2003_12_WAS_MIA,MIA,WAS,1,57,317.0,1550,3,24,23,1
2003,12,2003_12_WAS_MIA,WAS,MIA,0,68,277.0,2050,2,23,24,0
2003,13,2003_13_ARI_CHI,ARI,CHI,0,51,197.0,1478,3,3,28,0
2003,13,2003_13_ARI_CHI,CHI,ARI,1,76,422.0,2122,1,28,3,1
2003,13,2003_13_ATL_HOU,ATL,HOU,0,64,243.0,1771,1,13,17,0
2003,13,2003_13_ATL_HOU,HOU,ATL,1,54,236.0,1829,1,17,13,1
2003,13,2003_13_BUF_NYG,BUF,NYG,0,74,403.0,2347,0,24,7,1
2003,13,2003_13_BUF_NYG,NYG,BUF,1,54,222.0,1253,1,7,24,0
2003,13,2003_13_CIN_PIT,CIN,PIT,0,58,379.0,1607,0,24,20,1
2003,13,2003_13_CIN_PIT,PIT,CIN,1,75,384.0,1993,2,20,24,0
2003,13,2003_13_CLE_SEA,CLE,SEA,0,54,214.0,1281,3,7,34,0
2003,13,2003_13_CLE_SEA,SEA,CLE,1,75,463.0,2319,1,34,7,1
2003,13,2003_13_DEN_OAK,DEN,LV,0,70,289.0,2259,1,22,8,1
2003,13,2003_13_DEN_OAK,LV,DEN,1,55,262.0,1341,3,8,22,0
2003,13,2003_13_GB_DET,DET,GB,1,68,266.0,2083,1,22,14,1
2003,13,2003_13_GB_DET,GB,DET,0,57,320.0,1517,5,14,22,0
2003,13,2003_13_KC_SD,KC,LAC,0,70,335.0,1999,2,28,24,1
2003,13,2003_13_KC_SD,LAC,KC,1,63,370.0,1601,3,24,28,0
2003,13,2003_13_MIA_DAL,DAL,MIA,1,61,354.0,1573,5,21,40,0
2003,13,2003_13_MIA_DAL,MIA,DAL,0,65,365.0,2027,1,40,21,1
2003,13,2003_13_MIN_STL,LA,MIN,1,47,396.0,1343,1,48,17,1
2003,13,2003_13_MIN_STL,MIN,LA,0,82,465.0,2257,3,17,48,0
2003,13,2003_13_NE_IND,IND,NE,1,79,370.0,1921,2,34,38,0
2003,13,2003_13_NE_IND,NE,IND,0,60,282.0,1679,3,38,34,1
2003,13,2003_13_NO_WAS,NO,WAS,0,67,310.0,1890,0,24,20,1
2003,13,2003_13_NO_WAS,WAS,NO,1,68,392.0,1710,3,20,24,0
2003,13,2003_13_PHI_CAR,CAR,PHI,1,60,336.0,1806,2,16,25,0
2003,13,2003_13_PHI_CAR,PHI,CAR,0,58,283.0,1794,1,25,16,1
2003,13,2003_13_SF_BAL,BAL,SF,1,55,282.0,1641,2,44,6,1
2003,13,2003_13_SF_BAL,SF,BAL,0,66,264.0,1959,4,6,44,0
2003,13,2003_13_TB_JAX,JAX,TB,1,69,359.0,1890,1,17,10,1
2003,13,2003_13_TB_JAX,TB,JAX,0,59,221.0,1722,1,10,17,0
2003,13,2003_13_TEN_NYJ,NYJ,TEN,1,55,320.0,1878,2,24,17,1
2003,13,2003_13_TEN_NYJ,TEN,NYJ,0,60,343.0,1722,2,17,24,0
2003,14,2003_14_ARI_SF,ARI,SF,0,65,217.0,1677,2,14,50,0
2003,14,2003_14_ARI_SF,SF,ARI,1,66,496.0,1923,1,50,14,1
2003,14,2003_14_CAR_ATL,ATL,CAR,1,74,380.0,1972,2,20,14,1
2003,14,2003_14_CAR_ATL,CAR,ATL,0,59,231.0,1717,3,14,20,0
2003,14,2003_14_CHI_GB,CHI,GB,0,63,275.0,1476,5,21,34,0
2003,14,2003_14_CHI_GB,GB,CHI,1,72,309.0,2124,1,34,21,1
2003,14,2003_14_CIN_BAL,BAL,CIN,1,66,353.0,1976,4,31,13,1
2003,14,2003_14_CIN_BAL,CIN,BAL,0,58,268.0,1624,4,13,31,0
2003,14,2003_14_DAL_PHI,DAL,PHI,0,61,225.0,2002,2,10,36,0
2003,14,2003_14_DAL_PHI,PHI,DAL,1,59,403.0,1598,0,36,10,1
2003,14,2003_14_HOU_JAX,HOU,JAX,0,49,124.0,1454,3,0,27,0
2003,14,2003_14_HOU_JAX,JAX,HOU,1,70,390.0,2146,0,27,0,1
2003,14,2003_14_IND_TEN,IND,TEN,0,69,338.0,2034,1,29,27,1
2003,14,2003_14_IND_TEN,TEN,IND,1,60,329.0,1566,3,27,29,0
2003,14,2003_14_KC_DEN,DEN,KC,1,61,508.0,1896,0,45,27,1
2003,14,2003_14_KC_DEN,KC,DEN,0,70,444.0,1704,0,27,45,0
2003,14,2003_14_MIA_NE,MIA,NE,0,61,134.0,1635,3,0,12,0
2003,14,2003_14_MIA_NE,NE,MIA,1,68,228.0,1965,1,12,0,1
2003,14,2003_14_NYJ_BUF,BUF,NYJ,1,58,256.0,1879,2,17,6,1
2003,14,2003_14_NYJ_BUF,NYJ,BUF,0,60,215.0,1721,1,6,17,0
2003,14,2003_14_OAK_PIT,LV,PIT,0,52,161.0,1449,3,7,27,0
2003,14,2003_14_OAK_PIT,PIT,LV,1,68,399.0,2151,2,27,7,1
2003,14,2003_14_SD_DET,DET,LAC,1,65,276.0,1672,0,7,14,0
2003,14,2003_14_SD_DET,LAC,DET,0,60,375.0,1928,2,14,7,1
2003,14,2003_14_SEA_MIN,MIN,SEA,1,78,465.0,2331,0,34,7,1
2003,14,2003_14_SEA_MIN,SEA,MIN,0,53,258.0,1269,3,7,34,0
2003,14,2003_14_STL_CLE,CLE,LA,1,56,309.0,1497,4,20,26,0
2003,14,2003_14_STL_CLE,LA,CLE,0,70,328.0,2103,1,26,20,1
2003,14,2003_14_TB_NO,NO,TB,1,61,292.0,1751,3,7,14,0
2003,14,2003_14_TB_NO,TB,NO,0,64,314.0,1849,1,14,7,1
2003,14,2003_14_WAS_NYG,NYG,WAS,1,54,220.0,1372,3,7,20,0
2003,14,2003_14_WAS_NYG,WAS,NYG,0,69,288.0,2228,0,20,7,1
2003,15,2003_15_ATL_IND,ATL,IND,0,55,154.0,1592,2,7,38,0
2003,15,2003_15_ATL_IND,IND,ATL,1,64,465.0,2008,2,38,7,1
2003,15,2003_15_BAL_OAK,BAL,LV,0,62,319.0,1798,2,12,20,0
2003,15,2003_15_BAL_OAK,LV,BAL,1,66,265.0,1802,1,20,12,1
2003,15,2003_15_BUF_TEN,BUF,TEN,0,54,241.0,1395,1,26,28,0
2003,15,2003_15_BUF_TEN,TEN,BUF,1,78,351.0,2205,1,28,26,1
2003,15,2003_15_CAR_ARI,ARI,CAR,1,69,317.0,2274,2,17,20,0
2003,15,2003_15_CAR_ARI,CAR,ARI,0,51,298.0,1326,2,20,17,1
2003,15,2003_15_CLE_DEN,CLE,DEN,0,49,275.0,1235,1,20,23,0
2003,15,2003_15_CLE_DEN,DEN,CLE,1,79,417.0,2675,1,23,20,1
2003,15,2003_15_DAL_WAS,DAL,WAS,0,72,326.0,2219,2,27,0,1
2003,15,2003_15_DAL_WAS,WAS,DAL,1,54,161.0,1381,5,0,27,0
2003,15,2003_15_DET_KC,DET,KC,0,66,334.0,1809,2,17,45,0
2003,15,2003_15_DET_KC,KC,DET,1,60,521.0,1791,0,45,17,1
2003,15,2003_15_GB_SD,GB,LAC,0,60,361.0,1649,1,38,21,1
2003,15,2003_15_GB_SD,LAC,GB,1,78,426.0,1951,4,21,38,0
2003,15,2003_15_HOU_TB,HOU,TB,0,41,107.0,1286,0,3,16,0
2003,15,2003_15_HOU_TB,TB,HOU,1,70,398.0,2314,0,16,3,1
2003,15,2003_15_JAX_NE,JAX,NE,0,61,354.0,1639,2,13,27,0
2003,15,2003_15_JAX_NE,NE,JAX,1,68,296.0,1961,1,27,13,1
2003,15,2003_15_MIN_CHI,CHI,MIN,1,54,232.0,1365,0,13,10,1
2003,15,2003_15_MIN_CHI,MIN,CHI,0,74,393.0,2235,1,10,13,0
2003,15,2003_15_NYG_NO,NO,NYG,1,69,440.0,1956,1,45,7,1
2003,15,2003_15_NYG_NO,NYG,NO,0,55,241.0,1644,2,7,45,0
2003,15,2003_15_PHI_MIA,MIA,PHI,1,71,398.0,1925,2,27,34,0
2003,15,2003_15_PHI_MIA,PHI,MIA,0,57,401.0,1675,1,34,27,1
2003,15,2003_15_PIT_NYJ,NYJ,PIT,1,61,319.0,1797,1,6,0,1
2003,15,2003_15_PIT_NYJ,PIT,NYJ,0,62,231.0,1803,0,0,6,0
2003,15,2003_15_SEA_STL,LA,SEA,1,63,316.0,1941,1,27,22,1
2003,15,2003_15_SEA_STL,SEA,LA,0,66,366.0,1659,1,22,27,0
2003,15,2003_15_SF_CIN,CIN,SF,1,64,393.0,1991,0,41,38,1
2003,15,2003_15_SF_CIN,SF,CIN,0,61,502.0,1609,3,38,41,0
2003,16,2003_16_ARI_SEA,ARI,SEA,0,74,299.0,1994,1,10,28,0
2003,16,2003_16_ARI_SEA,SEA,ARI,1,59,340.0,1606,4,28,10,1
2003,16,2003_16_ATL_TB,ATL,TB,0,57,267.0,1898,1,30,28,1
2003,16,2003_16_ATL_TB,TB,ATL,1,72,442.0,1815,4,28,30,0
2003,16,2003_16_BAL_CLE,BAL,CLE,0,63,359.0,1960,1,35,0,1
2003,16,2003_16_BAL_CLE,CLE,BAL,1,62,211.0,1640,4,0,35,0
2003,16,2003_16_CIN_STL,CIN,LA,0,55,286.0,1482,3,10,27,0
2003,16,2003_16_CIN_STL,LA,CIN,1,70,371.0,2118,1,27,10,1
2003,16,2003_16_DEN_IND,DEN,IND,0,71,465.0,2698,1,31,17,1
2003,16,2003_16_DEN_IND,IND,DEN,1,37,183.0,902,0,17,31,0
2003,16,2003_16_DET_CAR,CAR,DET,1,71,384.0,2294,2,20,14,1
2003,16,2003_16_DET_CAR,DET,CAR,0,41,106.0,1306,1,14,20,0
2003,16,2003_16_GB_OAK,GB,LV,0,68,548.0,2196,0,41,7,1
2003,16,2003_16_GB_OAK,LV,GB,1,62,298.0,1404,3,7,41,0
2003,16,2003_16_KC_MIN,KC,MIN,0,62,329.0,1439,4,20,45,0
2003,16,2003_16_KC_MIN,MIN,KC,1,71,469.0,2161,1,45,20,1
2003,16,2003_16_MIA_BUF,BUF,MIA,1,62,177.0,1635,3,3,20,0
2003,16,2003_16_MIA_BUF,MIA,BUF,0,57,169.0,1965,3,20,3,1
2003,16,2003_16_NE_NYJ,NE,NYJ,0,50,271.0,1641,1,21,16,1
2003,16,2003_16_NE_NYJ,NYJ,NE,1,74,321.0,1959,5,16,21,0
2003,16,2003_16_NO_JAX,JAX,NO,1,63,374.0,1923,2,20,19,1
2003,16,2003_16_NO_JAX,NO,JAX,0,64,350.0,1677,1,19,20,0
2003,16,2003_16_NYG_DAL,DAL,NYG,1,60,326.0,1949,0,19,3,1
2003,16,2003_16_NYG_DAL,NYG,DAL,0,59,213.0,1651,0,3,19,0
2003,16,2003_16_SD_PIT,LAC,PIT,0,65,344.0,1538,3,24,40,0
2003,16,2003_16_SD_PIT,PIT,LAC,1,64,341.0,2062,0,40,24,1
2003,16,2003_16_SF_PHI,PHI,SF,1,51,293.0,1486,3,28,31,0
2003,16,2003_16_SF_PHI,SF,PHI,0,74,419.0,2179,1,31,28,1
2003,16,2003_16_TEN_HOU,HOU,TEN,1,53,326.0,1422,3,24,27,0
2003,16,2003_16_TEN_HOU,TEN,HOU,0,71,450.0,2178,1,27,24,1
2003,16,2003_16_WAS_CHI,CHI,WAS,1,74,429.0,2274,2,27,24,1
2003,16,2003_16_WAS_CHI,WAS,CHI,0,46,286.0,1326,0,24,27,0
2003,17,2003_17_BUF_NE,BUF,NE,0,67,256.0,1612,4,0,31,0
2003,17,2003_17_BUF_NE,NE,BUF,1,69,321.0,1988,1,31,0,1
2003,17,2003_17_CAR_NYG,CAR,NYG,0,70,251.0,2076,3,37,24,1
2003,17,2003_17_CAR_NYG,NYG,CAR,1,64,175.0,1524,4,24,37,0
2003,17,2003_17_CHI_KC,CHI,KC,0,68,241.0,1537,2,3,31,0
2003,17,2003_17_CHI_KC,KC,CHI,1,65,282.0,2063,1,31,3,1
2003,17,2003_17_CLE_CIN,CIN,CLE,1,63,271.0,1735,1,14,22,0
2003,17,2003_17_CLE_CIN,CLE,CIN,0,59,379.0,1865,0,22,14,1
2003,17,2003_17_DAL_NO,DAL,NO,0,73,352.0,1916,3,7,13,0
2003,17,2003_17_DAL_NO,NO,DAL,1,59,291.0,1684,0,13,7,1
2003,17,2003_17_DEN_GB,DEN,GB,0,61,216.0,1848,3,3,31,0
2003,17,2003_17_DEN_GB,GB,DEN,1,58,366.0,1752,1,31,3,1
2003,17,2003_17_IND_HOU,HOU,IND,1,45,204.0,1468,1,17,20,0
2003,17,2003_17_IND_HOU,IND,HOU,0,77,418.0,2132,2,20,17,1
2003,17,2003_17_JAX_ATL,ATL,JAX,1,62,344.0,1882,1,21,14,1
2003,17,2003_17_JAX_ATL,JAX,ATL,0,61,320.0,1718,1,14,21,0
2003,17,2003_17_MIN_ARI,ARI,MIN,1,62,219.0,1711,1,18,17,1
2003,17,2003_17_MIN_ARI,MIN,ARI,0,62,342.0,2003,2,17,18,0
2003,17,2003_17_NYJ_MIA,MIA,NYJ,1,57,397.0,1828,1,23,21,1
2003,17,2003_17_NYJ_MIA,NYJ,MIA,0,58,285.0,1772,0,21,23,0
2003,17,2003_17_OAK_SD,LAC,LV,1,68,337.0,1958,0,21,14,1
2003,17,2003_17_OAK_SD,LV,LAC,0,59,141.0,1642,1,14,21,0
2003,17,2003_17_PHI_WAS,PHI,WAS,0,59,332.0,1882,0,31,7,1
2003,17,2003_17_PHI_WAS,WAS,PHI,1,57,260.0,1718,2,7,31,0
2003,17,2003_17_PIT_BAL,BAL,PIT,1,63,279.0,1983,3,13,10,1
2003,17,2003_17_PIT_BAL,PIT,BAL,0,61,214.0,1825,4,10,13,0
2003,17,2003_17_SEA_SF,SEA,SF,0,70,394.0,1911,2,24,17,1
2003,17,2003_17_SEA_SF,SF,SEA,1,63,290.0,1689,2,17,24,0
2003,17,2003_17_STL_DET,DET,LA,1,66,342.0,2008,2,30,20,1
2003,17,2003_17_STL_DET,LA,DET,0,59,194.0,1592,3,20,30,0
2003,17,2003_17_TB_TEN,TB,TEN,0,59,274.0,1667,4,13,33,0
2003,17,2003_17_TB_TEN,TEN,TB,1,61,344.0,1933,1,33,13,1
2004,1,2004_01_ARI_STL,ARI,LA,0,54,260.0,1570,0,10,17,0
2004,1,2004_01_ARI_STL,LA,ARI,1,65,450.0,2030,3,17,10,1
2004,1,2004_01_ATL_SF,ATL,SF,0,54,227.0,1593,1,21,19,1
2004,1,2004_01_ATL_SF,SF,ATL,1,73,359.0,2007,2,19,21,0
2004,1,2004_01_BAL_CLE,BAL,CLE,0,67,254.0,1859,3,3,20,0
2004,1,2004_01_BAL_CLE,CLE,BAL,1,55,250.0,1741,0,20,3,1
2004,1,2004_01_CIN_NYJ,CIN,NYJ,0,56,351.0,1753,2,24,31,0
2004,1,2004_01_CIN_NYJ,NYJ,CIN,1,62,438.0,1847,1,31,24,1
2004,1,2004_01_DAL_MIN,DAL,MIN,0,73,423.0,1784,2,17,35,0
2004,1,2004_01_DAL_MIN,MIN,DAL,1,54,415.0,1816,0,35,17,1
2004,1,2004_01_DET_CHI,CHI,DET,1,70,342.0,1818,4,16,20,0
2004,1,2004_01_DET_CHI,DET,CHI,0,57,262.0,1782,1,20,16,1
2004,1,2004_01_GB_CAR,CAR,GB,1,55,300.0,1316,2,14,24,0
2004,1,2004_01_GB_CAR,GB,CAR,0,71,279.0,2284,0,24,14,1
2004,1,2004_01_IND_NE,IND,NE,0,72,446.0,1901,4,24,27,0
2004,1,2004_01_IND_NE,NE,IND,1,57,402.0,1699,1,27,24,1
2004,1,2004_01_JAX_BUF,BUF,JAX,1,63,242.0,2033,2,10,13,0
2004,1,2004_01_JAX_BUF,JAX,BUF,0,61,225.0,1567,2,13,10,1
2004,1,2004_01_KC_DEN,DEN,KC,1,66,413.0,1896,3,34,24,1
2004,1,2004_01_KC_DEN,KC,DEN,0,61,318.0,1704,1,24,34,0
2004,1,2004_01_NYG_PHI,NYG,PHI,0,65,413.0,1670,1,17,31,0
2004,1,2004_01_NYG_PHI,PHI,NYG,1,65,454.0,1930,0,31,17,1
2004,1,2004_01_OAK_PIT,LV,PIT,0,63,360.0,1843,4,21,24,0
2004,1,2004_01_OAK_PIT,PIT,LV,1,57,237.0,1757,1,24,21,1
2004,1,2004_01_SD_HOU,HOU,LAC,1,56,336.0,1730,4,20,27,0
2004,1,2004_01_SD_HOU,LAC,HOU,0,57,324.0,1870,0,27,20,1
2004,1,2004_01_SEA_NO,NO,SEA,1,58,281.0,1583,3,7,21,0
2004,1,2004_01_SEA_NO,SEA,NO,0,72,415.0,2017,2,21,7,1
2004,1,2004_01_TB_WAS,TB,WAS,0,56,169.0,1633,2,10,16,0
2004,1,2004_01_TB_WAS,WAS,TB,1,63,291.0,1967,1,16,10,1
2004,1,2004_01_TEN_MIA,MIA,TEN,1,67,263.0,1771,3,7,17,0
2004,1,2004_01_TEN_MIA,TEN,MIA,0,52,243.0,1829,1,17,7,1
2004,2,2004_02_BUF_OAK,BUF,LV,0,56,243.0,1819,1,10,13,0
2004,2,2004_02_BUF_OAK,LV,BUF,1,55,273.0,1781,0,13,10,1
2004,2,2004_02_CAR_KC,CAR,KC,0,69,358.0,2115,2,28,17,1
2004,2,2004_02_CAR_KC,KC,CAR,1,60,281.0,1485,2,17,28,0
2004,2,2004_02_CHI_GB,CHI,GB,0,54,307.0,1650,2,21,10,1
2004,2,2004_02_CHI_GB,GB,CHI,1,73,404.0,1950,3,10,21,0
2004,2,2004_02_CLE_DAL,CLE,DAL,0,55,202.0,1432,3,12,19,0
2004,2,2004_02_CLE_DAL,DAL,CLE,1,64,441.0,2176,4,19,12,1
2004,2,2004_02_DEN_JAX,DEN,JAX,0,74,356.0,2228,1,6,7,0
2004,2,2004_02_DEN_JAX,JAX,DEN,1,40,176.0,1372,0,7,6,1
2004,2,2004_02_HOU_DET,DET,HOU,1,50,266.0,1690,1,28,16,1
2004,2,2004_02_HOU_DET,HOU,DET,0,72,386.0,1910,3,16,28,0
2004,2,2004_02_IND_TEN,IND,TEN,0,57,373.0,1505,1,31,17,1
2004,2,2004_02_IND_TEN,TEN,IND,1,73,389.0,2095,2,17,31,0
2004,2,2004_02_MIA_CIN,CIN,MIA,1,72,210.0,1887,2,16,13,1
2004,2,2004_02_MIA_CIN,MIA,CIN,0,61,226.0,1713,2,13,16,0
2004,2,2004_02_MIN_PHI,MIN,PHI,0,70,410.0,2273,2,16,27,0
2004,2,2004_02_MIN_PHI,PHI,MIN,1,47,317.0,1327,1,27,16,1
2004,2,2004_02_NE_ARI,ARI,NE,1,51,167.0,1484,2,12,23,0
2004,2,2004_02_NE_ARI,NE,ARI,0,70,377.0,2116,3,23,12,1
2004,2,2004_02_NYJ_SD,LAC,NYJ,1,61,327.0,1393,3,28,34,0
2004,2,2004_02_NYJ_SD,NYJ,LAC,0,64,380.0,2207,1,34,28,1
2004,2,2004_02_PIT_BAL,BAL,PIT,1,61,259.0,1988,0,30,13,1
2004,2,2004_02_PIT_BAL,PIT,BAL,0,63,310.0,1612,3,13,30,0
2004,2,2004_02_SEA_TB,SEA,TB,0,53,182.0,1577,1,10,6,1
2004,2,2004_02_SEA_TB,TB,SEA,1,68,271.0,2023,3,6,10,0
2004,2,2004_02_SF_NO,NO,SF,1,61,302.0,1689,1,30,27,1
2004,2,2004_02_SF_NO,SF,NO,0,68,370.0,1911,3,27,30,0
2004,2,2004_02_STL_ATL,ATL,LA,1,58,416.0,1791,0,34,17,1
2004,2,2004_02_STL_ATL,LA,ATL,0,51,280.0,1865,2,17,34,0
2004,2,2004_02_WAS_NYG,NYG,WAS,1,63,277.0,1795,1,20,14,1
2004,2,2004_02_WAS_NYG,WAS,NYG,0,68,322.0,1805,7,14,20,0
2004,3,2004_03_ARI_ATL,ARI,ATL,0,64,240.0,2077,4,3,6,0
2004,3,2004_03_ARI_ATL,ATL,ARI,1,55,283.0,1523,4,6,3,1
2004,3,2004_03_BAL_CIN,BAL,CIN,0,55,380.0,1608,2,23,9,1
2004,3,2004_03_BAL_CIN,CIN,BAL,1,82,398.0,1992,4,9,23,0
2004,3,2004_03_CHI_MIN,CHI,MIN,0,65,385.0,1921,1,22,27,0
2004,3,2004_03_CHI_MIN,MIN,CHI,1,58,443.0,1679,2,27,22,1
2004,3,2004_03_CLE_NYG,CLE,NYG,0,58,285.0,1678,3,10,27,0
2004,3,2004_03_CLE_NYG,NYG,CLE,1,61,390.0,1922,0,27,10,1
2004,3,2004_03_DAL_WAS,DAL,WAS,0,52,287.0,1491,0,21,18,1
2004,3,2004_03_DAL_WAS,WAS,DAL,1,73,386.0,2109,0,18,21,0
2004,3,2004_03_GB_IND,GB,IND,0,70,457.0,1868,2,31,45,0
2004,3,2004_03_GB_IND,IND,GB,1,64,453.0,1732,0,45,31,1
2004,3,2004_03_HOU_KC,HOU,KC,0,55,298.0,1493,1,24,21,1
2004,3,2004_03_HOU_KC,KC,HOU,1,69,364.0,2107,1,21,24,0
2004,3,2004_03_JAX_TEN,JAX,TEN,0,52,255.0,1726,0,15,12,1
2004,3,2004_03_JAX_TEN,TEN,JAX,1,57,249.0,1874,1,12,15,0
2004,3,2004_03_NO_STL,LA,NO,1,70,405.0,2017,1,25,28,0
2004,3,2004_03_NO_STL,NO,LA,0,75,462.0,2007,0,28,25,1
2004,3,2004_03_PHI_DET,DET,PHI,1,63,256.0,1622,1,13,30,0
2004,3,2004_03_PHI_DET,PHI,DET,0,63,402.0,1978,1,30,13,1
2004,3,2004_03_PIT_MIA,MIA,PIT,1,59,169.0,1549,4,3,13,0
2004,3,2004_03_PIT_MIA,PIT,MIA,0,61,314.0,2051,1,13,3,1
2004,3,2004_03_SD_DEN,DEN,LAC,1,58,328.0,1755,1,23,13,1
2004,3,2004_03_SD_DEN,LAC,DEN,0,64,214.0,1845,1,13,23,0
2004,3,2004_03_SF_SEA,SEA,SF,1,70,374.0,2066,0,34,0,1
2004,3,2004_03_SF_SEA,SF,SEA,0,53,175.0,1534,4,0,34,0
2004,3,2004_03_TB_OAK,LV,TB,1,63,399.0,1835,2,30,20,1
2004,3,2004_03_TB_OAK,TB,LV,0,62,391.0,1765,1,20,30,0
2004,4,2004_04_ATL_CAR,ATL,CAR,0,58,313.0,1940,0,27,10,1
2004,4,2004_04_ATL_CAR,CAR,ATL,1,61,360.0,1660,3,10,27,0
2004,4,2004_04_CIN_PIT,CIN,PIT,0,65,293.0,1688,3,17,28,0
2004,4,2004_04_CIN_PIT,PIT,CIN,1,66,333.0,1912,2,28,17,1
2004,4,2004_04_DEN_TB,DEN,TB,0,66,249.0,1969,0,16,13,1
2004,4,2004_04_DEN_TB,TB,DEN,1,49,269.0,1631,1,13,16,0
2004,4,2004_04_IND_JAX,IND,JAX,0,56,337.0,1467,1,24,17,1
2004,4,2004_04_IND_JAX,JAX,IND,1,74,410.0,2133,1,17,24,0
2004,4,2004_04_KC_BAL,BAL,KC,1,41,207.0,1217,0,24,27,0
2004,4,2004_04_KC_BAL,KC,BAL,0,78,398.0,2383,0,27,24,1
2004,4,2004_04_NE_BUF,BUF,NE,1,63,337.0,1877,2,17,31,0
2004,4,2004_04_NE_BUF,NE,BUF,0,56,397.0,1723,1,31,17,1
2004,4,2004_04_NO_ARI,ARI,NO,1,61,373.0,2050,1,34,10,1
2004,4,2004_04_NO_ARI,NO,ARI,0,55,279.0,1300,2,10,34,0
2004,4,2004_04_NYG_GB,GB,NYG,1,55,301.0,1447,3,7,14,0
2004,4,2004_04_NYG_GB,NYG,GB,0,65,403.0,2153,1,14,7,1
2004,4,2004_04_NYJ_MIA,MIA,NYJ,1,58,293.0,1663,4,9,17,0
2004,4,2004_04_NYJ_MIA,NYJ,MIA,0,58,235.0,1937,1,17,9,1
2004,4,2004_04_OAK_HOU,HOU,LV,1,65,386.0,1969,1,30,17,1
2004,4,2004_04_OAK_HOU,LV,HOU,0,59,375.0,1631,5,17,30,0
2004,4,2004_04_PHI_CHI,CHI,PHI,1,61,224.0,1359,0,9,19,0
2004,4,2004_04_PHI_CHI,PHI,CHI,0,73,376.0,2241,2,19,9,1
2004,4,2004_04_STL_SF,LA,SF,0,61,360.0,2062,0,24,14,1
2004,4,2004_04_STL_SF,SF,LA,1,71,334.0,1538,2,14,24,0
2004,4,2004_04_TEN_SD,LAC,TEN,1,45,393.0,1689,0,38,17,1
2004,4,2004_04_TEN_SD,TEN,LAC,0,79,329.0,2233,0,17,38,0
2004,4,2004_04_WAS_CLE,CLE,WAS,1,56,280.0,1804,1,17,13,1
2004,4,2004_04_WAS_CLE,WAS,CLE,0,57,265.0,1796,2,13,17,0
2004,5,2004_05_ARI_SF,ARI,SF,0,65,320.0,1849,1,28,31,0
2004,5,2004_05_ARI_SF,SF,ARI,1,84,452.0,1954,2,31,28,1
2004,5,2004_05_BAL_WAS,BAL,WAS,0,63,232.0,1925,3,17,10,1
2004,5,2004_05_BAL_WAS,WAS,BAL,1,58,107.0,1675,2,10,17,0
2004,5,2004_05_BUF_NYJ,BUF,NYJ,0,55,252.0,1581,1,14,16,0
2004,5,2004_05_BUF_NYJ,NYJ,BUF,1,67,383.0,2019,2,16,14,1
2004,5,2004_05_CAR_DEN,CAR,DEN,0,47,227.0,1611,0,17,20,0
2004,5,2004_05_CAR_DEN,DEN,CAR,1,67,434.0,1755,2,20,17,1
2004,5,2004_05_CLE_PIT,CLE,PIT,0,57,296.0,1458,1,23,34,0
2004,5,2004_05_CLE_PIT,PIT,CLE,1,64,401.0,2142,1,34,23,1
2004,5,2004_05_DET_ATL,ATL,DET,1,64,279.0,1625,3,10,17,0
2004,5,2004_05_DET_ATL,DET,ATL,0,60,227.0,1975,1,17,10,1
2004,5,2004_05_JAX_SD,JAX,LAC,0,75,429.0,1802,3,21,34,0
2004,5,2004_05_JAX_SD,LAC,JAX,1,62,386.0,1798,0,34,21,1
2004,5,2004_05_MIA_NE,MIA,NE,0,72,295.0,1862,2,10,24,0
2004,5,2004_05_MIA_NE,NE,MIA,1,58,204.0,1738,1,24,10,1
2004,5,2004_05_MIN_HOU,HOU,MIN,1,64,410.0,1768,0,28,34,0
2004,5,2004_05_MIN_HOU,MIN,HOU,0,79,510.0,2307,0,34,28,1
2004,5,2004_05_NYG_DAL,DAL,NYG,1,57,278.0,1668,2,10,26,0
2004,5,2004_05_NYG_DAL,NYG,DAL,0,62,336.0,1932,1,26,10,1
2004,5,2004_05_OAK_IND,IND,LV,1,67,338.0,2101,1,35,14,1
2004,5,2004_05_OAK_IND,LV,IND,0,61,269.0,1499,3,14,35,0
2004,5,2004_05_STL_SEA,LA,SEA,0,68,441.0,1874,3,33,27,1
2004,5,2004_05_STL_SEA,SEA,LA,1,66,391.0,2202,0,27,33,0
2004,5,2004_05_TB_NO,NO,TB,1,52,251.0,1631,2,17,20,0
2004,5,2004_05_TB_NO,TB,NO,0,57,319.0,2044,1,20,17,1
2004,5,2004_05_TEN_GB,GB,TEN,1,63,437.0,1320,5,27,48,0
2004,5,2004_05_TEN_GB,TEN,GB,0,71,456.0,2016,1,48,27,1
2004,6,2004_06_CAR_PHI,CAR,PHI,0,76,346.0,2422,4,8,30,0
2004,6,2004_06_CAR_PHI,PHI,CAR,1,47,283.0,1290,1,30,8,1
2004,6,2004_06_CIN_CLE,CIN,CLE,0,57,189.0,1421,1,17,34,0
2004,6,2004_06_CIN_CLE,CLE,CIN,1,70,449.0,2179,4,34,17,1
2004,6,2004_06_DEN_OAK,DEN,LV,0,71,444.0,2217,1,31,3,1
2004,6,2004_06_DEN_OAK,LV,DEN,1,51,145.0,1382,2,3,31,0
2004,6,2004_06_GB_DET,DET,GB,1,40,125.0,1219,1,10,38,0
2004,6,2004_06_GB_DET,GB,DET,0,78,434.0,2381,0,38,10,1
2004,6,2004_06_HOU_TEN,HOU,TEN,0,65,345.0,1958,2,20,10,1
2004,6,2004_06_HOU_TEN,TEN,HOU,1,64,305.0,1642,4,10,20,0
2004,6,2004_06_KC_JAX,JAX,KC,1,64,380.0,1800,0,22,16,1
2004,6,2004_06_KC_JAX,KC,JAX,0,60,350.0,1800,1,16,22,0
2004,6,2004_06_MIA_BUF,BUF,MIA,1,60,341.0,1968,0,20,13,1
2004,6,2004_06_MIA_BUF,MIA,BUF,0,53,212.0,1680,1,13,20,0
2004,6,2004_06_MIN_NO,MIN,NO,0,68,605.0,1841,3,38,31,1
2004,6,2004_06_MIN_NO,NO,MIN,1,64,385.0,1759,1,31,38,0
2004,6,2004_06_PIT_DAL,DAL,PIT,1,62,348.0,1636,1,20,24,0
2004,6,2004_06_PIT_DAL,PIT,DAL,0,57,297.0,1964,0,24,20,1
2004,6,2004_06_SD_ATL,ATL,LAC,1,49,299.0,1389,2,21,20,1
2004,6,2004_06_SD_ATL,LAC,ATL,0,63,318.0,2211,1,20,21,0
2004,6,2004_06_SEA_NE,NE,SEA,1,64,362.0,1897,2,30,20,1
2004,6,2004_06_SEA_NE,SEA,NE,0,74,443.0,1703,2,20,30,0
2004,6,2004_06_SF_NYJ,NYJ,SF,1,64,374.0,1936,0,22,14,1
2004,6,2004_06_SF_NYJ,SF,NYJ,0,58,371.0,1664,2,14,22,0
2004,6,2004_06_TB_STL,LA,TB,1,64,324.0,1928,2,28,21,1
2004,6,2004_06_TB_STL,TB,LA,0,64,332.0,1672,4,21,28,0
2004,6,2004_06_WAS_CHI,CHI,WAS,1,54,160.0,1559,1,10,13,0
2004,6,2004_06_WAS_CHI,WAS,CHI,0,70,311.0,2041,1,13,10,1
2004,7,2004_07_ATL_KC,ATL,KC,0,50,222.0,1266,2,10,56,0
2004,7,2004_07_ATL_KC,KC,ATL,1,77,540.0,2334,1,56,10,1
2004,7,2004_07_BUF_BAL,BAL,BUF,1,56,160.0,1748,1,20,6,1
2004,7,2004_07_BUF_BAL,BUF,BAL,0,63,270.0,1852,5,6,20,0
2004,7,2004_07_CHI_TB,CHI,TB,0,52,167.0,1669,2,7,19,0
2004,7,2004_07_CHI_TB,TB,CHI,1,62,293.0,1931,2,19,7,1
2004,7,2004_07_DAL_GB,DAL,GB,0,54,362.0,1601,0,20,41,0
2004,7,2004_07_DAL_GB,GB,DAL,1,62,480.0,1999,0,41,20,1
2004,7,2004_07_DEN_CIN,CIN,DEN,1,55,321.0,1651,1,23,10,1
2004,7,2004_07_DEN_CIN,DEN,CIN,0,69,318.0,1949,3,10,23,0
2004,7,2004_07_DET_NYG,DET,NYG,0,54,325.0,1664,0,28,13,1
2004,7,2004_07_DET_NYG,NYG,DET,1,66,325.0,1936,2,13,28,0
2004,7,2004_07_JAX_IND,IND,JAX,1,58,446.0,1526,2,24,27,0
2004,7,2004_07_JAX_IND,JAX,IND,0,61,416.0,2074,2,27,24,1
2004,7,2004_07_NO_OAK,LV,NO,1,69,432.0,1821,2,26,31,0
2004,7,2004_07_NO_OAK,NO,LV,0,68,322.0,1779,0,31,26,1
2004,7,2004_07_NYJ_NE,NE,NYJ,1,61,343.0,1739,1,13,7,1
2004,7,2004_07_NYJ_NE,NYJ,NE,0,57,268.0,1861,1,7,13,0
2004,7,2004_07_PHI_CLE,CLE,PHI,1,69,394.0,2125,3,31,34,0
2004,7,2004_07_PHI_CLE,PHI,CLE,0,68,488.0,2073,1,34,31,1
2004,7,2004_07_SD_CAR,CAR,LAC,1,67,263.0,1853,1,6,17,0
2004,7,2004_07_SD_CAR,LAC,CAR,0,60,302.0,1747,1,17,6,1
2004,7,2004_07_SEA_ARI,ARI,SEA,1,76,316.0,2391,2,25,17,1
2004,7,2004_07_SEA_ARI,SEA,ARI,0,56,257.0,1209,4,17,25,0
2004,7,2004_07_STL_MIA,LA,MIA,0,62,372.0,1741,1,14,31,0
2004,7,2004_07_STL_MIA,MIA,LA,1,58,323.0,1859,0,31,14,1
2004,7,2004_07_TEN_MIN,MIN,TEN,1,60,313.0,1963,0,20,3,1
2004,7,2004_07_TEN_MIN,TEN,MIN,0,58,243.0,1637,4,3,20,0
2004,8,2004_08_ARI_BUF,ARI,BUF,0,65,213.0,1902,0,14,38,0
2004,8,2004_08_ARI_BUF,BUF,ARI,1,55,209.0,1698,0,38,14,1
2004,8,2004_08_ATL_DEN,ATL,DEN,0,62,467.0,2143,1,41,28,1
2004,8,2004_08_ATL_DEN,DEN,ATL,1,74,567.0,1778,3,28,41,0
2004,8,2004_08_BAL_PHI,BAL,PHI,0,67,327.0,2030,2,10,15,0
2004,8,2004_08_BAL_PHI,PHI,BAL,1,60,298.0,1570,1,15,10,1
2004,8,2004_08_CAR_SEA,CAR,SEA,0,56,342.0,1462,1,17,23,0
2004,8,2004_08_CAR_SEA,SEA,CAR,1,74,433.0,2138,2,23,17,1
2004,8,2004_08_CIN_TEN,CIN,TEN,0,57,274.0,1405,2,20,27,0
2004,8,2004_08_CIN_TEN,TEN,CIN,1,71,358.0,2195,1,27,20,1
2004,8,2004_08_DET_DAL,DAL,DET,1,66,357.0,2323,3,31,21,1
2004,8,2004_08_DET_DAL,DET,DAL,0,47,284.0,1277,1,21,31,0
2004,8,2004_08_GB_WAS,GB,WAS,0,63,363.0,1783,4,28,14,1
2004,8,2004_08_GB_WAS,WAS,GB,1,68,272.0,1817,2,14,28,0
2004,8,2004_08_IND_KC,IND,KC,0,56,505.0,1347,1,35,45,0
2004,8,2004_08_IND_KC,KC,IND,1,77,590.0,2253,2,45,35,1
2004,8,2004_08_JAX_HOU,HOU,JAX,1,67,369.0,2106,2,20,6,1
2004,8,2004_08_JAX_HOU,JAX,HOU,0,55,287.0,1494,2,6,20,0
2004,8,2004_08_MIA_NYJ,MIA,NYJ,0,61,259.0,1579,3,14,41,0
2004,8,2004_08_MIA_NYJ,NYJ,MIA,1,62,472.0,2021,0,41,14,1
2004,8,2004_08_NE_PIT,NE,PIT,0,53,248.0,1022,4,20,34,0
2004,8,2004_08_NE_PIT,PIT,NE,1,73,417.0,2578,0,34,20,1
2004,8,2004_08_NYG_MIN,MIN,NYG,1,62,324.0,1652,3,13,34,0
2004,8,2004_08_NYG_MIN,NYG,MIN,0,65,283.0,1948,0,34,13,1
2004,8,2004_08_OAK_SD,LAC,LV,1,64,448.0,2130,1,42,14,1
2004,8,2004_08_OAK_SD,LV,LAC,0,51,281.0,1470,3,14,42,0
2004,8,2004_08_SF_CHI,CHI,SF,1,63,254.0,1985,3,23,13,1
2004,8,2004_08_SF_CHI,SF,CHI,0,62,162.0,1615,2,13,23,0
2004,9,2004_09_ARI_MIA,ARI,MIA,0,59,270.0,1654,1,24,23,1
2004,9,2004_09_ARI_MIA,MIA,ARI,1,71,405.0,1946,2,23,24,0
2004,9,2004_09_CHI_NYG,CHI,NYG,0,61,233.0,1859,2,28,21,1
2004,9,2004_09_CHI_NYG,NYG,CHI,1,68,258.0,1797,5,21,28,0
2004,9,2004_09_CLE_BAL,BAL,CLE,1,59,240.0,1670,1,27,13,1
2004,9,2004_09_CLE_BAL,CLE,BAL,0,57,217.0,1930,2,13,27,0
2004,9,2004_09_DAL_CIN,CIN,DAL,1,63,328.0,1997,0,26,3,1
2004,9,2004_09_DAL_CIN,DAL,CIN,0,58,311.0,1603,5,3,26,0
2004,9,2004_09_HOU_DEN,DEN,HOU,1,61,364.0,1925,0,31,13,1
2004,9,2004_09_HOU_DEN,HOU,DEN,0,73,331.0,1675,0,13,31,0
2004,9,2004_09_KC_TB,KC,TB,0,74,459.0,2019,3,31,34,0
2004,9,2004_09_KC_TB,TB,KC,1,55,418.0,1581,0,34,31,1
2004,9,2004_09_MIN_IND,IND,MIN,1,61,408.0,2052,0,31,28,1
2004,9,2004_09_MIN_IND,MIN,IND,0,46,294.0,1550,1,28,31,0
2004,9,2004_09_NE_STL,LA,NE,1,58,342.0,1695,2,22,40,0
2004,9,2004_09_NE_STL,NE,LA,0,66,376.0,1905,2,40,22,1
2004,9,2004_09_NO_SD,LAC,NO,1,73,402.0,2210,0,43,17,1
2004,9,2004_09_NO_SD,NO,LAC,0,50,243.0,1390,2,17,43,0
2004,9,2004_09_NYJ_BUF,BUF,NYJ,1,76,341.0,2248,0,22,17,1
2004,9,2004_09_NYJ_BUF,NYJ,BUF,0,44,282.0,1352,2,17,22,0
2004,9,2004_09_OAK_CAR,CAR,LV,1,65,304.0,1767,0,24,27,0
2004,9,2004_09_OAK_CAR,LV,CAR,0,62,297.0,1833,1,27,24,1
2004,9,2004_09_PHI_PIT,PHI,PIT,0,37,113.0,1091,1,3,27,0
2004,9,2004_09_PHI_PIT,PIT,PHI,1,76,420.0,2509,2,27,3,1
2004,9,2004_09_SEA_SF,SEA,SF,0,68,453.0,1957,0,42,27,1
2004,9,2004_09_SEA_SF,SF,SEA,1,59,317.0,1643,1,27,42,0
2004,9,2004_09_WAS_DET,DET,WAS,1,78,322.0,1769,1,10,17,0
2004,9,2004_09_WAS_DET,WAS,DET,0,58,229.0,1831,0,17,10,1
2004,10,2004_10_BAL_NYJ,BAL,NYJ,0,68,262.0,2036,0,20,17,1
2004,10,2004_10_BAL_NYJ,NYJ,BAL,1,64,305.0,2009,2,17,20,0
2004,10,2004_10_BUF_NE,BUF,NE,0,42,125.0,1118,5,6,29,0
2004,10,2004_10_BUF_NE,NE,BUF,1,82,428.0,2482,1,29,6,1
2004,10,2004_10_CAR_SF,CAR,SF,0,53,358.0,1399,2,37,27,1
2004,10,2004_10_CAR_SF,SF,CAR,1,74,357.0,2201,5,27,37,0
2004,10,2004_10_CHI_TEN,CHI,TEN,0,67,176.0,1989,3,19,17,1
2004,10,2004_10_CHI_TEN,TEN,CHI,1,71,390.0,1808,3,17,19,0
2004,10,2004_10_CIN_WAS,CIN,WAS,0,73,316.0,1970,3,17,10,1
2004,10,2004_10_CIN_WAS,WAS,CIN,1,71,268.0,1630,3,10,17,0
2004,10,2004_10_DET_JAX,DET,JAX,0,54,190.0,1526,1,17,23,0
2004,10,2004_10_DET_JAX,JAX,DET,1,89,415.0,2504,0,23,17,1
2004,10,2004_10_HOU_IND,HOU,IND,0,83,302.0,2141,4,14,49,0
2004,10,2004_10_HOU_IND,IND,HOU,1,48,398.0,1459,2,49,14,1
2004,10,2004_10_KC_NO,KC,NO,0,71,497.0,2144,4,20,27,0
2004,10,2004_10_KC_NO,NO,KC,1,54,374.0,1456,1,27,20,1
2004,10,2004_10_MIN_GB,GB,MIN,1,64,442.0,1811,1,34,31,1
2004,10,2004_10_MIN_GB,MIN,GB,0,64,416.0,1789,0,31,34,0
2004,10,2004_10_NYG_ARI,ARI,NYG,1,58,178.0,1593,0,17,14,1
2004,10,2004_10_NYG_ARI,NYG,ARI,0,65,308.0,2007,0,14,17,0
2004,10,2004_10_PHI_DAL,DAL,PHI,1,55,317.0,1790,2,21,49,0
2004,10,2004_10_PHI_DAL,PHI,DAL,0,61,485.0,1810,1,49,21,1
2004,10,2004_10_PIT_CLE,CLE,PIT,1,51,228.0,1440,4,10,24,0
2004,10,2004_10_PIT_CLE,PIT,CLE,0,65,300.0,2160,1,24,10,1
2004,10,2004_10_SEA_STL,LA,SEA,1,66,462.0,2067,2,23,12,1
2004,10,2004_10_SEA_STL,SEA,LA,0,65,372.0,1533,2,12,23,0
2004,10,2004_10_TB_ATL,ATL,TB,1,60,325.0,1829,1,24,14,1
2004,10,2004_10_TB_ATL,TB,ATL,0,56,193.0,1771,1,14,24,0
2004,11,2004_11_ARI_CAR,ARI,CAR,0,84,399.0,2024,4,10,35,0
2004,11,2004_11_ARI_CAR,CAR,ARI,1,54,317.0,1576,1,35,10,1
2004,11,2004_11_ATL_NYG,ATL,NYG,0,56,298.0,1903,0,14,10,1
2004,11,2004_11_ATL_NYG,NYG,ATL,1,64,277.0,1697,2,10,14,0
2004,11,2004_11_DAL_BAL,BAL,DAL,1,57,287.0,1571,2,30,10,1
2004,11,2004_11_DAL_BAL,DAL,BAL,0,65,222.0,2029,3,10,30,0
2004,11,2004_11_DEN_NO,DEN,NO,0,60,389.0,1825,0,34,13,1
2004,11,2004_11_DEN_NO,NO,DEN,1,76,411.0,1775,4,13,34,0
2004,11,2004_11_DET_MIN,DET,MIN,0,49,213.0,1656,1,19,22,0
2004,11,2004_11_DET_MIN,MIN,DET,1,70,321.0,1944,1,22,19,1
2004,11,2004_11_GB_HOU,GB,HOU,0,71,473.0,1926,2,16,13,1
2004,11,2004_11_GB_HOU,HOU,GB,1,56,251.0,1674,0,13,16,0
2004,11,2004_11_IND_CHI,CHI,IND,1,54,224.0,1463,5,10,41,0
2004,11,2004_11_IND_CHI,IND,CHI,0,67,486.0,2137,1,41,10,1
2004,11,2004_11_MIA_SEA,MIA,SEA,0,73,288.0,1649,4,17,24,0
2004,11,2004_11_MIA_SEA,SEA,MIA,1,69,293.0,1951,3,24,17,1
2004,11,2004_11_NE_KC,KC,NE,1,67,417.0,1921,1,19,27,0
2004,11,2004_11_NE_KC,NE,KC,0,59,407.0,1679,1,27,19,1
2004,11,2004_11_NYJ_CLE,CLE,NYJ,1,55,216.0,1624,0,7,10,0
2004,11,2004_11_NYJ_CLE,NYJ,CLE,0,65,235.0,1976,2,10,7,1
2004,11,2004_11_PIT_CIN,CIN,PIT,1,44,209.0,1264,1,14,19,0
2004,11,2004_11_PIT_CIN,PIT,CIN,0,68,235.0,2336,1,19,14,1
2004,11,2004_11_SD_OAK,LAC,LV,0,79,402.0,2306,1,23,17,1
2004,11,2004_11_SD_OAK,LV,LAC,1,46,273.0,1294,1,17,23,0
2004,11,2004_11_SF_TB,SF,TB,0,59,197.0,1587,2,3,35,0
2004,11,2004_11_SF_TB,TB,SF,1,58,352.0,2013,2,35,3,1
2004,11,2004_11_STL_BUF,BUF,LA,1,51,294.0,1476,1,37,17,1
2004,11,2004_11_STL_BUF,LA,BUF,0,71,270.0,2313,4,17,37,0
2004,11,2004_11_TEN_JAX,JAX,TEN,1,61,274.0,1892,2,15,18,0
2004,11,2004_11_TEN_JAX,TEN,JAX,0,61,297.0,1708,2,18,15,1
2004,11,2004_11_WAS_PHI,PHI,WAS,1,61,334.0,1891,2,28,6,1
2004,11,2004_11_WAS_PHI,WAS,PHI,0,58,213.0,1709,1,6,28,0
2004,12,2004_12_BAL_NE,BAL,NE,0,59,124.0,1446,2,3,24,0
2004,12,2004_12_BAL_NE,NE,BAL,1,73,316.0,2154,0,24,3,1
2004,12,2004_12_BUF_SEA,BUF,SEA,0,76,434.0,2184,3,38,9,1
2004,12,2004_12_BUF_SEA,SEA,BUF,1,58,230.0,1591,2,9,38,0
2004,12,2004_12_CHI_DAL,CHI,DAL,0,57,140.0,1463,3,7,21,0
2004,12,2004_12_CHI_DAL,DAL,CHI,1,68,267.0,2137,3,21,7,1
2004,12,2004_12_CLE_CIN,CIN,CLE,1,61,504.0,1879,3,58,48,1
2004,12,2004_12_CLE_CIN,CLE,CIN,0,59,462.0,1721,2,48,58,0
2004,12,2004_12_IND_DET,DET,IND,1,62,386.0,1728,4,9,41,0
2004,12,2004_12_IND_DET,IND,DET,0,60,356.0,1872,1,41,9,1
2004,12,2004_12_JAX_MIN,JAX,MIN,0,63,379.0,1877,2,16,27,0
2004,12,2004_12_JAX_MIN,MIN,JAX,1,61,330.0,1723,2,27,16,1
2004,12,2004_12_MIA_SF,MIA,SF,0,60,200.0,1648,2,24,17,1
2004,12,2004_12_MIA_SF,SF,MIA,1,70,224.0,1952,3,17,24,0
2004,12,2004_12_NO_ATL,ATL,NO,1,64,396.0,1680,2,24,21,1
2004,12,2004_12_NO_ATL,NO,ATL,0,67,308.0,1920,2,21,24,0
2004,12,2004_12_NYJ_ARI,ARI,NYJ,1,61,245.0,1553,4,3,13,0
2004,12,2004_12_NYJ_ARI,NYJ,ARI,0,61,325.0,2047,0,13,3,1
2004,12,2004_12_OAK_DEN,DEN,LV,1,57,367.0,1841,3,24,25,0
2004,12,2004_12_OAK_DEN,LV,DEN,0,66,395.0,1759,3,25,24,1
2004,12,2004_12_PHI_NYG,NYG,PHI,1,52,272.0,1572,2,6,27,0
2004,12,2004_12_PHI_NYG,PHI,NYG,0,67,390.0,2028,1,27,6,1
2004,12,2004_12_SD_KC,KC,LAC,1,56,312.0,1394,2,31,34,0
2004,12,2004_12_SD_KC,LAC,KC,0,69,498.0,2206,0,34,31,1
2004,12,2004_12_STL_GB,GB,LA,1,55,446.0,1666,0,45,17,1
2004,12,2004_12_STL_GB,LA,GB,0,74,452.0,2020,3,17,45,0
2004,12,2004_12_TB_CAR,CAR,TB,1,50,300.0,1577,1,21,14,1
2004,12,2004_12_TB_CAR,TB,CAR,0,69,398.0,2023,3,14,21,0
2004,12,2004_12_TEN_HOU,HOU,TEN,1,54,328.0,1625,1,31,21,1
2004,12,2004_12_TEN_HOU,TEN,HOU,0,60,355.0,1975,3,21,31,0
2004,12,2004_12_WAS_PIT,PIT,WAS,1,62,207.0,2056,0,16,7,1
2004,12,2004_12_WAS_PIT,WAS,PIT,0,54,156.0,1544,1,7,16,0
2004,13,2004_13_ARI_DET,ARI,DET,0,68,254.0,1781,4,12,26,0
2004,13,2004_13_ARI_DET,DET,ARI,1,61,398.0,1819,1,26,12,1
2004,13,2004_13_ATL_TB,ATL,TB,0,63,255.0,1828,5,0,27,0
2004,13,2004_13_ATL_TB,TB,ATL,1,55,247.0,1772,1,27,0,1
2004,13,2004_13_BUF_MIA,BUF,MIA,0,61,362.0,1781,2,42,32,1
2004,13,2004_13_BUF_MIA,MIA,BUF,1,79,405.0,1819,6,32,42,0
2004,13,2004_13_CAR_NO,CAR,NO,0,75,401.0,2479,0,32,21,1
2004,13,2004_13_CAR_NO,NO,CAR,1,52,280.0,1187,3,21,32,0
2004,13,2004_13_CIN_BAL,BAL,CIN,1,65,356.0,1720,1,26,27,0
2004,13,2004_13_CIN_BAL,CIN,BAL,0,63,453.0,1880,3,27,26,1
2004,13,2004_13_DAL_SEA,DAL,SEA,0,69,405.0,1723,2,43,39,1
2004,13,2004_13_DAL_SEA,SEA,DAL,1,70,509.0,1950,2,39,43,0
2004,13,2004_13_DEN_SD,DEN,LAC,0,66,337.0,1705,4,17,20,0
2004,13,2004_13_DEN_SD,LAC,DEN,1,64,208.0,1895,2,20,17,1
2004,13,2004_13_GB_PHI,GB,PHI,0,63,249.0,1573,2,17,47,0
2004,13,2004_13_GB_PHI,PHI,GB,1,70,542.0,2027,1,47,17,1
2004,13,2004_13_HOU_NYJ,HOU,NYJ,0,52,230.0,1517,2,7,29,0
2004,13,2004_13_HOU_NYJ,NYJ,HOU,1,65,360.0,2083,1,29,7,1
2004,13,2004_13_KC_OAK,KC,LV,0,71,500.0,2195,1,34,27,1
2004,13,2004_13_KC_OAK,LV,KC,1,53,364.0,1405,0,27,34,0
2004,13,2004_13_MIN_CHI,CHI,MIN,1,70,318.0,1859,1,24,14,1
2004,13,2004_13_MIN_CHI,MIN,CHI,0,60,391.0,1741,4,14,24,0
2004,13,2004_13_NE_CLE,CLE,NE,1,56,289.0,1252,4,15,42,0
2004,13,2004_13_NE_CLE,NE,CLE,0,78,412.0,2348,3,42,15,1
2004,13,2004_13_NYG_WAS,NYG,WAS,0,41,145.0,1171,0,7,31,0
2004,13,2004_13_NYG_WAS,WAS,NYG,1,68,379.0,2429,0,31,7,1
2004,13,2004_13_PIT_JAX,JAX,PIT,1,63,359.0,2077,0,16,17,0
2004,13,2004_13_PIT_JAX,PIT,JAX,0,45,316.0,1523,0,17,16,1
2004,13,2004_13_SF_STL,LA,SF,1,65,350.0,2000,2,16,6,1
2004,13,2004_13_SF_STL,SF,LA,0,52,160.0,1600,1,6,16,0
2004,13,2004_13_TEN_IND,IND,TEN,1,63,567.0,1857,3,51,24,1
2004,13,2004_13_TEN_IND,TEN,IND,0,68,340.0,1985,2,24,51,0
2004,14,2004_14_CHI_JAX,CHI,JAX,0,52,210.0,1457,2,3,22,0
2004,14,2004_14_CHI_JAX,JAX,CHI,1,73,332.0,2143,1,22,3,1
2004,14,2004_14_CIN_NE,CIN,NE,0,68,478.0,1991,3,28,35,0
2004,14,2004_14_CIN_NE,NE,CIN,1,56,351.0,1609,0,35,28,1
2004,14,2004_14_CLE_BUF,BUF,CLE,1,73,321.0,2215,2,37,7,1
2004,14,2004_14_CLE_BUF,CLE,BUF,0,46,17.0,1385,6,7,37,0
2004,14,2004_14_DET_GB,DET,GB,0,63,228.0,1831,0,13,16,0
2004,14,2004_14_DET_GB,GB,DET,1,66,301.0,1769,0,16,13,1
2004,14,2004_14_IND_HOU,HOU,IND,1,54,273.0,1661,2,14,23,0
2004,14,2004_14_IND_HOU,IND,HOU,0,65,382.0,1939,0,23,14,1
2004,14,2004_14_KC_TEN,KC,TEN,0,57,383.0,1321,2,49,38,1
2004,14,2004_14_KC_TEN,TEN,KC,1,81,542.0,2279,4,38,49,0
2004,14,2004_14_MIA_DEN,DEN,MIA,1,70,415.0,2024,3,20,17,1
2004,14,2004_14_MIA_DEN,MIA,DEN,0,61,214.0,1576,1,17,20,0
2004,14,2004_14_NO_DAL,DAL,NO,1,65,269.0,1705,4,13,27,0
2004,14,2004_14_NO_DAL,NO,DAL,0,70,344.0,1895,2,27,13,1
2004,14,2004_14_NYG_BAL,BAL,NYG,1,82,353.0,2381,1,37,14,1
2004,14,2004_14_NYG_BAL,NYG,BAL,0,50,196.0,1219,6,14,37,0
2004,14,2004_14_NYJ_PIT,NYJ,PIT,0,63,296.0,1848,3,6,17,0
2004,14,2004_14_NYJ_PIT,PIT,NYJ,1,53,262.0,1752,2,17,6,1
2004,14,2004_14_OAK_ATL,ATL,LV,1,68,354.0,2193,0,35,10,1
2004,14,2004_14_OAK_ATL,LV,ATL,0,52,296.0,1407,3,10,35,0
2004,14,2004_14_PHI_WAS,PHI,WAS,0,57,312.0,1563,2,17,14,1
2004,14,2004_14_PHI_WAS,WAS,PHI,1,74,312.0,2037,1,14,17,0
2004,14,2004_14_SEA_MIN,MIN,SEA,1,60,374.0,1637,2,23,27,0
2004,14,2004_14_SEA_MIN,SEA,MIN,0,68,455.0,1963,2,27,23,1
2004,14,2004_14_SF_ARI,ARI,SF,1,71,376.0,1799,1,28,31,0
2004,14,2004_14_SF_ARI,SF,ARI,0,76,352.0,2183,2,31,28,1
2004,14,2004_14_STL_CAR,CAR,LA,1,70,308.0,2136,2,20,7,1
2004,14,2004_14_STL_CAR,LA,CAR,0,53,289.0,1464,7,7,20,0
2004,14,2004_14_TB_SD,LAC,TB,1,55,336.0,1650,3,31,24,1
2004,14,2004_14_TB_SD,TB,LAC,0,71,436.0,1950,4,24,31,0
2004,15,2004_15_BAL_IND,BAL,IND,0,71,354.0,1882,2,10,20,0
2004,15,2004_15_BAL_IND,IND,BAL,1,57,316.0,1718,0,20,10,1
2004,15,2004_15_BUF_CIN,BUF,CIN,0,61,212.0,1737,1,33,17,1
2004,15,2004_15_BUF_CIN,CIN,BUF,1,66,275.0,1863,4,17,33,0
2004,15,2004_15_CAR_ATL,ATL,CAR,1,70,334.0,1957,5,34,31,1
2004,15,2004_15_CAR_ATL,CAR,ATL,0,64,375.0,1788,3,31,34,0
2004,15,2004_15_DAL_PHI,DAL,PHI,0,57,237.0,1768,2,7,12,0
2004,15,2004_15_DAL_PHI,PHI,DAL,1,66,328.0,1832,3,12,7,1
2004,15,2004_15_DEN_KC,DEN,KC,0,67,402.0,1609,3,17,45,0
2004,15,2004_15_DEN_KC,KC,DEN,1,62,410.0,1991,0,45,17,1
2004,15,2004_15_HOU_CHI,CHI,HOU,1,63,203.0,1706,4,5,24,0
2004,15,2004_15_HOU_CHI,HOU,CHI,0,64,314.0,1894,0,24,5,1
2004,15,2004_15_JAX_GB,GB,JAX,1,68,446.0,1758,6,25,28,0
2004,15,2004_15_JAX_GB,JAX,GB,0,57,312.0,1842,1,28,25,1
2004,15,2004_15_MIN_DET,DET,MIN,1,72,465.0,1773,3,27,28,0
2004,15,2004_15_MIN_DET,MIN,DET,0,63,461.0,1827,1,28,27,1
2004,15,2004_15_NE_MIA,MIA,NE,1,61,231.0,1494,1,29,28,1
2004,15,2004_15_NE_MIA,NE,MIA,0,69,322.0,2106,4,28,29,0
2004,15,2004_15_NO_TB,NO,TB,0,57,247.0,1805,1,21,17,1
2004,15,2004_15_NO_TB,TB,NO,1,57,283.0,1795,3,17,21,0
2004,15,2004_15_PIT_NYG,NYG,PIT,1,45,278.0,1457,1,30,33,0
2004,15,2004_15_PIT_NYG,PIT,NYG,0,71,469.0,2143,2,33,30,1
2004,15,2004_15_SD_CLE,CLE,LAC,1,58,231.0,1569,2,0,21,0
2004,15,2004_15_SD_CLE,LAC,CLE,0,57,257.0,2031,0,21,0,1
2004,15,2004_15_SEA_NYJ,NYJ,SEA,1,65,482.0,2126,0,37,14,1
2004,15,2004_15_SEA_NYJ,SEA,NYJ,0,58,275.0,1474,3,14,37,0
2004,15,2004_15_STL_ARI,ARI,LA,1,76,402.0,2249,1,31,7,1
2004,15,2004_15_STL_ARI,LA,ARI,0,51,185.0,1351,2,7,31,0
2004,15,2004_15_TEN_OAK,LV,TEN,1,61,415.0,1497,1,40,35,1
2004,15,2004_15_TEN_OAK,TEN,LV,0,83,527.0,2103,2,35,40,0
2004,15,2004_15_WAS_SF,SF,WAS,1,57,254.0,1381,4,16,26,0
2004,15,2004_15_WAS_SF,WAS,SF,0,68,337.0,2219,1,26,16,1
2004,16,2004_16_ARI_SEA,ARI,SEA,0,67,317.0,1952,2,21,24,0
2004,16,2004_16_ARI_SEA,SEA,ARI,1,63,301.0,1648,1,24,21,1
2004,16,2004_16_ATL_NO,ATL,NO,0,68,267.0,1615,3,13,26,0
2004,16,2004_16_ATL_NO,NO,ATL,1,68,369.0,1985,2,26,13,1
2004,16,2004_16_BAL_PIT,BAL,PIT,0,53,248.0,1567,1,7,20,0
2004,16,2004_16_BAL_PIT,PIT,BAL,1,62,404.0,2033,2,20,7,1
2004,16,2004_16_BUF_SF,BUF,SF,0,73,441.0,2097,1,41,7,1
2004,16,2004_16_BUF_SF,SF,BUF,1,51,189.0,1503,4,7,41,0
2004,16,2004_16_CAR_TB,CAR,TB,0,61,348.0,2134,0,37,20,1
2004,16,2004_16_CAR_TB,TB,CAR,1,57,345.0,1466,3,20,37,0
2004,16,2004_16_CHI_DET,CHI,DET,0,63,229.0,1718,1,13,19,0
2004,16,2004_16_CHI_DET,DET,CHI,1,64,314.0,1882,1,19,13,1
2004,16,2004_16_CLE_MIA,CLE,MIA,0,58,285.0,1826,5,7,10,0
2004,16,2004_16_CLE_MIA,MIA,CLE,1,71,280.0,1725,1,10,7,1
2004,16,2004_16_DEN_TEN,DEN,TEN,0,72,496.0,2364,1,37,16,1
2004,16,2004_16_DEN_TEN,TEN,DEN,1,47,153.0,1236,3,16,37,0
2004,16,2004_16_GB_MIN,GB,MIN,0,78,452.0,2053,1,34,31,1
2004,16,2004_16_GB_MIN,MIN,GB,1,47,416.0,1547,0,31,34,0
2004,16,2004_16_HOU_JAX,HOU,JAX,0,67,333.0,2338,2,21,0,1
2004,16,2004_16_HOU_JAX,JAX,HOU,1,44,126.0,1262,3,0,21,0
2004,16,2004_16_NE_NYJ,NE,NYJ,0,71,372.0,2421,0,23,7,1
2004,16,2004_16_NE_NYJ,NYJ,NE,1,57,279.0,1620,3,7,23,0
2004,16,2004_16_NYG_CIN,CIN,NYG,1,61,233.0,1754,2,23,22,1
2004,16,2004_16_NYG_CIN,NYG,CIN,0,67,326.0,1846,1,22,23,0
2004,16,2004_16_OAK_KC,KC,LV,1,78,433.0,2086,2,31,30,1
2004,16,2004_16_OAK_KC,LV,KC,0,61,300.0,1514,1,30,31,0
2004,16,2004_16_PHI_STL,LA,PHI,1,74,419.0,2504,1,20,7,1
2004,16,2004_16_PHI_STL,PHI,LA,0,47,155.0,1096,1,7,20,0
2004,16,2004_16_SD_IND,IND,LAC,1,74,466.0,1894,1,34,31,1
2004,16,2004_16_SD_IND,LAC,IND,0,61,374.0,1873,1,31,34,0
2004,16,2004_16_WAS_DAL,DAL,WAS,1,74,306.0,1962,3,13,10,1
2004,16,2004_16_WAS_DAL,WAS,DAL,0,56,233.0,1638,2,10,13,0
2004,17,2004_17_ATL_SEA,ATL,SEA,0,71,353.0,2094,1,26,28,0
2004,17,2004_17_ATL_SEA,SEA,ATL,1,52,253.0,1506,1,28,26,1
2004,17,2004_17_CIN_PHI,CIN,PHI,0,62,308.0,1772,0,38,10,1
2004,17,2004_17_CIN_PHI,PHI,CIN,1,73,342.0,1828,5,10,38,0
2004,17,2004_17_CLE_HOU,CLE,HOU,0,62,364.0,2045,3,22,14,1
2004,17,2004_17_CLE_HOU,HOU,CLE,1,57,238.0,1555,0,14,22,0
2004,17,2004_17_DAL_NYG,DAL,NYG,0,66,369.0,2008,2,24,28,0
2004,17,2004_17_DAL_NYG,NYG,DAL,1,53,235.0,1592,1,28,24,1
2004,17,2004_17_DET_TEN,DET,TEN,0,78,434.0,1978,2,19,24,0
2004,17,2004_17_DET_TEN,TEN,DET,1,59,312.0,1622,0,24,19,1
2004,17,2004_17_GB_CHI,CHI,GB,1,65,246.0,1869,1,14,31,0
2004,17,2004_17_GB_CHI,GB,CHI,0,56,387.0,1731,0,31,14,1
2004,17,2004_17_IND_DEN,DEN,IND,1,73,453.0,2264,0,33,14,1
2004,17,2004_17_IND_DEN,IND,DEN,0,43,200.0,1336,1,14,33,0
2004,17,2004_17_JAX_OAK,JAX,LV,0,63,242.0,1853,2,13,6,1
2004,17,2004_17_JAX_OAK,LV,JAX,1,70,281.0,1747,4,6,13,0
2004,17,2004_17_KC_SD,KC,LAC,0,73,443.0,1811,4,17,24,0
2004,17,2004_17_KC_SD,LAC,KC,1,62,363.0,1909,2,24,17,1
2004,17,2004_17_MIA_BAL,BAL,MIA,1,68,332.0,1985,0,30,23,1
2004,17,2004_17_MIA_BAL,MIA,BAL,0,61,345.0,1615,3,23,30,0
2004,17,2004_17_MIN_WAS,MIN,WAS,0,67,322.0,1784,0,18,21,0
2004,17,2004_17_MIN_WAS,WAS,MIN,1,60,318.0,1816,2,21,18,1
2004,17,2004_17_NO_CAR,CAR,NO,1,70,322.0,1588,3,18,21,0
2004,17,2004_17_NO_CAR,NO,CAR,0,64,360.0,2012,0,21,18,1
2004,17,2004_17_NYJ_STL,LA,NYJ,1,63,481.0,1850,3,32,29,1
2004,17,2004_17_NYJ_STL,NYJ,LA,0,82,324.0,2468,0,29,32,0
2004,17,2004_17_PIT_BUF,BUF,PIT,1,54,267.0,1497,2,24,29,0
2004,17,2004_17_PIT_BUF,PIT,BUF,0,70,262.0,2103,4,29,24,1
2004,17,2004_17_SF_NE,NE,SF,1,63,405.0,1752,3,21,7,1
2004,17,2004_17_SF_NE,SF,NE,0,65,318.0,1848,2,7,21,0
2004,17,2004_17_TB_ARI,ARI,TB,1,70,222.0,2029,1,12,7,1
2004,17,2004_17_TB_ARI,TB,ARI,0,57,249.0,1571,4,7,12,0
2005,1,2005_01_ARI_NYG,ARI,NYG,0,81,318.0,2145,2,19,42,0
2005,1,2005_01_ARI_NYG,NYG,ARI,1,51,275.0,1455,2,42,19,1
2005,1,2005_01_CHI_WAS,CHI,WAS,0,49,166.0,1545,2,7,9,0
2005,1,2005_01_CHI_WAS,WAS,CHI,1,68,323.0,2055,3,9,7,1
2005,1,2005_01_CIN_CLE,CIN,CLE,0,68,420.0,2053,2,27,13,1
2005,1,2005_01_CIN_CLE,CLE,CIN,1,61,373.0,1547,3,13,27,0
2005,1,2005_01_DAL_SD,DAL,LAC,0,61,301.0,1869,1,28,24,1
2005,1,2005_01_DAL_SD,LAC,DAL,1,63,291.0,1731,2,24,28,0
2005,1,2005_01_DEN_MIA,DEN,MIA,0,69,312.0,1662,4,10,34,0
2005,1,2005_01_DEN_MIA,MIA,DEN,1,69,426.0,1938,2,34,10,1
2005,1,2005_01_GB_DET,DET,GB,1,61,254.0,1736,0,17,3,1
2005,1,2005_01_GB_DET,GB,DET,0,65,216.0,1864,3,3,17,0
2005,1,2005_01_HOU_BUF,BUF,HOU,1,65,316.0,2295,0,22,7,1
2005,1,2005_01_HOU_BUF,HOU,BUF,0,49,120.0,1305,5,7,22,0
2005,1,2005_01_IND_BAL,BAL,IND,1,78,401.0,1971,4,7,24,0
2005,1,2005_01_IND_BAL,IND,BAL,0,62,340.0,1629,0,24,7,1
2005,1,2005_01_NO_CAR,CAR,NO,1,57,350.0,1644,4,20,23,0
2005,1,2005_01_NO_CAR,NO,CAR,0,58,291.0,1956,1,23,20,1
2005,1,2005_01_NYJ_KC,KC,NYJ,1,61,389.0,1711,1,27,7,1
2005,1,2005_01_NYJ_KC,NYJ,KC,0,70,390.0,1889,3,7,27,0
2005,1,2005_01_OAK_NE,LV,NE,0,64,351.0,1660,1,20,30,0
2005,1,2005_01_OAK_NE,NE,LV,1,69,379.0,1940,0,30,20,1
2005,1,2005_01_PHI_ATL,ATL,PHI,1,67,319.0,2031,3,14,10,1
2005,1,2005_01_PHI_ATL,PHI,ATL,0,61,301.0,1569,3,10,14,0
2005,1,2005_01_SEA_JAX,JAX,SEA,1,66,362.0,2051,0,26,14,1
2005,1,2005_01_SEA_JAX,SEA,JAX,0,58,325.0,1549,5,14,26,0
2005,1,2005_01_STL_SF,LA,SF,0,90,405.0,2447,1,25,28,0
2005,1,2005_01_STL_SF,SF,LA,1,41,217.0,1237,2,28,25,1
2005,1,2005_01_TB_MIN,MIN,TB,1,51,248.0,1766,5,13,24,0
2005,1,2005_01_TB_MIN,TB,MIN,0,62,345.0,1834,2,24,13,1
2005,1,2005_01_TEN_PIT,PIT,TEN,1,52,424.0,1850,0,34,7,1
2005,1,2005_01_TEN_PIT,TEN,PIT,0,53,303.0,1750,4,7,34,0
2005,2,2005_02_ATL_SEA,ATL,SEA,0,52,225.0,1405,0,18,21,0
2005,2,2005_02_ATL_SEA,SEA,ATL,1,67,428.0,2195,1,21,18,1
2005,2,2005_02_BAL_TEN,BAL,TEN,0,60,182.0,1614,2,10,25,0
2005,2,2005_02_BAL_TEN,TEN,BAL,1,67,290.0,1986,1,25,10,1
2005,2,2005_02_BUF_TB,BUF,TB,0,50,147.0,1270,0,3,19,0
2005,2,2005_02_BUF_TB,TB,BUF,1,63,318.0,2330,0,19,3,1
2005,2,2005_02_CLE_GB,CLE,GB,0,55,391.0,1489,0,26,24,1
2005,2,2005_02_CLE_GB,GB,CLE,1,75,452.0,2111,2,24,26,0
2005,2,2005_02_DET_CHI,CHI,DET,1,61,336.0,1992,0,38,6,1
2005,2,2005_02_DET_CHI,DET,CHI,0,63,234.0,1568,5,6,38,0
2005,2,2005_02_JAX_IND,IND,JAX,1,66,268.0,1720,1,10,3,1
2005,2,2005_02_JAX_IND,JAX,IND,0,59,303.0,1880,0,3,10,0
2005,2,2005_02_KC_OAK,KC,LV,0,65,354.0,2074,2,23,17,1
2005,2,2005_02_KC_OAK,LV,KC,1,55,327.0,1526,1,17,23,0
2005,2,2005_02_MIA_NYJ,MIA,NYJ,0,63,235.0,1561,1,7,17,0
2005,2,2005_02_MIA_NYJ,NYJ,MIA,1,66,271.0,2039,0,17,7,1
2005,2,2005_02_MIN_CIN,CIN,MIN,1,79,504.0,2320,1,37,8,1
2005,2,2005_02_MIN_CIN,MIN,CIN,0,54,306.0,1280,7,8,37,0
2005,2,2005_02_NE_CAR,CAR,NE,1,63,250.0,1919,1,27,17,1
2005,2,2005_02_NE_CAR,NE,CAR,0,62,288.0,1681,3,17,27,0
2005,2,2005_02_NYG_NO,NO,NYG,1,71,422.0,1912,7,10,27,0
2005,2,2005_02_NYG_NO,NYG,NO,0,53,257.0,1688,0,27,10,1
2005,2,2005_02_PIT_HOU,HOU,PIT,1,59,221.0,1854,1,7,27,0
2005,2,2005_02_PIT_HOU,PIT,HOU,0,54,388.0,1746,0,27,7,1
2005,2,2005_02_SD_DEN,DEN,LAC,1,66,331.0,1985,2,20,17,1
2005,2,2005_02_SD_DEN,LAC,DEN,0,51,213.0,1615,2,17,20,0
2005,2,2005_02_SF_PHI,PHI,SF,1,71,583.0,2277,1,42,3,1
2005,2,2005_02_SF_PHI,SF,PHI,0,47,142.0,1323,3,3,42,0
2005,2,2005_02_STL_ARI,ARI,LA,1,63,379.0,1869,2,12,17,0
2005,2,2005_02_STL_ARI,LA,ARI,0,55,297.0,1731,1,17,12,1
2005,2,2005_02_WAS_DAL,DAL,WAS,1,65,351.0,1927,0,13,14,0
2005,2,2005_02_WAS_DAL,WAS,DAL,0,64,346.0,1673,2,14,13,1
2005,3,2005_03_ARI_SEA,ARI,SEA,0,60,266.0,1591,2,12,37,0
2005,3,2005_03_ARI_SEA,SEA,ARI,1,69,447.0,2009,0,37,12,1
2005,3,2005_03_ATL_BUF,ATL,BUF,0,63,403.0,1751,1,24,16,1
2005,3,2005_03_ATL_BUF,BUF,ATL,1,62,208.0,1849,3,16,24,0
2005,3,2005_03_CAR_MIA,CAR,MIA,0,65,299.0,1933,2,24,27,0
2005,3,2005_03_CAR_MIA,MIA,CAR,1,63,315.0,1667,2,27,24,1
2005,3,2005_03_CIN_CHI,CHI,CIN,1,67,255.0,1732,6,7,24,0
2005,3,2005_03_CIN_CHI,CIN,CHI,0,58,244.0,1868,1,24,7,1
2005,3,2005_03_CLE_IND,CLE,IND,0,56,263.0,1702,0,6,13,0
2005,3,2005_03_CLE_IND,IND,CLE,1,56,339.0,1898,1,13,6,1
2005,3,2005_03_DAL_SF,DAL,SF,0,74,445.0,1917,3,34,31,1
2005,3,2005_03_DAL_SF,SF,DAL,1,61,390.0,1675,3,31,34,0
2005,3,2005_03_JAX_NYJ,JAX,NYJ,0,73,308.0,2431,4,26,20,1
2005,3,2005_03_JAX_NYJ,NYJ,JAX,1,51,168.0,1534,2,20,26,0
2005,3,2005_03_KC_DEN,DEN,KC,1,56,358.0,1808,0,30,10,1
2005,3,2005_03_KC_DEN,KC,DEN,0,68,285.0,1792,1,10,30,0
2005,3,2005_03_NE_PIT,NE,PIT,0,74,425.0,2123,3,23,20,1
2005,3,2005_03_NE_PIT,PIT,NE,1,55,269.0,1477,1,20,23,0
2005,3,2005_03_NO_MIN,MIN,NO,1,74,420.0,2293,0,33,16,1
2005,3,2005_03_NO_MIN,NO,MIN,0,56,296.0,1307,4,16,33,0
2005,3,2005_03_NYG_SD,LAC,NYG,1,56,485.0,1805,1,45,23,1
2005,3,2005_03_NYG_SD,NYG,LAC,0,66,424.0,1795,1,23,45,0
2005,3,2005_03_OAK_PHI,LV,PHI,0,65,365.0,1797,0,20,23,0
2005,3,2005_03_OAK_PHI,PHI,LV,1,71,448.0,1803,2,23,20,1
2005,3,2005_03_TB_GB,GB,TB,1,51,260.0,1538,4,16,17,0
2005,3,2005_03_TB_GB,TB,GB,0,69,293.0,2062,1,17,16,1
2005,3,2005_03_TEN_STL,LA,TEN,1,53,360.0,1630,4,31,27,1
2005,3,2005_03_TEN_STL,TEN,LA,0,65,335.0,1970,3,27,31,0
2005,4,2005_04_BUF_NO,BUF,NO,0,48,208.0,1420,2,7,19,0
2005,4,2005_04_BUF_NO,NO,BUF,1,68,333.0,2180,0,19,7,1
2005,4,2005_04_DAL_OAK,DAL,LV,0,63,303.0,1846,1,13,19,0
2005,4,2005_04_DAL_OAK,LV,DAL,1,56,333.0,1754,0,19,13,1
2005,4,2005_04_DEN_JAX,DEN,JAX,0,73,306.0,2285,0,20,7,1
2005,4,2005_04_DEN_JAX,JAX,DEN,1,47,241.0,1315,4,7,20,0
2005,4,2005_04_DET_TB,DET,TB,0,54,226.0,1705,1,13,17,0
2005,4,2005_04_DET_TB,TB,DET,1,64,353.0,1895,4,17,13,1
2005,4,2005_04_GB_CAR,CAR,GB,1,60,286.0,1869,1,32,29,1
2005,4,2005_04_GB_CAR,GB,CAR,0,70,356.0,1731,2,29,32,0
2005,4,2005_04_HOU_CIN,CIN,HOU,1,61,371.0,2074,0,16,10,1
2005,4,2005_04_HOU_CIN,HOU,CIN,0,56,254.0,1526,1,10,16,0
2005,4,2005_04_IND_TEN,IND,TEN,0,53,364.0,1548,0,31,10,1
2005,4,2005_04_IND_TEN,TEN,IND,1,58,313.0,2052,1,10,31,0
2005,4,2005_04_MIN_ATL,ATL,MIN,1,64,368.0,1957,0,30,10,1
2005,4,2005_04_MIN_ATL,MIN,ATL,0,59,261.0,1643,3,10,30,0
2005,4,2005_04_NYJ_BAL,BAL,NYJ,1,66,259.0,2281,2,13,3,1
2005,4,2005_04_NYJ_BAL,NYJ,BAL,0,48,152.0,1319,0,3,13,0
2005,4,2005_04_PHI_KC,KC,PHI,1,60,353.0,1743,4,31,37,0
2005,4,2005_04_PHI_KC,PHI,KC,0,68,398.0,1857,2,37,31,1
2005,4,2005_04_SD_NE,LAC,NE,0,64,431.0,2198,0,41,17,1
2005,4,2005_04_SD_NE,NE,LAC,1,55,304.0,1402,2,17,41,0
2005,4,2005_04_SEA_WAS,SEA,WAS,0,62,354.0,1569,0,17,20,0
2005,4,2005_04_SEA_WAS,WAS,SEA,1,77,352.0,2362,1,20,17,1
2005,4,2005_04_SF_ARI,ARI,SF,1,84,463.0,2268,2,31,14,1
2005,4,2005_04_SF_ARI,SF,ARI,0,50,168.0,1332,4,14,31,0
2005,4,2005_04_STL_NYG,LA,NYG,0,78,476.0,1924,5,24,44,0
2005,4,2005_04_STL_NYG,NYG,LA,1,65,456.0,1676,0,44,24,1
2005,5,2005_05_BAL_DET,BAL,DET,0,68,387.0,1786,4,17,35,0
2005,5,2005_05_BAL_DET,DET,BAL,1,61,266.0,1814,2,35,17,1
2005,5,2005_05_CAR_ARI,ARI,CAR,1,74,464.0,2052,4,20,24,0
2005,5,2005_05_CAR_ARI,CAR,ARI,0,56,330.0,1548,2,24,20,1
2005,5,2005_05_CHI_CLE,CHI,CLE,0,64,266.0,1874,3,10,20,0
2005,5,2005_05_CHI_CLE,CLE,CHI,1,59,278.0,1726,2,20,10,1
2005,5,2005_05_CIN_JAX,CIN,JAX,0,61,364.0,1835,1,20,23,0
2005,5,2005_05_CIN_JAX,JAX,CIN,1,61,342.0,1765,1,23,20,1
2005,5,2005_05_IND_SF,IND,SF,0,60,365.0,2171,3,28,3,1
2005,5,2005_05_IND_SF,SF,IND,1,56,177.0,1748,5,3,28,0
2005,5,2005_05_MIA_BUF,BUF,MIA,1,65,236.0,2112,1,20,14,1
2005,5,2005_05_MIA_BUF,MIA,BUF,0,55,323.0,1488,5,14,20,0
2005,5,2005_05_NE_ATL,ATL,NE,1,64,402.0,1655,0,28,31,0
2005,5,2005_05_NE_ATL,NE,ATL,0,58,483.0,1945,1,31,28,1
2005,5,2005_05_NO_GB,GB,NO,1,56,309.0,1737,0,52,3,1
2005,5,2005_05_NO_GB,NO,GB,0,65,254.0,1863,5,3,52,0
2005,5,2005_05_PHI_DAL,DAL,PHI,1,81,456.0,2443,1,33,10,1
2005,5,2005_05_PHI_DAL,PHI,DAL,0,43,129.0,1157,0,10,33,0
2005,5,2005_05_PIT_SD,LAC,PIT,1,58,279.0,1597,2,22,24,0
2005,5,2005_05_PIT_SD,PIT,LAC,0,61,311.0,2003,1,24,22,1
2005,5,2005_05_SEA_STL,LA,SEA,1,61,386.0,1746,1,31,37,0
2005,5,2005_05_SEA_STL,SEA,LA,0,72,433.0,1854,1,37,31,1
2005,5,2005_05_TB_NYJ,NYJ,TB,1,48,212.0,1614,2,14,12,1
2005,5,2005_05_TB_NYJ,TB,NYJ,0,71,285.0,1991,2,12,14,0
2005,5,2005_05_TEN_HOU,HOU,TEN,1,63,259.0,1731,1,20,34,0
2005,5,2005_05_TEN_HOU,TEN,HOU,0,62,310.0,1869,0,34,20,1
2005,5,2005_05_WAS_DEN,DEN,WAS,1,54,257.0,1571,0,21,19,1
2005,5,2005_05_WAS_DEN,WAS,DEN,0,80,447.0,1890,1,19,21,0
2005,6,2005_06_ATL_NO,ATL,NO,0,57,266.0,1594,1,34,31,1
2005,6,2005_06_ATL_NO,NO,ATL,1,67,456.0,2006,2,31,34,0
2005,6,2005_06_CAR_DET,CAR,DET,0,59,317.0,1677,4,21,20,1
2005,6,2005_06_CAR_DET,DET,CAR,1,58,209.0,1923,4,20,21,0
2005,6,2005_06_CIN_TEN,CIN,TEN,0,62,387.0,1750,0,31,23,1
2005,6,2005_06_CIN_TEN,TEN,CIN,1,65,377.0,1856,3,23,31,0
2005,6,2005_06_CLE_BAL,BAL,CLE,1,65,351.0,2225,1,16,3,1
2005,6,2005_06_CLE_BAL,CLE,BAL,0,52,186.0,1375,3,3,16,0
2005,6,2005_06_HOU_SEA,HOU,SEA,0,58,227.0,1707,0,10,42,0
2005,6,2005_06_HOU_SEA,SEA,HOU,1,65,459.0,1893,1,42,10,1
2005,6,2005_06_JAX_PIT,JAX,PIT,0,73,246.0,2169,1,23,17,1
2005,6,2005_06_JAX_PIT,PIT,JAX,1,60,218.0,1647,4,17,23,0
2005,6,2005_06_MIA_TB,MIA,TB,0,65,307.0,1461,2,13,27,0
2005,6,2005_06_MIA_TB,TB,MIA,1,63,342.0,2139,1,27,13,1
2005,6,2005_06_MIN_CHI,CHI,MIN,1,58,192.0,1658,3,28,3,1
2005,6,2005_06_MIN_CHI,MIN,CHI,0,72,283.0,1942,2,3,28,0
2005,6,2005_06_NE_DEN,DEN,NE,1,59,432.0,1937,0,28,20,1
2005,6,2005_06_NE_DEN,NE,DEN,0,65,388.0,1663,0,20,28,0
2005,6,2005_06_NYG_DAL,DAL,NYG,1,78,385.0,2446,4,16,13,1
2005,6,2005_06_NYG_DAL,NYG,DAL,0,53,270.0,1381,4,13,16,0
2005,6,2005_06_NYJ_BUF,BUF,NYJ,1,66,341.0,2315,2,27,17,1
2005,6,2005_06_NYJ_BUF,NYJ,BUF,0,52,275.0,1285,3,17,27,0
2005,6,2005_06_SD_OAK,LAC,LV,0,64,346.0,2118,0,27,14,1
2005,6,2005_06_SD_OAK,LV,LAC,1,65,310.0,1482,1,14,27,0
2005,6,2005_06_STL_IND,IND,LA,1,72,363.0,2201,1,45,28,1
2005,6,2005_06_STL_IND,LA,IND,0,52,348.0,1626,4,28,45,0
2005,6,2005_06_WAS_KC,KC,WAS,1,59,276.0,1660,0,28,21,1
2005,6,2005_06_WAS_KC,WAS,KC,0,73,398.0,1940,3,21,28,0
2005,7,2005_07_BAL_CHI,BAL,CHI,0,58,199.0,1702,0,6,10,0
2005,7,2005_07_BAL_CHI,CHI,BAL,1,60,276.0,1898,0,10,6,1
2005,7,2005_07_BUF_OAK,BUF,LV,0,53,210.0,1629,1,17,38,0
2005,7,2005_07_BUF_OAK,LV,BUF,1,66,416.0,1971,1,38,17,1
2005,7,2005_07_DAL_SEA,DAL,SEA,0,68,275.0,2048,3,10,13,0
2005,7,2005_07_DAL_SEA,SEA,DAL,1,65,289.0,1552,2,13,10,1
2005,7,2005_07_DEN_NYG,DEN,NYG,0,62,385.0,2041,1,23,24,0
2005,7,2005_07_DEN_NYG,NYG,DEN,1,62,311.0,1559,2,24,23,1
2005,7,2005_07_DET_CLE,CLE,DET,1,45,174.0,1363,3,10,13,0
2005,7,2005_07_DET_CLE,DET,CLE,0,71,329.0,2237,1,13,10,1
2005,7,2005_07_GB_MIN,GB,MIN,0,60,374.0,1797,0,20,23,0
2005,7,2005_07_GB_MIN,MIN,GB,1,62,363.0,1803,1,23,20,1
2005,7,2005_07_IND_HOU,HOU,IND,1,48,139.0,1601,2,20,38,0
2005,7,2005_07_IND_HOU,IND,HOU,0,63,437.0,1999,2,38,20,1
2005,7,2005_07_KC_MIA,KC,MIA,0,81,462.0,2500,0,30,20,1
2005,7,2005_07_KC_MIA,MIA,KC,1,47,286.0,1100,1,20,30,0
2005,7,2005_07_NO_STL,LA,NO,1,57,298.0,1563,1,28,17,1
2005,7,2005_07_NO_STL,NO,LA,0,75,332.0,2037,2,17,28,0
2005,7,2005_07_NYJ_ATL,ATL,NYJ,1,67,310.0,2002,3,27,14,1
2005,7,2005_07_NYJ_ATL,NYJ,ATL,0,60,231.0,1598,4,14,27,0
2005,7,2005_07_PIT_CIN,CIN,PIT,1,57,302.0,1471,2,13,27,0
2005,7,2005_07_PIT_CIN,PIT,CIN,0,62,304.0,2129,2,27,13,1
2005,7,2005_07_SD_PHI,LAC,PHI,0,63,291.0,1740,3,17,20,0
2005,7,2005_07_SD_PHI,PHI,LAC,1,71,286.0,1873,2,20,17,1
2005,7,2005_07_SF_WAS,SF,WAS,0,47,194.0,1602,2,17,52,0
2005,7,2005_07_SF_WAS,WAS,SF,1,61,457.0,1998,0,52,17,1
2005,7,2005_07_TEN_ARI,ARI,TEN,1,54,173.0,1590,1,20,10,1
2005,7,2005_07_TEN_ARI,TEN,ARI,0,76,348.0,2010,3,10,20,0
2005,8,2005_08_ARI_DAL,ARI,DAL,0,61,213.0,1631,2,13,34,0
2005,8,2005_08_ARI_DAL,DAL,ARI,1,59,348.0,1969,1,34,13,1
2005,8,2005_08_BAL_PIT,BAL,PIT,0,73,318.0,1864,3,19,20,0
2005,8,2005_08_BAL_PIT,PIT,BAL,1,61,261.0,1736,2,20,19,1
2005,8,2005_08_BUF_NE,BUF,NE,0,74,384.0,2360,2,16,21,0
2005,8,2005_08_BUF_NE,NE,BUF,1,46,273.0,1240,2,21,16,1
2005,8,2005_08_CHI_DET,CHI,DET,0,62,333.0,1822,1,19,13,1
2005,8,2005_08_CHI_DET,DET,CHI,1,66,278.0,2155,1,13,19,0
2005,8,2005_08_CLE_HOU,CLE,HOU,0,60,325.0,1744,2,16,19,0
2005,8,2005_08_CLE_HOU,HOU,CLE,1,59,237.0,1856,1,19,16,1
2005,8,2005_08_GB_CIN,CIN,GB,1,63,317.0,1811,1,21,14,1
2005,8,2005_08_GB_CIN,GB,CIN,0,62,360.0,1789,5,14,21,0
2005,8,2005_08_JAX_STL,JAX,LA,0,61,427.0,1882,2,21,24,0
2005,8,2005_08_JAX_STL,LA,JAX,1,56,386.0,1718,3,24,21,1
2005,8,2005_08_KC_SD,KC,LAC,0,68,418.0,1879,1,20,28,0
2005,8,2005_08_KC_SD,LAC,KC,1,66,424.0,1721,2,28,20,1
2005,8,2005_08_MIA_NO,MIA,NO,0,77,342.0,2346,3,21,6,1
2005,8,2005_08_MIA_NO,NO,MIA,1,54,203.0,1417,1,6,21,0
2005,8,2005_08_MIN_CAR,CAR,MIN,1,70,452.0,2151,0,38,13,1
2005,8,2005_08_MIN_CAR,MIN,CAR,0,55,253.0,1449,0,13,38,0
2005,8,2005_08_OAK_TEN,LV,TEN,0,54,324.0,1463,1,34,25,1
2005,8,2005_08_OAK_TEN,TEN,LV,1,72,326.0,2137,2,25,34,0
2005,8,2005_08_PHI_DEN,DEN,PHI,1,72,564.0,2220,0,49,21,1
2005,8,2005_08_PHI_DEN,PHI,DEN,0,55,351.0,1380,2,21,49,0
2005,8,2005_08_TB_SF,SF,TB,1,58,208.0,1817,0,15,10,1
2005,8,2005_08_TB_SF,TB,SF,0,59,275.0,1783,3,10,15,0
2005,8,2005_08_WAS_NYG,NYG,WAS,1,78,386.0,2361,1,36,0,1
2005,8,2005_08_WAS_NYG,WAS,NYG,0,52,125.0,1239,4,0,36,0
2005,9,2005_09_ATL_MIA,ATL,MIA,0,75,382.0,2175,1,17,10,1
2005,9,2005_09_ATL_MIA,MIA,ATL,1,47,208.0,1425,2,10,17,0
2005,9,2005_09_CAR_TB,CAR,TB,0,51,287.0,1717,0,34,14,1
2005,9,2005_09_CAR_TB,TB,CAR,1,65,270.0,1883,4,14,34,0
2005,9,2005_09_CHI_NO,CHI,NO,0,60,314.0,1578,3,20,17,1
2005,9,2005_09_CHI_NO,NO,CHI,1,62,283.0,2022,4,17,20,0
2005,9,2005_09_CIN_BAL,BAL,CIN,1,59,240.0,1594,1,9,21,0
2005,9,2005_09_CIN_BAL,CIN,BAL,0,63,329.0,2006,1,21,9,1
2005,9,2005_09_DET_MIN,DET,MIN,0,72,289.0,1821,3,14,27,0
2005,9,2005_09_DET_MIN,MIN,DET,1,60,285.0,1779,1,27,14,1
2005,9,2005_09_HOU_JAX,HOU,JAX,0,59,279.0,1856,1,14,21,0
2005,9,2005_09_HOU_JAX,JAX,HOU,1,54,312.0,1744,0,21,14,1
2005,9,2005_09_IND_NE,IND,NE,0,76,453.0,2201,1,40,21,1
2005,9,2005_09_IND_NE,NE,IND,1,56,288.0,1399,2,21,40,0
2005,9,2005_09_NYG_SF,NYG,SF,0,65,344.0,1985,0,24,6,1
2005,9,2005_09_NYG_SF,SF,NYG,1,46,138.0,1615,1,6,24,0
2005,9,2005_09_OAK_KC,KC,LV,1,62,321.0,1686,1,27,23,1
2005,9,2005_09_OAK_KC,LV,KC,0,69,265.0,1914,1,23,27,0
2005,9,2005_09_PHI_WAS,PHI,WAS,0,60,336.0,1683,1,10,17,0
2005,9,2005_09_PHI_WAS,WAS,PHI,1,60,293.0,1917,1,17,10,1
2005,9,2005_09_PIT_GB,GB,PIT,1,65,268.0,1988,3,10,20,0
2005,9,2005_09_PIT_GB,PIT,GB,0,50,213.0,1612,1,20,10,1
2005,9,2005_09_SD_NYJ,LAC,NYJ,0,63,395.0,1984,2,31,26,1
2005,9,2005_09_SD_NYJ,NYJ,LAC,1,60,269.0,1616,0,26,31,0
2005,9,2005_09_SEA_ARI,ARI,SEA,1,72,378.0,1917,4,19,33,0
2005,9,2005_09_SEA_ARI,SEA,ARI,0,54,366.0,1683,0,33,19,1
2005,9,2005_09_TEN_CLE,CLE,TEN,1,66,441.0,1944,2,20,14,1
2005,9,2005_09_TEN_CLE,TEN,CLE,0,67,323.0,1656,1,14,20,0
2005,10,2005_10_ARI_DET,ARI,DET,0,62,399.0,1532,1,21,29,0
2005,10,2005_10_ARI_DET,DET,ARI,1,64,382.0,2068,0,29,21,1
2005,10,2005_10_BAL_JAX,BAL,JAX,0,54,163.0,1576,3,3,30,0
2005,10,2005_10_BAL_JAX,JAX,BAL,1,66,338.0,2069,0,30,3,1
2005,10,2005_10_CLE_PIT,CLE,PIT,0,55,303.0,1417,2,21,34,0
2005,10,2005_10_CLE_PIT,PIT,CLE,1,68,382.0,2183,0,34,21,1
2005,10,2005_10_DAL_PHI,DAL,PHI,0,50,241.0,1455,1,21,20,1
2005,10,2005_10_DAL_PHI,PHI,DAL,1,77,359.0,2145,1,20,21,0
2005,10,2005_10_DEN_OAK,DEN,LV,0,61,328.0,1847,2,31,17,1
2005,10,2005_10_DEN_OAK,LV,DEN,1,71,335.0,1753,3,17,31,0
2005,10,2005_10_GB_ATL,ATL,GB,1,63,327.0,1624,3,25,33,0
2005,10,2005_10_GB_ATL,GB,ATL,0,70,351.0,1976,1,33,25,1
2005,10,2005_10_HOU_IND,HOU,IND,0,52,209.0,1645,2,17,31,0
2005,10,2005_10_HOU_IND,IND,HOU,1,65,419.0,1955,0,31,17,1
2005,10,2005_10_KC_BUF,BUF,KC,1,52,209.0,1517,2,14,3,1
2005,10,2005_10_KC_BUF,KC,BUF,0,78,316.0,2083,4,3,14,0
2005,10,2005_10_MIN_NYG,MIN,NYG,0,55,137.0,1465,1,24,21,1
2005,10,2005_10_MIN_NYG,NYG,MIN,1,80,407.0,2135,5,21,24,0
2005,10,2005_10_NE_MIA,MIA,NE,1,73,437.0,1773,2,16,23,0
2005,10,2005_10_NE_MIA,NE,MIA,0,65,367.0,1827,2,23,16,1
2005,10,2005_10_NYJ_CAR,CAR,NYJ,1,56,220.0,1873,2,30,3,1
2005,10,2005_10_NYJ_CAR,NYJ,CAR,0,56,214.0,1727,6,3,30,0
2005,10,2005_10_SF_CHI,CHI,SF,1,54,239.0,1734,2,17,9,1
2005,10,2005_10_SF_CHI,SF,CHI,0,59,161.0,1866,4,9,17,0
2005,10,2005_10_STL_SEA,LA,SEA,0,64,353.0,1847,2,16,31,0
2005,10,2005_10_STL_SEA,SEA,LA,1,65,417.0,1753,2,31,16,1
2005,10,2005_10_WAS_TB,TB,WAS,1,57,342.0,1535,1,36,35,1
2005,10,2005_10_WAS_TB,WAS,TB,0,71,391.0,2065,3,35,36,0
2005,11,2005_11_ARI_STL,ARI,LA,0,67,374.0,1940,1,38,28,1
2005,11,2005_11_ARI_STL,LA,ARI,1,61,355.0,1695,2,28,38,0
2005,11,2005_11_BUF_SD,BUF,LAC,0,55,202.0,1350,2,10,48,0
2005,11,2005_11_BUF_SD,LAC,BUF,1,68,478.0,2250,0,48,10,1
2005,11,2005_11_CAR_CHI,CAR,CHI,0,63,238.0,1758,2,3,13,0
2005,11,2005_11_CAR_CHI,CHI,CAR,1,57,258.0,1842,1,13,3,1
2005,11,2005_11_DET_DAL,DAL,DET,1,66,253.0,2162,1,20,7,1
2005,11,2005_11_DET_DAL,DET,DAL,0,45,226.0,1438,1,7,20,0
2005,11,2005_11_IND_CIN,CIN,IND,1,65,492.0,1678,1,37,45,0
2005,11,2005_11_IND_CIN,IND,CIN,0,71,451.0,1922,1,45,37,1
2005,11,2005_11_JAX_TEN,JAX,TEN,0,70,295.0,1914,1,31,28,1
2005,11,2005_11_JAX_TEN,TEN,JAX,1,54,254.0,1686,1,28,31,0
2005,11,2005_11_KC_HOU,HOU,KC,1,56,259.0,1382,3,17,45,0
2005,11,2005_11_KC_HOU,KC,HOU,0,71,446.0,2218,1,45,17,1
2005,11,2005_11_MIA_CLE,CLE,MIA,1,68,376.0,2128,1,22,0,1
2005,11,2005_11_MIA_CLE,MIA,CLE,0,55,194.0,1472,2,0,22,0
2005,11,2005_11_MIN_GB,GB,MIN,1,49,236.0,1347,2,17,20,0
2005,11,2005_11_MIN_GB,MIN,GB,0,72,331.0,2253,2,20,17,1
2005,11,2005_11_NO_NE,NE,NO,1,62,326.0,1623,1,24,17,1
2005,11,2005_11_NO_NE,NO,NE,0,72,425.0,1977,1,17,24,0
2005,11,2005_11_NYJ_DEN,DEN,NYJ,1,76,404.0,2548,1,27,0,1
2005,11,2005_11_NYJ_DEN,NYJ,DEN,0,43,195.0,1052,5,0,27,0
2005,11,2005_11_OAK_WAS,LV,WAS,0,66,336.0,1895,1,16,13,1
2005,11,2005_11_OAK_WAS,WAS,LV,1,61,246.0,1705,3,13,16,0
2005,11,2005_11_PHI_NYG,NYG,PHI,1,60,315.0,1829,0,27,17,1
2005,11,2005_11_PHI_NYG,PHI,NYG,0,69,404.0,1771,1,17,27,0
2005,11,2005_11_PIT_BAL,BAL,PIT,1,79,241.0,2211,2,16,13,1
2005,11,2005_11_PIT_BAL,PIT,BAL,0,69,282.0,2040,2,13,16,0
2005,11,2005_11_SEA_SF,SEA,SF,0,66,373.0,1700,0,27,25,1
2005,11,2005_11_SEA_SF,SF,SEA,1,60,336.0,1900,1,25,27,0
2005,11,2005_11_TB_ATL,ATL,TB,1,77,443.0,2162,2,27,30,0
2005,11,2005_11_TB_ATL,TB,ATL,0,46,258.0,1438,1,30,27,1
2005,12,2005_12_ATL_DET,ATL,DET,0,67,402.0,2059,2,27,7,1
2005,12,2005_12_ATL_DET,DET,ATL,1,66,304.0,1541,4,7,27,0
2005,12,2005_12_BAL_CIN,BAL,CIN,0,69,324.0,1787,3,29,42,0
2005,12,2005_12_BAL_CIN,CIN,BAL,1,63,439.0,1813,3,42,29,1
2005,12,2005_12_CAR_BUF,BUF,CAR,1,57,216.0,1456,1,9,13,0
2005,12,2005_12_CAR_BUF,CAR,BUF,0,61,295.0,2144,1,13,9,1
2005,12,2005_12_CHI_TB,CHI,TB,0,63,239.0,1803,1,13,10,1
2005,12,2005_12_CHI_TB,TB,CHI,1,59,275.0,1797,1,10,13,0
2005,12,2005_12_CLE_MIN,CLE,MIN,0,62,262.0,1664,5,12,24,0
2005,12,2005_12_CLE_MIN,MIN,CLE,1,61,281.0,1936,2,24,12,1
2005,12,2005_12_DEN_DAL,DAL,DEN,1,77,314.0,2190,2,21,24,0
2005,12,2005_12_DEN_DAL,DEN,DAL,0,46,293.0,1491,2,24,21,1
2005,12,2005_12_GB_PHI,GB,PHI,0,64,292.0,1735,5,14,19,0
2005,12,2005_12_GB_PHI,PHI,GB,1,64,264.0,1865,1,19,14,1
2005,12,2005_12_JAX_ARI,ARI,JAX,1,65,368.0,1699,2,17,24,0
2005,12,2005_12_JAX_ARI,JAX,ARI,0,61,295.0,1901,0,24,17,1
2005,12,2005_12_MIA_OAK,LV,MIA,1,69,305.0,1792,3,21,33,0
2005,12,2005_12_MIA_OAK,MIA,LV,0,66,394.0,1808,3,33,21,1
2005,12,2005_12_NE_KC,KC,NE,1,65,420.0,2065,1,26,16,1
2005,12,2005_12_NE_KC,NE,KC,0,62,306.0,1535,4,16,26,0
2005,12,2005_12_NO_NYJ,NO,NYJ,0,49,269.0,1601,0,21,19,1
2005,12,2005_12_NO_NYJ,NYJ,NO,1,64,360.0,1999,0,19,21,0
2005,12,2005_12_NYG_SEA,NYG,SEA,0,85,492.0,2361,1,21,24,0
2005,12,2005_12_NYG_SEA,SEA,NYG,1,74,355.0,1974,2,24,21,1
2005,12,2005_12_PIT_IND,IND,PIT,1,59,366.0,1847,1,26,7,1
2005,12,2005_12_PIT_IND,PIT,IND,0,54,197.0,1753,2,7,26,0
2005,12,2005_12_SD_WAS,LAC,WAS,0,76,397.0,1847,3,23,17,1
2005,12,2005_12_SD_WAS,WAS,LAC,1,62,282.0,1787,0,17,23,0
2005,12,2005_12_SF_TEN,SF,TEN,0,68,263.0,1696,3,22,33,0
2005,12,2005_12_SF_TEN,TEN,SF,1,68,461.0,1974,2,33,22,1
2005,12,2005_12_STL_HOU,HOU,LA,1,69,412.0,2116,1,27,33,0
2005,12,2005_12_STL_HOU,LA,HOU,0,69,429.0,1880,2,33,27,1
2005,13,2005_13_ARI_SF,ARI,SF,0,71,406.0,2085,2,17,10,1
2005,13,2005_13_ARI_SF,SF,ARI,1,47,220.0,1515,4,10,17,0
2005,13,2005_13_ATL_CAR,ATL,CAR,0,63,259.0,1660,2,6,24,0
2005,13,2005_13_ATL_CAR,CAR,ATL,1,61,306.0,1940,1,24,6,1
2005,13,2005_13_BUF_MIA,BUF,MIA,0,62,294.0,1877,2,23,24,0
2005,13,2005_13_BUF_MIA,MIA,BUF,1,90,434.0,1723,3,24,23,1
2005,13,2005_13_CIN_PIT,CIN,PIT,0,64,324.0,1602,0,38,31,1
2005,13,2005_13_CIN_PIT,PIT,CIN,1,71,474.0,1998,4,31,38,0
2005,13,2005_13_DAL_NYG,DAL,NYG,0,70,206.0,1709,4,10,17,0
2005,13,2005_13_DAL_NYG,NYG,DAL,1,66,277.0,1891,2,17,10,1
2005,13,2005_13_DEN_KC,DEN,KC,0,60,388.0,1653,2,27,31,0
2005,13,2005_13_DEN_KC,KC,DEN,1,60,421.0,1947,3,31,27,1
2005,13,2005_13_GB_CHI,CHI,GB,1,51,190.0,1513,2,19,7,1
2005,13,2005_13_GB_CHI,GB,CHI,0,84,358.0,2087,4,7,19,0
2005,13,2005_13_HOU_BAL,BAL,HOU,1,61,238.0,1404,3,16,15,1
2005,13,2005_13_HOU_BAL,HOU,BAL,0,76,298.0,1842,1,15,16,0
2005,13,2005_13_JAX_CLE,CLE,JAX,1,57,303.0,1817,0,14,20,0
2005,13,2005_13_JAX_CLE,JAX,CLE,0,59,237.0,1783,1,20,14,1
2005,13,2005_13_MIN_DET,DET,MIN,1,59,223.0,1759,1,16,21,0
2005,13,2005_13_MIN_DET,MIN,DET,0,57,345.0,1841,0,21,16,1
2005,13,2005_13_NYJ_NE,NE,NYJ,1,74,397.0,2290,0,16,3,1
2005,13,2005_13_NYJ_NE,NYJ,NE,0,55,164.0,1310,1,3,16,0
2005,13,2005_13_OAK_SD,LAC,LV,1,62,274.0,2078,0,34,10,1
2005,13,2005_13_OAK_SD,LV,LAC,0,60,291.0,1522,2,10,34,0
2005,13,2005_13_SEA_PHI,PHI,SEA,1,68,190.0,1760,6,0,42,0
2005,13,2005_13_SEA_PHI,SEA,PHI,0,59,194.0,1840,0,42,0,1
2005,13,2005_13_TB_NO,NO,TB,1,63,279.0,1873,4,3,10,0
2005,13,2005_13_TB_NO,TB,NO,0,52,248.0,1727,0,10,3,1
2005,13,2005_13_TEN_IND,IND,TEN,1,48,292.0,1623,1,35,3,1
2005,13,2005_13_TEN_IND,TEN,IND,0,63,260.0,1977,1,3,35,0
2005,13,2005_13_WAS_STL,LA,WAS,1,56,191.0,1562,2,9,24,0
2005,13,2005_13_WAS_STL,WAS,LA,0,63,407.0,2038,0,24,9,1
2005,14,2005_14_BAL_DEN,BAL,DEN,0,65,323.0,1686,4,10,12,0
2005,14,2005_14_BAL_DEN,DEN,BAL,1,67,318.0,1914,1,12,10,1
2005,14,2005_14_CHI_PIT,CHI,PIT,0,56,268.0,1361,0,9,21,0
2005,14,2005_14_CHI_PIT,PIT,CHI,1,66,363.0,2239,0,21,9,1
2005,14,2005_14_CLE_CIN,CIN,CLE,1,61,278.0,1752,1,23,20,1
2005,14,2005_14_CLE_CIN,CLE,CIN,0,52,208.0,1848,1,20,23,0
2005,14,2005_14_DET_GB,DET,GB,0,55,241.0,1688,0,13,16,0
2005,14,2005_14_DET_GB,GB,DET,1,70,330.0,2229,2,16,13,1
2005,14,2005_14_HOU_TEN,HOU,TEN,0,58,234.0,1718,0,10,13,0
2005,14,2005_14_HOU_TEN,TEN,HOU,1,60,301.0,1882,0,13,10,1
2005,14,2005_14_IND_JAX,IND,JAX,0,74,399.0,2172,1,26,18,1
2005,14,2005_14_IND_JAX,JAX,IND,1,59,326.0,1562,3,18,26,0
2005,14,2005_14_KC_DAL,DAL,KC,1,66,445.0,2002,0,31,28,1
2005,14,2005_14_KC_DAL,KC,DAL,0,62,493.0,1694,1,28,31,0
2005,14,2005_14_MIA_SD,LAC,MIA,1,82,341.0,2417,3,21,23,0
2005,14,2005_14_MIA_SD,MIA,LAC,0,48,300.0,1183,2,23,21,1
2005,14,2005_14_NE_BUF,BUF,NE,1,41,183.0,1081,3,7,35,0
2005,14,2005_14_NE_BUF,NE,BUF,0,82,494.0,2519,2,35,7,1
2005,14,2005_14_NO_ATL,ATL,NO,1,57,406.0,1758,1,36,17,1
2005,14,2005_14_NO_ATL,NO,ATL,0,73,332.0,1842,1,17,36,0
2005,14,2005_14_NYG_PHI,NYG,PHI,0,85,437.0,2610,3,26,23,1
2005,14,2005_14_NYG_PHI,PHI,NYG,1,63,337.0,1655,1,23,26,0
2005,14,2005_14_OAK_NYJ,LV,NYJ,0,49,179.0,1462,4,10,26,0
2005,14,2005_14_OAK_NYJ,NYJ,LV,1,71,294.0,2138,0,26,10,1
2005,14,2005_14_SF_SEA,SEA,SF,1,71,438.0,2173,1,41,3,1
2005,14,2005_14_SF_SEA,SF,SEA,0,47,113.0,1427,2,3,41,0
2005,14,2005_14_STL_MIN,LA,MIN,0,75,337.0,2029,6,13,27,0
2005,14,2005_14_STL_MIN,MIN,LA,1,54,259.0,1571,1,27,13,1
2005,14,2005_14_TB_CAR,CAR,TB,1,55,276.0,1676,1,10,20,0
2005,14,2005_14_TB_CAR,TB,CAR,0,64,247.0,1924,0,20,10,1
2005,14,2005_14_WAS_ARI,ARI,WAS,1,61,302.0,1601,4,13,17,0
2005,14,2005_14_WAS_ARI,WAS,ARI,0,62,231.0,1999,3,17,13,1
2005,15,2005_15_ARI_HOU,ARI,HOU,0,57,301.0,1656,4,19,30,0
2005,15,2005_15_ARI_HOU,HOU,ARI,1,71,253.0,1944,2,30,19,1
2005,15,2005_15_ATL_CHI,ATL,CHI,0,65,231.0,1858,2,3,16,0
2005,15,2005_15_ATL_CHI,CHI,ATL,1,59,226.0,1742,2,16,3,1
2005,15,2005_15_CAR_NO,CAR,NO,0,65,326.0,1965,3,27,10,1
2005,15,2005_15_CAR_NO,NO,CAR,1,57,277.0,1506,5,10,27,0
2005,15,2005_15_CIN_DET,CIN,DET,0,76,426.0,2171,2,41,17,1
2005,15,2005_15_CIN_DET,DET,CIN,1,46,270.0,1429,4,17,41,0
2005,15,2005_15_CLE_OAK,CLE,LV,0,60,255.0,1582,2,9,7,1
2005,15,2005_15_CLE_OAK,LV,CLE,1,64,256.0,2018,1,7,9,0
2005,15,2005_15_DAL_WAS,DAL,WAS,0,60,216.0,1709,4,7,35,0
2005,15,2005_15_DAL_WAS,WAS,DAL,1,60,334.0,1891,1,35,7,1
2005,15,2005_15_DEN_BUF,BUF,DEN,1,52,272.0,1517,0,17,28,0
2005,15,2005_15_DEN_BUF,DEN,BUF,0,75,437.0,2083,1,28,17,1
2005,15,2005_15_GB_BAL,BAL,GB,1,65,435.0,1892,0,48,3,1
2005,15,2005_15_GB_BAL,GB,BAL,0,66,288.0,1708,5,3,48,0
2005,15,2005_15_KC_NYG,KC,NYG,0,63,362.0,1831,3,17,27,0
2005,15,2005_15_KC_NYG,NYG,KC,1,67,406.0,1769,2,27,17,1
2005,15,2005_15_NYJ_MIA,MIA,NYJ,1,61,297.0,1558,1,24,20,1
2005,15,2005_15_NYJ_MIA,NYJ,MIA,0,73,388.0,2042,3,20,24,0
2005,15,2005_15_PHI_STL,LA,PHI,1,71,305.0,1928,1,16,17,0
2005,15,2005_15_PHI_STL,PHI,LA,0,60,201.0,1672,4,17,16,1
2005,15,2005_15_PIT_MIN,MIN,PIT,1,49,185.0,1585,4,3,18,0
2005,15,2005_15_PIT_MIN,PIT,MIN,0,58,275.0,2208,0,18,3,1
2005,15,2005_15_SD_IND,IND,LAC,1,64,338.0,1528,4,17,26,0
2005,15,2005_15_SD_IND,LAC,IND,0,71,453.0,2072,3,26,17,1
2005,15,2005_15_SEA_TEN,SEA,TEN,0,61,459.0,1824,0,28,24,1
2005,15,2005_15_SEA_TEN,TEN,SEA,1,65,417.0,1776,0,24,28,0
2005,15,2005_15_SF_JAX,JAX,SF,1,77,336.0,2140,0,10,9,1
2005,15,2005_15_SF_JAX,SF,JAX,0,51,217.0,1460,1,9,10,0
2005,15,2005_15_TB_NE,NE,TB,1,64,336.0,2008,0,28,0,1
2005,15,2005_15_TB_NE,TB,NE,0,59,138.0,1592,1,0,28,0
2005,16,2005_16_ATL_TB,ATL,TB,0,66,281.0,2019,1,24,27,0
2005,16,2005_16_ATL_TB,TB,ATL,1,81,444.0,2466,3,27,24,1
2005,16,2005_16_BUF_CIN,BUF,CIN,0,59,355.0,1812,1,37,27,1
2005,16,2005_16_BUF_CIN,CIN,BUF,1,63,374.0,1836,2,27,37,0
2005,16,2005_16_CHI_GB,CHI,GB,0,57,292.0,1617,1,24,17,1
2005,16,2005_16_CHI_GB,GB,CHI,1,74,365.0,1983,4,17,24,0
2005,16,2005_16_DAL_CAR,CAR,DAL,1,58,318.0,1520,2,20,24,0
2005,16,2005_16_DAL_CAR,DAL,CAR,0,69,394.0,2080,2,24,20,1
2005,16,2005_16_DET_NO,DET,NO,0,55,279.0,1809,1,13,12,1
2005,16,2005_16_DET_NO,NO,DET,1,64,273.0,1791,1,12,13,0
2005,16,2005_16_IND_SEA,IND,SEA,0,68,387.0,2017,1,13,28,0
2005,16,2005_16_IND_SEA,SEA,IND,1,53,332.0,1583,0,28,13,1
2005,16,2005_16_JAX_HOU,HOU,JAX,1,62,370.0,1662,1,20,38,0
2005,16,2005_16_JAX_HOU,JAX,HOU,0,67,448.0,1938,0,38,20,1
2005,16,2005_16_MIN_BAL,BAL,MIN,1,68,367.0,1986,2,30,23,1
2005,16,2005_16_MIN_BAL,MIN,BAL,0,53,262.0,1614,1,23,30,0
2005,16,2005_16_NE_NYJ,NE,NYJ,0,83,321.0,2601,1,31,21,1
2005,16,2005_16_NE_NYJ,NYJ,NE,1,40,171.0,1036,3,21,31,0
2005,16,2005_16_NYG_WAS,NYG,WAS,0,62,332.0,1607,1,20,35,0
2005,16,2005_16_NYG_WAS,WAS,NYG,1,63,380.0,1993,1,35,20,1
2005,16,2005_16_OAK_DEN,DEN,LV,1,71,414.0,2312,1,22,3,1
2005,16,2005_16_OAK_DEN,LV,DEN,0,59,248.0,1288,2,3,22,0
2005,16,2005_16_PHI_ARI,ARI,PHI,1,72,360.0,2334,1,27,21,1
2005,16,2005_16_PHI_ARI,PHI,ARI,0,57,189.0,1266,1,21,27,0
2005,16,2005_16_PIT_CLE,CLE,PIT,1,66,178.0,1701,2,0,41,0
2005,16,2005_16_PIT_CLE,PIT,CLE,0,58,457.0,1899,0,41,0,1
2005,16,2005_16_SD_KC,KC,LAC,1,74,341.0,2042,1,20,7,1
2005,16,2005_16_SD_KC,LAC,KC,0,54,233.0,1558,1,7,20,0
2005,16,2005_16_SF_STL,LA,SF,1,63,389.0,1943,2,20,24,0
2005,16,2005_16_SF_STL,SF,LA,0,50,321.0,1657,0,24,20,1
2005,16,2005_16_TEN_MIA,MIA,TEN,1,71,322.0,1692,2,24,10,1
2005,16,2005_16_TEN_MIA,TEN,MIA,0,66,234.0,1908,3,10,24,0
2005,17,2005_17_ARI_IND,ARI,IND,0,76,413.0,2201,2,13,17,0
2005,17,2005_17_ARI_IND,IND,ARI,1,45,218.0,1399,1,17,13,1
2005,17,2005_17_BAL_CLE,BAL,CLE,0,70,267.0,1774,3,16,20,0
2005,17,2005_17_BAL_CLE,CLE,BAL,1,65,232.0,1826,3,20,16,1
2005,17,2005_17_BUF_NYJ,BUF,NYJ,0,69,331.0,2038,4,26,30,0
2005,17,2005_17_BUF_NYJ,NYJ,BUF,1,51,207.0,1562,0,30,26,1
2005,17,2005_17_CAR_ATL,ATL,CAR,1,58,213.0,1492,3,11,44,0
2005,17,2005_17_CAR_ATL,CAR,ATL,0,64,403.0,2108,1,44,11,1
2005,17,2005_17_CHI_MIN,CHI,MIN,0,59,251.0,2008,0,10,34,0
2005,17,2005_17_CHI_MIN,MIN,CHI,1,58,396.0,1592,0,34,10,1
2005,17,2005_17_CIN_KC,CIN,KC,0,55,161.0,1638,2,3,37,0
2005,17,2005_17_CIN_KC,KC,CIN,1,63,537.0,1962,1,37,3,1
2005,17,2005_17_DEN_SD,DEN,LAC,0,64,241.0,2002,0,23,7,1
2005,17,2005_17_DEN_SD,LAC,DEN,1,62,236.0,1598,2,7,23,0
2005,17,2005_17_DET_PIT,DET,PIT,0,59,308.0,1649,1,21,35,0
2005,17,2005_17_DET_PIT,PIT,DET,1,61,331.0,1951,3,35,21,1
2005,17,2005_17_HOU_SF,HOU,SF,0,61,284.0,1625,2,17,20,0
2005,17,2005_17_HOU_SF,SF,HOU,1,79,324.0,2643,1,20,17,1
2005,17,2005_17_MIA_NE,MIA,NE,0,77,378.0,2286,0,28,26,1
2005,17,2005_17_MIA_NE,NE,MIA,1,58,259.0,1314,1,26,28,0
2005,17,2005_17_NO_TB,NO,TB,0,64,306.0,2025,3,13,27,0
2005,17,2005_17_NO_TB,TB,NO,1,52,285.0,1575,0,27,13,1
2005,17,2005_17_NYG_OAK,LV,NYG,1,68,325.0,1688,0,21,30,0
2005,17,2005_17_NYG_OAK,NYG,LV,0,60,402.0,1912,0,30,21,1
2005,17,2005_17_SEA_GB,GB,SEA,1,73,314.0,2113,3,23,17,1
2005,17,2005_17_SEA_GB,SEA,GB,0,59,245.0,1487,2,17,23,0
2005,17,2005_17_STL_DAL,DAL,LA,1,66,271.0,1577,4,10,20,0
2005,17,2005_17_STL_DAL,LA,DAL,0,67,253.0,2023,0,20,10,1
2005,17,2005_17_TEN_JAX,JAX,TEN,1,69,335.0,2051,1,40,13,1
2005,17,2005_17_TEN_JAX,TEN,JAX,0,62,270.0,1549,2,13,40,0
2005,17,2005_17_WAS_PHI,PHI,WAS,1,71,335.0,1810,5,20,31,0
2005,17,2005_17_WAS_PHI,WAS,PHI,0,62,279.0,1790,2,31,20,1
2006,1,2006_01_ATL_CAR,ATL,CAR,0,70,385.0,2188,0,20,6,1
2006,1,2006_01_ATL_CAR,CAR,ATL,1,59,215.0,1412,2,6,20,0
2006,1,2006_01_BAL_TB,BAL,TB,0,62,271.0,2149,0,27,0,1
2006,1,2006_01_BAL_TB,TB,BAL,1,50,142.0,1451,3,0,27,0
2006,1,2006_01_BUF_NE,BUF,NE,0,50,240.0,1625,0,17,19,0
2006,1,2006_01_BUF_NE,NE,BUF,1,67,319.0,1975,2,19,17,1
2006,1,2006_01_CHI_GB,CHI,GB,0,64,361.0,2045,1,26,0,1
2006,1,2006_01_CHI_GB,GB,CHI,1,56,267.0,1555,3,0,26,0
2006,1,2006_01_CIN_KC,CIN,KC,0,54,236.0,1683,2,23,10,1
2006,1,2006_01_CIN_KC,KC,CIN,1,67,289.0,1917,2,10,23,0
2006,1,2006_01_DAL_JAX,DAL,JAX,0,57,323.0,1548,3,17,24,0
2006,1,2006_01_DAL_JAX,JAX,DAL,1,67,307.0,2052,1,24,17,1
2006,1,2006_01_DEN_STL,DEN,LA,0,55,259.0,1631,5,10,18,0
2006,1,2006_01_DEN_STL,LA,DEN,1,65,320.0,1969,0,18,10,1
2006,1,2006_01_IND_NYG,IND,NYG,0,65,327.0,1797,1,26,21,1
2006,1,2006_01_IND_NYG,NYG,IND,1,62,433.0,1803,2,21,26,0
2006,1,2006_01_MIA_PIT,MIA,PIT,0,58,278.0,1473,2,17,28,0
2006,1,2006_01_MIA_PIT,PIT,MIA,1,66,339.0,2127,1,28,17,1
2006,1,2006_01_MIN_WAS,MIN,WAS,0,66,309.0,1904,0,19,16,1
2006,1,2006_01_MIN_WAS,WAS,MIN,1,53,266.0,1696,0,16,19,0
2006,1,2006_01_NO_CLE,CLE,NO,1,54,186.0,1634,3,14,19,0
2006,1,2006_01_NO_CLE,NO,CLE,0,71,326.0,1874,2,19,14,1
2006,1,2006_01_NYJ_TEN,NYJ,TEN,0,69,393.0,2042,2,23,16,1
2006,1,2006_01_NYJ_TEN,TEN,NYJ,1,71,332.0,1558,3,16,23,0
2006,1,2006_01_PHI_HOU,HOU,PHI,1,52,241.0,1629,0,10,24,0
2006,1,2006_01_PHI_HOU,PHI,HOU,0,66,441.0,1971,1,24,10,1
2006,1,2006_01_SD_OAK,LAC,LV,0,59,302.0,2148,0,27,0,1
2006,1,2006_01_SD_OAK,LV,LAC,1,48,129.0,1452,1,0,27,0
2006,1,2006_01_SEA_DET,DET,SEA,1,57,251.0,1655,1,6,9,0
2006,1,2006_01_SEA_DET,SEA,DET,0,61,264.0,1945,1,9,6,1
2006,1,2006_01_SF_ARI,ARI,SF,1,69,367.0,2134,1,34,27,1
2006,1,2006_01_SF_ARI,SF,ARI,0,59,393.0,1498,2,27,34,0
2006,2,2006_02_ARI_SEA,ARI,SEA,0,63,256.0,1687,2,10,21,0
2006,2,2006_02_ARI_SEA,SEA,ARI,1,66,341.0,1913,2,21,10,1
2006,2,2006_02_BUF_MIA,BUF,MIA,0,52,171.0,1859,0,16,6,1
2006,2,2006_02_BUF_MIA,MIA,BUF,1,60,282.0,1741,1,6,16,0
2006,2,2006_02_CAR_MIN,CAR,MIN,0,62,271.0,1795,0,13,16,0
2006,2,2006_02_CAR_MIN,MIN,CAR,1,70,365.0,2260,2,16,13,1
2006,2,2006_02_CLE_CIN,CIN,CLE,1,76,481.0,2045,2,34,17,1
2006,2,2006_02_CLE_CIN,CLE,CIN,0,53,301.0,1555,3,17,34,0
2006,2,2006_02_DET_CHI,CHI,DET,1,62,383.0,1980,1,34,7,1
2006,2,2006_02_DET_CHI,DET,CHI,0,50,245.0,1620,3,7,34,0
2006,2,2006_02_HOU_IND,HOU,IND,0,53,299.0,1504,2,24,43,0
2006,2,2006_02_HOU_IND,IND,HOU,1,75,515.0,2096,1,43,24,1
2006,2,2006_02_KC_DEN,DEN,KC,1,66,318.0,2063,1,9,6,1
2006,2,2006_02_KC_DEN,KC,DEN,0,58,276.0,1847,2,6,9,0
2006,2,2006_02_NE_NYJ,NE,NYJ,0,69,358.0,1816,2,24,17,1
2006,2,2006_02_NE_NYJ,NYJ,NE,1,65,337.0,1784,1,17,24,0
2006,2,2006_02_NO_GB,GB,NO,1,77,385.0,1916,2,27,34,0
2006,2,2006_02_NO_GB,NO,GB,0,67,380.0,1684,3,34,27,1
2006,2,2006_02_NYG_PHI,NYG,PHI,0,77,404.0,2327,1,30,24,1
2006,2,2006_02_NYG_PHI,PHI,NYG,1,76,451.0,1982,1,24,30,0
2006,2,2006_02_OAK_BAL,BAL,LV,1,66,264.0,1921,1,28,6,1
2006,2,2006_02_OAK_BAL,LV,BAL,0,59,162.0,1679,6,6,28,0
2006,2,2006_02_PIT_JAX,JAX,PIT,1,70,362.0,2245,1,9,0,1
2006,2,2006_02_PIT_JAX,PIT,JAX,0,48,153.0,1355,2,0,9,0
2006,2,2006_02_STL_SF,LA,SF,0,68,265.0,1893,1,13,20,0
2006,2,2006_02_STL_SF,SF,LA,1,55,360.0,1523,1,20,13,1
2006,2,2006_02_TB_ATL,ATL,TB,1,63,382.0,2049,2,14,3,1
2006,2,2006_02_TB_ATL,TB,ATL,0,70,351.0,1551,3,3,14,0
2006,2,2006_02_TEN_SD,LAC,TEN,1,73,476.0,2315,0,40,7,1
2006,2,2006_02_TEN_SD,TEN,LAC,0,57,218.0,1285,2,7,40,0
2006,2,2006_02_WAS_DAL,DAL,WAS,1,70,367.0,1915,1,27,10,1
2006,2,2006_02_WAS_DAL,WAS,DAL,0,59,245.0,1685,1,10,27,0
2006,3,2006_03_ATL_NO,ATL,NO,0,59,229.0,1640,0,3,23,0
2006,3,2006_03_ATL_NO,NO,ATL,1,63,326.0,1960,0,23,3,1
2006,3,2006_03_BAL_CLE,BAL,CLE,0,71,340.0,1911,0,15,14,1
2006,3,2006_03_BAL_CLE,CLE,BAL,1,59,288.0,1689,2,14,15,0
2006,3,2006_03_CAR_TB,CAR,TB,0,67,350.0,2063,3,26,24,1
2006,3,2006_03_CAR_TB,TB,CAR,1,51,209.0,1537,1,24,26,0
2006,3,2006_03_CHI_MIN,CHI,MIN,0,63,325.0,1701,2,19,16,1
2006,3,2006_03_CHI_MIN,MIN,CHI,1,56,286.0,1899,2,16,19,0
2006,3,2006_03_CIN_PIT,CIN,PIT,0,57,246.0,1569,4,28,20,1
2006,3,2006_03_CIN_PIT,PIT,CIN,1,80,365.0,2031,4,20,28,0
2006,3,2006_03_DEN_NE,DEN,NE,0,64,400.0,1905,0,17,7,1
2006,3,2006_03_DEN_NE,NE,DEN,1,76,370.0,1695,0,7,17,0
2006,3,2006_03_GB_DET,DET,GB,1,66,424.0,1760,1,24,31,0
2006,3,2006_03_GB_DET,GB,DET,0,63,400.0,1840,2,31,24,1
2006,3,2006_03_JAX_IND,IND,JAX,1,53,272.0,1236,0,21,14,1
2006,3,2006_03_JAX_IND,JAX,IND,0,69,297.0,2364,2,14,21,0
2006,3,2006_03_NYG_SEA,NYG,SEA,0,53,337.0,1320,4,30,42,0
2006,3,2006_03_NYG_SEA,SEA,NYG,1,74,333.0,2280,3,42,30,1
2006,3,2006_03_NYJ_BUF,BUF,NYJ,1,73,475.0,1993,3,20,28,0
2006,3,2006_03_NYJ_BUF,NYJ,BUF,0,54,256.0,1647,0,28,20,1
2006,3,2006_03_PHI_SF,PHI,SF,0,54,416.0,1479,1,38,24,1
2006,3,2006_03_PHI_SF,SF,PHI,1,77,392.0,2121,2,24,38,0
2006,3,2006_03_STL_ARI,ARI,LA,1,57,347.0,1793,4,14,16,0
2006,3,2006_03_STL_ARI,LA,ARI,0,60,364.0,1807,2,16,14,1
2006,3,2006_03_TEN_MIA,MIA,TEN,1,68,289.0,2129,0,13,10,1
2006,3,2006_03_TEN_MIA,TEN,MIA,0,57,316.0,1471,4,10,13,0
2006,3,2006_03_WAS_HOU,HOU,WAS,1,49,263.0,1293,2,15,31,0
2006,3,2006_03_WAS_HOU,WAS,HOU,0,68,495.0,2307,1,31,15,1
2006,4,2006_04_ARI_ATL,ARI,ATL,0,57,187.0,1714,4,10,32,0
2006,4,2006_04_ARI_ATL,ATL,ARI,1,64,405.0,1886,1,32,10,1
2006,4,2006_04_CLE_OAK,CLE,LV,0,69,283.0,2226,3,24,21,1
2006,4,2006_04_CLE_OAK,LV,CLE,1,52,240.0,1374,1,21,24,0
2006,4,2006_04_DAL_TEN,DAL,TEN,0,61,396.0,1687,1,45,14,1
2006,4,2006_04_DAL_TEN,TEN,DAL,1,59,231.0,1845,3,14,45,0
2006,4,2006_04_DET_STL,DET,LA,0,66,370.0,1794,3,34,41,0
2006,4,2006_04_DET_STL,LA,DET,1,71,429.0,1806,0,41,34,1
2006,4,2006_04_GB_PHI,GB,PHI,0,75,318.0,1963,3,9,31,0
2006,4,2006_04_GB_PHI,PHI,GB,1,63,398.0,1637,2,31,9,1
2006,4,2006_04_IND_NYJ,IND,NYJ,0,68,352.0,2009,0,31,28,1
2006,4,2006_04_IND_NYJ,NYJ,IND,1,63,321.0,1917,3,28,31,0
2006,4,2006_04_JAX_WAS,JAX,WAS,0,54,307.0,1517,1,30,36,0
2006,4,2006_04_JAX_WAS,WAS,JAX,1,70,481.0,2192,3,36,30,1
2006,4,2006_04_MIA_HOU,HOU,MIA,1,67,276.0,2035,2,17,15,1
2006,4,2006_04_MIA_HOU,MIA,HOU,0,59,289.0,1565,0,15,17,0
2006,4,2006_04_MIN_BUF,BUF,MIN,1,68,296.0,1926,0,17,12,1
2006,4,2006_04_MIN_BUF,MIN,BUF,0,61,330.0,1617,2,12,17,0
2006,4,2006_04_NE_CIN,CIN,NE,1,56,279.0,1564,2,13,38,0
2006,4,2006_04_NE_CIN,NE,CIN,0,67,424.0,2036,1,38,13,1
2006,4,2006_04_NO_CAR,CAR,NO,1,59,324.0,1821,0,21,18,1
2006,4,2006_04_NO_CAR,NO,CAR,0,63,409.0,1779,1,18,21,0
2006,4,2006_04_SD_BAL,BAL,LAC,1,53,206.0,1578,3,16,13,1
2006,4,2006_04_SD_BAL,LAC,BAL,0,65,284.0,2022,1,13,16,0
2006,4,2006_04_SEA_CHI,CHI,SEA,1,70,362.0,2132,0,37,6,1
2006,4,2006_04_SEA_CHI,SEA,CHI,0,61,230.0,1468,2,6,37,0
2006,4,2006_04_SF_KC,KC,SF,1,63,333.0,2115,0,41,0,1
2006,4,2006_04_SF_KC,SF,KC,0,51,165.0,1485,4,0,41,0
2006,5,2006_05_BAL_DEN,BAL,DEN,0,61,257.0,1898,3,3,13,0
2006,5,2006_05_BAL_DEN,DEN,BAL,1,53,222.0,1702,2,13,3,1
2006,5,2006_05_BUF_CHI,BUF,CHI,0,48,145.0,1349,5,7,40,0
2006,5,2006_05_BUF_CHI,CHI,BUF,1,72,351.0,2251,1,40,7,1
2006,5,2006_05_CLE_CAR,CAR,CLE,1,58,288.0,1725,0,20,12,1
2006,5,2006_05_CLE_CAR,CLE,CAR,0,68,248.0,1875,3,12,20,0
2006,5,2006_05_DAL_PHI,DAL,PHI,0,84,320.0,2219,5,24,38,0
2006,5,2006_05_DAL_PHI,PHI,DAL,1,54,383.0,1381,2,38,24,1
2006,5,2006_05_DET_MIN,DET,MIN,0,58,217.0,1401,5,17,26,0
2006,5,2006_05_DET_MIN,MIN,DET,1,64,336.0,2199,2,26,17,1
2006,5,2006_05_KC_ARI,ARI,KC,1,65,298.0,1829,1,20,23,0
2006,5,2006_05_KC_ARI,KC,ARI,0,63,301.0,1771,2,23,20,1
2006,5,2006_05_MIA_NE,MIA,NE,0,63,283.0,1817,4,10,20,0
2006,5,2006_05_MIA_NE,NE,MIA,1,64,213.0,1783,0,20,10,1
2006,5,2006_05_NYJ_JAX,JAX,NYJ,1,60,312.0,1922,0,41,0,1
2006,5,2006_05_NYJ_JAX,NYJ,JAX,0,58,177.0,1678,4,0,41,0
2006,5,2006_05_OAK_SF,LV,SF,0,56,370.0,1523,5,20,34,0
2006,5,2006_05_OAK_SF,SF,LV,1,60,330.0,2113,1,34,20,1
2006,5,2006_05_PIT_SD,LAC,PIT,1,72,341.0,2032,1,23,13,1
2006,5,2006_05_PIT_SD,PIT,LAC,0,54,265.0,1568,2,13,23,0
2006,5,2006_05_STL_GB,GB,LA,1,67,336.0,1757,2,20,23,0
2006,5,2006_05_STL_GB,LA,GB,0,60,327.0,1843,0,23,20,1
2006,5,2006_05_TB_NO,NO,TB,1,58,314.0,1763,0,24,21,1
2006,5,2006_05_TB_NO,TB,NO,0,66,406.0,1837,1,21,24,0
2006,5,2006_05_TEN_IND,IND,TEN,1,65,320.0,2035,2,14,13,1
2006,5,2006_05_TEN_IND,TEN,IND,0,52,277.0,1565,1,13,14,0
2006,5,2006_05_WAS_NYG,NYG,WAS,1,69,411.0,2087,0,19,3,1
2006,5,2006_05_WAS_NYG,WAS,NYG,0,45,164.0,1513,0,3,19,0
2006,6,2006_06_BUF_DET,BUF,DET,0,60,242.0,1699,3,17,20,0
2006,6,2006_06_BUF_DET,DET,BUF,1,66,397.0,1901,1,20,17,1
2006,6,2006_06_CAR_BAL,BAL,CAR,1,60,292.0,1571,3,21,23,0
2006,6,2006_06_CAR_BAL,CAR,BAL,0,70,414.0,2029,3,23,21,1
2006,6,2006_06_CHI_ARI,ARI,CHI,1,81,286.0,2383,2,23,24,0
2006,6,2006_06_CHI_ARI,CHI,ARI,0,55,168.0,1217,6,24,23,1
2006,6,2006_06_CIN_TB,CIN,TB,0,59,305.0,1493,0,13,14,0
2006,6,2006_06_CIN_TB,TB,CIN,1,71,300.0,2107,1,14,13,1
2006,6,2006_06_HOU_DAL,DAL,HOU,1,69,354.0,2114,0,34,6,1
2006,6,2006_06_HOU_DAL,HOU,DAL,0,55,232.0,1486,3,6,34,0
2006,6,2006_06_KC_PIT,KC,PIT,0,59,213.0,1529,3,7,45,0
2006,6,2006_06_KC_PIT,PIT,KC,1,63,457.0,2071,1,45,7,1
2006,6,2006_06_MIA_NYJ,MIA,NYJ,0,72,395.0,1904,3,17,20,0
2006,6,2006_06_MIA_NYJ,NYJ,MIA,1,58,272.0,1696,0,20,17,1
2006,6,2006_06_NYG_ATL,ATL,NYG,1,60,329.0,1542,2,14,27,0
2006,6,2006_06_NYG_ATL,NYG,ATL,0,70,424.0,2058,2,27,14,1
2006,6,2006_06_OAK_DEN,DEN,LV,1,51,235.0,1704,0,13,3,1
2006,6,2006_06_OAK_DEN,LV,DEN,0,60,244.0,1896,3,3,13,0
2006,6,2006_06_PHI_NO,NO,PHI,1,68,372.0,2043,3,27,24,1
2006,6,2006_06_PHI_NO,PHI,NO,0,54,325.0,1557,1,24,27,0
2006,6,2006_06_SD_SF,LAC,SF,0,69,421.0,2148,0,48,19,1
2006,6,2006_06_SD_SF,SF,LAC,1,50,274.0,1452,2,19,48,0
2006,6,2006_06_SEA_STL,LA,SEA,1,67,368.0,1925,2,28,30,0
2006,6,2006_06_SEA_STL,SEA,LA,0,66,364.0,1675,1,30,28,1
2006,6,2006_06_TEN_WAS,TEN,WAS,0,70,344.0,2140,0,25,22,1
2006,6,2006_06_TEN_WAS,WAS,TEN,1,57,307.0,1460,2,22,25,0
2006,7,2006_07_ARI_OAK,ARI,LV,0,55,224.0,1379,2,9,22,0
2006,7,2006_07_ARI_OAK,LV,ARI,1,77,395.0,2221,5,22,9,1
2006,7,2006_07_CAR_CIN,CAR,CIN,0,53,277.0,1528,1,14,17,0
2006,7,2006_07_CAR_CIN,CIN,CAR,1,71,342.0,2072,0,17,14,1
2006,7,2006_07_DEN_CLE,CLE,DEN,1,51,165.0,1365,2,7,17,0
2006,7,2006_07_DEN_CLE,DEN,CLE,0,80,347.0,2366,3,17,7,1
2006,7,2006_07_DET_NYJ,DET,NYJ,0,59,386.0,1546,2,24,31,0
2006,7,2006_07_DET_NYJ,NYJ,DET,1,66,398.0,2054,1,31,24,1
2006,7,2006_07_GB_MIA,GB,MIA,0,66,346.0,1679,1,34,24,1
2006,7,2006_07_GB_MIA,MIA,GB,1,83,448.0,1921,3,24,34,0
2006,7,2006_07_JAX_HOU,HOU,JAX,1,69,349.0,2010,0,27,7,1
2006,7,2006_07_JAX_HOU,JAX,HOU,0,54,220.0,1590,2,7,27,0
2006,7,2006_07_MIN_SEA,MIN,SEA,0,59,332.0,1939,0,31,13,1
2006,7,2006_07_MIN_SEA,SEA,MIN,1,67,290.0,1661,3,13,31,0
2006,7,2006_07_NE_BUF,BUF,NE,1,52,256.0,1700,3,6,28,0
2006,7,2006_07_NE_BUF,NE,BUF,0,58,265.0,1900,0,28,6,1
2006,7,2006_07_NYG_DAL,DAL,NYG,1,65,381.0,1651,4,22,36,0
2006,7,2006_07_NYG_DAL,NYG,DAL,0,67,328.0,1949,2,36,22,1
2006,7,2006_07_PHI_TB,PHI,TB,0,63,506.0,1739,4,21,23,0
2006,7,2006_07_PHI_TB,TB,PHI,1,58,196.0,1861,0,23,21,1
2006,7,2006_07_PIT_ATL,ATL,PIT,1,70,399.0,2163,3,41,38,1
2006,7,2006_07_PIT_ATL,PIT,ATL,0,64,473.0,2015,2,38,41,0
2006,7,2006_07_SD_KC,KC,LAC,1,59,355.0,1738,1,30,27,1
2006,7,2006_07_SD_KC,LAC,KC,0,71,349.0,1862,3,27,30,0
2006,7,2006_07_WAS_IND,IND,WAS,1,61,452.0,1746,0,36,22,1
2006,7,2006_07_WAS_IND,WAS,IND,0,64,327.0,1854,0,22,36,0
2006,8,2006_08_ARI_GB,ARI,GB,0,64,218.0,1581,1,14,31,0
2006,8,2006_08_ARI_GB,GB,ARI,1,64,383.0,2019,0,31,14,1
2006,8,2006_08_ATL_CIN,ATL,CIN,0,69,420.0,2290,0,29,27,1
2006,8,2006_08_ATL_CIN,CIN,ATL,1,56,331.0,1288,1,27,29,0
2006,8,2006_08_BAL_NO,BAL,NO,0,63,293.0,2206,1,35,22,1
2006,8,2006_08_BAL_NO,NO,BAL,1,63,405.0,1394,5,22,35,0
2006,8,2006_08_DAL_CAR,CAR,DAL,1,51,204.0,1304,3,14,35,0
2006,8,2006_08_DAL_CAR,DAL,CAR,0,77,416.0,2296,1,35,14,1
2006,8,2006_08_HOU_TEN,HOU,TEN,0,77,427.0,2181,5,22,28,0
2006,8,2006_08_HOU_TEN,TEN,HOU,1,43,197.0,1419,0,28,22,1
2006,8,2006_08_IND_DEN,DEN,IND,1,58,396.0,1863,1,31,34,0
2006,8,2006_08_IND_DEN,IND,DEN,0,61,439.0,1737,0,34,31,1
2006,8,2006_08_JAX_PHI,JAX,PHI,0,64,285.0,2211,1,13,6,1
2006,8,2006_08_JAX_PHI,PHI,JAX,1,58,227.0,1389,0,6,13,0
2006,8,2006_08_NE_MIN,MIN,NE,1,61,284.0,1815,4,7,31,0
2006,8,2006_08_NE_MIN,NE,MIN,0,61,430.0,1785,2,31,7,1
2006,8,2006_08_NYJ_CLE,CLE,NYJ,1,64,267.0,2111,1,20,13,1
2006,8,2006_08_NYJ_CLE,NYJ,CLE,0,56,193.0,1489,3,13,20,0
2006,8,2006_08_PIT_OAK,LV,PIT,1,49,98.0,1470,1,20,13,1
2006,8,2006_08_PIT_OAK,PIT,LV,0,70,360.0,2130,4,13,20,0
2006,8,2006_08_SEA_KC,KC,SEA,1,80,501.0,2535,2,35,28,1
2006,8,2006_08_SEA_KC,SEA,KC,0,49,240.0,1065,3,28,35,0
2006,8,2006_08_SF_CHI,CHI,SF,1,68,402.0,2225,0,41,10,1
2006,8,2006_08_SF_CHI,SF,CHI,0,46,262.0,1375,5,10,41,0
2006,8,2006_08_STL_SD,LA,LAC,0,64,412.0,1746,1,24,38,0
2006,8,2006_08_STL_SD,LAC,LA,1,59,419.0,1854,0,38,24,1
2006,8,2006_08_TB_NYG,NYG,TB,1,68,251.0,2138,0,17,3,1
2006,8,2006_08_TB_NYG,TB,NYG,0,63,174.0,1462,1,3,17,0
2006,9,2006_09_ATL_DET,ATL,DET,0,60,319.0,1624,3,14,30,0
2006,9,2006_09_ATL_DET,DET,ATL,1,62,435.0,1976,1,30,14,1
2006,9,2006_09_CIN_BAL,BAL,CIN,1,69,374.0,1843,0,26,20,1
2006,9,2006_09_CIN_BAL,CIN,BAL,0,50,275.0,1356,3,20,26,0
2006,9,2006_09_CLE_SD,CLE,LAC,0,76,293.0,1974,2,25,32,0
2006,9,2006_09_CLE_SD,LAC,CLE,1,55,383.0,1626,1,32,25,1
2006,9,2006_09_DAL_WAS,DAL,WAS,0,68,378.0,1888,0,19,22,0
2006,9,2006_09_DAL_WAS,WAS,DAL,1,56,300.0,1712,1,22,19,1
2006,9,2006_09_DEN_PIT,DEN,PIT,0,51,336.0,1527,0,31,20,1
2006,9,2006_09_DEN_PIT,PIT,DEN,1,77,499.0,2073,6,20,31,0
2006,9,2006_09_GB_BUF,BUF,GB,1,48,184.0,1539,0,24,10,1
2006,9,2006_09_GB_BUF,GB,BUF,0,79,427.0,2061,4,10,24,0
2006,9,2006_09_HOU_NYG,HOU,NYG,0,57,251.0,1735,1,10,14,0
2006,9,2006_09_HOU_NYG,NYG,HOU,1,59,285.0,1865,1,14,10,1
2006,9,2006_09_IND_NE,IND,NE,0,64,354.0,1766,2,27,20,1
2006,9,2006_09_IND_NE,NE,IND,1,68,349.0,1834,5,20,27,0
2006,9,2006_09_KC_STL,KC,LA,0,49,317.0,1520,1,31,17,1
2006,9,2006_09_KC_STL,LA,KC,1,72,452.0,2080,2,17,31,0
2006,9,2006_09_MIA_CHI,CHI,MIA,1,73,292.0,1806,5,13,31,0
2006,9,2006_09_MIA_CHI,MIA,CHI,0,67,298.0,1794,3,31,13,1
2006,9,2006_09_MIN_SF,MIN,SF,0,67,238.0,2181,3,3,9,0
2006,9,2006_09_MIN_SF,SF,MIN,1,50,133.0,1515,1,9,3,1
2006,9,2006_09_NO_TB,NO,TB,0,67,363.0,2241,0,31,14,1
2006,9,2006_09_NO_TB,TB,NO,1,53,226.0,1359,1,14,31,0
2006,9,2006_09_OAK_SEA,LV,SEA,0,57,185.0,1461,0,0,16,0
2006,9,2006_09_OAK_SEA,SEA,LV,1,72,371.0,2139,0,16,0,1
2006,9,2006_09_TEN_JAX,JAX,TEN,1,54,342.0,1811,0,37,7,1
2006,9,2006_09_TEN_JAX,TEN,JAX,0,69,262.0,1789,3,7,37,0
2006,10,2006_10_BAL_TEN,BAL,TEN,0,69,421.0,1756,2,27,26,1
2006,10,2006_10_BAL_TEN,TEN,BAL,1,65,367.0,1844,1,26,27,0
2006,10,2006_10_BUF_IND,BUF,IND,0,48,162.0,1572,0,16,17,0
2006,10,2006_10_BUF_IND,IND,BUF,1,68,384.0,2028,2,17,16,1
2006,10,2006_10_CHI_NYG,CHI,NYG,0,71,352.0,1966,3,38,20,1
2006,10,2006_10_CHI_NYG,NYG,CHI,1,56,249.0,1634,3,20,38,0
2006,10,2006_10_CLE_ATL,ATL,CLE,1,71,343.0,1702,3,13,17,0
2006,10,2006_10_CLE_ATL,CLE,ATL,0,54,236.0,1898,2,17,13,1
2006,10,2006_10_DAL_ARI,ARI,DAL,1,60,295.0,1665,3,10,27,0
2006,10,2006_10_DAL_ARI,DAL,ARI,0,64,434.0,1935,0,27,10,1
2006,10,2006_10_DEN_OAK,DEN,LV,0,59,264.0,1815,3,17,13,1
2006,10,2006_10_DEN_OAK,LV,DEN,1,62,244.0,1785,2,13,17,0
2006,10,2006_10_GB_MIN,GB,MIN,0,68,382.0,2019,0,23,17,1
2006,10,2006_10_GB_MIN,MIN,GB,1,57,312.0,1581,2,17,23,0
2006,10,2006_10_HOU_JAX,HOU,JAX,0,80,306.0,2253,0,13,10,1
2006,10,2006_10_HOU_JAX,JAX,HOU,1,55,322.0,1347,4,10,13,0
2006,10,2006_10_KC_MIA,KC,MIA,0,60,265.0,1450,0,10,13,0
2006,10,2006_10_KC_MIA,MIA,KC,1,73,306.0,2150,1,13,10,1
2006,10,2006_10_NO_PIT,NO,PIT,0,77,517.0,1981,3,31,38,0
2006,10,2006_10_NO_PIT,PIT,NO,1,56,467.0,1619,0,38,31,1
2006,10,2006_10_NYJ_NE,NE,NYJ,1,67,379.0,1766,2,14,17,0
2006,10,2006_10_NYJ_NE,NYJ,NE,0,63,278.0,1834,1,17,14,1
2006,10,2006_10_SD_CIN,CIN,LAC,1,72,545.0,1878,1,41,49,0
2006,10,2006_10_SD_CIN,LAC,CIN,0,65,430.0,1722,0,49,41,1
2006,10,2006_10_SF_DET,DET,SF,1,50,251.0,1271,4,13,19,0
2006,10,2006_10_SF_DET,SF,DET,0,68,315.0,2329,1,19,13,1
2006,10,2006_10_STL_SEA,LA,SEA,0,65,299.0,2032,1,22,24,0
2006,10,2006_10_STL_SEA,SEA,LA,1,55,283.0,1568,2,24,22,1
2006,10,2006_10_TB_CAR,CAR,TB,1,64,318.0,1996,2,24,10,1
2006,10,2006_10_TB_CAR,TB,CAR,0,57,222.0,1604,4,10,24,0
2006,10,2006_10_WAS_PHI,PHI,WAS,1,61,365.0,1829,0,27,3,1
2006,10,2006_10_WAS_PHI,WAS,PHI,0,63,278.0,1771,1,3,27,0
2006,11,2006_11_ATL_BAL,ATL,BAL,0,51,186.0,1397,0,10,24,0
2006,11,2006_11_ATL_BAL,BAL,ATL,1,67,328.0,2203,1,24,10,1
2006,11,2006_11_BUF_HOU,BUF,HOU,0,61,403.0,1655,1,24,21,1
2006,11,2006_11_BUF_HOU,HOU,BUF,1,59,397.0,1945,2,21,24,0
2006,11,2006_11_CHI_NYJ,CHI,NYJ,0,58,284.0,1686,0,10,0,1
2006,11,2006_11_CHI_NYJ,NYJ,CHI,1,67,264.0,1914,2,0,10,0
2006,11,2006_11_CIN_NO,CIN,NO,0,54,385.0,1587,1,31,16,1
2006,11,2006_11_CIN_NO,NO,CIN,1,77,595.0,2013,4,16,31,0
2006,11,2006_11_DET_ARI,ARI,DET,1,59,338.0,1843,0,17,10,1
2006,11,2006_11_DET_ARI,DET,ARI,0,62,281.0,1757,1,10,17,0
2006,11,2006_11_IND_DAL,DAL,IND,1,60,342.0,2022,2,21,14,1
2006,11,2006_11_IND_DAL,IND,DAL,0,64,335.0,1578,4,14,21,0
2006,11,2006_11_MIN_MIA,MIA,MIN,1,56,251.0,1440,2,24,20,1
2006,11,2006_11_MIN_MIA,MIN,MIA,0,82,361.0,2160,3,20,24,0
2006,11,2006_11_NE_GB,GB,NE,1,48,120.0,1250,1,0,35,0
2006,11,2006_11_NE_GB,NE,GB,0,73,357.0,2350,1,35,0,1
2006,11,2006_11_NYG_JAX,JAX,NYG,1,75,414.0,2419,1,26,10,1
2006,11,2006_11_NYG_JAX,NYG,JAX,0,56,247.0,1181,3,10,26,0
2006,11,2006_11_OAK_KC,KC,LV,1,55,292.0,1646,0,17,13,1
2006,11,2006_11_OAK_KC,LV,KC,0,60,326.0,1954,1,13,17,0
2006,11,2006_11_PIT_CLE,CLE,PIT,1,61,302.0,1933,2,20,24,0
2006,11,2006_11_PIT_CLE,PIT,CLE,0,66,338.0,1667,3,24,20,1
2006,11,2006_11_SD_DEN,DEN,LAC,1,65,326.0,1849,1,27,35,0
2006,11,2006_11_SD_DEN,LAC,DEN,0,56,342.0,1751,2,35,27,1
2006,11,2006_11_SEA_SF,SEA,SF,0,54,303.0,1428,5,14,20,0
2006,11,2006_11_SEA_SF,SF,SEA,1,60,416.0,2172,1,20,14,1
2006,11,2006_11_STL_CAR,CAR,LA,1,72,411.0,2323,3,15,0,1
2006,11,2006_11_STL_CAR,LA,CAR,0,49,111.0,1277,2,0,15,0
2006,11,2006_11_TEN_PHI,PHI,TEN,1,91,390.0,2182,3,13,31,0
2006,11,2006_11_TEN_PHI,TEN,PHI,0,57,293.0,1418,1,31,13,1
2006,11,2006_11_WAS_TB,TB,WAS,1,63,359.0,2161,2,20,17,1
2006,11,2006_11_WAS_TB,WAS,TB,0,56,252.0,1439,1,17,20,0
2006,12,2006_12_ARI_MIN,ARI,MIN,0,59,412.0,1408,4,26,31,0
2006,12,2006_12_ARI_MIN,MIN,ARI,1,76,412.0,2231,2,31,26,1
2006,12,2006_12_CAR_WAS,CAR,WAS,0,64,264.0,1846,2,13,17,0
2006,12,2006_12_CAR_WAS,WAS,CAR,1,61,253.0,1754,1,17,13,1
2006,12,2006_12_CHI_NE,CHI,NE,0,71,324.0,1862,4,13,17,0
2006,12,2006_12_CHI_NE,NE,CHI,1,67,354.0,1738,5,17,13,1
2006,12,2006_12_CIN_CLE,CIN,CLE,0,72,388.0,2270,1,30,0,1
2006,12,2006_12_CIN_CLE,CLE,CIN,1,47,203.0,1330,5,0,30,0
2006,12,2006_12_DEN_KC,DEN,KC,0,57,244.0,1498,1,10,19,0
2006,12,2006_12_DEN_KC,KC,DEN,1,64,382.0,2102,1,19,10,1
2006,12,2006_12_GB_SEA,GB,SEA,0,57,310.0,1433,4,24,34,0
2006,12,2006_12_GB_SEA,SEA,GB,1,86,384.0,2167,4,34,24,1
2006,12,2006_12_HOU_NYJ,HOU,NYJ,0,73,334.0,1851,1,11,26,0
2006,12,2006_12_HOU_NYJ,NYJ,HOU,1,59,304.0,1749,0,26,11,1
2006,12,2006_12_JAX_BUF,BUF,JAX,1,51,241.0,1670,2,27,24,1
2006,12,2006_12_JAX_BUF,JAX,BUF,0,60,323.0,1930,0,24,27,0
2006,12,2006_12_MIA_DET,DET,MIA,1,58,220.0,1556,2,10,27,0
2006,12,2006_12_MIA_DET,MIA,DET,0,65,395.0,2044,2,27,10,1
2006,12,2006_12_NO_ATL,ATL,NO,1,72,333.0,2059,0,13,31,0
2006,12,2006_12_NO_ATL,NO,ATL,0,57,427.0,1541,0,31,13,1
2006,12,2006_12_NYG_TEN,NYG,TEN,0,64,287.0,2017,2,21,24,0
2006,12,2006_12_NYG_TEN,TEN,NYG,1,62,343.0,1583,2,24,21,1
2006,12,2006_12_OAK_SD,LAC,LV,1,58,260.0,1655,1,21,14,1
2006,12,2006_12_OAK_SD,LV,LAC,0,61,245.0,1945,2,14,21,0
2006,12,2006_12_PHI_IND,IND,PHI,1,61,420.0,1818,1,45,21,1
2006,12,2006_12_PHI_IND,PHI,IND,0,56,300.0,1782,3,21,45,0
2006,12,2006_12_PIT_BAL,BAL,PIT,1,62,275.0,2086,0,27,0,1
2006,12,2006_12_PIT_BAL,PIT,BAL,0,62,172.0,1514,3,0,27,0
2006,12,2006_12_SF_STL,LA,SF,1,68,349.0,1834,2,20,17,1
2006,12,2006_12_SF_STL,SF,LA,0,56,319.0,1766,2,17,20,0
2006,12,2006_12_TB_DAL,DAL,TB,1,67,435.0,2237,0,38,10,1
2006,12,2006_12_TB_DAL,TB,DAL,0,45,211.0,1363,2,10,38,0
2006,13,2006_13_ARI_STL,ARI,LA,0,62,316.0,1936,0,34,20,1
2006,13,2006_13_ARI_STL,LA,ARI,1,72,394.0,1699,3,20,34,0
2006,13,2006_13_ATL_WAS,ATL,WAS,0,58,369.0,1702,0,24,14,1
2006,13,2006_13_ATL_WAS,WAS,ATL,1,74,381.0,1898,2,14,24,0
2006,13,2006_13_BAL_CIN,BAL,CIN,0,63,316.0,1849,0,7,13,0
2006,13,2006_13_BAL_CIN,CIN,BAL,1,57,294.0,1751,1,13,7,1
2006,13,2006_13_CAR_PHI,CAR,PHI,0,60,377.0,1657,2,24,27,0
2006,13,2006_13_CAR_PHI,PHI,CAR,1,67,402.0,1943,0,27,24,1
2006,13,2006_13_DAL_NYG,DAL,NYG,0,59,365.0,1599,3,23,20,1
2006,13,2006_13_DAL_NYG,NYG,DAL,1,65,396.0,2001,0,20,23,0
2006,13,2006_13_DET_NE,DET,NE,0,65,361.0,1843,5,21,28,0
2006,13,2006_13_DET_NE,NE,DET,1,65,365.0,1757,3,28,21,1
2006,13,2006_13_HOU_OAK,HOU,LV,0,51,124.0,1588,2,23,14,1
2006,13,2006_13_HOU_OAK,LV,HOU,1,73,302.0,2012,5,14,23,0
2006,13,2006_13_IND_TEN,IND,TEN,0,57,446.0,1855,2,17,20,0
2006,13,2006_13_IND_TEN,TEN,IND,1,60,382.0,1745,2,20,17,1
2006,13,2006_13_JAX_MIA,JAX,MIA,0,57,353.0,1980,1,24,10,1
2006,13,2006_13_JAX_MIA,MIA,JAX,1,65,309.0,1744,2,10,24,0
2006,13,2006_13_KC_CLE,CLE,KC,1,64,438.0,2094,2,31,28,1
2006,13,2006_13_KC_CLE,KC,CLE,0,66,417.0,1961,2,28,31,0
2006,13,2006_13_MIN_CHI,CHI,MIN,1,45,107.0,1362,4,23,13,1
2006,13,2006_13_MIN_CHI,MIN,CHI,0,77,348.0,2361,6,13,23,0
2006,13,2006_13_NYJ_GB,GB,NYJ,1,72,351.0,1713,3,10,38,0
2006,13,2006_13_NYJ_GB,NYJ,GB,0,66,441.0,1955,2,38,10,1
2006,13,2006_13_SD_BUF,BUF,LAC,1,64,230.0,1537,5,21,24,0
2006,13,2006_13_SD_BUF,LAC,BUF,0,67,335.0,2063,1,24,21,1
2006,13,2006_13_SEA_DEN,DEN,SEA,1,58,302.0,1769,5,20,23,0
2006,13,2006_13_SEA_DEN,SEA,DEN,0,60,270.0,1831,1,23,20,1
2006,13,2006_13_SF_NO,NO,SF,1,70,375.0,2257,0,34,10,1
2006,13,2006_13_SF_NO,SF,NO,0,47,202.0,1361,3,10,34,0
2006,13,2006_13_TB_PIT,PIT,TB,1,57,267.0,1739,1,20,3,1
2006,13,2006_13_TB_PIT,TB,PIT,0,69,254.0,1861,4,3,20,0
2006,14,2006_14_ATL_TB,ATL,TB,0,59,280.0,1829,1,17,6,1
2006,14,2006_14_ATL_TB,TB,ATL,1,67,272.0,1771,2,6,17,0
2006,14,2006_14_BAL_KC,BAL,KC,0,61,376.0,2009,1,20,10,1
2006,14,2006_14_BAL_KC,KC,BAL,1,62,276.0,1591,3,10,20,0
2006,14,2006_14_BUF_NYJ,BUF,NYJ,0,52,318.0,1672,1,31,13,1
2006,14,2006_14_BUF_NYJ,NYJ,BUF,1,70,277.0,1928,3,13,31,0
2006,14,2006_14_CHI_STL,CHI,LA,0,57,372.0,1599,0,42,27,1
2006,14,2006_14_CHI_STL,LA,CHI,1,80,433.0,2001,1,27,42,0
2006,14,2006_14_CLE_PIT,CLE,PIT,0,48,294.0,1273,2,7,27,0
2006,14,2006_14_CLE_PIT,PIT,CLE,1,73,528.0,2327,1,27,7,1
2006,14,2006_14_DEN_SD,DEN,LAC,0,62,328.0,1754,1,20,48,0
2006,14,2006_14_DEN_SD,LAC,DEN,1,60,419.0,1846,1,48,20,1
2006,14,2006_14_GB_SF,GB,SF,0,69,420.0,2011,0,30,19,1
2006,14,2006_14_GB_SF,SF,GB,1,55,340.0,1589,3,19,30,0
2006,14,2006_14_IND_JAX,IND,JAX,0,72,339.0,1703,1,17,44,0
2006,14,2006_14_IND_JAX,JAX,IND,1,57,447.0,1897,1,44,17,1
2006,14,2006_14_MIN_DET,DET,MIN,1,54,280.0,1469,6,20,30,0
2006,14,2006_14_MIN_DET,MIN,DET,0,68,328.0,2131,2,30,20,1
2006,14,2006_14_NE_MIA,MIA,NE,1,63,317.0,1880,0,21,0,1
2006,14,2006_14_NE_MIA,NE,MIA,0,58,189.0,1720,3,0,21,0
2006,14,2006_14_NO_DAL,DAL,NO,1,51,347.0,1458,2,17,42,0
2006,14,2006_14_NO_DAL,NO,DAL,0,75,536.0,2231,0,42,17,1
2006,14,2006_14_NYG_CAR,CAR,NYG,1,78,463.0,1775,3,13,27,0
2006,14,2006_14_NYG_CAR,NYG,CAR,0,69,307.0,1825,0,27,13,1
2006,14,2006_14_OAK_CIN,CIN,LV,1,68,439.0,2145,4,27,10,1
2006,14,2006_14_OAK_CIN,LV,CIN,0,59,223.0,1455,2,10,27,0
2006,14,2006_14_PHI_WAS,PHI,WAS,0,45,263.0,1334,0,21,19,1
2006,14,2006_14_PHI_WAS,WAS,PHI,1,70,415.0,2266,3,19,21,0
2006,14,2006_14_SEA_ARI,ARI,SEA,1,67,345.0,2079,1,27,21,1
2006,14,2006_14_SEA_ARI,SEA,ARI,0,60,348.0,1521,3,21,27,0
2006,14,2006_14_TEN_HOU,HOU,TEN,1,55,240.0,1749,0,20,26,0
2006,14,2006_14_TEN_HOU,TEN,HOU,0,64,418.0,2077,2,26,20,1
2006,15,2006_15_CIN_IND,CIN,IND,0,62,278.0,1616,2,16,34,0
2006,15,2006_15_CIN_IND,IND,CIN,1,66,394.0,1984,0,34,16,1
2006,15,2006_15_CLE_BAL,BAL,CLE,1,61,373.0,1812,3,27,17,1
2006,15,2006_15_CLE_BAL,CLE,BAL,0,55,236.0,1788,2,17,27,0
2006,15,2006_15_DAL_ATL,ATL,DAL,1,60,376.0,1458,3,28,38,0
2006,15,2006_15_DAL_ATL,DAL,ATL,0,59,352.0,2001,1,38,28,1
2006,15,2006_15_DEN_ARI,ARI,DEN,1,58,295.0,1568,2,20,37,0
2006,15,2006_15_DEN_ARI,DEN,ARI,0,70,362.0,2032,2,37,20,1
2006,15,2006_15_DET_GB,DET,GB,0,52,142.0,1586,3,9,17,0
2006,15,2006_15_DET_GB,GB,DET,1,70,303.0,2014,4,17,9,1
2006,15,2006_15_HOU_NE,HOU,NE,0,54,198.0,1447,4,7,40,0
2006,15,2006_15_HOU_NE,NE,HOU,1,66,230.0,2153,0,40,7,1
2006,15,2006_15_JAX_TEN,JAX,TEN,0,82,396.0,2662,4,17,24,0
2006,15,2006_15_JAX_TEN,TEN,JAX,1,34,98.0,938,0,24,17,1
2006,15,2006_15_KC_SD,KC,LAC,0,68,241.0,1906,1,9,20,0
2006,15,2006_15_KC_SD,LAC,KC,1,63,353.0,1694,3,20,9,1
2006,15,2006_15_MIA_BUF,BUF,MIA,1,59,286.0,1900,2,21,0,1
2006,15,2006_15_MIA_BUF,MIA,BUF,0,63,212.0,1700,2,0,21,0
2006,15,2006_15_NYJ_MIN,MIN,NYJ,1,59,307.0,1414,1,13,26,0
2006,15,2006_15_NYJ_MIN,NYJ,MIN,0,71,391.0,2186,2,26,13,1
2006,15,2006_15_PHI_NYG,NYG,PHI,1,64,358.0,1691,4,22,36,0
2006,15,2006_15_PHI_NYG,PHI,NYG,0,61,384.0,1909,2,36,22,1
2006,15,2006_15_PIT_CAR,CAR,PIT,1,55,240.0,1367,2,3,37,0
2006,15,2006_15_PIT_CAR,PIT,CAR,0,66,306.0,2233,0,37,3,1
2006,15,2006_15_SF_SEA,SEA,SF,1,67,300.0,1736,2,14,24,0
2006,15,2006_15_SF_SEA,SF,SEA,0,63,390.0,1864,0,24,14,1
2006,15,2006_15_STL_OAK,LA,LV,0,61,251.0,1868,1,20,0,1
2006,15,2006_15_STL_OAK,LV,LA,1,61,260.0,1732,4,0,20,0
2006,15,2006_15_TB_CHI,CHI,TB,1,82,446.0,2516,1,34,31,1
2006,15,2006_15_TB_CHI,TB,CHI,0,67,357.0,1767,2,31,34,0
2006,15,2006_15_WAS_NO,NO,WAS,1,64,270.0,1823,1,10,16,0
2006,15,2006_15_WAS_NO,WAS,NO,0,60,354.0,1777,0,16,10,1
2006,16,2006_16_ARI_SF,ARI,SF,0,69,372.0,2260,0,26,20,1
2006,16,2006_16_ARI_SF,SF,ARI,1,45,223.0,1340,3,20,26,0
2006,16,2006_16_BAL_PIT,BAL,PIT,0,64,359.0,2122,3,31,7,1
2006,16,2006_16_BAL_PIT,PIT,BAL,1,65,251.0,1478,3,7,31,0
2006,16,2006_16_CAR_ATL,ATL,CAR,1,42,177.0,1093,2,3,10,0
2006,16,2006_16_CAR_ATL,CAR,ATL,0,62,194.0,2507,0,10,3,1
2006,16,2006_16_CHI_DET,CHI,DET,0,77,354.0,2083,0,26,21,1
2006,16,2006_16_CHI_DET,DET,CHI,1,66,327.0,1517,1,21,26,0
2006,16,2006_16_CIN_DEN,CIN,DEN,0,76,343.0,1809,4,23,24,0
2006,16,2006_16_CIN_DEN,DEN,CIN,1,60,287.0,1791,2,24,23,1
2006,16,2006_16_IND_HOU,HOU,IND,1,65,354.0,2159,0,27,24,1
2006,16,2006_16_IND_HOU,IND,HOU,0,45,319.0,1441,1,24,27,0
2006,16,2006_16_KC_OAK,KC,LV,0,64,292.0,1816,1,20,9,1
2006,16,2006_16_KC_OAK,LV,KC,1,65,307.0,1784,5,9,20,0
2006,16,2006_16_MIN_GB,GB,MIN,1,76,319.0,2079,3,9,7,1
2006,16,2006_16_MIN_GB,MIN,GB,0,45,104.0,1521,1,7,9,0
2006,16,2006_16_NE_JAX,JAX,NE,1,46,339.0,1367,1,21,24,0
2006,16,2006_16_NE_JAX,NE,JAX,0,70,359.0,2233,0,24,21,1
2006,16,2006_16_NO_NYG,NO,NYG,0,86,359.0,2434,1,30,7,1
2006,16,2006_16_NO_NYG,NYG,NO,1,45,142.0,1166,2,7,30,0
2006,16,2006_16_NYJ_MIA,MIA,NYJ,1,58,253.0,1768,1,10,13,0
2006,16,2006_16_NYJ_MIA,NYJ,MIA,0,60,324.0,1832,0,13,10,1
2006,16,2006_16_PHI_DAL,DAL,PHI,1,51,201.0,1374,3,7,23,0
2006,16,2006_16_PHI_DAL,PHI,DAL,0,67,426.0,2226,1,23,7,1
2006,16,2006_16_SD_SEA,LAC,SEA,0,64,340.0,1629,0,20,17,1
2006,16,2006_16_SD_SEA,SEA,LAC,1,76,314.0,1971,2,17,20,0
2006,16,2006_16_TB_CLE,CLE,TB,1,51,187.0,1364,4,7,22,0
2006,16,2006_16_TB_CLE,TB,CLE,0,73,355.0,2236,2,22,7,1
2006,16,2006_16_TEN_BUF,BUF,TEN,1,61,368.0,1602,2,29,30,0
2006,16,2006_16_TEN_BUF,TEN,BUF,0,61,396.0,1998,0,30,29,1
2006,16,2006_16_WAS_STL,LA,WAS,1,78,579.0,2197,1,37,31,1
2006,16,2006_16_WAS_STL,WAS,LA,0,64,336.0,1796,1,31,37,0
2006,17,2006_17_ARI_SD,ARI,LAC,0,55,444.0,1588,0,20,27,0
2006,17,2006_17_ARI_SD,LAC,ARI,1,62,387.0,2012,2,27,20,1
2006,17,2006_17_ATL_PHI,ATL,PHI,0,74,378.0,2118,1,17,24,0
2006,17,2006_17_ATL_PHI,PHI,ATL,1,53,393.0,1523,1,24,17,1
2006,17,2006_17_BUF_BAL,BAL,BUF,1,66,327.0,2181,1,19,7,1
2006,17,2006_17_BUF_BAL,BUF,BAL,0,52,253.0,1419,3,7,19,0
2006,17,2006_17_CAR_NO,CAR,NO,0,60,313.0,2079,0,31,21,1
2006,17,2006_17_CAR_NO,NO,CAR,1,51,297.0,1521,2,21,31,0
2006,17,2006_17_CLE_HOU,CLE,HOU,0,63,306.0,2286,3,6,14,0
2006,17,2006_17_CLE_HOU,HOU,CLE,1,42,177.0,1314,1,14,6,1
2006,17,2006_17_DET_DAL,DAL,DET,1,57,365.0,1673,3,31,39,0
2006,17,2006_17_DET_DAL,DET,DAL,0,73,362.0,1927,2,39,31,1
2006,17,2006_17_GB_CHI,CHI,GB,1,54,316.0,1384,6,7,26,0
2006,17,2006_17_GB_CHI,GB,CHI,0,78,373.0,2216,1,26,7,1
2006,17,2006_17_JAX_KC,JAX,KC,0,66,397.0,1762,1,30,35,0
2006,17,2006_17_JAX_KC,KC,JAX,1,68,395.0,1838,3,35,30,1
2006,17,2006_17_MIA_IND,IND,MIA,1,68,399.0,1848,1,27,22,1
2006,17,2006_17_MIA_IND,MIA,IND,0,64,354.0,1752,1,22,27,0
2006,17,2006_17_NE_TEN,NE,TEN,0,61,414.0,1783,0,40,23,1
2006,17,2006_17_NE_TEN,TEN,NE,1,66,342.0,1817,3,23,40,0
2006,17,2006_17_NYG_WAS,NYG,WAS,0,61,355.0,1684,0,34,28,1
2006,17,2006_17_NYG_WAS,WAS,NYG,1,62,393.0,1916,2,28,34,0
2006,17,2006_17_OAK_NYJ,LV,NYJ,0,50,209.0,1391,3,3,23,0
2006,17,2006_17_OAK_NYJ,NYJ,LV,1,68,266.0,2209,0,23,3,1
2006,17,2006_17_PIT_CIN,CIN,PIT,1,54,295.0,1252,0,17,23,0
2006,17,2006_17_PIT_CIN,PIT,CIN,0,74,482.0,2441,2,23,17,1
2006,17,2006_17_SEA_TB,SEA,TB,0,72,344.0,2240,1,23,7,1
2006,17,2006_17_SEA_TB,TB,SEA,1,49,287.0,1360,2,7,23,0
2006,17,2006_17_SF_DEN,DEN,SF,1,64,325.0,2046,3,23,26,0
2006,17,2006_17_SF_DEN,SF,DEN,0,76,357.0,2338,1,26,23,1
2006,17,2006_17_STL_MIN,LA,MIN,0,67,416.0,1914,0,41,21,1
2006,17,2006_17_STL_MIN,MIN,LA,1,61,293.0,1686,2,21,41,0
2007,1,2007_01_ARI_SF,ARI,SF,0,67,261.0,2072,2,17,20,0
2007,1,2007_01_ARI_SF,SF,ARI,1,56,194.0,1528,1,20,17,1
2007,1,2007_01_ATL_MIN,ATL,MIN,0,66,265.0,1981,2,3,24,0
2007,1,2007_01_ATL_MIN,MIN,ATL,1,50,302.0,1619,1,24,3,1
2007,1,2007_01_BAL_CIN,BAL,CIN,0,67,314.0,1941,6,20,27,0
2007,1,2007_01_BAL_CIN,CIN,BAL,1,57,238.0,1659,2,27,20,1
2007,1,2007_01_CAR_STL,CAR,LA,0,65,387.0,2047,2,27,13,1
2007,1,2007_01_CAR_STL,LA,CAR,1,64,238.0,1553,2,13,27,0
2007,1,2007_01_CHI_SD,CHI,LAC,0,52,202.0,1377,3,3,14,0
2007,1,2007_01_CHI_SD,LAC,CHI,1,71,263.0,2223,3,14,3,1
2007,1,2007_01_DEN_BUF,BUF,DEN,1,49,184.0,1608,1,14,15,0
2007,1,2007_01_DEN_BUF,DEN,BUF,0,73,470.0,1992,1,15,14,1
2007,1,2007_01_DET_OAK,DET,LV,0,60,392.0,1614,2,36,21,1
2007,1,2007_01_DET_OAK,LV,DET,1,66,375.0,1986,3,21,36,0
2007,1,2007_01_KC_HOU,HOU,KC,1,55,315.0,1970,3,20,3,1
2007,1,2007_01_KC_HOU,KC,HOU,0,53,219.0,1630,3,3,20,0
2007,1,2007_01_MIA_WAS,MIA,WAS,0,60,273.0,1833,1,13,16,0
2007,1,2007_01_MIA_WAS,WAS,MIA,1,64,400.0,2103,2,16,13,1
2007,1,2007_01_NE_NYJ,NE,NYJ,0,65,431.0,1989,0,38,14,1
2007,1,2007_01_NE_NYJ,NYJ,NE,1,55,227.0,1611,0,14,38,0
2007,1,2007_01_NO_IND,IND,NO,1,59,452.0,1695,1,41,10,1
2007,1,2007_01_NO_IND,NO,IND,0,68,293.0,1905,3,10,41,0
2007,1,2007_01_NYG_DAL,DAL,NYG,1,55,478.0,1677,2,45,35,1
2007,1,2007_01_NYG_DAL,NYG,DAL,0,68,438.0,1923,1,35,45,0
2007,1,2007_01_PHI_GB,GB,PHI,1,63,215.0,1692,4,16,13,1
2007,1,2007_01_PHI_GB,PHI,GB,0,63,283.0,1908,1,13,16,0
2007,1,2007_01_PIT_CLE,CLE,PIT,1,60,221.0,1424,5,7,34,0
2007,1,2007_01_PIT_CLE,PIT,CLE,0,66,365.0,2176,1,34,7,1
2007,1,2007_01_TB_SEA,SEA,TB,1,60,343.0,1825,1,20,6,1
2007,1,2007_01_TB_SEA,TB,SEA,0,59,284.0,1775,2,6,20,0
2007,1,2007_01_TEN_JAX,JAX,TEN,1,50,272.0,1385,1,10,13,0
2007,1,2007_01_TEN_JAX,TEN,JAX,0,69,350.0,2215,1,13,10,1
2007,2,2007_02_ATL_JAX,ATL,JAX,0,52,248.0,1545,0,7,13,0
2007,2,2007_02_ATL_JAX,JAX,ATL,1,63,364.0,2055,0,13,7,1
2007,2,2007_02_BUF_PIT,BUF,PIT,0,51,223.0,1473,0,3,26,0
2007,2,2007_02_BUF_PIT,PIT,BUF,1,68,420.0,2127,1,26,3,1
2007,2,2007_02_CIN_CLE,CIN,CLE,0,77,531.0,1880,3,45,51,0
2007,2,2007_02_CIN_CLE,CLE,CIN,1,63,554.0,1720,1,51,45,1
2007,2,2007_02_DAL_MIA,DAL,MIA,0,66,352.0,2103,0,37,20,1
2007,2,2007_02_DAL_MIA,MIA,DAL,1,63,334.0,1497,5,20,37,0
2007,2,2007_02_GB_NYG,GB,NYG,0,68,368.0,2066,1,35,13,1
2007,2,2007_02_GB_NYG,NYG,GB,1,58,325.0,1534,2,13,35,0
2007,2,2007_02_HOU_CAR,CAR,HOU,1,62,344.0,1512,3,21,34,0
2007,2,2007_02_HOU_CAR,HOU,CAR,0,64,346.0,2088,1,34,21,1
2007,2,2007_02_IND_TEN,IND,TEN,0,66,381.0,1782,1,22,20,1
2007,2,2007_02_IND_TEN,TEN,IND,1,64,313.0,1818,2,20,22,0
2007,2,2007_02_KC_CHI,CHI,KC,1,66,239.0,1873,3,20,10,1
2007,2,2007_02_KC_CHI,KC,CHI,0,60,281.0,1727,2,10,20,0
2007,2,2007_02_MIN_DET,DET,MIN,1,81,415.0,2010,5,20,17,1
2007,2,2007_02_MIN_DET,MIN,DET,0,72,313.0,1955,5,17,20,0
2007,2,2007_02_NO_TB,NO,TB,0,72,343.0,1988,2,14,31,0
2007,2,2007_02_NO_TB,TB,NO,1,48,330.0,1612,0,31,14,1
2007,2,2007_02_NYJ_BAL,BAL,NYJ,1,69,303.0,1865,0,20,13,1
2007,2,2007_02_NYJ_BAL,NYJ,BAL,0,68,304.0,1735,2,13,20,0
2007,2,2007_02_OAK_DEN,DEN,LV,1,73,441.0,2605,2,23,20,1
2007,2,2007_02_OAK_DEN,LV,DEN,0,56,253.0,1830,3,20,23,0
2007,2,2007_02_SD_NE,LAC,NE,0,53,201.0,1454,3,14,38,0
2007,2,2007_02_SD_NE,NE,LAC,1,65,407.0,2146,2,38,14,1
2007,2,2007_02_SEA_ARI,ARI,SEA,1,63,431.0,1926,1,23,20,1
2007,2,2007_02_SEA_ARI,SEA,ARI,0,61,370.0,1674,1,20,23,0
2007,2,2007_02_SF_STL,LA,SF,1,70,392.0,1909,3,16,17,0
2007,2,2007_02_SF_STL,SF,LA,0,49,186.0,1691,2,17,16,1
2007,2,2007_02_WAS_PHI,PHI,WAS,1,69,340.0,1796,0,12,20,0
2007,2,2007_02_WAS_PHI,WAS,PHI,0,63,337.0,1804,1,20,12,1
2007,3,2007_03_ARI_BAL,ARI,BAL,0,55,364.0,1337,1,23,26,0
2007,3,2007_03_ARI_BAL,BAL,ARI,1,71,381.0,2280,1,26,23,1
2007,3,2007_03_BUF_NE,BUF,NE,0,50,193.0,1541,2,7,38,0
2007,3,2007_03_BUF_NE,NE,BUF,1,68,485.0,2059,1,38,7,1
2007,3,2007_03_CAR_ATL,ATL,CAR,1,64,442.0,1753,2,20,27,0
2007,3,2007_03_CAR_ATL,CAR,ATL,0,61,313.0,1847,0,27,20,1
2007,3,2007_03_CIN_SEA,CIN,SEA,0,76,412.0,2002,4,21,24,0
2007,3,2007_03_CIN_SEA,SEA,CIN,1,64,340.0,1598,2,24,21,1
2007,3,2007_03_CLE_OAK,CLE,LV,0,57,312.0,1423,2,24,26,0
2007,3,2007_03_CLE_OAK,LV,CLE,1,69,396.0,2177,2,26,24,1
2007,3,2007_03_DAL_CHI,CHI,DAL,1,59,239.0,1479,4,10,34,0
2007,3,2007_03_DAL_CHI,DAL,CHI,0,63,431.0,2121,1,34,10,1
2007,3,2007_03_DET_PHI,DET,PHI,0,67,432.0,1650,3,21,56,0
2007,3,2007_03_DET_PHI,PHI,DET,1,63,536.0,1950,2,56,21,1
2007,3,2007_03_IND_HOU,HOU,IND,1,53,254.0,1742,2,24,30,0
2007,3,2007_03_IND_HOU,IND,HOU,0,59,362.0,1858,0,30,24,1
2007,3,2007_03_JAX_DEN,DEN,JAX,1,42,265.0,1278,3,14,23,0
2007,3,2007_03_JAX_DEN,JAX,DEN,0,70,326.0,2322,2,23,14,1
2007,3,2007_03_MIA_NYJ,MIA,NYJ,0,61,426.0,1690,1,28,31,0
2007,3,2007_03_MIA_NYJ,NYJ,MIA,1,61,256.0,1727,0,31,28,1
2007,3,2007_03_MIN_KC,KC,MIN,1,61,251.0,1897,1,13,10,1
2007,3,2007_03_MIN_KC,MIN,KC,0,63,252.0,1703,1,10,13,0
2007,3,2007_03_NYG_WAS,NYG,WAS,0,68,315.0,1978,3,24,17,1
2007,3,2007_03_NYG_WAS,WAS,NYG,1,63,260.0,1622,1,17,24,0
2007,3,2007_03_SD_GB,GB,LAC,1,60,405.0,1665,0,31,24,1
2007,3,2007_03_SD_GB,LAC,GB,0,66,364.0,1935,1,24,31,0
2007,3,2007_03_SF_PIT,PIT,SF,1,55,350.0,1880,1,37,16,1
2007,3,2007_03_SF_PIT,SF,PIT,0,59,289.0,1720,1,16,37,0
2007,3,2007_03_STL_TB,LA,TB,0,61,245.0,1966,3,3,24,0
2007,3,2007_03_STL_TB,TB,LA,1,55,322.0,1634,1,24,3,1
2007,3,2007_03_TEN_NO,NO,TEN,1,62,252.0,1614,5,14,31,0
2007,3,2007_03_TEN_NO,TEN,NO,0,60,284.0,1986,1,31,14,1
2007,4,2007_04_BAL_CLE,BAL,CLE,0,73,418.0,2069,2,13,27,0
2007,4,2007_04_BAL_CLE,CLE,BAL,1,48,303.0,1531,1,27,13,1
2007,4,2007_04_CHI_DET,CHI,DET,0,80,303.0,1823,3,27,37,0
2007,4,2007_04_CHI_DET,DET,CHI,1,55,310.0,1777,2,37,27,1
2007,4,2007_04_DEN_IND,DEN,IND,0,58,354.0,1752,2,20,38,0
2007,4,2007_04_DEN_IND,IND,DEN,1,64,419.0,1848,0,38,20,1
2007,4,2007_04_GB_MIN,GB,MIN,0,66,384.0,1858,2,23,16,1
2007,4,2007_04_GB_MIN,MIN,GB,1,65,382.0,1742,2,16,23,0
2007,4,2007_04_HOU_ATL,ATL,HOU,1,61,304.0,2052,0,26,16,1
2007,4,2007_04_HOU_ATL,HOU,ATL,0,63,398.0,1548,2,16,26,0
2007,4,2007_04_KC_SD,KC,LAC,0,59,390.0,1805,2,30,16,1
2007,4,2007_04_KC_SD,LAC,KC,1,67,333.0,1795,4,16,30,0
2007,4,2007_04_NE_CIN,CIN,NE,1,51,283.0,1356,2,13,34,0
2007,4,2007_04_NE_CIN,NE,CIN,0,66,404.0,2244,1,34,13,1
2007,4,2007_04_NYJ_BUF,BUF,NYJ,1,58,304.0,1936,2,17,14,1
2007,4,2007_04_NYJ_BUF,NYJ,BUF,0,59,346.0,1664,2,14,17,0
2007,4,2007_04_OAK_MIA,LV,MIA,0,62,369.0,2107,0,35,17,1
2007,4,2007_04_OAK_MIA,MIA,LV,1,47,278.0,1493,3,17,35,0
2007,4,2007_04_PHI_NYG,NYG,PHI,1,54,212.0,1774,1,16,3,1
2007,4,2007_04_PHI_NYG,PHI,NYG,0,66,190.0,1826,1,3,16,0
2007,4,2007_04_PIT_ARI,ARI,PIT,1,62,301.0,1668,2,21,14,1
2007,4,2007_04_PIT_ARI,PIT,ARI,0,62,282.0,1932,2,14,21,0
2007,4,2007_04_SEA_SF,SEA,SF,0,71,371.0,2182,1,23,3,1
2007,4,2007_04_SEA_SF,SF,SEA,1,59,184.0,1430,3,3,23,0
2007,4,2007_04_STL_DAL,DAL,LA,1,67,502.0,1969,1,35,7,1
2007,4,2007_04_STL_DAL,LA,DAL,0,54,187.0,1631,1,7,35,0
2007,4,2007_04_TB_CAR,CAR,TB,1,67,236.0,1520,2,7,20,0
2007,4,2007_04_TB_CAR,TB,CAR,0,67,365.0,2080,1,20,7,1
2007,5,2007_05_ARI_STL,ARI,LA,0,73,383.0,1851,2,34,31,1
2007,5,2007_05_ARI_STL,LA,ARI,1,69,377.0,1749,3,31,34,0
2007,5,2007_05_ATL_TEN,ATL,TEN,0,63,198.0,1811,3,13,20,0
2007,5,2007_05_ATL_TEN,TEN,ATL,1,65,249.0,1789,4,20,13,1
2007,5,2007_05_BAL_SF,BAL,SF,0,76,315.0,2280,0,9,7,1
2007,5,2007_05_BAL_SF,SF,BAL,1,41,163.0,1320,1,7,9,0
2007,5,2007_05_CAR_NO,CAR,NO,0,48,243.0,1487,1,16,13,1
2007,5,2007_05_CAR_NO,NO,CAR,1,75,341.0,2113,2,13,16,0
2007,5,2007_05_CHI_GB,CHI,GB,0,60,285.0,1770,2,27,20,1
2007,5,2007_05_CHI_GB,GB,CHI,1,63,439.0,1830,4,20,27,0
2007,5,2007_05_CLE_NE,CLE,NE,0,67,353.0,1653,4,17,34,0
2007,5,2007_05_CLE_NE,NE,CLE,1,70,412.0,1947,0,34,17,1
2007,5,2007_05_DAL_BUF,BUF,DAL,1,58,229.0,1971,1,24,25,0
2007,5,2007_05_DAL_BUF,DAL,BUF,0,73,385.0,1649,6,25,24,1
2007,5,2007_05_DET_WAS,DET,WAS,0,54,144.0,1525,2,3,34,0
2007,5,2007_05_DET_WAS,WAS,DET,1,65,368.0,2075,1,34,3,1
2007,5,2007_05_JAX_KC,JAX,KC,0,66,357.0,2203,0,17,7,1
2007,5,2007_05_JAX_KC,KC,JAX,1,56,271.0,1397,1,7,17,0
2007,5,2007_05_MIA_HOU,HOU,MIA,1,64,352.0,1870,2,22,19,1
2007,5,2007_05_MIA_HOU,MIA,HOU,0,55,285.0,1730,1,19,22,0
2007,5,2007_05_NYJ_NYG,NYG,NYJ,1,64,374.0,2025,2,35,24,1
2007,5,2007_05_NYJ_NYG,NYJ,NYG,0,62,277.0,1575,3,24,35,0
2007,5,2007_05_SD_DEN,DEN,LAC,1,57,296.0,1627,3,3,41,0
2007,5,2007_05_SD_DEN,LAC,DEN,0,55,484.0,1973,0,41,3,1
2007,5,2007_05_SEA_PIT,PIT,SEA,1,66,342.0,2445,0,21,0,1
2007,5,2007_05_SEA_PIT,SEA,PIT,0,46,144.0,1155,1,0,21,0
2007,5,2007_05_TB_IND,IND,TB,1,77,400.0,2295,1,33,14,1
2007,5,2007_05_TB_IND,TB,IND,0,40,177.0,1305,1,14,33,0
2007,6,2007_06_CAR_ARI,ARI,CAR,1,54,257.0,1616,5,10,25,0
2007,6,2007_06_CAR_ARI,CAR,ARI,0,66,374.0,1952,0,25,10,1
2007,6,2007_06_CIN_KC,CIN,KC,0,65,373.0,1490,3,20,27,0
2007,6,2007_06_CIN_KC,KC,CIN,1,74,354.0,2110,2,27,20,1
2007,6,2007_06_HOU_JAX,HOU,JAX,0,70,392.0,1975,4,17,37,0
2007,6,2007_06_HOU_JAX,JAX,HOU,1,61,457.0,1760,2,37,17,1
2007,6,2007_06_MIA_CLE,CLE,MIA,1,61,384.0,1822,1,41,31,1
2007,6,2007_06_MIA_CLE,MIA,CLE,0,68,356.0,1778,2,31,41,0
2007,6,2007_06_MIN_CHI,CHI,MIN,1,70,458.0,1721,4,31,34,0
2007,6,2007_06_MIN_CHI,MIN,CHI,0,67,444.0,1879,0,34,31,1
2007,6,2007_06_NE_DAL,DAL,NE,1,46,283.0,1305,1,27,48,0
2007,6,2007_06_NE_DAL,NE,DAL,0,78,448.0,2295,1,48,27,1
2007,6,2007_06_NO_SEA,NO,SEA,0,69,367.0,1964,1,28,17,1
2007,6,2007_06_NO_SEA,SEA,NO,1,69,425.0,1636,2,17,28,0
2007,6,2007_06_NYG_ATL,ATL,NYG,1,58,284.0,1222,1,10,31,0
2007,6,2007_06_NYG_ATL,NYG,ATL,0,75,491.0,2378,3,31,10,1
2007,6,2007_06_OAK_SD,LAC,LV,1,53,362.0,1728,1,28,14,1
2007,6,2007_06_OAK_SD,LV,LAC,0,66,246.0,1872,3,14,28,0
2007,6,2007_06_PHI_NYJ,NYJ,PHI,1,56,267.0,1684,1,9,16,0
2007,6,2007_06_PHI_NYJ,PHI,NYJ,0,66,413.0,1916,1,16,9,1
2007,6,2007_06_STL_BAL,BAL,LA,1,63,248.0,1853,2,22,3,1
2007,6,2007_06_STL_BAL,LA,BAL,0,67,264.0,1747,6,3,22,0
2007,6,2007_06_TEN_TB,TB,TEN,1,46,304.0,1343,0,13,10,1
2007,6,2007_06_TEN_TB,TEN,TB,0,70,317.0,2257,3,10,13,0
2007,6,2007_06_WAS_GB,GB,WAS,1,59,225.0,1632,2,17,14,1
2007,6,2007_06_WAS_GB,WAS,GB,0,69,304.0,1968,3,14,17,0
2007,7,2007_07_ARI_WAS,ARI,WAS,0,74,364.0,2082,3,19,21,0
2007,7,2007_07_ARI_WAS,WAS,ARI,1,47,160.0,1537,1,21,19,1
2007,7,2007_07_ATL_NO,ATL,NO,0,68,334.0,2065,0,16,22,0
2007,7,2007_07_ATL_NO,NO,ATL,1,57,312.0,1623,1,22,16,1
2007,7,2007_07_BAL_BUF,BAL,BUF,0,62,308.0,1714,1,14,19,0
2007,7,2007_07_BAL_BUF,BUF,BAL,1,56,242.0,1886,1,19,14,1
2007,7,2007_07_CHI_PHI,CHI,PHI,0,65,386.0,1769,0,19,16,1
2007,7,2007_07_CHI_PHI,PHI,CHI,1,62,334.0,1831,0,16,19,0
2007,7,2007_07_IND_JAX,IND,JAX,0,72,384.0,2047,1,29,7,1
2007,7,2007_07_IND_JAX,JAX,IND,1,66,226.0,1553,3,7,29,0
2007,7,2007_07_KC_OAK,KC,LV,0,67,290.0,1911,2,12,10,1
2007,7,2007_07_KC_OAK,LV,KC,1,55,268.0,1689,1,10,12,0
2007,7,2007_07_MIN_DAL,DAL,MIN,1,71,381.0,2195,2,24,14,1
2007,7,2007_07_MIN_DAL,MIN,DAL,0,49,196.0,1405,1,14,24,0
2007,7,2007_07_NE_MIA,MIA,NE,1,70,382.0,2105,2,28,49,0
2007,7,2007_07_NE_MIA,NE,MIA,0,51,443.0,1495,1,49,28,1
2007,7,2007_07_NYJ_CIN,CIN,NYJ,1,63,395.0,2034,1,38,31,1
2007,7,2007_07_NYJ_CIN,NYJ,CIN,0,60,344.0,1566,2,31,38,0
2007,7,2007_07_PIT_DEN,DEN,PIT,1,55,324.0,1705,2,31,28,1
2007,7,2007_07_PIT_DEN,PIT,DEN,0,65,379.0,1895,3,28,31,0
2007,7,2007_07_SF_NYG,NYG,SF,1,64,279.0,1878,1,33,15,1
2007,7,2007_07_SF_NYG,SF,NYG,0,63,267.0,1722,4,15,33,0
2007,7,2007_07_STL_SEA,LA,SEA,0,64,221.0,1619,5,6,33,0
2007,7,2007_07_STL_SEA,SEA,LA,1,68,289.0,1981,1,33,6,1
2007,7,2007_07_TB_DET,DET,TB,1,47,278.0,1509,0,23,16,1
2007,7,2007_07_TB_DET,TB,DET,0,78,422.0,2150,2,16,23,0
2007,7,2007_07_TEN_HOU,HOU,TEN,1,59,335.0,1397,5,36,38,0
2007,7,2007_07_TEN_HOU,TEN,HOU,0,82,422.0,2283,3,38,36,1
2007,8,2007_08_BUF_NYJ,BUF,NYJ,0,62,347.0,1951,1,13,3,1
2007,8,2007_08_BUF_NYJ,NYJ,BUF,1,58,254.0,1649,3,3,13,0
2007,8,2007_08_CLE_STL,CLE,LA,0,56,368.0,1798,0,27,20,1
2007,8,2007_08_CLE_STL,LA,CLE,1,64,393.0,1802,1,20,27,0
2007,8,2007_08_DET_CHI,CHI,DET,1,62,255.0,1506,4,7,16,0
2007,8,2007_08_DET_CHI,DET,CHI,0,67,365.0,2094,1,16,7,1
2007,8,2007_08_GB_DEN,DEN,GB,1,61,332.0,1775,1,13,19,0
2007,8,2007_08_GB_DEN,GB,DEN,0,55,430.0,1841,0,19,13,1
2007,8,2007_08_HOU_SD,HOU,LAC,0,75,367.0,2192,5,10,35,0
2007,8,2007_08_HOU_SD,LAC,HOU,1,40,237.0,1408,0,35,10,1
2007,8,2007_08_IND_CAR,CAR,IND,1,78,293.0,2165,2,7,31,0
2007,8,2007_08_IND_CAR,IND,CAR,0,64,395.0,1435,2,31,7,1
2007,8,2007_08_JAX_TB,JAX,TB,0,62,219.0,1925,0,24,23,1
2007,8,2007_08_JAX_TB,TB,JAX,1,64,385.0,1675,3,23,24,0
2007,8,2007_08_NO_SF,NO,SF,0,66,438.0,1955,1,31,10,1
2007,8,2007_08_NO_SF,SF,NO,1,66,260.0,1645,1,10,31,0
2007,8,2007_08_NYG_MIA,MIA,NYG,1,59,254.0,1675,2,10,13,0
2007,8,2007_08_NYG_MIA,NYG,MIA,0,60,238.0,1925,1,13,10,1
2007,8,2007_08_OAK_TEN,LV,TEN,0,64,235.0,1957,2,9,13,0
2007,8,2007_08_OAK_TEN,TEN,LV,1,52,218.0,1643,0,13,9,1
2007,8,2007_08_PHI_MIN,MIN,PHI,1,59,256.0,1744,0,16,23,0
2007,8,2007_08_PHI_MIN,PHI,MIN,0,64,385.0,1926,0,23,16,1
2007,8,2007_08_PIT_CIN,CIN,PIT,1,52,296.0,1637,1,13,24,0
2007,8,2007_08_PIT_CIN,PIT,CIN,0,60,390.0,1963,1,24,13,1
2007,8,2007_08_WAS_NE,NE,WAS,1,77,486.0,2269,1,52,7,1
2007,8,2007_08_WAS_NE,WAS,NE,0,56,224.0,1331,4,7,52,0
2007,9,2007_09_ARI_TB,ARI,TB,0,42,195.0,1013,2,10,17,0
2007,9,2007_09_ARI_TB,TB,ARI,1,77,350.0,2587,0,17,10,1
2007,9,2007_09_BAL_PIT,BAL,PIT,0,51,104.0,1425,3,7,38,0
2007,9,2007_09_BAL_PIT,PIT,BAL,1,63,291.0,2175,2,38,7,1
2007,9,2007_09_CAR_TEN,CAR,TEN,0,61,191.0,1618,3,7,20,0
2007,9,2007_09_CAR_TEN,TEN,CAR,1,69,236.0,1982,3,20,7,1
2007,9,2007_09_CIN_BUF,BUF,CIN,1,70,479.0,2142,1,33,21,1
2007,9,2007_09_CIN_BUF,CIN,BUF,0,56,299.0,1458,1,21,33,0
2007,9,2007_09_DAL_PHI,DAL,PHI,0,57,434.0,1939,1,38,17,1
2007,9,2007_09_DAL_PHI,PHI,DAL,1,68,316.0,1661,3,17,38,0
2007,9,2007_09_DEN_DET,DEN,DET,0,71,303.0,1892,4,7,44,0
2007,9,2007_09_DEN_DET,DET,DEN,1,61,376.0,1708,1,44,7,1
2007,9,2007_09_GB_KC,GB,KC,0,62,432.0,1927,2,33,22,1
2007,9,2007_09_GB_KC,KC,GB,1,60,236.0,1673,2,22,33,0
2007,9,2007_09_HOU_OAK,HOU,LV,0,58,359.0,1827,1,24,17,1
2007,9,2007_09_HOU_OAK,LV,HOU,1,62,310.0,1773,3,17,24,0
2007,9,2007_09_JAX_NO,JAX,NO,0,58,432.0,1788,3,24,41,0
2007,9,2007_09_JAX_NO,NO,JAX,1,75,538.0,2034,1,41,24,1
2007,9,2007_09_NE_IND,IND,NE,1,61,329.0,1816,2,20,24,0
2007,9,2007_09_NE_IND,NE,IND,0,62,342.0,1784,2,24,20,1
2007,9,2007_09_SD_MIN,LAC,MIN,0,63,229.0,1553,2,17,35,0
2007,9,2007_09_SD_MIN,MIN,LAC,1,66,528.0,2047,2,35,17,1
2007,9,2007_09_SEA_CLE,CLE,SEA,1,75,430.0,2557,1,33,30,1
2007,9,2007_09_SEA_CLE,SEA,CLE,0,75,423.0,1943,2,30,33,0
2007,9,2007_09_SF_ATL,ATL,SF,1,65,286.0,1842,1,20,16,1
2007,9,2007_09_SF_ATL,SF,ATL,0,64,251.0,1758,4,16,20,0
2007,9,2007_09_WAS_NYJ,NYJ,WAS,1,71,338.0,2137,1,20,23,0
2007,9,2007_09_WAS_NYJ,WAS,NYJ,0,73,433.0,2173,1,23,20,1
2007,10,2007_10_ATL_CAR,ATL,CAR,0,57,277.0,1900,1,20,13,1
2007,10,2007_10_ATL_CAR,CAR,ATL,1,59,235.0,1700,2,13,20,0
2007,10,2007_10_BUF_MIA,BUF,MIA,0,51,216.0,1381,1,13,10,1
2007,10,2007_10_BUF_MIA,MIA,BUF,1,68,269.0,2219,0,10,13,0
2007,10,2007_10_CHI_OAK,CHI,LV,0,65,295.0,1897,0,17,6,1
2007,10,2007_10_CHI_OAK,LV,CHI,1,60,193.0,1703,3,6,17,0
2007,10,2007_10_CIN_BAL,BAL,CIN,1,54,272.0,1576,6,7,21,0
2007,10,2007_10_CIN_BAL,CIN,BAL,0,71,326.0,2142,0,21,7,1
2007,10,2007_10_CLE_PIT,CLE,PIT,0,53,163.0,1303,1,28,31,0
2007,10,2007_10_CLE_PIT,PIT,CLE,1,75,403.0,2297,1,31,28,1
2007,10,2007_10_DAL_NYG,DAL,NYG,0,54,323.0,1512,1,31,20,1
2007,10,2007_10_DAL_NYG,NYG,DAL,1,66,300.0,2088,2,20,31,0
2007,10,2007_10_DEN_KC,DEN,KC,0,61,327.0,1769,1,27,11,1
2007,10,2007_10_DEN_KC,KC,DEN,1,71,284.0,1831,4,11,27,0
2007,10,2007_10_DET_ARI,ARI,DET,1,67,319.0,2068,4,31,21,1
2007,10,2007_10_DET_ARI,DET,ARI,0,57,245.0,1532,5,21,31,0
2007,10,2007_10_IND_SD,IND,LAC,0,85,386.0,2172,6,21,23,0
2007,10,2007_10_IND_SD,LAC,IND,1,51,177.0,1428,3,23,21,1
2007,10,2007_10_JAX_TEN,JAX,TEN,0,68,262.0,2063,1,28,13,1
2007,10,2007_10_JAX_TEN,TEN,JAX,1,64,292.0,1537,3,13,28,0
2007,10,2007_10_MIN_GB,GB,MIN,1,80,488.0,2440,0,34,0,1
2007,10,2007_10_MIN_GB,MIN,GB,0,44,247.0,1160,1,0,34,0
2007,10,2007_10_PHI_WAS,PHI,WAS,0,60,379.0,1645,2,33,25,1
2007,10,2007_10_PHI_WAS,WAS,PHI,1,72,361.0,1955,2,25,33,0
2007,10,2007_10_SF_SEA,SEA,SF,1,77,380.0,2394,2,24,0,1
2007,10,2007_10_SF_SEA,SF,SEA,0,47,173.0,1206,2,0,24,0
2007,10,2007_10_STL_NO,LA,NO,0,72,409.0,2382,0,37,29,1
2007,10,2007_10_STL_NO,NO,LA,1,51,312.0,1218,2,29,37,0
2007,11,2007_11_ARI_CIN,ARI,CIN,0,55,247.0,1653,0,35,27,1
2007,11,2007_11_ARI_CIN,CIN,ARI,1,73,396.0,1947,5,27,35,0
2007,11,2007_11_CAR_GB,CAR,GB,0,68,382.0,1729,3,17,31,0
2007,11,2007_11_CAR_GB,GB,CAR,1,58,317.0,1871,0,31,17,1
2007,11,2007_11_CHI_SEA,CHI,SEA,0,64,345.0,1735,1,23,30,0
2007,11,2007_11_CHI_SEA,SEA,CHI,1,69,425.0,1865,1,30,23,1
2007,11,2007_11_CLE_BAL,BAL,CLE,1,72,368.0,1687,3,30,33,0
2007,11,2007_11_CLE_BAL,CLE,BAL,0,74,380.0,2263,3,33,30,1
2007,11,2007_11_KC_IND,IND,KC,1,61,216.0,1657,2,13,10,1
2007,11,2007_11_KC_IND,KC,IND,0,56,234.0,1943,1,10,13,0
2007,11,2007_11_MIA_PHI,MIA,PHI,0,47,186.0,1511,0,7,17,0
2007,11,2007_11_MIA_PHI,PHI,MIA,1,69,352.0,2089,3,17,7,1
2007,11,2007_11_NE_BUF,BUF,NE,1,49,229.0,1506,2,10,56,0
2007,11,2007_11_NE_BUF,NE,BUF,0,70,510.0,2094,0,56,10,1
2007,11,2007_11_NO_HOU,HOU,NO,1,59,390.0,1683,2,23,10,1
2007,11,2007_11_NO_HOU,NO,HOU,0,69,327.0,1917,3,10,23,0
2007,11,2007_11_NYG_DET,DET,NYG,1,57,376.0,1483,4,10,16,0
2007,11,2007_11_NYG_DET,NYG,DET,0,68,341.0,2117,2,16,10,1
2007,11,2007_11_OAK_MIN,LV,MIN,0,70,372.0,1855,3,22,29,0
2007,11,2007_11_OAK_MIN,MIN,LV,1,59,478.0,1745,4,29,22,1
2007,11,2007_11_PIT_NYJ,NYJ,PIT,1,68,297.0,1751,1,19,16,1
2007,11,2007_11_PIT_NYJ,PIT,NYJ,0,65,263.0,2152,2,16,19,0
2007,11,2007_11_SD_JAX,JAX,LAC,1,61,311.0,1977,0,24,17,1
2007,11,2007_11_SD_JAX,LAC,JAX,0,60,388.0,1623,2,17,24,0
2007,11,2007_11_STL_SF,LA,SF,0,67,207.0,2058,0,13,9,1
2007,11,2007_11_STL_SF,SF,LA,1,61,244.0,1542,2,9,13,0
2007,11,2007_11_TB_ATL,ATL,TB,1,71,275.0,1954,4,7,31,0
2007,11,2007_11_TB_ATL,TB,ATL,0,53,305.0,1646,1,31,7,1
2007,11,2007_11_TEN_DEN,DEN,TEN,1,48,359.0,1467,0,34,20,1
2007,11,2007_11_TEN_DEN,TEN,DEN,0,71,423.0,2133,4,20,34,0
2007,11,2007_11_WAS_DAL,DAL,WAS,1,58,359.0,1815,1,28,23,1
2007,11,2007_11_WAS_DAL,WAS,DAL,0,73,423.0,1785,2,23,28,0
2007,12,2007_12_BAL_SD,BAL,LAC,0,57,210.0,1707,2,14,32,0
2007,12,2007_12_BAL_SD,LAC,BAL,1,65,332.0,1915,0,32,14,1
2007,12,2007_12_BUF_JAX,BUF,JAX,0,65,297.0,1845,4,14,36,0
2007,12,2007_12_BUF_JAX,JAX,BUF,1,64,416.0,1755,0,36,14,1
2007,12,2007_12_DEN_CHI,CHI,DEN,1,68,293.0,1787,3,37,34,1
2007,12,2007_12_DEN_CHI,DEN,CHI,0,70,430.0,2034,3,34,37,0
2007,12,2007_12_GB_DET,DET,GB,1,74,331.0,2059,1,26,37,0
2007,12,2007_12_GB_DET,GB,DET,0,58,481.0,1541,1,37,26,1
2007,12,2007_12_HOU_CLE,CLE,HOU,1,69,397.0,2123,1,27,17,1
2007,12,2007_12_HOU_CLE,HOU,CLE,0,56,314.0,1477,3,17,27,0
2007,12,2007_12_IND_ATL,ATL,IND,1,62,250.0,1836,2,13,31,0
2007,12,2007_12_IND_ATL,IND,ATL,0,63,365.0,1764,1,31,13,1
2007,12,2007_12_MIA_PIT,MIA,PIT,0,51,159.0,1546,2,0,3,0
2007,12,2007_12_MIA_PIT,PIT,MIA,1,55,216.0,2054,1,3,0,1
2007,12,2007_12_MIN_NYG,MIN,NYG,0,55,251.0,1934,0,41,17,1
2007,12,2007_12_MIN_NYG,NYG,MIN,1,71,309.0,1666,4,17,41,0
2007,12,2007_12_NO_CAR,CAR,NO,1,55,195.0,1237,4,6,31,0
2007,12,2007_12_NO_CAR,NO,CAR,0,75,373.0,2363,1,31,6,1
2007,12,2007_12_NYJ_DAL,DAL,NYJ,1,65,344.0,2272,1,34,3,1
2007,12,2007_12_NYJ_DAL,NYJ,DAL,0,51,180.0,1328,2,3,34,0
2007,12,2007_12_OAK_KC,KC,LV,1,63,292.0,1931,1,17,20,0
2007,12,2007_12_OAK_KC,LV,KC,0,53,312.0,1669,1,20,17,1
2007,12,2007_12_PHI_NE,NE,PHI,1,73,410.0,2023,0,31,28,1
2007,12,2007_12_PHI_NE,PHI,NE,0,63,391.0,1669,3,28,31,0
2007,12,2007_12_SEA_STL,LA,SEA,1,72,265.0,2117,3,19,24,0
2007,12,2007_12_SEA_STL,SEA,LA,0,62,302.0,1483,1,24,19,1
2007,12,2007_12_SF_ARI,ARI,SF,1,77,552.0,2312,4,31,37,0
2007,12,2007_12_SF_ARI,SF,ARI,0,67,374.0,1892,0,37,31,1
2007,12,2007_12_TEN_CIN,CIN,TEN,1,75,426.0,2310,1,35,6,1
2007,12,2007_12_TEN_CIN,TEN,CIN,0,50,305.0,1290,2,6,35,0
2007,12,2007_12_WAS_TB,TB,WAS,1,51,192.0,1507,0,19,13,1
2007,12,2007_12_WAS_TB,WAS,TB,0,82,412.0,2093,6,13,19,0
2007,13,2007_13_ATL_STL,ATL,LA,0,81,435.0,1855,3,16,28,0
2007,13,2007_13_ATL_STL,LA,ATL,1,62,409.0,1745,2,28,16,1
2007,13,2007_13_BUF_WAS,BUF,WAS,0,56,357.0,1624,1,17,16,1
2007,13,2007_13_BUF_WAS,WAS,BUF,1,70,282.0,1976,2,16,17,0
2007,13,2007_13_CIN_PIT,CIN,PIT,0,68,249.0,1553,1,10,24,0
2007,13,2007_13_CIN_PIT,PIT,CIN,1,67,285.0,2047,4,24,10,1
2007,13,2007_13_CLE_ARI,ARI,CLE,1,57,302.0,1803,2,27,21,1
2007,13,2007_13_CLE_ARI,CLE,ARI,0,64,381.0,1797,3,21,27,0
2007,13,2007_13_DEN_OAK,DEN,LV,0,62,292.0,1540,4,20,34,0
2007,13,2007_13_DEN_OAK,LV,DEN,1,69,372.0,2060,1,34,20,1
2007,13,2007_13_DET_MIN,DET,MIN,0,46,254.0,1378,1,10,42,0
2007,13,2007_13_DET_MIN,MIN,DET,1,66,443.0,2222,1,42,10,1
2007,13,2007_13_GB_DAL,DAL,GB,1,58,414.0,1849,1,37,27,1
2007,13,2007_13_GB_DAL,GB,DAL,0,62,357.0,1751,2,27,37,0
2007,13,2007_13_HOU_TEN,HOU,TEN,0,62,315.0,1782,1,20,28,0
2007,13,2007_13_HOU_TEN,TEN,HOU,1,63,382.0,1818,2,28,20,1
2007,13,2007_13_JAX_IND,IND,JAX,1,55,342.0,1455,1,28,25,1
2007,13,2007_13_JAX_IND,JAX,IND,0,64,413.0,2145,2,25,28,0
2007,13,2007_13_NE_BAL,BAL,NE,1,60,376.0,1974,1,24,27,0
2007,13,2007_13_NE_BAL,NE,BAL,0,65,326.0,1626,2,27,24,1
2007,13,2007_13_NYG_CHI,CHI,NYG,1,75,312.0,1764,0,16,21,0
2007,13,2007_13_NYG_CHI,NYG,CHI,0,66,356.0,1836,4,21,16,1
2007,13,2007_13_NYJ_MIA,MIA,NYJ,1,60,187.0,1500,5,13,40,0
2007,13,2007_13_NYJ_MIA,NYJ,MIA,0,70,372.0,2100,2,40,13,1
2007,13,2007_13_SD_KC,KC,LAC,1,73,268.0,2038,4,10,24,0
2007,13,2007_13_SD_KC,LAC,KC,0,56,330.0,1562,1,24,10,1
2007,13,2007_13_SEA_PHI,PHI,SEA,1,72,363.0,1828,4,24,28,0
2007,13,2007_13_SEA_PHI,SEA,PHI,0,65,311.0,1772,2,28,24,1
2007,13,2007_13_SF_CAR,CAR,SF,1,72,307.0,2302,3,31,14,1
2007,13,2007_13_SF_CAR,SF,CAR,0,52,195.0,1298,5,14,31,0
2007,13,2007_13_TB_NO,NO,TB,1,47,246.0,1514,1,23,27,0
2007,13,2007_13_TB_NO,TB,NO,0,66,466.0,2086,1,27,23,1
2007,14,2007_14_ARI_SEA,ARI,SEA,0,67,355.0,1837,5,21,42,0
2007,14,2007_14_ARI_SEA,SEA,ARI,1,62,349.0,1771,0,42,21,1
2007,14,2007_14_CAR_JAX,CAR,JAX,0,54,149.0,1262,2,6,37,0
2007,14,2007_14_CAR_JAX,JAX,CAR,1,75,427.0,2338,1,37,6,1
2007,14,2007_14_CHI_WAS,CHI,WAS,0,77,356.0,1879,2,16,24,0
2007,14,2007_14_CHI_WAS,WAS,CHI,1,61,345.0,1721,1,24,16,1
2007,14,2007_14_CLE_NYJ,CLE,NYJ,0,58,337.0,1755,1,24,18,1
2007,14,2007_14_CLE_NYJ,NYJ,CLE,1,76,387.0,1921,2,18,24,0
2007,14,2007_14_DAL_DET,DAL,DET,0,63,368.0,1655,1,28,27,1
2007,14,2007_14_DAL_DET,DET,DAL,1,69,390.0,1945,0,27,28,0
2007,14,2007_14_IND_BAL,BAL,IND,1,66,243.0,1989,5,20,44,0
2007,14,2007_14_IND_BAL,IND,BAL,0,49,334.0,1611,0,44,20,1
2007,14,2007_14_KC_DEN,DEN,KC,1,62,453.0,2067,0,41,7,1
2007,14,2007_14_KC_DEN,KC,DEN,0,51,129.0,1533,3,7,41,0
2007,14,2007_14_MIA_BUF,BUF,MIA,1,63,389.0,1830,2,38,17,1
2007,14,2007_14_MIA_BUF,MIA,BUF,0,70,285.0,1770,4,17,38,0
2007,14,2007_14_MIN_SF,MIN,SF,0,56,280.0,1693,1,27,7,1
2007,14,2007_14_MIN_SF,SF,MIN,1,69,285.0,1907,5,7,27,0
2007,14,2007_14_NO_ATL,ATL,NO,1,59,323.0,1473,2,14,34,0
2007,14,2007_14_NO_ATL,NO,ATL,0,71,473.0,2127,0,34,14,1
2007,14,2007_14_NYG_PHI,NYG,PHI,0,60,318.0,1651,2,16,13,1
2007,14,2007_14_NYG_PHI,PHI,NYG,1,62,306.0,1949,1,13,16,0
2007,14,2007_14_OAK_GB,GB,LV,1,59,445.0,1994,2,38,7,1
2007,14,2007_14_OAK_GB,LV,GB,0,51,233.0,1606,2,7,38,0
2007,14,2007_14_PIT_NE,NE,PIT,1,55,421.0,1517,1,34,13,1
2007,14,2007_14_PIT_NE,PIT,NE,0,67,349.0,2083,0,13,34,0
2007,14,2007_14_SD_TEN,LAC,TEN,0,77,341.0,1878,3,23,17,1
2007,14,2007_14_SD_TEN,TEN,LAC,1,63,240.0,2173,2,17,23,0
2007,14,2007_14_STL_CIN,CIN,LA,1,66,370.0,2005,2,19,10,1
2007,14,2007_14_STL_CIN,LA,CIN,0,52,241.0,1595,2,10,19,0
2007,14,2007_14_TB_HOU,HOU,TB,1,66,257.0,2106,2,28,14,1
2007,14,2007_14_TB_HOU,TB,HOU,0,59,305.0,1494,2,14,28,0
2007,15,2007_15_ARI_NO,ARI,NO,0,54,317.0,1688,2,24,31,0
2007,15,2007_15_ARI_NO,NO,ARI,1,60,421.0,1912,2,31,24,1
2007,15,2007_15_ATL_TB,ATL,TB,0,36,133.0,1196,4,3,37,0
2007,15,2007_15_ATL_TB,TB,ATL,1,75,285.0,2579,1,37,3,1
2007,15,2007_15_BAL_MIA,BAL,MIA,0,70,345.0,1873,1,16,22,0
2007,15,2007_15_BAL_MIA,MIA,BAL,1,73,360.0,2133,0,22,16,1
2007,15,2007_15_BUF_CLE,BUF,CLE,0,65,232.0,1693,0,0,8,0
2007,15,2007_15_BUF_CLE,CLE,BUF,1,62,304.0,1907,0,8,0,1
2007,15,2007_15_CHI_MIN,CHI,MIN,0,56,209.0,1455,1,13,20,0
2007,15,2007_15_CHI_MIN,MIN,CHI,1,66,374.0,2145,4,20,13,1
2007,15,2007_15_CIN_SF,CIN,SF,0,50,312.0,1441,0,13,20,0
2007,15,2007_15_CIN_SF,SF,CIN,1,67,337.0,2159,0,20,13,1
2007,15,2007_15_DEN_HOU,DEN,HOU,0,64,308.0,1774,0,13,31,0
2007,15,2007_15_DEN_HOU,HOU,DEN,1,58,358.0,1826,1,31,13,1
2007,15,2007_15_DET_SD,DET,LAC,0,56,328.0,1108,6,14,51,0
2007,15,2007_15_DET_SD,LAC,DET,1,75,416.0,2492,0,51,14,1
2007,15,2007_15_GB_STL,GB,LA,0,53,279.0,1416,3,33,14,1
2007,15,2007_15_GB_STL,LA,GB,1,74,364.0,2184,2,14,33,0
2007,15,2007_15_IND_OAK,IND,LV,0,63,324.0,1574,1,21,14,1
2007,15,2007_15_IND_OAK,LV,IND,1,68,253.0,2026,0,14,21,0
2007,15,2007_15_JAX_PIT,JAX,PIT,0,75,421.0,2259,1,29,22,1
2007,15,2007_15_JAX_PIT,PIT,JAX,1,56,219.0,1341,0,22,29,0
2007,15,2007_15_NYJ_NE,NE,NYJ,1,63,265.0,2017,1,20,10,1
2007,15,2007_15_NYJ_NE,NYJ,NE,0,62,236.0,1583,2,10,20,0
2007,15,2007_15_PHI_DAL,DAL,PHI,1,55,240.0,1563,4,6,10,0
2007,15,2007_15_PHI_DAL,PHI,DAL,0,72,315.0,2037,0,10,6,1
2007,15,2007_15_SEA_CAR,CAR,SEA,1,65,322.0,2122,0,13,10,1
2007,15,2007_15_SEA_CAR,SEA,CAR,0,58,282.0,1478,1,10,13,0
2007,15,2007_15_TEN_KC,KC,TEN,1,64,306.0,1758,2,17,26,0
2007,15,2007_15_TEN_KC,TEN,KC,0,63,327.0,1842,1,26,17,1
2007,15,2007_15_WAS_NYG,NYG,WAS,1,82,307.0,1865,1,10,22,0
2007,15,2007_15_WAS_NYG,WAS,NYG,0,63,309.0,1735,0,22,10,1
2007,16,2007_16_ATL_ARI,ARI,ATL,1,80,437.0,2229,0,30,27,1
2007,16,2007_16_ATL_ARI,ATL,ARI,0,67,405.0,1701,1,27,30,0
2007,16,2007_16_BAL_SEA,BAL,SEA,0,63,293.0,1644,3,6,27,0
2007,16,2007_16_BAL_SEA,SEA,BAL,1,67,336.0,1956,2,27,6,1
2007,16,2007_16_CLE_CIN,CIN,CLE,1,55,270.0,1614,3,19,14,1
2007,16,2007_16_CLE_CIN,CLE,CIN,0,75,379.0,1986,4,14,19,0
2007,16,2007_16_DAL_CAR,CAR,DAL,1,47,216.0,1260,1,13,20,0
2007,16,2007_16_DAL_CAR,DAL,CAR,0,79,405.0,2340,1,20,13,1
2007,16,2007_16_DEN_SD,DEN,LAC,0,55,225.0,1397,3,3,23,0
2007,16,2007_16_DEN_SD,LAC,DEN,1,68,334.0,2203,1,23,3,1
2007,16,2007_16_GB_CHI,CHI,GB,1,60,242.0,2013,0,35,7,1
2007,16,2007_16_GB_CHI,GB,CHI,0,54,274.0,1587,2,7,35,0
2007,16,2007_16_HOU_IND,HOU,IND,0,56,301.0,1455,3,15,38,0
2007,16,2007_16_HOU_IND,IND,HOU,1,72,458.0,2145,1,38,15,1
2007,16,2007_16_KC_DET,DET,KC,1,50,236.0,1675,1,25,20,1
2007,16,2007_16_KC_DET,KC,DET,0,71,407.0,1925,1,20,25,0
2007,16,2007_16_MIA_NE,MIA,NE,0,70,241.0,1904,1,7,28,0
2007,16,2007_16_MIA_NE,NE,MIA,1,61,400.0,1696,3,28,7,1
2007,16,2007_16_NYG_BUF,BUF,NYG,1,57,244.0,1555,4,21,38,0
2007,16,2007_16_NYG_BUF,NYG,BUF,0,64,385.0,2045,4,38,21,1
2007,16,2007_16_NYJ_TEN,NYJ,TEN,0,62,296.0,1811,2,6,10,0
2007,16,2007_16_NYJ_TEN,TEN,NYJ,1,61,273.0,1789,2,10,6,1
2007,16,2007_16_OAK_JAX,JAX,LV,1,56,437.0,1632,1,49,11,1
2007,16,2007_16_OAK_JAX,LV,JAX,0,66,217.0,1968,5,11,49,0
2007,16,2007_16_PHI_NO,NO,PHI,1,64,346.0,1692,1,23,38,0
2007,16,2007_16_PHI_NO,PHI,NO,0,66,435.0,1908,1,38,23,1
2007,16,2007_16_PIT_STL,LA,PIT,1,58,316.0,1424,2,24,41,0
2007,16,2007_16_PIT_STL,PIT,LA,0,62,425.0,2176,0,41,24,1
2007,16,2007_16_TB_SF,SF,TB,1,55,213.0,1531,2,21,19,1
2007,16,2007_16_TB_SF,TB,SF,0,81,434.0,2236,2,19,21,0
2007,16,2007_16_WAS_MIN,MIN,WAS,1,67,299.0,1756,3,21,32,0
2007,16,2007_16_WAS_MIN,WAS,MIN,0,65,367.0,1923,0,32,21,1
2007,17,2007_17_BUF_PHI,BUF,PHI,0,60,271.0,1766,0,9,17,0
2007,17,2007_17_BUF_PHI,PHI,BUF,1,64,391.0,1834,2,17,9,1
2007,17,2007_17_CAR_TB,CAR,TB,0,62,349.0,1910,1,31,23,1
2007,17,2007_17_CAR_TB,TB,CAR,1,58,303.0,1690,2,23,31,0
2007,17,2007_17_CIN_MIA,CIN,MIA,0,56,393.0,1699,1,38,25,1
2007,17,2007_17_CIN_MIA,MIA,CIN,1,69,338.0,1901,1,25,38,0
2007,17,2007_17_DAL_WAS,DAL,WAS,0,45,147.0,1372,1,6,27,0
2007,17,2007_17_DAL_WAS,WAS,DAL,1,71,354.0,2228,2,27,6,1
2007,17,2007_17_DET_GB,DET,GB,0,65,293.0,1604,2,13,34,0
2007,17,2007_17_DET_GB,GB,DET,1,65,394.0,1996,1,34,13,1
2007,17,2007_17_JAX_HOU,HOU,JAX,1,53,290.0,1693,2,42,28,1
2007,17,2007_17_JAX_HOU,JAX,HOU,0,64,381.0,1907,0,28,42,0
2007,17,2007_17_KC_NYJ,KC,NYJ,0,65,219.0,1716,0,10,13,0
2007,17,2007_17_KC_NYJ,NYJ,KC,1,74,337.0,2197,0,13,10,1
2007,17,2007_17_MIN_DEN,DEN,MIN,1,65,362.0,2004,0,22,19,1
2007,17,2007_17_MIN_DEN,MIN,DEN,0,63,336.0,1648,3,19,22,0
2007,17,2007_17_NE_NYG,NE,NYG,0,70,392.0,2178,0,38,35,1
2007,17,2007_17_NE_NYG,NYG,NE,1,52,316.0,1422,1,35,38,0
2007,17,2007_17_NO_CHI,CHI,NO,1,57,275.0,1492,2,33,25,1
2007,17,2007_17_NO_CHI,NO,CHI,0,84,415.0,2108,4,25,33,0
2007,17,2007_17_PIT_BAL,BAL,PIT,1,69,334.0,2419,1,27,21,1
2007,17,2007_17_PIT_BAL,PIT,BAL,0,50,264.0,1398,3,21,27,0
2007,17,2007_17_SD_OAK,LAC,LV,0,61,253.0,1687,2,30,17,1
2007,17,2007_17_SD_OAK,LV,LAC,1,64,316.0,1913,3,17,30,0
2007,17,2007_17_SEA_ATL,ATL,SEA,1,58,364.0,1502,0,44,41,1
2007,17,2007_17_SEA_ATL,SEA,ATL,0,82,501.0,2098,3,41,44,0
2007,17,2007_17_SF_CLE,CLE,SF,1,65,358.0,1906,1,20,7,1
2007,17,2007_17_SF_CLE,SF,CLE,0,51,185.0,1694,0,7,20,0
2007,17,2007_17_STL_ARI,ARI,LA,1,71,422.0,2153,2,48,19,1
2007,17,2007_17_STL_ARI,LA,ARI,0,58,234.0,1416,3,19,48,0
2007,17,2007_17_TEN_IND,IND,TEN,1,52,194.0,1468,1,10,16,0
2007,17,2007_17_TEN_IND,TEN,IND,0,71,356.0,2132,2,16,10,1
2008,1,2008_01_ARI_SF,ARI,SF,0,72,285.0,2225,0,23,13,1
2008,1,2008_01_ARI_SF,SF,ARI,1,44,291.0,1637,5,13,23,0
2008,1,2008_01_CAR_SD,CAR,LAC,0,71,388.0,1922,1,26,24,1
2008,1,2008_01_CAR_SD,LAC,CAR,1,55,316.0,1678,1,24,26,0
2008,1,2008_01_CHI_IND,CHI,IND,0,62,319.0,1904,0,29,13,1
2008,1,2008_01_CHI_IND,IND,CHI,1,66,293.0,1696,1,13,29,0
2008,1,2008_01_CIN_BAL,BAL,CIN,1,75,358.0,2175,2,17,10,1
2008,1,2008_01_CIN_BAL,CIN,BAL,0,50,154.0,1425,2,10,17,0
2008,1,2008_01_DAL_CLE,CLE,DAL,1,43,205.0,1351,0,10,28,0
2008,1,2008_01_DAL_CLE,DAL,CLE,0,63,487.0,2249,1,28,10,1
2008,1,2008_01_DEN_OAK,DEN,LV,0,59,441.0,1790,0,41,14,1
2008,1,2008_01_DEN_OAK,LV,DEN,1,59,317.0,1810,1,14,41,0
2008,1,2008_01_DET_ATL,ATL,DET,1,56,474.0,1747,0,34,21,1
2008,1,2008_01_DET_ATL,DET,ATL,0,57,308.0,1853,1,21,34,0
2008,1,2008_01_HOU_PIT,HOU,PIT,0,58,234.0,1709,3,17,38,0
2008,1,2008_01_HOU_PIT,PIT,HOU,1,59,305.0,1891,1,38,17,1
2008,1,2008_01_JAX_TEN,JAX,TEN,0,59,189.0,1880,3,10,17,0
2008,1,2008_01_JAX_TEN,TEN,JAX,1,57,309.0,1720,2,17,10,1
2008,1,2008_01_KC_NE,KC,NE,0,62,284.0,1811,1,10,17,0
2008,1,2008_01_KC_NE,NE,KC,1,59,338.0,1789,2,17,10,1
2008,1,2008_01_MIN_GB,GB,MIN,1,49,317.0,1679,0,24,19,1
2008,1,2008_01_MIN_GB,MIN,GB,0,70,355.0,1921,1,19,24,0
2008,1,2008_01_NYJ_MIA,MIA,NYJ,1,64,277.0,1739,1,14,20,0
2008,1,2008_01_NYJ_MIA,NYJ,MIA,0,57,293.0,1861,1,20,14,1
2008,1,2008_01_SEA_BUF,BUF,SEA,1,61,338.0,1879,0,34,10,1
2008,1,2008_01_SEA_BUF,SEA,BUF,0,67,252.0,1721,2,10,34,0
2008,1,2008_01_STL_PHI,LA,PHI,0,45,166.0,1490,0,3,38,0
2008,1,2008_01_STL_PHI,PHI,LA,1,71,522.0,2110,0,38,3,1
2008,1,2008_01_TB_NO,NO,TB,1,60,438.0,1892,1,24,20,1
2008,1,2008_01_TB_NO,TB,NO,0,63,352.0,1708,1,20,24,0
2008,1,2008_01_WAS_NYG,NYG,WAS,1,69,354.0,2143,1,16,7,1
2008,1,2008_01_WAS_NYG,WAS,NYG,0,52,209.0,1457,0,7,16,0
2008,2,2008_02_ATL_TB,ATL,TB,0,65,234.0,1778,2,9,24,0
2008,2,2008_02_ATL_TB,TB,ATL,1,61,311.0,1822,1,24,9,1
2008,2,2008_02_BUF_JAX,BUF,JAX,0,54,285.0,2079,1,20,16,1
2008,2,2008_02_BUF_JAX,JAX,BUF,1,57,233.0,1726,2,16,20,0
2008,2,2008_02_CHI_CAR,CAR,CHI,1,55,216.0,1905,1,20,17,1
2008,2,2008_02_CHI_CAR,CHI,CAR,0,62,256.0,1695,2,17,20,0
2008,2,2008_02_GB_DET,DET,GB,1,62,311.0,1472,3,25,48,0
2008,2,2008_02_GB_DET,GB,DET,0,69,447.0,2128,1,48,25,1
2008,2,2008_02_IND_MIN,IND,MIN,0,64,323.0,1646,2,18,15,1
2008,2,2008_02_IND_MIN,MIN,IND,1,62,299.0,1954,1,15,18,0
2008,2,2008_02_MIA_ARI,ARI,MIA,1,59,445.0,1914,0,31,10,1
2008,2,2008_02_MIA_ARI,MIA,ARI,0,58,236.0,1686,0,10,31,0
2008,2,2008_02_NE_NYJ,NE,NYJ,0,59,260.0,1895,0,19,10,1
2008,2,2008_02_NE_NYJ,NYJ,NE,1,49,256.0,1705,1,10,19,0
2008,2,2008_02_NO_WAS,NO,WAS,0,54,250.0,1546,4,24,29,0
2008,2,2008_02_NO_WAS,WAS,NO,1,70,455.0,2054,0,29,24,1
2008,2,2008_02_NYG_STL,LA,NYG,1,54,201.0,1698,1,13,41,0
2008,2,2008_02_NYG_STL,NYG,LA,0,62,441.0,1902,0,41,13,1
2008,2,2008_02_OAK_KC,KC,LV,1,63,192.0,1649,2,8,23,0
2008,2,2008_02_OAK_KC,LV,KC,0,64,355.0,1951,2,23,8,1
2008,2,2008_02_PHI_DAL,DAL,PHI,1,54,380.0,1742,2,41,37,1
2008,2,2008_02_PHI_DAL,PHI,DAL,0,64,337.0,1858,1,37,41,0
2008,2,2008_02_PIT_CLE,CLE,PIT,1,59,208.0,1817,2,6,10,0
2008,2,2008_02_PIT_CLE,PIT,CLE,0,53,281.0,1783,0,10,6,1
2008,2,2008_02_SD_DEN,DEN,LAC,1,76,488.0,2040,1,39,38,1
2008,2,2008_02_SD_DEN,LAC,DEN,0,53,458.0,1560,1,38,39,0
2008,2,2008_02_SF_SEA,SEA,SF,1,71,351.0,1812,3,30,33,0
2008,2,2008_02_SF_SEA,SF,SEA,0,63,365.0,2068,1,33,30,1
2008,2,2008_02_TEN_CIN,CIN,TEN,1,56,215.0,1646,2,7,24,0
2008,2,2008_02_TEN_CIN,TEN,CIN,0,63,295.0,1954,1,24,7,1
2008,3,2008_03_ARI_WAS,ARI,WAS,0,56,313.0,1718,2,17,24,0
2008,3,2008_03_ARI_WAS,WAS,ARI,1,64,323.0,1865,0,24,17,1
2008,3,2008_03_CAR_MIN,CAR,MIN,0,54,204.0,1542,2,10,20,0
2008,3,2008_03_CAR_MIN,MIN,CAR,1,63,305.0,2058,1,20,10,1
2008,3,2008_03_CIN_NYG,CIN,NYG,0,72,347.0,1995,0,23,26,0
2008,3,2008_03_CIN_NYG,NYG,CIN,1,68,406.0,1986,0,26,23,1
2008,3,2008_03_CLE_BAL,BAL,CLE,1,64,273.0,2268,2,28,10,1
2008,3,2008_03_CLE_BAL,CLE,BAL,0,57,169.0,1332,3,10,28,0
2008,3,2008_03_DAL_GB,DAL,GB,0,69,453.0,1932,2,27,16,1
2008,3,2008_03_DAL_GB,GB,DAL,1,65,334.0,1668,1,16,27,0
2008,3,2008_03_DET_SF,DET,SF,0,55,240.0,1446,2,13,31,0
2008,3,2008_03_DET_SF,SF,DET,1,63,370.0,2154,0,31,13,1
2008,3,2008_03_HOU_TEN,HOU,TEN,0,68,317.0,1841,3,12,31,0
2008,3,2008_03_HOU_TEN,TEN,HOU,1,62,343.0,1759,2,31,12,1
2008,3,2008_03_JAX_IND,IND,JAX,1,49,325.0,1105,2,21,23,0
2008,3,2008_03_JAX_IND,JAX,IND,0,70,403.0,2495,1,23,21,1
2008,3,2008_03_KC_ATL,ATL,KC,1,54,378.0,1810,0,38,14,1
2008,3,2008_03_KC_ATL,KC,ATL,0,71,301.0,1790,4,14,38,0
2008,3,2008_03_MIA_NE,MIA,NE,0,57,461.0,1953,0,38,13,1
2008,3,2008_03_MIA_NE,NE,MIA,1,59,216.0,1647,2,13,38,0
2008,3,2008_03_NO_DEN,DEN,NO,1,58,369.0,1632,2,34,32,1
2008,3,2008_03_NO_DEN,NO,DEN,0,75,502.0,1968,1,32,34,0
2008,3,2008_03_NYJ_SD,LAC,NYJ,1,60,357.0,2069,1,48,29,1
2008,3,2008_03_NYJ_SD,NYJ,LAC,0,65,308.0,1660,4,29,48,0
2008,3,2008_03_OAK_BUF,BUF,LV,1,72,378.0,2067,3,24,23,1
2008,3,2008_03_OAK_BUF,LV,BUF,0,50,247.0,1533,1,23,24,0
2008,3,2008_03_PIT_PHI,PHI,PIT,1,64,260.0,1954,3,15,6,1
2008,3,2008_03_PIT_PHI,PIT,PHI,0,60,180.0,1632,3,6,15,0
2008,3,2008_03_STL_SEA,LA,SEA,0,56,240.0,1502,3,13,37,0
2008,3,2008_03_STL_SEA,SEA,LA,1,67,407.0,2098,0,37,13,1
2008,3,2008_03_TB_CHI,CHI,TB,1,75,407.0,2357,2,24,27,0
2008,3,2008_03_TB_CHI,TB,CHI,0,84,454.0,1882,4,27,24,1
2008,4,2008_04_ARI_NYJ,ARI,NYJ,0,79,470.0,1990,7,35,56,0
2008,4,2008_04_ARI_NYJ,NYJ,ARI,1,63,375.0,1720,1,56,35,1
2008,4,2008_04_ATL_CAR,ATL,CAR,0,66,268.0,1665,0,9,24,0
2008,4,2008_04_ATL_CAR,CAR,ATL,1,62,401.0,1935,0,24,9,1
2008,4,2008_04_BAL_PIT,BAL,PIT,0,69,243.0,2062,1,20,23,0
2008,4,2008_04_BAL_PIT,PIT,BAL,1,55,237.0,1903,1,23,20,1
2008,4,2008_04_BUF_STL,BUF,LA,0,60,277.0,1888,1,31,14,1
2008,4,2008_04_BUF_STL,LA,BUF,1,64,380.0,1712,2,14,31,0
2008,4,2008_04_CLE_CIN,CIN,CLE,1,55,211.0,1558,6,12,20,0
2008,4,2008_04_CLE_CIN,CLE,CIN,0,65,261.0,2042,1,20,12,1
2008,4,2008_04_DEN_KC,DEN,KC,0,72,446.0,1597,4,19,33,0
2008,4,2008_04_DEN_KC,KC,DEN,1,62,370.0,2003,1,33,19,1
2008,4,2008_04_GB_TB,GB,TB,0,53,181.0,1390,4,21,30,0
2008,4,2008_04_GB_TB,TB,GB,1,71,327.0,2210,3,30,21,1
2008,4,2008_04_HOU_JAX,HOU,JAX,0,63,386.0,1940,0,27,30,0
2008,4,2008_04_HOU_JAX,JAX,HOU,1,58,375.0,1875,0,30,27,1
2008,4,2008_04_MIN_TEN,MIN,TEN,0,68,333.0,1737,4,17,30,0
2008,4,2008_04_MIN_TEN,TEN,MIN,1,69,275.0,1863,1,30,17,1
2008,4,2008_04_PHI_CHI,CHI,PHI,1,64,256.0,1686,5,24,20,1
2008,4,2008_04_PHI_CHI,PHI,CHI,0,67,340.0,1914,1,20,24,0
2008,4,2008_04_SD_OAK,LAC,LV,0,60,297.0,1782,2,28,18,1
2008,4,2008_04_SD_OAK,LV,LAC,1,66,323.0,1818,2,18,28,0
2008,4,2008_04_SF_NO,NO,SF,1,67,467.0,1975,2,31,17,1
2008,4,2008_04_SF_NO,SF,NO,0,62,314.0,1625,3,17,31,0
2008,4,2008_04_WAS_DAL,DAL,WAS,1,58,344.0,1311,1,24,26,0
2008,4,2008_04_WAS_DAL,WAS,DAL,0,70,381.0,2289,0,26,24,1
2008,5,2008_05_ATL_GB,ATL,GB,0,62,370.0,1723,1,27,24,1
2008,5,2008_05_ATL_GB,GB,ATL,1,62,408.0,1877,1,24,27,0
2008,5,2008_05_BUF_ARI,ARI,BUF,1,76,373.0,2176,0,41,17,1
2008,5,2008_05_BUF_ARI,BUF,ARI,0,46,287.0,1424,4,17,41,0
2008,5,2008_05_CHI_DET,CHI,DET,0,69,425.0,2295,0,34,7,1
2008,5,2008_05_CHI_DET,DET,CHI,1,56,185.0,1305,3,7,34,0
2008,5,2008_05_CIN_DAL,CIN,DAL,0,65,269.0,1695,2,22,31,0
2008,5,2008_05_CIN_DAL,DAL,CIN,1,62,373.0,1991,2,31,22,1
2008,5,2008_05_IND_HOU,HOU,IND,1,67,391.0,1881,3,27,31,0
2008,5,2008_05_IND_HOU,IND,HOU,0,58,314.0,1719,1,31,27,1
2008,5,2008_05_KC_CAR,CAR,KC,1,70,441.0,2334,2,34,0,1
2008,5,2008_05_KC_CAR,KC,CAR,0,51,127.0,1266,3,0,34,0
2008,5,2008_05_MIN_NO,MIN,NO,0,64,270.0,1671,0,30,27,1
2008,5,2008_05_MIN_NO,NO,MIN,1,69,375.0,1929,4,27,30,0
2008,5,2008_05_NE_SF,NE,SF,0,80,377.0,2392,2,30,21,1
2008,5,2008_05_NE_SF,SF,NE,1,48,199.0,1208,3,21,30,0
2008,5,2008_05_PIT_JAX,JAX,PIT,1,54,213.0,1597,0,21,26,0
2008,5,2008_05_PIT_JAX,PIT,JAX,0,71,415.0,2003,1,26,21,1
2008,5,2008_05_SD_MIA,LAC,MIA,0,49,202.0,1399,0,10,17,0
2008,5,2008_05_SD_MIA,MIA,LAC,1,70,390.0,2201,1,17,10,1
2008,5,2008_05_SEA_NYG,NYG,SEA,1,63,523.0,2188,0,44,6,1
2008,5,2008_05_SEA_NYG,SEA,NYG,0,51,187.0,1412,1,6,44,0
2008,5,2008_05_TB_DEN,DEN,TB,1,60,333.0,1753,0,16,13,1
2008,5,2008_05_TB_DEN,TB,DEN,0,61,307.0,1847,2,13,16,0
2008,5,2008_05_TEN_BAL,BAL,TEN,1,65,285.0,2068,2,10,13,0
2008,5,2008_05_TEN_BAL,TEN,BAL,0,54,210.0,1532,2,13,10,1
2008,5,2008_05_WAS_PHI,PHI,WAS,1,47,254.0,1515,0,17,23,0
2008,5,2008_05_WAS_PHI,WAS,PHI,0,75,388.0,2085,0,23,17,1
2008,6,2008_06_BAL_IND,BAL,IND,0,61,260.0,1676,5,3,31,0
2008,6,2008_06_BAL_IND,IND,BAL,1,60,334.0,1924,0,31,3,1
2008,6,2008_06_CAR_TB,CAR,TB,0,59,282.0,1518,3,3,27,0
2008,6,2008_06_CAR_TB,TB,CAR,1,57,315.0,2082,0,27,3,1
2008,6,2008_06_CHI_ATL,ATL,CHI,1,60,376.0,1850,1,22,20,1
2008,6,2008_06_CHI_ATL,CHI,ATL,0,67,361.0,1750,0,20,22,0
2008,6,2008_06_CIN_NYJ,CIN,NYJ,0,59,171.0,1482,1,14,26,0
2008,6,2008_06_CIN_NYJ,NYJ,CIN,1,63,252.0,2118,3,26,14,1
2008,6,2008_06_DAL_ARI,ARI,DAL,1,50,276.0,1712,3,30,24,1
2008,6,2008_06_DAL_ARI,DAL,ARI,0,64,374.0,1995,1,24,30,0
2008,6,2008_06_DET_MIN,DET,MIN,0,51,212.0,1648,1,10,12,0
2008,6,2008_06_DET_MIN,MIN,DET,1,69,392.0,1952,3,12,10,1
2008,6,2008_06_GB_SEA,GB,SEA,0,71,313.0,2246,1,27,17,1
2008,6,2008_06_GB_SEA,SEA,GB,1,49,177.0,1354,2,17,27,0
2008,6,2008_06_JAX_DEN,DEN,JAX,1,60,323.0,1585,3,17,24,0
2008,6,2008_06_JAX_DEN,JAX,DEN,0,70,416.0,2015,2,24,17,1
2008,6,2008_06_MIA_HOU,HOU,MIA,1,71,485.0,1937,3,29,28,1
2008,6,2008_06_MIA_HOU,MIA,HOU,0,51,370.0,1663,2,28,29,0
2008,6,2008_06_NE_SD,LAC,NE,1,55,404.0,1706,1,30,10,1
2008,6,2008_06_NE_SD,NE,LAC,0,68,299.0,1894,1,10,30,0
2008,6,2008_06_NYG_CLE,CLE,NYG,1,60,456.0,1945,0,35,14,1
2008,6,2008_06_NYG_CLE,NYG,CLE,0,54,373.0,1655,3,14,35,0
2008,6,2008_06_OAK_NO,LV,NO,0,59,226.0,1428,2,3,34,0
2008,6,2008_06_OAK_NO,NO,LV,1,64,441.0,2172,0,34,3,1
2008,6,2008_06_PHI_SF,PHI,SF,0,57,381.0,1601,1,40,26,1
2008,6,2008_06_PHI_SF,SF,PHI,1,60,306.0,1999,3,26,40,0
2008,6,2008_06_STL_WAS,LA,WAS,0,54,200.0,1740,1,19,17,1
2008,6,2008_06_STL_WAS,WAS,LA,1,61,368.0,1860,3,17,19,0
2008,7,2008_07_BAL_MIA,BAL,MIA,0,61,357.0,1903,1,27,13,1
2008,7,2008_07_BAL_MIA,MIA,BAL,1,58,359.0,1697,1,13,27,0
2008,7,2008_07_CLE_WAS,CLE,WAS,0,67,238.0,1868,0,11,14,0
2008,7,2008_07_CLE_WAS,WAS,CLE,1,60,351.0,1732,1,14,11,1
2008,7,2008_07_DAL_STL,DAL,LA,0,59,341.0,1643,4,14,34,0
2008,7,2008_07_DAL_STL,LA,DAL,1,59,325.0,1957,0,34,14,1
2008,7,2008_07_DEN_NE,DEN,NE,0,58,275.0,1563,5,7,41,0
2008,7,2008_07_DEN_NE,NE,DEN,1,68,404.0,2037,0,41,7,1
2008,7,2008_07_DET_HOU,DET,HOU,0,47,328.0,1196,0,21,28,0
2008,7,2008_07_DET_HOU,HOU,DET,1,68,404.0,2404,1,28,21,1
2008,7,2008_07_IND_GB,GB,IND,1,63,302.0,2026,0,34,14,1
2008,7,2008_07_IND_GB,IND,GB,0,65,302.0,1574,2,14,34,0
2008,7,2008_07_MIN_CHI,CHI,MIN,1,56,327.0,1493,2,48,41,1
2008,7,2008_07_MIN_CHI,MIN,CHI,0,74,439.0,1962,4,41,48,0
2008,7,2008_07_NO_CAR,CAR,NO,1,60,336.0,1981,0,30,7,1
2008,7,2008_07_NO_CAR,NO,CAR,0,62,343.0,1619,2,7,30,0
2008,7,2008_07_NYJ_OAK,LV,NYJ,1,70,344.0,2139,1,16,13,1
2008,7,2008_07_NYJ_OAK,NYJ,LV,0,74,418.0,2211,2,13,16,0
2008,7,2008_07_PIT_CIN,CIN,PIT,1,68,212.0,1765,1,10,38,0
2008,7,2008_07_PIT_CIN,PIT,CIN,0,58,375.0,1835,0,38,10,1
2008,7,2008_07_SD_BUF,BUF,LAC,1,62,370.0,2129,0,23,14,1
2008,7,2008_07_SD_BUF,LAC,BUF,0,48,263.0,1471,3,14,23,0
2008,7,2008_07_SEA_TB,SEA,TB,0,39,176.0,1099,2,10,20,0
2008,7,2008_07_SEA_TB,TB,SEA,1,75,402.0,2501,1,20,10,1
2008,7,2008_07_SF_NYG,NYG,SF,1,63,273.0,2070,0,29,17,1
2008,7,2008_07_SF_NYG,SF,NYG,0,50,253.0,1608,3,17,29,0
2008,7,2008_07_TEN_KC,KC,TEN,1,57,272.0,1750,0,10,34,0
2008,7,2008_07_TEN_KC,TEN,KC,0,58,455.0,1850,0,34,10,1
2008,8,2008_08_ARI_CAR,ARI,CAR,0,67,425.0,1957,2,23,27,0
2008,8,2008_08_ARI_CAR,CAR,ARI,1,58,351.0,1643,1,27,23,1
2008,8,2008_08_ATL_PHI,ATL,PHI,0,70,335.0,1659,2,14,27,0
2008,8,2008_08_ATL_PHI,PHI,ATL,1,68,432.0,1941,2,27,14,1
2008,8,2008_08_BUF_MIA,BUF,MIA,0,64,339.0,1728,3,16,25,0
2008,8,2008_08_BUF_MIA,MIA,BUF,1,58,358.0,1872,2,25,16,1
2008,8,2008_08_CIN_HOU,CIN,HOU,0,56,253.0,1489,3,6,35,0
2008,8,2008_08_CIN_HOU,HOU,CIN,1,60,384.0,2111,0,35,6,1
2008,8,2008_08_CLE_JAX,CLE,JAX,0,52,327.0,1495,0,23,17,1
2008,8,2008_08_CLE_JAX,JAX,CLE,1,74,380.0,2105,1,17,23,0
2008,8,2008_08_IND_TEN,IND,TEN,0,63,317.0,1546,2,21,31,0
2008,8,2008_08_IND_TEN,TEN,IND,1,69,283.0,2054,0,31,21,1
2008,8,2008_08_KC_NYJ,KC,NYJ,0,60,330.0,1604,0,24,28,0
2008,8,2008_08_KC_NYJ,NYJ,KC,1,66,420.0,1996,3,28,24,1
2008,8,2008_08_NYG_PIT,NYG,PIT,0,67,282.0,2064,0,21,14,1
2008,8,2008_08_NYG_PIT,PIT,NYG,1,56,249.0,1536,4,14,21,0
2008,8,2008_08_OAK_BAL,BAL,LV,1,71,375.0,2180,1,29,10,1
2008,8,2008_08_OAK_BAL,LV,BAL,0,56,234.0,1420,1,10,29,0
2008,8,2008_08_SD_NO,LAC,NO,0,62,451.0,1750,2,32,37,0
2008,8,2008_08_SD_NO,NO,LAC,1,67,409.0,1984,0,37,32,1
2008,8,2008_08_SEA_SF,SEA,SF,0,54,261.0,1558,0,34,13,1
2008,8,2008_08_SEA_SF,SF,SEA,1,73,388.0,2042,2,13,34,0
2008,8,2008_08_STL_NE,LA,NE,0,64,358.0,1765,1,16,23,0
2008,8,2008_08_STL_NE,NE,LA,1,65,348.0,1925,2,23,16,1
2008,8,2008_08_TB_DAL,DAL,TB,1,62,172.0,1703,0,13,9,1
2008,8,2008_08_TB_DAL,TB,DAL,0,65,262.0,1897,1,9,13,0
2008,8,2008_08_WAS_DET,DET,WAS,1,51,274.0,1455,0,17,25,0
2008,8,2008_08_WAS_DET,WAS,DET,0,65,439.0,2145,1,25,17,1
2008,9,2008_09_ARI_STL,ARI,LA,0,68,510.0,2318,0,34,13,1
2008,9,2008_09_ARI_STL,LA,ARI,1,56,231.0,1282,3,13,34,0
2008,9,2008_09_ATL_OAK,ATL,LV,0,82,453.0,2715,1,24,0,1
2008,9,2008_09_ATL_OAK,LV,ATL,1,34,77.0,885,2,0,24,0
2008,9,2008_09_BAL_CLE,BAL,CLE,0,72,429.0,2025,0,37,27,1
2008,9,2008_09_BAL_CLE,CLE,BAL,1,57,274.0,1575,2,27,37,0
2008,9,2008_09_DAL_NYG,DAL,NYG,0,55,183.0,1547,4,14,35,0
2008,9,2008_09_DAL_NYG,NYG,DAL,1,65,319.0,2053,3,35,14,1
2008,9,2008_09_DET_CHI,CHI,DET,1,64,320.0,1671,2,27,23,1
2008,9,2008_09_DET_CHI,DET,CHI,0,75,333.0,1929,3,23,27,0
2008,9,2008_09_GB_TEN,GB,TEN,0,69,390.0,2043,2,16,19,0
2008,9,2008_09_GB_TEN,TEN,GB,1,75,347.0,1881,0,19,16,1
2008,9,2008_09_HOU_MIN,HOU,MIN,0,66,389.0,1942,3,21,28,0
2008,9,2008_09_HOU_MIN,MIN,HOU,1,56,345.0,1658,1,28,21,1
2008,9,2008_09_JAX_CIN,CIN,JAX,1,62,312.0,1819,2,21,19,1
2008,9,2008_09_JAX_CIN,JAX,CIN,0,63,275.0,1781,1,19,21,0
2008,9,2008_09_MIA_DEN,DEN,MIA,1,59,319.0,1408,3,17,26,0
2008,9,2008_09_MIA_DEN,MIA,DEN,0,72,341.0,2192,1,26,17,1
2008,9,2008_09_NE_IND,IND,NE,1,51,303.0,1536,0,18,15,1
2008,9,2008_09_NE_IND,NE,IND,0,68,342.0,2064,2,15,18,0
2008,9,2008_09_NYJ_BUF,BUF,NYJ,1,57,292.0,1804,3,17,26,0
2008,9,2008_09_NYJ_BUF,NYJ,BUF,0,53,297.0,1796,1,26,17,1
2008,9,2008_09_PHI_SEA,PHI,SEA,0,72,419.0,2235,1,26,7,1
2008,9,2008_09_PHI_SEA,SEA,PHI,1,55,233.0,1365,0,7,26,0
2008,9,2008_09_PIT_WAS,PIT,WAS,0,61,224.0,1843,1,23,6,1
2008,9,2008_09_PIT_WAS,WAS,PIT,1,65,221.0,1757,2,6,23,0
2008,9,2008_09_TB_KC,KC,TB,1,63,384.0,1939,1,27,30,0
2008,9,2008_09_TB_KC,TB,KC,0,71,425.0,1937,4,30,27,1
2008,10,2008_10_BAL_HOU,BAL,HOU,0,68,335.0,2357,0,41,13,1
2008,10,2008_10_BAL_HOU,HOU,BAL,1,56,355.0,1423,4,13,41,0
2008,10,2008_10_BUF_NE,BUF,NE,0,43,168.0,1340,2,10,20,0
2008,10,2008_10_BUF_NE,NE,BUF,1,78,370.0,2260,1,20,10,1
2008,10,2008_10_CAR_OAK,CAR,LV,0,57,219.0,1378,4,17,6,1
2008,10,2008_10_CAR_OAK,LV,CAR,1,75,259.0,2222,3,6,17,0
2008,10,2008_10_DEN_CLE,CLE,DEN,1,64,399.0,1929,1,30,34,0
2008,10,2008_10_DEN_CLE,DEN,CLE,0,71,564.0,1671,1,34,30,1
2008,10,2008_10_GB_MIN,GB,MIN,0,48,184.0,1435,0,27,28,0
2008,10,2008_10_GB_MIN,MIN,GB,1,71,361.0,2165,3,28,27,1
2008,10,2008_10_IND_PIT,IND,PIT,0,61,290.0,1555,0,24,20,1
2008,10,2008_10_IND_PIT,PIT,IND,1,70,326.0,2045,3,20,24,0
2008,10,2008_10_JAX_DET,DET,JAX,1,52,256.0,1741,1,14,38,0
2008,10,2008_10_JAX_DET,JAX,DET,0,61,384.0,2044,0,38,14,1
2008,10,2008_10_KC_SD,KC,LAC,0,62,339.0,1510,0,19,20,0
2008,10,2008_10_KC_SD,LAC,KC,1,64,400.0,2090,2,20,19,1
2008,10,2008_10_NO_ATL,ATL,NO,1,59,361.0,1872,0,34,20,1
2008,10,2008_10_NO_ATL,NO,ATL,0,76,521.0,1728,3,20,34,0
2008,10,2008_10_NYG_PHI,NYG,PHI,0,78,401.0,2350,2,36,31,1
2008,10,2008_10_NYG_PHI,PHI,NYG,1,57,300.0,1250,2,31,36,0
2008,10,2008_10_SEA_MIA,MIA,SEA,1,65,361.0,1913,1,21,19,1
2008,10,2008_10_SEA_MIA,SEA,MIA,0,65,298.0,1687,0,19,21,0
2008,10,2008_10_SF_ARI,ARI,SF,1,62,374.0,1952,0,29,24,1
2008,10,2008_10_SF_ARI,SF,ARI,0,68,336.0,1703,3,24,29,0
2008,10,2008_10_STL_NYJ,LA,NYJ,0,46,200.0,1196,5,3,47,0
2008,10,2008_10_STL_NYJ,NYJ,LA,1,62,373.0,2223,0,47,3,1
2008,10,2008_10_TEN_CHI,CHI,TEN,1,63,243.0,1604,1,14,21,0
2008,10,2008_10_TEN_CHI,TEN,CHI,0,71,304.0,1996,1,21,14,1
2008,11,2008_11_ARI_SEA,ARI,SEA,0,70,458.0,2045,2,26,20,1
2008,11,2008_11_ARI_SEA,SEA,ARI,1,54,196.0,1555,5,20,26,0
2008,11,2008_11_BAL_NYG,BAL,NYG,0,60,275.0,1748,2,10,30,0
2008,11,2008_11_BAL_NYG,NYG,BAL,1,57,353.0,1852,1,30,10,1
2008,11,2008_11_CHI_GB,CHI,GB,0,54,234.0,1352,1,3,37,0
2008,11,2008_11_CHI_GB,GB,CHI,1,68,427.0,2248,1,37,3,1
2008,11,2008_11_CLE_BUF,BUF,CLE,1,64,334.0,1992,4,27,29,0
2008,11,2008_11_CLE_BUF,CLE,BUF,0,64,337.0,1608,0,29,27,1
2008,11,2008_11_DAL_WAS,DAL,WAS,0,55,315.0,1874,2,14,10,1
2008,11,2008_11_DAL_WAS,WAS,DAL,1,56,228.0,1726,1,10,14,0
2008,11,2008_11_DEN_ATL,ATL,DEN,1,68,364.0,2022,1,20,24,0
2008,11,2008_11_DEN_ATL,DEN,ATL,0,53,332.0,1578,0,24,20,1
2008,11,2008_11_DET_CAR,CAR,DET,1,51,362.0,1543,1,31,22,1
2008,11,2008_11_DET_CAR,DET,CAR,0,73,316.0,2057,4,22,31,0
2008,11,2008_11_HOU_IND,HOU,IND,0,45,356.0,1545,1,27,33,0
2008,11,2008_11_HOU_IND,IND,HOU,1,80,474.0,2055,0,33,27,1
2008,11,2008_11_MIN_TB,MIN,TB,0,52,210.0,1571,2,13,19,0
2008,11,2008_11_MIN_TB,TB,MIN,1,64,363.0,2029,1,19,13,1
2008,11,2008_11_NO_KC,KC,NO,1,66,330.0,1824,1,20,30,0
2008,11,2008_11_NO_KC,NO,KC,0,64,369.0,1776,1,30,20,1
2008,11,2008_11_NYJ_NE,NE,NYJ,1,80,513.0,1712,1,31,34,0
2008,11,2008_11_NYJ_NE,NYJ,NE,0,75,375.0,2358,1,34,31,1
2008,11,2008_11_OAK_MIA,LV,MIA,0,48,186.0,1646,0,15,17,0
2008,11,2008_11_OAK_MIA,MIA,LV,1,60,382.0,1954,1,17,15,1
2008,11,2008_11_PHI_CIN,CIN,PHI,1,82,282.0,2504,1,13,13,0
2008,11,2008_11_PHI_CIN,PHI,CIN,0,78,391.0,1996,4,13,13,0
2008,11,2008_11_SD_PIT,LAC,PIT,0,50,213.0,1409,2,10,11,0
2008,11,2008_11_SD_PIT,PIT,LAC,1,73,410.0,2191,0,11,10,1
2008,11,2008_11_STL_SF,LA,SF,0,80,406.0,1904,3,16,35,0
2008,11,2008_11_STL_SF,SF,LA,1,59,334.0,1696,2,35,16,1
2008,11,2008_11_TEN_JAX,JAX,TEN,1,66,257.0,1947,1,14,24,0
2008,11,2008_11_TEN_JAX,TEN,JAX,0,57,344.0,1653,1,24,14,1
2008,12,2008_12_BUF_KC,BUF,KC,0,70,444.0,2137,0,54,31,1
2008,12,2008_12_BUF_KC,KC,BUF,1,55,462.0,1463,5,31,54,0
2008,12,2008_12_CAR_ATL,ATL,CAR,1,61,392.0,1729,1,45,28,1
2008,12,2008_12_CAR_ATL,CAR,ATL,0,65,410.0,1871,0,28,45,0
2008,12,2008_12_CHI_STL,CHI,LA,0,62,334.0,1815,2,27,3,1
2008,12,2008_12_CHI_STL,LA,CHI,1,60,207.0,1785,4,3,27,0
2008,12,2008_12_CIN_PIT,CIN,PIT,0,58,208.0,1480,2,10,27,0
2008,12,2008_12_CIN_PIT,PIT,CIN,1,67,364.0,2120,0,27,10,1
2008,12,2008_12_GB_NO,GB,NO,0,75,345.0,1924,3,29,51,0
2008,12,2008_12_GB_NO,NO,GB,1,55,416.0,1676,1,51,29,1
2008,12,2008_12_HOU_CLE,CLE,HOU,1,52,240.0,1358,5,6,16,0
2008,12,2008_12_HOU_CLE,HOU,CLE,0,69,383.0,2245,2,16,6,1
2008,12,2008_12_IND_SD,IND,LAC,0,68,341.0,1900,1,23,20,1
2008,12,2008_12_IND_SD,LAC,IND,1,58,394.0,1700,1,20,23,0
2008,12,2008_12_MIN_JAX,JAX,MIN,1,63,321.0,1771,5,12,30,0
2008,12,2008_12_MIN_JAX,MIN,JAX,0,57,226.0,1829,1,30,12,1
2008,12,2008_12_NE_MIA,MIA,NE,1,62,392.0,1610,1,28,48,0
2008,12,2008_12_NE_MIA,NE,MIA,0,70,530.0,1990,2,48,28,1
2008,12,2008_12_NYG_ARI,ARI,NYG,1,69,371.0,1763,2,29,37,0
2008,12,2008_12_NYG_ARI,NYG,ARI,0,61,321.0,1837,0,37,29,1
2008,12,2008_12_NYJ_TEN,NYJ,TEN,0,73,409.0,2430,2,34,13,1
2008,12,2008_12_NYJ_TEN,TEN,NYJ,1,51,281.0,1170,1,13,34,0
2008,12,2008_12_OAK_DEN,DEN,LV,1,65,319.0,1676,2,10,31,0
2008,12,2008_12_OAK_DEN,LV,DEN,0,53,318.0,1924,0,31,10,1
2008,12,2008_12_PHI_BAL,BAL,PHI,1,69,248.0,2001,0,36,7,1
2008,12,2008_12_PHI_BAL,PHI,BAL,0,64,206.0,1599,5,7,36,0
2008,12,2008_12_SF_DAL,DAL,SF,1,69,408.0,2083,1,35,22,1
2008,12,2008_12_SF_DAL,SF,DAL,0,53,304.0,1517,2,22,35,0
2008,12,2008_12_TB_DET,DET,TB,1,52,207.0,1578,4,20,38,0
2008,12,2008_12_TB_DET,TB,DET,0,56,255.0,1931,2,38,20,1
2008,12,2008_12_WAS_SEA,SEA,WAS,1,46,228.0,1293,2,17,20,0
2008,12,2008_12_WAS_SEA,WAS,SEA,0,76,386.0,2307,1,20,17,1
2008,13,2008_13_ARI_PHI,ARI,PHI,0,50,260.0,1227,5,20,48,0
2008,13,2008_13_ARI_PHI,PHI,ARI,1,80,437.0,2373,0,48,20,1
2008,13,2008_13_ATL_SD,ATL,LAC,0,66,348.0,2098,2,22,16,1
2008,13,2008_13_ATL_SD,LAC,ATL,1,53,201.0,1502,1,16,22,0
2008,13,2008_13_BAL_CIN,BAL,CIN,0,75,451.0,2338,0,34,3,1
2008,13,2008_13_BAL_CIN,CIN,BAL,1,53,155.0,1262,1,3,34,0
2008,13,2008_13_CAR_GB,CAR,GB,0,46,300.0,1328,1,35,31,1
2008,13,2008_13_CAR_GB,GB,CAR,1,77,440.0,2272,2,31,35,0
2008,13,2008_13_CHI_MIN,CHI,MIN,0,58,228.0,1575,3,14,34,0
2008,13,2008_13_CHI_MIN,MIN,CHI,1,66,378.0,2025,1,34,14,1
2008,13,2008_13_DEN_NYJ,DEN,NYJ,0,68,484.0,1915,1,34,17,1
2008,13,2008_13_DEN_NYJ,NYJ,DEN,1,64,383.0,1685,2,17,34,0
2008,13,2008_13_IND_CLE,CLE,IND,1,64,193.0,1934,2,6,10,0
2008,13,2008_13_IND_CLE,IND,CLE,0,50,215.0,1666,3,10,6,1
2008,13,2008_13_JAX_HOU,HOU,JAX,1,51,326.0,1617,1,30,17,1
2008,13,2008_13_JAX_HOU,JAX,HOU,0,64,388.0,1983,3,17,30,0
2008,13,2008_13_KC_OAK,KC,LV,0,60,301.0,2111,1,20,13,1
2008,13,2008_13_KC_OAK,LV,KC,1,57,271.0,1489,2,13,20,0
2008,13,2008_13_MIA_STL,LA,MIA,1,65,278.0,1907,3,12,16,0
2008,13,2008_13_MIA_STL,MIA,LA,0,59,327.0,1693,1,16,12,1
2008,13,2008_13_NO_TB,NO,TB,0,66,332.0,1844,3,20,23,0
2008,13,2008_13_NO_TB,TB,NO,1,61,254.0,1756,1,23,20,1
2008,13,2008_13_NYG_WAS,NYG,WAS,0,71,404.0,2090,1,23,7,1
2008,13,2008_13_NYG_WAS,WAS,NYG,1,61,320.0,1456,2,7,23,0
2008,13,2008_13_PIT_NE,NE,PIT,1,64,267.0,1530,5,10,33,0
2008,13,2008_13_PIT_NE,PIT,NE,0,68,333.0,2105,1,33,10,1
2008,13,2008_13_SEA_DAL,DAL,SEA,1,58,447.0,1830,1,34,9,1
2008,13,2008_13_SEA_DAL,SEA,DAL,0,68,322.0,1770,2,9,34,0
2008,13,2008_13_SF_BUF,BUF,SF,1,66,350.0,1830,1,3,10,0
2008,13,2008_13_SF_BUF,SF,BUF,0,55,195.0,1770,1,10,3,1
2008,13,2008_13_TEN_DET,DET,TEN,1,46,154.0,1386,2,10,47,0
2008,13,2008_13_TEN_DET,TEN,DET,0,66,456.0,2214,2,47,10,1
2008,14,2008_14_ATL_NO,ATL,NO,0,64,416.0,1972,1,25,29,0
2008,14,2008_14_ATL_NO,NO,ATL,1,63,414.0,1628,0,29,25,1
2008,14,2008_14_CIN_IND,CIN,IND,0,61,252.0,1973,4,3,35,0
2008,14,2008_14_CIN_IND,IND,CIN,1,52,334.0,1627,1,35,3,1
2008,14,2008_14_CLE_TEN,CLE,TEN,0,64,178.0,1574,1,9,28,0
2008,14,2008_14_CLE_TEN,TEN,CLE,1,66,390.0,2026,3,28,9,1
2008,14,2008_14_DAL_PIT,DAL,PIT,0,65,289.0,1830,4,13,20,0
2008,14,2008_14_DAL_PIT,PIT,DAL,1,64,238.0,1770,3,20,13,1
2008,14,2008_14_HOU_GB,GB,HOU,1,52,387.0,1557,2,21,24,0
2008,14,2008_14_HOU_GB,HOU,GB,0,75,551.0,2043,3,24,21,1
2008,14,2008_14_JAX_CHI,CHI,JAX,1,61,296.0,1677,1,23,10,1
2008,14,2008_14_JAX_CHI,JAX,CHI,0,69,278.0,1923,1,10,23,0
2008,14,2008_14_KC_DEN,DEN,KC,1,70,425.0,2198,1,24,17,1
2008,14,2008_14_KC_DEN,KC,DEN,0,51,260.0,1402,0,17,24,0
2008,14,2008_14_MIA_BUF,BUF,MIA,1,49,163.0,1349,2,3,16,0
2008,14,2008_14_MIA_BUF,MIA,BUF,0,64,295.0,2251,0,16,3,1
2008,14,2008_14_MIN_DET,DET,MIN,1,55,267.0,1780,0,16,20,0
2008,14,2008_14_MIN_DET,MIN,DET,0,54,298.0,1820,2,20,16,1
2008,14,2008_14_NE_SEA,NE,SEA,0,73,346.0,2035,0,24,21,1
2008,14,2008_14_NE_SEA,SEA,NE,1,55,339.0,1565,1,21,24,0
2008,14,2008_14_NYJ_SF,NYJ,SF,0,46,182.0,1211,1,14,24,0
2008,14,2008_14_NYJ_SF,SF,NYJ,1,74,375.0,2389,2,24,14,1
2008,14,2008_14_OAK_SD,LAC,LV,1,68,372.0,2053,0,34,7,1
2008,14,2008_14_OAK_SD,LV,LAC,0,49,163.0,1547,5,7,34,0
2008,14,2008_14_PHI_NYG,NYG,PHI,1,51,211.0,1506,0,14,20,0
2008,14,2008_14_PHI_NYG,PHI,NYG,0,72,331.0,2094,0,20,14,1
2008,14,2008_14_STL_ARI,ARI,LA,1,56,335.0,1833,1,34,10,1
2008,14,2008_14_STL_ARI,LA,ARI,0,64,308.0,1548,3,10,34,0
2008,14,2008_14_TB_CAR,CAR,TB,1,58,464.0,1772,2,38,23,1
2008,14,2008_14_TB_CAR,TB,CAR,0,67,384.0,1828,0,23,38,0
2008,14,2008_14_WAS_BAL,BAL,WAS,1,60,281.0,1850,2,24,10,1
2008,14,2008_14_WAS_BAL,WAS,BAL,0,60,254.0,1750,3,10,24,0
2008,15,2008_15_BUF_NYJ,BUF,NYJ,0,74,306.0,2129,4,27,31,0
2008,15,2008_15_BUF_NYJ,NYJ,BUF,1,54,372.0,1471,2,31,27,1
2008,15,2008_15_CLE_PHI,CLE,PHI,0,51,196.0,1325,2,10,30,0
2008,15,2008_15_CLE_PHI,PHI,CLE,1,73,418.0,2275,3,30,10,1
2008,15,2008_15_DEN_CAR,CAR,DEN,1,56,400.0,1850,1,30,10,1
2008,15,2008_15_DEN_CAR,DEN,CAR,0,59,279.0,1750,2,10,30,0
2008,15,2008_15_DET_IND,DET,IND,0,57,325.0,1639,4,21,31,0
2008,15,2008_15_DET_IND,IND,DET,1,67,421.0,1961,0,31,21,1
2008,15,2008_15_GB_JAX,GB,JAX,0,63,338.0,1923,1,16,20,0
2008,15,2008_15_GB_JAX,JAX,GB,1,55,323.0,1677,0,20,16,1
2008,15,2008_15_MIN_ARI,ARI,MIN,1,61,316.0,1776,2,14,35,0
2008,15,2008_15_MIN_ARI,MIN,ARI,0,64,396.0,2074,1,35,14,1
2008,15,2008_15_NE_OAK,LV,NE,1,63,334.0,1759,1,26,49,0
2008,15,2008_15_NE_OAK,NE,LV,0,71,487.0,1841,1,49,26,1
2008,15,2008_15_NO_CHI,CHI,NO,1,62,226.0,1574,3,27,24,1
2008,15,2008_15_NO_CHI,NO,CHI,0,76,345.0,2192,2,24,27,0
2008,15,2008_15_NYG_DAL,DAL,NYG,1,56,321.0,1768,0,20,8,1
2008,15,2008_15_NYG_DAL,NYG,DAL,0,60,218.0,1832,2,8,20,0
2008,15,2008_15_PIT_BAL,BAL,PIT,1,61,202.0,1702,2,9,13,0
2008,15,2008_15_PIT_BAL,PIT,BAL,0,70,311.0,1898,2,13,9,1
2008,15,2008_15_SD_KC,KC,LAC,1,60,277.0,1931,2,21,22,0
2008,15,2008_15_SD_KC,LAC,KC,0,72,394.0,1669,3,22,21,1
2008,15,2008_15_SEA_STL,LA,SEA,1,65,342.0,2038,2,20,23,0
2008,15,2008_15_SEA_STL,SEA,LA,0,55,333.0,1562,2,23,20,1
2008,15,2008_15_SF_MIA,MIA,SF,1,42,248.0,1307,0,14,9,1
2008,15,2008_15_SF_MIA,SF,MIA,0,79,318.0,2293,0,9,14,0
2008,15,2008_15_TB_ATL,ATL,TB,1,67,373.0,2170,3,13,10,1
2008,15,2008_15_TB_ATL,TB,ATL,0,67,325.0,2086,1,10,13,0
2008,15,2008_15_TEN_HOU,HOU,TEN,1,71,375.0,2184,1,13,12,1
2008,15,2008_15_TEN_HOU,TEN,HOU,0,57,281.0,1418,2,12,13,0
2008,15,2008_15_WAS_CIN,CIN,WAS,1,64,310.0,1868,0,20,13,1
2008,15,2008_15_WAS_CIN,WAS,CIN,0,60,280.0,1732,2,13,20,0
2008,16,2008_16_ARI_NE,ARI,NE,0,50,186.0,1285,2,7,47,0
2008,16,2008_16_ARI_NE,NE,ARI,1,81,514.0,2315,0,47,7,1
2008,16,2008_16_ATL_MIN,ATL,MIN,0,58,222.0,1625,1,24,17,1
2008,16,2008_16_ATL_MIN,MIN,ATL,1,70,350.0,1975,3,17,24,0
2008,16,2008_16_BAL_DAL,BAL,DAL,0,66,388.0,1950,1,33,24,1
2008,16,2008_16_BAL_DAL,DAL,BAL,1,68,327.0,1650,2,24,33,0
2008,16,2008_16_BUF_DEN,BUF,DEN,0,52,275.0,1609,0,30,23,1
2008,16,2008_16_BUF_DEN,DEN,BUF,1,73,532.0,1991,2,23,30,0
2008,16,2008_16_CAR_NYG,CAR,NYG,0,54,343.0,1556,0,28,34,0
2008,16,2008_16_CAR_NYG,NYG,CAR,1,72,461.0,2347,0,34,28,1
2008,16,2008_16_CIN_CLE,CIN,CLE,0,55,246.0,1907,1,14,0,1
2008,16,2008_16_CIN_CLE,CLE,CIN,1,54,182.0,1693,4,0,14,0
2008,16,2008_16_GB_CHI,CHI,GB,1,56,210.0,1670,3,20,17,1
2008,16,2008_16_GB_CHI,GB,CHI,0,68,325.0,2142,1,17,20,0
2008,16,2008_16_HOU_OAK,HOU,LV,0,61,324.0,1928,1,16,27,0
2008,16,2008_16_HOU_OAK,LV,HOU,1,60,362.0,1889,1,27,16,1
2008,16,2008_16_IND_JAX,IND,JAX,0,52,396.0,1687,0,31,24,1
2008,16,2008_16_IND_JAX,JAX,IND,1,71,409.0,1913,1,24,31,0
2008,16,2008_16_MIA_KC,KC,MIA,1,65,492.0,1550,4,31,38,0
2008,16,2008_16_MIA_KC,MIA,KC,0,64,403.0,2050,2,38,31,1
2008,16,2008_16_NO_DET,DET,NO,1,55,255.0,1531,2,7,42,0
2008,16,2008_16_NO_DET,NO,DET,0,70,532.0,2069,1,42,7,1
2008,16,2008_16_NYJ_SEA,NYJ,SEA,0,60,265.0,1824,2,3,13,0
2008,16,2008_16_NYJ_SEA,SEA,NYJ,1,61,295.0,1776,2,13,3,1
2008,16,2008_16_PHI_WAS,PHI,WAS,0,64,275.0,1606,1,3,10,0
2008,16,2008_16_PHI_WAS,WAS,PHI,1,68,249.0,1994,0,10,3,1
2008,16,2008_16_PIT_TEN,PIT,TEN,0,69,374.0,1851,4,14,31,0
2008,16,2008_16_PIT_TEN,TEN,PIT,1,61,323.0,1749,0,31,14,1
2008,16,2008_16_SD_TB,LAC,TB,0,58,370.0,1851,0,41,24,1
2008,16,2008_16_SD_TB,TB,LAC,1,64,342.0,1749,3,24,41,0
2008,16,2008_16_SF_STL,LA,SF,1,79,343.0,2318,1,16,17,0
2008,16,2008_16_SF_STL,SF,LA,0,55,273.0,1282,4,17,16,1
2008,17,2008_17_CAR_NO,CAR,NO,0,63,478.0,2215,0,33,31,1
2008,17,2008_17_CAR_NO,NO,CAR,1,62,417.0,1385,2,31,33,0
2008,17,2008_17_CHI_HOU,CHI,HOU,0,57,294.0,1346,1,24,31,0
2008,17,2008_17_CHI_HOU,HOU,CHI,1,72,455.0,2254,1,31,24,1
2008,17,2008_17_CLE_PIT,CLE,PIT,0,50,126.0,1600,2,0,31,0
2008,17,2008_17_CLE_PIT,PIT,CLE,1,62,369.0,2000,1,31,0,1
2008,17,2008_17_DAL_PHI,DAL,PHI,0,64,298.0,1745,5,6,44,0
2008,17,2008_17_DAL_PHI,PHI,DAL,1,58,303.0,1855,1,44,6,1
2008,17,2008_17_DEN_SD,DEN,LAC,0,60,408.0,1433,2,21,52,0
2008,17,2008_17_DEN_SD,LAC,DEN,1,64,491.0,2167,0,52,21,1
2008,17,2008_17_DET_GB,DET,GB,0,72,316.0,1802,2,21,31,0
2008,17,2008_17_DET_GB,GB,DET,1,62,484.0,1798,1,31,21,1
2008,17,2008_17_JAX_BAL,BAL,JAX,1,62,431.0,2295,0,27,7,1
2008,17,2008_17_JAX_BAL,JAX,BAL,0,53,245.0,1246,4,7,27,0
2008,17,2008_17_KC_CIN,CIN,KC,1,70,329.0,2259,0,16,6,1
2008,17,2008_17_KC_CIN,KC,CIN,0,53,220.0,1341,1,6,16,0
2008,17,2008_17_MIA_NYJ,MIA,NYJ,0,61,319.0,2028,1,24,17,1
2008,17,2008_17_MIA_NYJ,NYJ,MIA,1,63,329.0,1572,4,17,24,0
2008,17,2008_17_NE_BUF,BUF,NE,1,62,276.0,1680,1,0,13,0
2008,17,2008_17_NE_BUF,NE,BUF,0,56,241.0,1920,0,13,0,1
2008,17,2008_17_NYG_MIN,MIN,NYG,1,55,328.0,1541,1,20,19,1
2008,17,2008_17_NYG_MIN,NYG,MIN,0,62,357.0,2059,0,19,20,0
2008,17,2008_17_OAK_TB,LV,TB,0,57,337.0,1918,1,31,24,1
2008,17,2008_17_OAK_TB,TB,LV,1,60,380.0,1730,1,24,31,0
2008,17,2008_17_SEA_ARI,ARI,SEA,1,58,457.0,1664,2,34,21,1
2008,17,2008_17_SEA_ARI,SEA,ARI,0,72,330.0,1936,3,21,34,0
2008,17,2008_17_STL_ATL,ATL,LA,1,54,417.0,1487,3,31,27,1
2008,17,2008_17_STL_ATL,LA,ATL,0,72,408.0,2113,0,27,31,0
2008,17,2008_17_TEN_IND,IND,TEN,1,65,390.0,2300,0,23,0,1
2008,17,2008_17_TEN_IND,TEN,IND,0,38,125.0,1602,0,0,23,0
2008,17,2008_17_WAS_SF,SF,WAS,1,57,359.0,1680,1,27,24,1
2008,17,2008_17_WAS_SF,WAS,SF,0,65,268.0,1920,1,24,27,0
2009,1,2009_01_BUF_NE,BUF,NE,0,48,276.0,1372,1,24,25,0
2009,1,2009_01_BUF_NE,NE,BUF,1,79,441.0,2228,1,25,24,1
2009,1,2009_01_CHI_GB,CHI,GB,0,69,352.0,2010,4,15,21,0
2009,1,2009_01_CHI_GB,GB,CHI,1,55,228.0,1617,0,21,15,1
2009,1,2009_01_DAL_TB,DAL,TB,0,52,462.0,1588,0,34,21,1
2009,1,2009_01_DAL_TB,TB,DAL,1,73,450.0,2012,0,21,34,0
2009,1,2009_01_DEN_CIN,CIN,DEN,1,63,307.0,2007,2,7,12,0
2009,1,2009_01_DEN_CIN,DEN,CIN,0,52,302.0,1593,0,12,7,1
2009,1,2009_01_DET_NO,DET,NO,0,58,231.0,1410,4,27,45,0
2009,1,2009_01_DET_NO,NO,DET,1,69,515.0,2190,2,45,27,1
2009,1,2009_01_JAX_IND,IND,JAX,1,70,365.0,2036,2,14,12,1
2009,1,2009_01_JAX_IND,JAX,IND,0,56,228.0,1564,0,12,14,0
2009,1,2009_01_KC_BAL,BAL,KC,1,85,501.0,2389,1,38,24,1
2009,1,2009_01_KC_BAL,KC,BAL,0,44,188.0,1211,0,24,38,0
2009,1,2009_01_MIA_ATL,ATL,MIA,1,65,281.0,1853,0,19,7,1
2009,1,2009_01_MIA_ATL,MIA,ATL,0,56,259.0,1747,4,7,19,0
2009,1,2009_01_MIN_CLE,CLE,MIN,1,60,268.0,1598,2,20,34,0
2009,1,2009_01_MIN_CLE,MIN,CLE,0,63,310.0,2002,0,34,20,1
2009,1,2009_01_NYJ_HOU,HOU,NYJ,1,48,183.0,1274,2,7,24,0
2009,1,2009_01_NYJ_HOU,NYJ,HOU,0,73,462.0,2326,1,24,7,1
2009,1,2009_01_PHI_CAR,CAR,PHI,1,69,169.0,1703,7,10,38,0
2009,1,2009_01_PHI_CAR,PHI,CAR,0,63,267.0,1897,2,38,10,1
2009,1,2009_01_SD_OAK,LAC,LV,0,62,317.0,1703,2,24,20,1
2009,1,2009_01_SD_OAK,LV,LAC,1,65,366.0,1897,3,20,24,0
2009,1,2009_01_SF_ARI,ARI,SF,1,64,299.0,1703,2,16,20,0
2009,1,2009_01_SF_ARI,SF,ARI,0,60,203.0,1897,1,20,16,1
2009,1,2009_01_STL_SEA,LA,SEA,0,57,247.0,1653,1,0,28,0
2009,1,2009_01_STL_SEA,SEA,LA,1,70,446.0,1947,3,28,0,1
2009,1,2009_01_TEN_PIT,PIT,TEN,1,70,357.0,2171,3,13,10,1
2009,1,2009_01_TEN_PIT,TEN,PIT,0,61,320.0,1701,2,10,13,0
2009,1,2009_01_WAS_NYG,NYG,WAS,1,61,351.0,2168,2,23,17,1
2009,1,2009_01_WAS_NYG,WAS,NYG,0,50,272.0,1432,2,17,23,0
2009,2,2009_02_ARI_JAX,ARI,JAX,0,60,383.0,1881,1,31,17,1
2009,2,2009_02_ARI_JAX,JAX,ARI,1,67,372.0,1719,4,17,31,0
2009,2,2009_02_BAL_SD,BAL,LAC,0,60,311.0,1721,1,31,26,1
2009,2,2009_02_BAL_SD,LAC,BAL,1,68,474.0,1879,2,26,31,0
2009,2,2009_02_CAR_ATL,ATL,CAR,1,64,371.0,1892,2,28,20,1
2009,2,2009_02_CAR_ATL,CAR,ATL,0,67,440.0,1708,2,20,28,0
2009,2,2009_02_CIN_GB,CIN,GB,0,59,319.0,2073,2,31,24,1
2009,2,2009_02_CIN_GB,GB,CIN,1,63,311.0,1572,1,24,31,0
2009,2,2009_02_CLE_DEN,CLE,DEN,0,56,200.0,1636,3,6,27,0
2009,2,2009_02_CLE_DEN,DEN,CLE,1,74,449.0,1964,1,27,6,1
2009,2,2009_02_HOU_TEN,HOU,TEN,0,68,420.0,2043,0,34,31,1
2009,2,2009_02_HOU_TEN,TEN,HOU,1,60,449.0,1557,2,31,34,0
2009,2,2009_02_IND_MIA,IND,MIA,0,35,356.0,893,0,27,23,1
2009,2,2009_02_IND_MIA,MIA,IND,1,84,403.0,2707,1,23,27,0
2009,2,2009_02_MIN_DET,DET,MIN,1,66,265.0,1825,3,13,27,0
2009,2,2009_02_MIN_DET,MIN,DET,0,56,265.0,1775,1,27,13,1
2009,2,2009_02_NE_NYJ,NE,NYJ,0,67,299.0,1850,1,9,16,0
2009,2,2009_02_NE_NYJ,NYJ,NE,1,55,254.0,1750,1,16,9,1
2009,2,2009_02_NO_PHI,NO,PHI,0,65,421.0,1826,1,48,22,1
2009,2,2009_02_NO_PHI,PHI,NO,1,75,463.0,1774,4,22,48,0
2009,2,2009_02_NYG_DAL,DAL,NYG,1,58,378.0,1511,4,31,33,0
2009,2,2009_02_NYG_DAL,NYG,DAL,0,64,427.0,2089,0,33,31,1
2009,2,2009_02_OAK_KC,KC,LV,1,79,409.0,2319,2,10,13,0
2009,2,2009_02_OAK_KC,LV,KC,0,51,166.0,1281,0,13,10,1
2009,2,2009_02_PIT_CHI,CHI,PIT,1,57,275.0,1774,0,17,14,1
2009,2,2009_02_PIT_CHI,PIT,CHI,0,59,308.0,1826,2,14,17,0
2009,2,2009_02_SEA_SF,SEA,SF,0,65,283.0,1529,1,10,23,0
2009,2,2009_02_SEA_SF,SF,SEA,1,60,379.0,2071,0,23,10,1
2009,2,2009_02_STL_WAS,LA,WAS,0,50,245.0,1507,1,7,9,0
2009,2,2009_02_STL_WAS,WAS,LA,1,70,362.0,2093,1,9,7,1
2009,2,2009_02_TB_BUF,BUF,TB,1,68,438.0,1773,2,33,20,1
2009,2,2009_02_TB_BUF,TB,BUF,0,72,353.0,1827,2,20,33,0
2009,3,2009_03_ATL_NE,ATL,NE,0,45,257.0,1211,1,10,26,0
2009,3,2009_03_ATL_NE,NE,ATL,1,81,445.0,2389,0,26,10,1
2009,3,2009_03_CAR_DAL,CAR,DAL,0,52,271.0,1376,3,7,21,0
2009,3,2009_03_CAR_DAL,DAL,CAR,1,68,451.0,2224,0,21,7,1
2009,3,2009_03_CHI_SEA,CHI,SEA,0,58,320.0,1824,2,25,19,1
2009,3,2009_03_CHI_SEA,SEA,CHI,1,75,346.0,1776,2,19,25,0
2009,3,2009_03_CLE_BAL,BAL,CLE,1,66,479.0,1878,1,34,3,1
2009,3,2009_03_CLE_BAL,CLE,BAL,0,52,186.0,1722,4,3,34,0
2009,3,2009_03_DEN_OAK,DEN,LV,0,68,372.0,2175,1,23,3,1
2009,3,2009_03_DEN_OAK,LV,DEN,1,47,137.0,1425,3,3,23,0
2009,3,2009_03_GB_STL,GB,LA,0,62,402.0,1819,0,36,17,1
2009,3,2009_03_GB_STL,LA,GB,1,69,336.0,1781,3,17,36,0
2009,3,2009_03_IND_ARI,ARI,IND,1,70,323.0,1698,3,10,31,0
2009,3,2009_03_IND_ARI,IND,ARI,0,66,505.0,1902,1,31,10,1
2009,3,2009_03_JAX_HOU,HOU,JAX,1,59,397.0,1748,2,24,31,0
2009,3,2009_03_JAX_HOU,JAX,HOU,0,61,398.0,1852,1,31,24,1
2009,3,2009_03_KC_PHI,KC,PHI,0,51,196.0,1765,1,14,34,0
2009,3,2009_03_KC_PHI,PHI,KC,1,63,420.0,1835,1,34,14,1
2009,3,2009_03_MIA_SD,LAC,MIA,1,63,355.0,1653,1,23,13,1
2009,3,2009_03_MIA_SD,MIA,LAC,0,63,289.0,1947,2,13,23,0
2009,3,2009_03_NO_BUF,BUF,NO,1,61,243.0,1586,1,7,27,0
2009,3,2009_03_NO_BUF,NO,BUF,0,69,378.0,2014,2,27,7,1
2009,3,2009_03_NYG_TB,NYG,TB,0,76,397.0,2618,0,24,0,1
2009,3,2009_03_NYG_TB,TB,NYG,1,36,86.0,982,1,0,24,0
2009,3,2009_03_PIT_CIN,CIN,PIT,1,60,275.0,1518,0,23,20,1
2009,3,2009_03_PIT_CIN,PIT,CIN,0,60,373.0,2082,1,20,23,0
2009,3,2009_03_SF_MIN,MIN,SF,1,75,377.0,1929,1,27,24,1
2009,3,2009_03_SF_MIN,SF,MIN,0,52,246.0,1671,1,24,27,0
2009,3,2009_03_TEN_NYJ,NYJ,TEN,1,64,229.0,1958,3,24,17,1
2009,3,2009_03_TEN_NYJ,TEN,NYJ,0,69,286.0,1642,3,17,24,0
2009,3,2009_03_WAS_DET,DET,WAS,1,75,381.0,2208,0,19,14,1
2009,3,2009_03_WAS_DET,WAS,DET,0,57,390.0,1392,1,14,19,0
2009,4,2009_04_BAL_NE,BAL,NE,0,66,363.0,1504,2,21,27,0
2009,4,2009_04_BAL_NE,NE,BAL,1,65,319.0,2096,1,27,21,1
2009,4,2009_04_BUF_MIA,BUF,MIA,0,49,206.0,1371,3,10,38,0
2009,4,2009_04_BUF_MIA,MIA,BUF,1,73,336.0,2229,0,38,10,1
2009,4,2009_04_CIN_CLE,CIN,CLE,0,76,375.0,2161,2,23,20,1
2009,4,2009_04_CIN_CLE,CLE,CIN,1,83,395.0,2335,2,20,23,0
2009,4,2009_04_DAL_DEN,DAL,DEN,0,72,315.0,1987,2,10,17,0
2009,4,2009_04_DAL_DEN,DEN,DAL,1,57,337.0,1613,1,17,10,1
2009,4,2009_04_DET_CHI,CHI,DET,1,50,276.0,1410,0,48,24,1
2009,4,2009_04_DET_CHI,DET,CHI,0,78,398.0,2190,2,24,48,0
2009,4,2009_04_GB_MIN,GB,MIN,0,63,424.0,1696,2,23,30,0
2009,4,2009_04_GB_MIN,MIN,GB,1,62,334.0,1904,1,30,23,1
2009,4,2009_04_NYG_KC,KC,NYG,1,63,193.0,1753,1,16,27,0
2009,4,2009_04_NYG_KC,NYG,KC,0,71,429.0,1847,2,27,16,1
2009,4,2009_04_NYJ_NO,NO,NYJ,1,64,343.0,1959,1,24,10,1
2009,4,2009_04_NYJ_NO,NYJ,NO,0,58,244.0,1641,4,10,24,0
2009,4,2009_04_OAK_HOU,HOU,LV,1,67,329.0,2053,3,29,6,1
2009,4,2009_04_OAK_HOU,LV,HOU,0,57,165.0,1547,2,6,29,0
2009,4,2009_04_SD_PIT,LAC,PIT,0,47,251.0,1180,2,28,38,0
2009,4,2009_04_SD_PIT,PIT,LAC,1,73,497.0,2497,1,38,28,1
2009,4,2009_04_SEA_IND,IND,SEA,1,63,431.0,1894,1,34,17,1
2009,4,2009_04_SEA_IND,SEA,IND,0,69,279.0,1866,2,17,34,0
2009,4,2009_04_STL_SF,LA,SF,0,57,177.0,1468,2,0,35,0
2009,4,2009_04_STL_SF,SF,LA,1,57,228.0,1812,1,35,0,1
2009,4,2009_04_TB_WAS,TB,WAS,0,55,229.0,1864,2,13,16,0
2009,4,2009_04_TB_WAS,WAS,TB,1,60,277.0,1736,4,16,13,1
2009,4,2009_04_TEN_JAX,JAX,TEN,1,69,442.0,2047,1,37,17,1
2009,4,2009_04_TEN_JAX,TEN,JAX,0,69,381.0,1553,3,17,37,0
2009,5,2009_05_ATL_SF,ATL,SF,0,72,477.0,2189,3,45,10,1
2009,5,2009_05_ATL_SF,SF,ATL,1,58,279.0,1411,2,10,45,0
2009,5,2009_05_CIN_BAL,BAL,CIN,1,51,257.0,1541,2,14,17,0
2009,5,2009_05_CIN_BAL,CIN,BAL,0,66,403.0,2059,2,17,14,1
2009,5,2009_05_CLE_BUF,BUF,CLE,1,68,288.0,1894,2,3,6,0
2009,5,2009_05_CLE_BUF,CLE,BUF,0,59,193.0,1706,2,6,3,1
2009,5,2009_05_DAL_KC,DAL,KC,0,61,498.0,1920,1,26,20,1
2009,5,2009_05_DAL_KC,KC,DAL,1,74,304.0,2078,1,20,26,0
2009,5,2009_05_HOU_ARI,ARI,HOU,1,55,340.0,1595,1,28,21,1
2009,5,2009_05_HOU_ARI,HOU,ARI,0,71,416.0,2005,1,21,28,0
2009,5,2009_05_IND_TEN,IND,TEN,0,67,367.0,2018,1,31,9,1
2009,5,2009_05_IND_TEN,TEN,IND,1,57,245.0,1582,3,9,31,0
2009,5,2009_05_JAX_SEA,JAX,SEA,0,52,199.0,1516,2,0,41,0
2009,5,2009_05_JAX_SEA,SEA,JAX,1,71,379.0,2084,0,41,0,1
2009,5,2009_05_MIN_STL,LA,MIN,1,70,400.0,1959,4,10,38,0
2009,5,2009_05_MIN_STL,MIN,LA,0,53,377.0,1641,1,38,10,1
2009,5,2009_05_NE_DEN,DEN,NE,1,75,424.0,2189,2,20,17,1
2009,5,2009_05_NE_DEN,NE,DEN,0,61,305.0,1702,1,17,20,0
2009,5,2009_05_NYJ_MIA,MIA,NYJ,1,64,413.0,2015,0,31,27,1
2009,5,2009_05_NYJ_MIA,NYJ,MIA,0,55,309.0,1585,0,27,31,0
2009,5,2009_05_OAK_NYG,LV,NYG,0,44,124.0,1436,4,7,44,0
2009,5,2009_05_OAK_NYG,NYG,LV,1,65,483.0,2164,0,44,7,1
2009,5,2009_05_PIT_DET,DET,PIT,1,69,335.0,1955,1,20,28,0
2009,5,2009_05_PIT_DET,PIT,DET,0,54,344.0,1645,1,28,20,1
2009,5,2009_05_TB_PHI,PHI,TB,1,48,325.0,1618,0,33,14,1
2009,5,2009_05_TB_PHI,TB,PHI,0,75,303.0,2073,3,14,33,0
2009,5,2009_05_WAS_CAR,CAR,WAS,1,61,250.0,1877,3,20,17,1
2009,5,2009_05_WAS_CAR,WAS,CAR,0,52,198.0,1723,0,17,20,0
2009,6,2009_06_ARI_SEA,ARI,SEA,0,71,344.0,2570,2,27,3,1
2009,6,2009_06_ARI_SEA,SEA,ARI,1,46,128.0,1101,2,3,27,0
2009,6,2009_06_BAL_MIN,BAL,MIN,0,64,448.0,1517,0,31,33,0
2009,6,2009_06_BAL_MIN,MIN,BAL,1,63,426.0,2083,0,33,31,1
2009,6,2009_06_BUF_NYJ,BUF,NYJ,0,73,296.0,2343,1,16,13,1
2009,6,2009_06_BUF_NYJ,NYJ,BUF,1,72,414.0,1993,7,13,16,0
2009,6,2009_06_CAR_TB,CAR,TB,0,66,322.0,1941,3,28,21,1
2009,6,2009_06_CAR_TB,TB,CAR,1,46,245.0,1659,2,21,28,0
2009,6,2009_06_CHI_ATL,ATL,CHI,1,56,253.0,1566,2,21,14,1
2009,6,2009_06_CHI_ATL,CHI,ATL,0,68,373.0,2034,3,14,21,0
2009,6,2009_06_CLE_PIT,CLE,PIT,0,51,197.0,1394,4,14,27,0
2009,6,2009_06_CLE_PIT,PIT,CLE,1,74,543.0,2206,4,27,14,1
2009,6,2009_06_DEN_SD,DEN,LAC,0,63,328.0,1843,0,34,23,1
2009,6,2009_06_DEN_SD,LAC,DEN,1,59,311.0,1757,1,23,34,0
2009,6,2009_06_DET_GB,DET,GB,0,48,149.0,1152,3,0,26,0
2009,6,2009_06_DET_GB,GB,DET,1,72,435.0,2448,2,26,0,1
2009,6,2009_06_HOU_CIN,CIN,HOU,1,53,296.0,1425,3,17,28,0
2009,6,2009_06_HOU_CIN,HOU,CIN,0,73,472.0,2175,2,28,17,1
2009,6,2009_06_KC_WAS,KC,WAS,0,72,268.0,2230,0,14,6,1
2009,6,2009_06_KC_WAS,WAS,KC,1,53,265.0,1370,2,6,14,0
2009,6,2009_06_NYG_NO,NO,NYG,1,70,493.0,2167,0,48,27,1
2009,6,2009_06_NYG_NO,NYG,NO,0,57,325.0,1433,2,27,48,0
2009,6,2009_06_PHI_OAK,LV,PHI,1,65,325.0,1982,2,13,9,1
2009,6,2009_06_PHI_OAK,PHI,LV,0,66,283.0,1618,0,9,13,0
2009,6,2009_06_STL_JAX,JAX,LA,1,84,492.0,2532,3,23,20,1
2009,6,2009_06_STL_JAX,LA,JAX,0,53,262.0,1488,1,20,23,0
2009,6,2009_06_TEN_NE,NE,TEN,1,77,619.0,2340,0,59,0,1
2009,6,2009_06_TEN_NE,TEN,NE,0,50,186.0,1260,5,0,59,0
2009,7,2009_07_ARI_NYG,ARI,NYG,0,60,288.0,1784,2,24,17,1
2009,7,2009_07_ARI_NYG,NYG,ARI,1,66,327.0,1816,4,17,24,0
2009,7,2009_07_ATL_DAL,ATL,DAL,0,65,298.0,1868,3,21,37,0
2009,7,2009_07_ATL_DAL,DAL,ATL,1,59,414.0,1732,1,37,21,1
2009,7,2009_07_BUF_CAR,BUF,CAR,0,54,167.0,1520,1,20,9,1
2009,7,2009_07_BUF_CAR,CAR,BUF,1,71,425.0,2080,3,9,20,0
2009,7,2009_07_CHI_CIN,CHI,CIN,0,52,279.0,1418,4,10,45,0
2009,7,2009_07_CHI_CIN,CIN,CHI,1,69,448.0,2182,0,45,10,1
2009,7,2009_07_GB_CLE,CLE,GB,1,52,139.0,1446,2,3,31,0
2009,7,2009_07_GB_CLE,GB,CLE,0,63,460.0,2154,0,31,3,1
2009,7,2009_07_IND_STL,IND,LA,0,60,391.0,1839,0,42,6,1
2009,7,2009_07_IND_STL,LA,IND,1,59,272.0,1761,2,6,42,0
2009,7,2009_07_MIN_PIT,MIN,PIT,0,78,386.0,2218,2,17,27,0
2009,7,2009_07_MIN_PIT,PIT,MIN,1,49,259.0,1382,1,27,17,1
2009,7,2009_07_NE_TB,NE,TB,0,61,414.0,1995,2,35,7,1
2009,7,2009_07_NE_TB,TB,NE,1,59,240.0,1605,3,7,35,0
2009,7,2009_07_NO_MIA,MIA,NO,1,69,334.0,1618,3,34,46,0
2009,7,2009_07_NO_MIA,NO,MIA,0,71,414.0,1982,4,46,34,1
2009,7,2009_07_NYJ_OAK,LV,NYJ,1,52,263.0,1443,4,0,38,0
2009,7,2009_07_NYJ_OAK,NYJ,LV,0,70,447.0,2157,0,38,0,1
2009,7,2009_07_PHI_WAS,PHI,WAS,0,56,262.0,1962,1,27,17,1
2009,7,2009_07_PHI_WAS,WAS,PHI,1,68,308.0,1541,3,17,27,0
2009,7,2009_07_SD_KC,KC,LAC,1,61,203.0,1635,3,7,37,0
2009,7,2009_07_SD_KC,LAC,KC,0,66,403.0,1965,0,37,7,1
2009,7,2009_07_SF_HOU,HOU,SF,1,59,336.0,1829,2,24,21,1
2009,7,2009_07_SF_HOU,SF,HOU,0,54,297.0,1771,1,21,24,0
2009,8,2009_08_ATL_NO,ATL,NO,0,69,442.0,1606,3,27,35,0
2009,8,2009_08_ATL_NO,NO,ATL,1,70,437.0,2019,4,35,27,1
2009,8,2009_08_CAR_ARI,ARI,CAR,1,65,320.0,1622,6,21,34,0
2009,8,2009_08_CAR_ARI,CAR,ARI,0,60,355.0,1978,0,34,21,1
2009,8,2009_08_CLE_CHI,CHI,CLE,1,71,369.0,2245,1,30,6,1
2009,8,2009_08_CLE_CHI,CLE,CHI,0,50,191.0,1355,5,6,30,0
2009,8,2009_08_DEN_BAL,BAL,DEN,1,62,292.0,2017,0,30,7,1
2009,8,2009_08_DEN_BAL,DEN,BAL,0,58,200.0,1583,1,7,30,0
2009,8,2009_08_HOU_BUF,BUF,HOU,1,45,204.0,1252,2,10,31,0
2009,8,2009_08_HOU_BUF,HOU,BUF,0,77,441.0,2348,3,31,10,1
2009,8,2009_08_JAX_TEN,JAX,TEN,0,49,330.0,1217,2,13,30,0
2009,8,2009_08_JAX_TEN,TEN,JAX,1,67,430.0,2383,0,30,13,1
2009,8,2009_08_MIA_NYJ,MIA,NYJ,0,52,104.0,1554,0,30,25,1
2009,8,2009_08_MIA_NYJ,NYJ,MIA,1,79,378.0,2046,2,25,30,0
2009,8,2009_08_MIN_GB,GB,MIN,1,68,351.0,1952,0,26,38,0
2009,8,2009_08_MIN_GB,MIN,GB,0,60,355.0,1648,2,38,26,1
2009,8,2009_08_NYG_PHI,NYG,PHI,0,73,356.0,2133,3,17,40,0
2009,8,2009_08_NYG_PHI,PHI,NYG,1,49,391.0,1713,2,40,17,1
2009,8,2009_08_OAK_SD,LAC,LV,1,56,346.0,1829,1,24,16,1
2009,8,2009_08_OAK_SD,LV,LAC,0,54,180.0,1771,2,16,24,0
2009,8,2009_08_SEA_DAL,DAL,SEA,1,67,362.0,2085,1,38,17,1
2009,8,2009_08_SEA_DAL,SEA,DAL,0,64,308.0,1515,2,17,38,0
2009,8,2009_08_SF_IND,IND,SF,1,74,410.0,2014,0,18,14,1
2009,8,2009_08_SF_IND,SF,IND,0,54,295.0,1586,2,14,18,0
2009,8,2009_08_STL_DET,DET,LA,1,69,291.0,1923,1,10,17,0
2009,8,2009_08_STL_DET,LA,DET,0,62,362.0,1677,1,17,10,1
2009,9,2009_09_ARI_CHI,ARI,CHI,0,65,438.0,1996,1,41,21,1
2009,9,2009_09_ARI_CHI,CHI,ARI,1,63,417.0,1604,1,21,41,0
2009,9,2009_09_BAL_CIN,BAL,CIN,0,53,215.0,1200,2,7,17,0
2009,9,2009_09_BAL_CIN,CIN,BAL,1,73,369.0,2400,1,17,7,1
2009,9,2009_09_CAR_NO,CAR,NO,0,71,371.0,1946,3,20,30,0
2009,9,2009_09_CAR_NO,NO,CAR,1,59,414.0,1654,2,30,20,1
2009,9,2009_09_DAL_PHI,DAL,PHI,0,61,358.0,1904,1,20,16,1
2009,9,2009_09_DAL_PHI,PHI,DAL,1,57,297.0,1696,2,16,20,0
2009,9,2009_09_DET_SEA,DET,SEA,0,65,300.0,1758,5,20,32,0
2009,9,2009_09_DET_SEA,SEA,DET,1,72,397.0,1842,2,32,20,1
2009,9,2009_09_GB_TB,GB,TB,0,73,404.0,2117,3,28,38,0
2009,9,2009_09_GB_TB,TB,GB,1,59,281.0,1483,1,38,28,1
2009,9,2009_09_HOU_IND,HOU,IND,0,71,382.0,2073,3,17,20,0
2009,9,2009_09_HOU_IND,IND,HOU,1,71,378.0,1527,2,20,17,1
2009,9,2009_09_KC_JAX,JAX,KC,1,69,426.0,2264,1,24,21,1
2009,9,2009_09_KC_JAX,KC,JAX,0,57,303.0,1427,0,21,24,0
2009,9,2009_09_MIA_NE,MIA,NE,0,70,334.0,1867,0,17,27,0
2009,9,2009_09_MIA_NE,NE,MIA,1,64,434.0,1733,1,27,17,1
2009,9,2009_09_PIT_DEN,DEN,PIT,1,54,242.0,1617,3,10,28,0
2009,9,2009_09_PIT_DEN,PIT,DEN,0,61,375.0,1983,2,28,10,1
2009,9,2009_09_SD_NYG,LAC,NYG,0,53,226.0,1333,2,21,20,1
2009,9,2009_09_SD_NYG,NYG,LAC,1,67,304.0,2267,1,20,21,0
2009,9,2009_09_TEN_SF,SF,TEN,1,69,358.0,2030,4,27,34,0
2009,9,2009_09_TEN_SF,TEN,SF,0,55,315.0,1570,0,34,27,1
2009,9,2009_09_WAS_ATL,ATL,WAS,1,54,306.0,1588,1,31,17,1
2009,9,2009_09_WAS_ATL,WAS,ATL,0,64,312.0,2012,1,17,31,0
2009,10,2009_10_ATL_CAR,ATL,CAR,0,71,400.0,1911,2,19,28,0
2009,10,2009_10_ATL_CAR,CAR,ATL,1,58,380.0,1689,0,28,19,1
2009,10,2009_10_BAL_CLE,BAL,CLE,0,58,274.0,1892,0,16,0,1
2009,10,2009_10_BAL_CLE,CLE,BAL,1,61,160.0,1708,2,0,16,0
2009,10,2009_10_BUF_TEN,BUF,TEN,0,58,296.0,1720,2,17,41,0
2009,10,2009_10_BUF_TEN,TEN,BUF,1,60,378.0,1880,1,41,17,1
2009,10,2009_10_CHI_SF,CHI,SF,0,73,350.0,1707,5,6,10,0
2009,10,2009_10_CHI_SF,SF,CHI,1,53,216.0,1893,1,10,6,1
2009,10,2009_10_CIN_PIT,CIN,PIT,0,62,218.0,1748,0,18,12,1
2009,10,2009_10_CIN_PIT,PIT,CIN,1,62,226.0,1852,1,12,18,0
2009,10,2009_10_DAL_GB,DAL,GB,0,58,278.0,1442,3,7,17,0
2009,10,2009_10_DAL_GB,GB,DAL,1,68,283.0,2158,0,17,7,1
2009,10,2009_10_DEN_WAS,DEN,WAS,0,56,305.0,1457,2,17,27,0
2009,10,2009_10_DEN_WAS,WAS,DEN,1,70,388.0,2143,0,27,17,1
2009,10,2009_10_DET_MIN,DET,MIN,0,76,297.0,1777,1,10,27,0
2009,10,2009_10_DET_MIN,MIN,DET,1,63,492.0,1823,2,27,10,1
2009,10,2009_10_JAX_NYJ,JAX,NYJ,0,60,347.0,1867,1,24,22,1
2009,10,2009_10_JAX_NYJ,NYJ,JAX,1,61,322.0,1733,3,22,24,0
2009,10,2009_10_KC_OAK,KC,LV,0,67,318.0,1734,2,16,10,1
2009,10,2009_10_KC_OAK,LV,KC,1,64,272.0,1866,3,10,16,0
2009,10,2009_10_NE_IND,IND,NE,1,63,407.0,1498,2,35,34,1
2009,10,2009_10_NE_IND,NE,IND,0,72,477.0,2102,2,34,35,0
2009,10,2009_10_NO_STL,LA,NO,1,72,434.0,1922,1,23,28,0
2009,10,2009_10_NO_STL,NO,LA,0,56,420.0,1678,3,28,23,1
2009,10,2009_10_PHI_SD,LAC,PHI,1,55,331.0,1823,0,31,23,1
2009,10,2009_10_PHI_SD,PHI,LAC,0,71,462.0,1777,1,23,31,0
2009,10,2009_10_SEA_ARI,ARI,SEA,1,68,462.0,1890,0,31,20,1
2009,10,2009_10_SEA_ARI,SEA,ARI,0,81,472.0,1710,2,20,31,0
2009,10,2009_10_TB_MIA,MIA,TB,1,68,374.0,1874,2,25,23,1
2009,10,2009_10_TB_MIA,TB,MIA,0,62,302.0,1726,2,23,25,0
2009,11,2009_11_ARI_STL,ARI,LA,0,65,444.0,1898,2,21,13,1
2009,11,2009_11_ARI_STL,LA,ARI,1,67,314.0,1702,1,13,21,0
2009,11,2009_11_ATL_NYG,ATL,NYG,0,78,352.0,1908,1,31,34,0
2009,11,2009_11_ATL_NYG,NYG,ATL,1,66,456.0,1926,1,34,31,1
2009,11,2009_11_BUF_JAX,BUF,JAX,0,53,343.0,1416,3,15,18,0
2009,11,2009_11_BUF_JAX,JAX,BUF,1,67,312.0,2184,2,18,15,1
2009,11,2009_11_CIN_OAK,CIN,LV,0,68,348.0,2304,4,17,20,0
2009,11,2009_11_CIN_OAK,LV,CIN,1,58,275.0,1296,3,20,17,1
2009,11,2009_11_CLE_DET,CLE,DET,0,76,441.0,2086,0,37,38,0
2009,11,2009_11_CLE_DET,DET,CLE,1,61,473.0,1514,2,38,37,1
2009,11,2009_11_IND_BAL,BAL,IND,1,66,354.0,1956,1,15,17,0
2009,11,2009_11_IND_BAL,IND,BAL,0,56,375.0,1644,4,17,15,1
2009,11,2009_11_MIA_CAR,CAR,MIA,1,74,385.0,1767,1,17,24,0
2009,11,2009_11_MIA_CAR,MIA,CAR,0,60,326.0,1833,0,24,17,1
2009,11,2009_11_NO_TB,NO,TB,0,65,370.0,1944,0,38,7,1
2009,11,2009_11_NO_TB,TB,NO,1,59,219.0,1656,4,7,38,0
2009,11,2009_11_NYJ_NE,NE,NYJ,1,78,410.0,2394,1,31,14,1
2009,11,2009_11_NYJ_NE,NYJ,NE,0,49,226.0,1206,5,14,31,0
2009,11,2009_11_PHI_CHI,CHI,PHI,1,65,286.0,1743,1,20,24,0
2009,11,2009_11_PHI_CHI,PHI,CHI,0,66,377.0,1857,3,24,20,1
2009,11,2009_11_PIT_KC,KC,PIT,1,55,282.0,1345,1,27,24,1
2009,11,2009_11_PIT_KC,PIT,KC,0,78,515.0,2647,3,24,27,0
2009,11,2009_11_SD_DEN,DEN,LAC,1,53,271.0,1328,3,3,32,0
2009,11,2009_11_SD_DEN,LAC,DEN,0,65,348.0,2272,0,32,3,1
2009,11,2009_11_SEA_MIN,MIN,SEA,1,72,431.0,2531,0,35,9,1
2009,11,2009_11_SEA_MIN,SEA,MIN,0,44,212.0,1069,2,9,35,0
2009,11,2009_11_SF_GB,GB,SF,1,79,484.0,2499,0,30,24,1
2009,11,2009_11_SF_GB,SF,GB,0,46,284.0,1101,1,24,30,0
2009,11,2009_11_TEN_HOU,HOU,TEN,1,60,340.0,1661,0,17,20,0
2009,11,2009_11_TEN_HOU,TEN,HOU,0,64,344.0,1939,1,20,17,1
2009,11,2009_11_WAS_DAL,DAL,WAS,1,61,305.0,1886,2,7,6,1
2009,11,2009_11_WAS_DAL,WAS,DAL,0,58,324.0,1714,1,6,7,0
2009,12,2009_12_ARI_TEN,ARI,TEN,0,52,292.0,1733,0,17,20,0
2009,12,2009_12_ARI_TEN,TEN,ARI,1,70,532.0,1867,1,20,17,1
2009,12,2009_12_CAR_NYJ,CAR,NYJ,0,62,179.0,1602,4,6,17,0
2009,12,2009_12_CAR_NYJ,NYJ,CAR,1,60,283.0,1998,3,17,6,1
2009,12,2009_12_CHI_MIN,CHI,MIN,0,38,169.0,1145,3,10,36,0
2009,12,2009_12_CHI_MIN,MIN,CHI,1,84,537.0,2455,1,36,10,1
2009,12,2009_12_CLE_CIN,CIN,CLE,1,72,306.0,2291,0,16,7,1
2009,12,2009_12_CLE_CIN,CLE,CIN,0,54,169.0,1309,0,7,16,0
2009,12,2009_12_GB_DET,DET,GB,1,68,272.0,1561,5,12,34,0
2009,12,2009_12_GB_DET,GB,DET,0,67,422.0,2039,2,34,12,1
2009,12,2009_12_IND_HOU,HOU,IND,1,68,396.0,1912,3,27,35,0
2009,12,2009_12_IND_HOU,IND,HOU,0,60,342.0,1688,2,35,27,1
2009,12,2009_12_JAX_SF,JAX,SF,0,61,357.0,1760,2,3,20,0
2009,12,2009_12_JAX_SF,SF,JAX,1,61,284.0,1840,0,20,3,1
2009,12,2009_12_KC_SD,KC,LAC,0,57,284.0,1480,4,14,43,0
2009,12,2009_12_KC_SD,LAC,KC,1,63,426.0,2120,1,43,14,1
2009,12,2009_12_MIA_BUF,BUF,MIA,1,57,336.0,1694,1,31,14,1
2009,12,2009_12_MIA_BUF,MIA,BUF,0,70,325.0,1906,4,14,31,0
2009,12,2009_12_NE_NO,NE,NO,0,70,366.0,1996,3,17,38,0
2009,12,2009_12_NE_NO,NO,NE,1,50,480.0,1604,0,38,17,1
2009,12,2009_12_NYG_DEN,DEN,NYG,1,69,373.0,2130,1,26,6,1
2009,12,2009_12_NYG_DEN,NYG,DEN,0,59,267.0,1470,3,6,26,0
2009,12,2009_12_OAK_DAL,DAL,LV,1,56,494.0,1874,0,24,7,1
2009,12,2009_12_OAK_DAL,LV,DAL,0,62,305.0,1726,1,7,24,0
2009,12,2009_12_PIT_BAL,BAL,PIT,1,69,393.0,1942,2,20,17,1
2009,12,2009_12_PIT_BAL,PIT,BAL,0,64,298.0,2156,1,17,20,0
2009,12,2009_12_SEA_STL,LA,SEA,1,78,364.0,2012,2,17,27,0
2009,12,2009_12_SEA_STL,SEA,LA,0,57,265.0,1588,1,27,17,1
2009,12,2009_12_TB_ATL,ATL,TB,1,76,297.0,1896,1,20,17,1
2009,12,2009_12_TB_ATL,TB,ATL,0,57,318.0,1704,1,17,20,0
2009,12,2009_12_WAS_PHI,PHI,WAS,1,68,383.0,1818,1,27,24,1
2009,12,2009_12_WAS_PHI,WAS,PHI,0,63,303.0,1782,2,24,27,0
2009,13,2009_13_BAL_GB,BAL,GB,0,60,185.0,1478,4,14,27,0
2009,13,2009_13_BAL_GB,GB,BAL,1,68,350.0,2122,3,27,14,1
2009,13,2009_13_DAL_NYG,DAL,NYG,0,80,424.0,2330,1,24,31,0
2009,13,2009_13_DAL_NYG,NYG,DAL,1,49,337.0,1270,2,31,24,1
2009,13,2009_13_DEN_KC,DEN,KC,0,73,413.0,2155,3,44,13,1
2009,13,2009_13_DEN_KC,KC,DEN,1,71,222.0,1445,3,13,44,0
2009,13,2009_13_DET_CIN,CIN,DET,1,75,321.0,2328,3,23,13,1
2009,13,2009_13_DET_CIN,DET,CIN,0,53,245.0,1272,2,13,23,0
2009,13,2009_13_HOU_JAX,HOU,JAX,0,62,301.0,1793,4,18,23,0
2009,13,2009_13_HOU_JAX,JAX,HOU,1,68,323.0,1807,0,23,18,1
2009,13,2009_13_MIN_ARI,ARI,MIN,1,57,398.0,1723,1,30,17,1
2009,13,2009_13_MIN_ARI,MIN,ARI,0,68,315.0,1877,2,17,30,0
2009,13,2009_13_NE_MIA,MIA,NE,1,81,416.0,1956,1,22,21,1
2009,13,2009_13_NE_MIA,NE,MIA,0,54,448.0,1644,2,21,22,0
2009,13,2009_13_NO_WAS,NO,WAS,0,74,463.0,2106,3,33,30,1
2009,13,2009_13_NO_WAS,WAS,NO,1,67,455.0,1883,2,30,33,0
2009,13,2009_13_NYJ_BUF,BUF,NYJ,1,50,194.0,1490,2,13,19,0
2009,13,2009_13_NYJ_BUF,NYJ,BUF,0,65,331.0,2110,0,19,13,1
2009,13,2009_13_OAK_PIT,LV,PIT,0,65,396.0,1969,0,27,24,1
2009,13,2009_13_OAK_PIT,PIT,LV,1,52,401.0,1631,1,24,27,0
2009,13,2009_13_PHI_ATL,ATL,PHI,1,68,295.0,1849,3,7,34,0
2009,13,2009_13_PHI_ATL,PHI,ATL,0,55,380.0,1751,0,34,7,1
2009,13,2009_13_SD_CLE,CLE,LAC,1,70,372.0,1837,1,23,30,0
2009,13,2009_13_SD_CLE,LAC,CLE,0,59,477.0,1839,0,30,23,1
2009,13,2009_13_SF_SEA,SEA,SF,1,69,292.0,1871,2,20,17,1
2009,13,2009_13_SF_SEA,SF,SEA,0,58,356.0,1729,1,17,20,0
2009,13,2009_13_STL_CHI,CHI,LA,1,58,248.0,1680,1,17,9,1
2009,13,2009_13_STL_CHI,LA,CHI,0,65,233.0,1920,2,9,17,0
2009,13,2009_13_TB_CAR,CAR,TB,1,54,309.0,1736,1,16,6,1
2009,13,2009_13_TB_CAR,TB,CAR,0,72,469.0,1962,6,6,16,0
2009,13,2009_13_TEN_IND,IND,TEN,1,64,358.0,1647,0,27,17,1
2009,13,2009_13_TEN_IND,TEN,IND,0,77,375.0,1979,2,17,27,0
2009,14,2009_14_ARI_SF,ARI,SF,0,51,245.0,1395,7,9,24,0
2009,14,2009_14_ARI_SF,SF,ARI,1,72,327.0,2205,2,24,9,1
2009,14,2009_14_BUF_KC,BUF,KC,0,57,273.0,1834,3,16,10,1
2009,14,2009_14_BUF_KC,KC,BUF,1,73,354.0,1766,4,10,16,0
2009,14,2009_14_CAR_NE,CAR,NE,0,56,305.0,1545,0,10,20,0
2009,14,2009_14_CAR_NE,NE,CAR,1,72,377.0,2055,3,20,10,1
2009,14,2009_14_CIN_MIN,CIN,MIN,0,53,210.0,1665,1,10,30,0
2009,14,2009_14_CIN_MIN,MIN,CIN,1,69,322.0,1935,1,30,10,1
2009,14,2009_14_DEN_IND,DEN,IND,0,75,357.0,1887,1,16,28,0
2009,14,2009_14_DEN_IND,IND,DEN,1,70,312.0,1713,3,28,16,1
2009,14,2009_14_DET_BAL,BAL,DET,1,63,548.0,1785,1,48,3,1
2009,14,2009_14_DET_BAL,DET,BAL,0,67,229.0,1815,2,3,48,0
2009,14,2009_14_GB_CHI,CHI,GB,1,56,254.0,1728,2,14,21,0
2009,14,2009_14_GB_CHI,GB,CHI,0,58,317.0,1872,2,21,14,1
2009,14,2009_14_MIA_JAX,JAX,MIA,1,54,217.0,1494,0,10,14,0
2009,14,2009_14_MIA_JAX,MIA,JAX,0,71,354.0,2106,3,14,10,1
2009,14,2009_14_NO_ATL,ATL,NO,1,56,392.0,1396,1,23,26,0
2009,14,2009_14_NO_ATL,NO,ATL,0,67,391.0,2204,0,26,23,1
2009,14,2009_14_NYJ_TB,NYJ,TB,0,67,310.0,2150,1,26,3,1
2009,14,2009_14_NYJ_TB,TB,NYJ,1,56,124.0,1554,3,3,26,0
2009,14,2009_14_PHI_NYG,NYG,PHI,1,72,512.0,2086,4,38,45,0
2009,14,2009_14_PHI_NYG,PHI,NYG,0,54,376.0,1514,1,45,38,1
2009,14,2009_14_PIT_CLE,CLE,PIT,1,57,255.0,1581,0,13,6,1
2009,14,2009_14_PIT_CLE,PIT,CLE,0,62,216.0,1845,0,6,13,0
2009,14,2009_14_SD_DAL,DAL,LAC,1,58,347.0,1795,0,17,20,0
2009,14,2009_14_SD_DAL,LAC,DAL,0,64,341.0,1805,1,20,17,1
2009,14,2009_14_SEA_HOU,HOU,SEA,1,67,450.0,2016,2,34,7,1
2009,14,2009_14_SEA_HOU,SEA,HOU,0,63,282.0,1584,1,7,34,0
2009,14,2009_14_STL_TEN,LA,TEN,0,65,240.0,1917,6,7,47,0
2009,14,2009_14_STL_TEN,TEN,LA,1,57,446.0,1683,0,47,7,1
2009,14,2009_14_WAS_OAK,LV,WAS,1,66,227.0,1927,2,13,34,0
2009,14,2009_14_WAS_OAK,WAS,LV,0,58,295.0,1673,0,34,13,1
2009,15,2009_15_ARI_DET,ARI,DET,0,65,340.0,1783,3,31,24,1
2009,15,2009_15_ARI_DET,DET,ARI,1,60,282.0,1817,3,24,31,0
2009,15,2009_15_ATL_NYJ,ATL,NYJ,0,62,238.0,1776,0,10,7,1
2009,15,2009_15_ATL_NYJ,NYJ,ATL,1,67,314.0,1824,3,7,10,0
2009,15,2009_15_CHI_BAL,BAL,CHI,1,66,346.0,1938,1,31,7,1
2009,15,2009_15_CHI_BAL,CHI,BAL,0,64,220.0,1662,6,7,31,0
2009,15,2009_15_CIN_SD,CIN,LAC,0,64,409.0,1906,1,24,27,0
2009,15,2009_15_CIN_SD,LAC,CIN,1,60,366.0,1694,2,27,24,1
2009,15,2009_15_CLE_KC,CLE,KC,0,67,417.0,2065,3,41,34,1
2009,15,2009_15_CLE_KC,KC,CLE,1,71,491.0,1535,1,34,41,0
2009,15,2009_15_DAL_NO,DAL,NO,0,73,439.0,2186,0,24,17,1
2009,15,2009_15_DAL_NO,NO,DAL,1,62,336.0,1414,3,17,24,0
2009,15,2009_15_GB_PIT,GB,PIT,0,62,438.0,1478,0,36,37,0
2009,15,2009_15_GB_PIT,PIT,GB,1,70,537.0,2122,0,37,36,1
2009,15,2009_15_HOU_STL,HOU,LA,0,64,419.0,1840,2,16,13,1
2009,15,2009_15_HOU_STL,LA,HOU,1,56,237.0,1760,2,13,16,0
2009,15,2009_15_IND_JAX,IND,JAX,0,53,369.0,1474,1,35,31,1
2009,15,2009_15_IND_JAX,JAX,IND,1,76,345.0,2126,1,31,35,0
2009,15,2009_15_MIA_TEN,MIA,TEN,0,78,470.0,2063,4,24,27,0
2009,15,2009_15_MIA_TEN,TEN,MIA,1,60,364.0,1759,2,27,24,1
2009,15,2009_15_MIN_CAR,CAR,MIN,1,76,397.0,2279,0,26,7,1
2009,15,2009_15_MIN_CAR,MIN,CAR,0,45,237.0,1321,2,7,26,0
2009,15,2009_15_NE_BUF,BUF,NE,1,56,241.0,2012,1,10,17,0
2009,15,2009_15_NE_BUF,NE,BUF,0,57,224.0,1588,1,17,10,1
2009,15,2009_15_NYG_WAS,NYG,WAS,0,62,387.0,2055,0,45,12,1
2009,15,2009_15_NYG_WAS,WAS,NYG,1,56,302.0,1545,3,12,45,0
2009,15,2009_15_OAK_DEN,DEN,LV,1,65,337.0,1714,0,19,20,0
2009,15,2009_15_OAK_DEN,LV,DEN,0,64,343.0,1886,2,20,19,1
2009,15,2009_15_SF_PHI,PHI,SF,1,69,422.0,1863,2,27,13,1
2009,15,2009_15_SF_PHI,SF,PHI,0,58,261.0,1737,4,13,27,0
2009,15,2009_15_TB_SEA,SEA,TB,1,72,380.0,1676,5,7,24,0
2009,15,2009_15_TB_SEA,TB,SEA,0,61,341.0,1924,1,24,7,1
2009,16,2009_16_BAL_PIT,BAL,PIT,0,67,323.0,1953,3,20,23,0
2009,16,2009_16_BAL_PIT,PIT,BAL,1,60,286.0,1647,2,23,20,1
2009,16,2009_16_BUF_ATL,ATL,BUF,1,75,391.0,2065,0,31,3,1
2009,16,2009_16_BUF_ATL,BUF,ATL,0,49,178.0,1535,3,3,31,0
2009,16,2009_16_CAR_NYG,CAR,NYG,0,67,416.0,1936,0,41,9,1
2009,16,2009_16_CAR_NYG,NYG,CAR,1,67,317.0,1664,4,9,41,0
2009,16,2009_16_DAL_WAS,DAL,WAS,0,69,393.0,2102,1,17,0,1
2009,16,2009_16_DAL_WAS,WAS,DAL,1,60,218.0,1498,1,0,17,0
2009,16,2009_16_DEN_PHI,DEN,PHI,0,62,241.0,1757,1,27,30,0
2009,16,2009_16_DEN_PHI,PHI,DEN,1,67,394.0,1843,3,30,27,1
2009,16,2009_16_DET_SF,DET,SF,0,66,289.0,1762,6,6,20,0
2009,16,2009_16_DET_SF,SF,DET,1,64,310.0,1838,1,20,6,1
2009,16,2009_16_HOU_MIA,HOU,MIA,0,64,406.0,1958,1,27,20,1
2009,16,2009_16_HOU_MIA,MIA,HOU,1,74,363.0,1642,1,20,27,0
2009,16,2009_16_JAX_NE,JAX,NE,0,52,275.0,1655,2,7,35,0
2009,16,2009_16_JAX_NE,NE,JAX,1,62,464.0,1945,1,35,7,1
2009,16,2009_16_KC_CIN,CIN,KC,1,62,274.0,2032,1,17,10,1
2009,16,2009_16_KC_CIN,KC,CIN,0,66,295.0,1568,2,10,17,0
2009,16,2009_16_MIN_CHI,CHI,MIN,1,65,363.0,1760,1,36,30,1
2009,16,2009_16_MIN_CHI,MIN,CHI,0,76,423.0,2185,2,30,36,0
2009,16,2009_16_NYJ_IND,IND,NYJ,1,58,286.0,1614,2,15,29,0
2009,16,2009_16_NYJ_IND,NYJ,IND,0,67,297.0,1986,0,29,15,1
2009,16,2009_16_OAK_CLE,CLE,LV,1,65,282.0,1822,1,23,9,1
2009,16,2009_16_OAK_CLE,LV,CLE,0,68,389.0,1778,3,9,23,0
2009,16,2009_16_SD_TEN,LAC,TEN,0,69,425.0,2347,1,42,17,1
2009,16,2009_16_SD_TEN,TEN,LAC,1,49,270.0,1253,3,17,42,0
2009,16,2009_16_SEA_GB,GB,SEA,1,62,417.0,1934,0,48,10,1
2009,16,2009_16_SEA_GB,SEA,GB,0,69,291.0,1666,4,10,48,0
2009,16,2009_16_STL_ARI,ARI,LA,1,72,407.0,2051,2,31,10,1
2009,16,2009_16_STL_ARI,LA,ARI,0,57,238.0,1549,3,10,31,0
2009,16,2009_16_TB_NO,NO,TB,1,61,373.0,1839,1,17,20,0
2009,16,2009_16_TB_NO,TB,NO,0,68,439.0,2175,2,20,17,1
2009,17,2009_17_ATL_TB,ATL,TB,0,73,397.0,2129,3,20,10,1
2009,17,2009_17_ATL_TB,TB,ATL,1,55,206.0,1471,2,10,20,0
2009,17,2009_17_BAL_OAK,BAL,LV,0,58,330.0,1666,0,21,13,1
2009,17,2009_17_BAL_OAK,LV,BAL,1,62,325.0,1934,2,13,21,0
2009,17,2009_17_CHI_DET,CHI,DET,0,66,418.0,1753,0,37,23,1
2009,17,2009_17_CHI_DET,DET,CHI,1,61,349.0,1847,2,23,37,0
2009,17,2009_17_CIN_NYJ,CIN,NYJ,0,40,72.0,1126,3,0,37,0
2009,17,2009_17_CIN_NYJ,NYJ,CIN,1,73,320.0,2474,0,37,0,1
2009,17,2009_17_GB_ARI,ARI,GB,1,45,187.0,1353,3,7,33,0
2009,17,2009_17_GB_ARI,GB,ARI,0,64,345.0,2247,1,33,7,1
2009,17,2009_17_IND_BUF,BUF,IND,1,67,403.0,2254,0,30,7,1
2009,17,2009_17_IND_BUF,IND,BUF,0,52,157.0,1346,3,7,30,0
2009,17,2009_17_JAX_CLE,CLE,JAX,1,60,300.0,1978,1,23,17,1
2009,17,2009_17_JAX_CLE,JAX,CLE,0,66,328.0,1622,1,17,23,0
2009,17,2009_17_KC_DEN,DEN,KC,1,80,512.0,1983,3,24,44,0
2009,17,2009_17_KC_DEN,KC,DEN,0,60,524.0,1617,2,44,24,1
2009,17,2009_17_NE_HOU,HOU,NE,1,67,439.0,1894,1,34,27,1
2009,17,2009_17_NE_HOU,NE,HOU,0,59,317.0,1706,2,27,34,0
2009,17,2009_17_NO_CAR,CAR,NO,1,62,327.0,1838,0,23,10,1
2009,17,2009_17_NO_CAR,NO,CAR,0,61,213.0,1762,3,10,23,0
2009,17,2009_17_NYG_MIN,MIN,NYG,1,69,487.0,2212,0,44,7,1
2009,17,2009_17_NYG_MIN,NYG,MIN,0,43,181.0,1388,2,7,44,0
2009,17,2009_17_PHI_DAL,DAL,PHI,1,68,474.0,2423,1,24,0,1
2009,17,2009_17_PHI_DAL,PHI,DAL,0,50,228.0,1177,1,0,24,0
2009,17,2009_17_PIT_MIA,MIA,PIT,1,58,303.0,1671,3,24,30,0
2009,17,2009_17_PIT_MIA,PIT,MIA,0,67,403.0,1929,2,30,24,1
2009,17,2009_17_SF_STL,LA,SF,1,62,109.0,1557,0,6,28,0
2009,17,2009_17_SF_STL,SF,LA,0,63,329.0,2024,0,28,6,1
2009,17,2009_17_TEN_SEA,SEA,TEN,1,60,309.0,1658,1,13,17,0
2009,17,2009_17_TEN_SEA,TEN,SEA,0,67,304.0,1942,2,17,13,1
2009,17,2009_17_WAS_SD,LAC,WAS,1,63,364.0,1647,1,23,20,1
2009,17,2009_17_WAS_SD,WAS,LAC,0,65,339.0,1953,0,20,23,0
2010,1,2010_01_ARI_STL,ARI,LA,0,64,378.0,1629,4,17,13,1
2010,1,2010_01_ARI_STL,LA,ARI,1,81,325.0,1971,3,13,17,0
2010,1,2010_01_ATL_PIT,ATL,PIT,0,71,295.0,1829,1,9,15,0
2010,1,2010_01_ATL_PIT,PIT,ATL,1,60,354.0,1926,1,15,9,1
2010,1,2010_01_BAL_NYJ,BAL,NYJ,0,75,282.0,2312,3,10,9,1
2010,1,2010_01_BAL_NYJ,NYJ,BAL,1,44,176.0,1288,1,9,10,0
2010,1,2010_01_CAR_NYG,CAR,NYG,0,63,237.0,1521,5,18,31,0
2010,1,2010_01_CAR_NYG,NYG,CAR,1,67,376.0,2079,4,31,18,1
2010,1,2010_01_CIN_NE,CIN,NE,0,76,428.0,1910,2,24,38,0
2010,1,2010_01_CIN_NE,NE,CIN,1,58,376.0,1690,0,38,24,1
2010,1,2010_01_CLE_TB,CLE,TB,0,61,340.0,1697,3,14,17,0
2010,1,2010_01_CLE_TB,TB,CLE,1,61,288.0,1827,2,17,14,1
2010,1,2010_01_DAL_WAS,DAL,WAS,0,71,380.0,2043,1,7,13,0
2010,1,2010_01_DAL_WAS,WAS,DAL,1,56,250.0,1557,0,13,7,1
2010,1,2010_01_DEN_JAX,DEN,JAX,0,61,363.0,1830,2,17,24,0
2010,1,2010_01_DEN_JAX,JAX,DEN,1,56,299.0,1770,0,24,17,1
2010,1,2010_01_DET_CHI,CHI,DET,1,71,463.0,2082,4,19,14,1
2010,1,2010_01_DET_CHI,DET,CHI,0,57,168.0,1459,3,14,19,0
2010,1,2010_01_GB_PHI,GB,PHI,0,67,299.0,1915,2,27,20,1
2010,1,2010_01_GB_PHI,PHI,GB,1,60,321.0,1685,1,20,27,0
2010,1,2010_01_IND_HOU,HOU,IND,1,61,355.0,1853,1,34,24,1
2010,1,2010_01_IND_HOU,IND,HOU,0,69,463.0,1747,1,24,34,0
2010,1,2010_01_MIA_BUF,BUF,MIA,1,54,166.0,1387,0,10,15,0
2010,1,2010_01_MIA_BUF,MIA,BUF,0,73,296.0,2213,0,15,10,1
2010,1,2010_01_MIN_NO,MIN,NO,0,51,253.0,1577,1,9,14,0
2010,1,2010_01_MIN_NO,NO,MIN,1,62,308.0,2023,0,14,9,1
2010,1,2010_01_OAK_TEN,LV,TEN,0,67,286.0,1736,2,13,38,0
2010,1,2010_01_OAK_TEN,TEN,LV,1,58,345.0,1864,1,38,13,1
2010,1,2010_01_SD_KC,KC,LAC,1,49,197.0,1352,0,21,14,1
2010,1,2010_01_SD_KC,LAC,KC,0,70,389.0,2248,1,14,21,0
2010,1,2010_01_SF_SEA,SEA,SF,1,47,242.0,1635,1,31,6,1
2010,1,2010_01_SF_SEA,SF,SEA,0,66,263.0,1965,2,6,31,0
2010,2,2010_02_ARI_ATL,ARI,ATL,0,48,267.0,1247,3,7,41,0
2010,2,2010_02_ARI_ATL,ATL,ARI,1,78,444.0,2353,1,41,7,1
2010,2,2010_02_BAL_CIN,BAL,CIN,0,63,259.0,1544,4,10,15,0
2010,2,2010_02_BAL_CIN,CIN,BAL,1,67,253.0,2056,0,15,10,1
2010,2,2010_02_BUF_GB,BUF,GB,0,54,186.0,1744,2,7,34,0
2010,2,2010_02_BUF_GB,GB,BUF,1,56,346.0,1966,0,34,7,1
2010,2,2010_02_CHI_DAL,CHI,DAL,0,49,308.0,1580,0,27,20,1
2010,2,2010_02_CHI_DAL,DAL,CHI,1,71,410.0,2020,3,20,27,0
2010,2,2010_02_HOU_WAS,HOU,WAS,0,81,526.0,2389,1,30,27,1
2010,2,2010_02_HOU_WAS,WAS,HOU,1,58,421.0,1907,0,27,30,0
2010,2,2010_02_JAX_SD,JAX,LAC,0,68,350.0,1824,6,13,38,0
2010,2,2010_02_JAX_SD,LAC,JAX,1,60,477.0,1776,3,38,13,1
2010,2,2010_02_KC_CLE,CLE,KC,1,58,299.0,1607,2,14,16,0
2010,2,2010_02_KC_CLE,KC,CLE,0,68,312.0,1993,2,16,14,1
2010,2,2010_02_MIA_MIN,MIA,MIN,0,46,226.0,1452,2,14,10,1
2010,2,2010_02_MIA_MIN,MIN,MIA,1,72,364.0,2148,4,10,14,0
2010,2,2010_02_NE_NYJ,NE,NYJ,0,57,291.0,1648,3,14,28,0
2010,2,2010_02_NE_NYJ,NYJ,NE,1,66,338.0,1952,0,28,14,1
2010,2,2010_02_NO_SF,NO,SF,0,64,287.0,1960,1,25,22,1
2010,2,2010_02_NO_SF,SF,NO,1,59,419.0,1640,3,22,25,0
2010,2,2010_02_NYG_IND,IND,NYG,1,70,410.0,2106,1,38,14,1
2010,2,2010_02_NYG_IND,NYG,IND,0,53,257.0,1494,3,14,38,0
2010,2,2010_02_PHI_DET,DET,PHI,1,74,446.0,1748,2,32,35,0
2010,2,2010_02_PHI_DET,PHI,DET,0,68,409.0,1876,0,35,32,1
2010,2,2010_02_PIT_TEN,PIT,TEN,0,54,127.0,2078,1,19,11,1
2010,2,2010_02_PIT_TEN,TEN,PIT,1,62,240.0,1580,7,11,19,0
2010,2,2010_02_SEA_DEN,DEN,SEA,1,74,369.0,2247,1,31,14,1
2010,2,2010_02_SEA_DEN,SEA,DEN,0,56,339.0,1353,3,14,31,0
2010,2,2010_02_STL_OAK,LA,LV,0,49,210.0,1391,1,14,16,0
2010,2,2010_02_STL_OAK,LV,LA,1,79,404.0,2209,2,16,14,1
2010,2,2010_02_TB_CAR,CAR,TB,1,66,278.0,1751,3,7,20,0
2010,2,2010_02_TB_CAR,TB,CAR,0,59,273.0,1849,0,20,7,1
2010,3,2010_03_ATL_NO,ATL,NO,0,82,417.0,2750,0,27,24,1
2010,3,2010_03_ATL_NO,NO,ATL,1,56,398.0,1635,4,24,27,0
2010,3,2010_03_BUF_NE,BUF,NE,0,53,374.0,1668,2,30,38,0
2010,3,2010_03_BUF_NE,NE,BUF,1,66,445.0,1932,1,38,30,1
2010,3,2010_03_CIN_CAR,CAR,CIN,1,58,267.0,1418,4,7,20,0
2010,3,2010_03_CIN_CAR,CIN,CAR,0,75,305.0,2182,2,20,7,1
2010,3,2010_03_CLE_BAL,BAL,CLE,1,59,365.0,1808,0,24,17,1
2010,3,2010_03_CLE_BAL,CLE,BAL,0,55,304.0,1792,0,17,24,0
2010,3,2010_03_DAL_HOU,DAL,HOU,0,57,385.0,1971,0,27,13,1
2010,3,2010_03_DAL_HOU,HOU,DAL,1,58,340.0,1660,3,13,27,0
2010,3,2010_03_DET_MIN,DET,MIN,0,63,295.0,1688,2,10,24,0
2010,3,2010_03_DET_MIN,MIN,DET,1,66,368.0,1912,4,24,10,1
2010,3,2010_03_GB_CHI,CHI,GB,1,48,276.0,1451,1,20,17,1
2010,3,2010_03_GB_CHI,GB,CHI,0,60,379.0,2149,2,17,20,0
2010,3,2010_03_IND_DEN,DEN,IND,1,76,519.0,1792,1,13,27,0
2010,3,2010_03_IND_DEN,IND,DEN,0,65,365.0,1808,1,27,13,1
2010,3,2010_03_NYJ_MIA,MIA,NYJ,1,70,436.0,1968,1,23,31,0
2010,3,2010_03_NYJ_MIA,NYJ,MIA,0,57,402.0,1632,0,31,23,1
2010,3,2010_03_OAK_ARI,ARI,LV,1,54,227.0,1622,1,24,23,1
2010,3,2010_03_OAK_ARI,LV,ARI,0,70,364.0,1978,3,23,24,0
2010,3,2010_03_PHI_JAX,JAX,PHI,1,69,184.0,1973,1,3,28,0
2010,3,2010_03_PHI_JAX,PHI,JAX,0,55,373.0,1627,0,28,3,1
2010,3,2010_03_PIT_TB,PIT,TB,0,49,387.0,1614,2,38,13,1
2010,3,2010_03_PIT_TB,TB,PIT,1,62,303.0,1986,2,13,38,0
2010,3,2010_03_SD_SEA,LAC,SEA,0,79,520.0,2164,5,20,27,0
2010,3,2010_03_SD_SEA,SEA,LAC,1,56,271.0,1436,2,27,20,1
2010,3,2010_03_SF_KC,KC,SF,1,66,457.0,2030,1,31,10,1
2010,3,2010_03_SF_KC,SF,KC,0,62,251.0,1570,1,10,31,0
2010,3,2010_03_TEN_NYG,NYG,TEN,1,70,471.0,1898,3,10,29,0
2010,3,2010_03_TEN_NYG,TEN,NYG,0,58,271.0,1702,0,29,10,1
2010,3,2010_03_WAS_STL,LA,WAS,1,75,365.0,2090,2,30,16,1
2010,3,2010_03_WAS_STL,WAS,LA,0,50,349.0,1510,2,16,30,0
2010,4,2010_04_ARI_SD,ARI,LAC,0,51,124.0,1502,3,10,41,0
2010,4,2010_04_ARI_SD,LAC,ARI,1,60,419.0,2098,1,41,10,1
2010,4,2010_04_BAL_PIT,BAL,PIT,0,65,320.0,1831,2,17,14,1
2010,4,2010_04_BAL_PIT,PIT,BAL,1,50,210.0,1769,1,14,17,0
2010,4,2010_04_CAR_NO,CAR,NO,0,47,251.0,1298,0,14,16,0
2010,4,2010_04_CAR_NO,NO,CAR,1,79,383.0,2302,3,16,14,1
2010,4,2010_04_CHI_NYG,CHI,NYG,0,52,110.0,1595,3,3,17,0
2010,4,2010_04_CHI_NYG,NYG,CHI,1,64,372.0,2005,3,17,3,1
2010,4,2010_04_CIN_CLE,CIN,CLE,0,58,413.0,1754,2,20,23,0
2010,4,2010_04_CIN_CLE,CLE,CIN,1,66,295.0,1846,1,23,20,1
2010,4,2010_04_DEN_TEN,DEN,TEN,0,76,327.0,2118,1,26,20,1
2010,4,2010_04_DEN_TEN,TEN,DEN,1,52,288.0,1547,2,20,26,0
2010,4,2010_04_DET_GB,DET,GB,0,78,431.0,2257,3,26,28,0
2010,4,2010_04_DET_GB,GB,DET,1,40,261.0,1343,4,28,26,1
2010,4,2010_04_HOU_OAK,HOU,LV,0,65,441.0,1769,0,31,24,1
2010,4,2010_04_HOU_OAK,LV,HOU,1,68,363.0,1831,3,24,31,0
2010,4,2010_04_IND_JAX,IND,JAX,0,66,406.0,1814,2,28,31,0
2010,4,2010_04_IND_JAX,JAX,IND,1,57,337.0,1786,0,31,28,1
2010,4,2010_04_NE_MIA,MIA,NE,1,67,400.0,1937,4,14,41,0
2010,4,2010_04_NE_MIA,NE,MIA,0,59,265.0,1663,0,41,14,1
2010,4,2010_04_NYJ_BUF,BUF,NYJ,1,46,223.0,1369,2,14,38,0
2010,4,2010_04_NYJ_BUF,NYJ,BUF,0,74,443.0,2429,0,38,14,1
2010,4,2010_04_SEA_STL,LA,SEA,1,73,349.0,1970,1,20,3,1
2010,4,2010_04_SEA_STL,SEA,LA,0,65,257.0,1630,2,3,20,0
2010,4,2010_04_SF_ATL,ATL,SF,1,75,357.0,1759,3,16,14,1
2010,4,2010_04_SF_ATL,SF,ATL,0,56,262.0,1841,2,14,16,0
2010,4,2010_04_WAS_PHI,PHI,WAS,1,69,353.0,1977,2,12,17,0
2010,4,2010_04_WAS_PHI,WAS,PHI,0,55,293.0,1623,1,17,12,1
2010,5,2010_05_ATL_CLE,ATL,CLE,0,61,338.0,1806,1,20,10,1
2010,5,2010_05_ATL_CLE,CLE,ATL,1,62,269.0,1794,3,10,20,0
2010,5,2010_05_CHI_CAR,CAR,CHI,1,62,147.0,1781,3,6,23,0
2010,5,2010_05_CHI_CAR,CHI,CAR,0,64,247.0,1819,4,23,6,1
2010,5,2010_05_DEN_BAL,BAL,DEN,1,73,415.0,2177,0,31,17,1
2010,5,2010_05_DEN_BAL,DEN,BAL,0,52,346.0,1423,1,17,31,0
2010,5,2010_05_GB_WAS,GB,WAS,0,67,427.0,1960,2,13,16,0
2010,5,2010_05_GB_WAS,WAS,GB,1,75,373.0,2054,1,16,13,1
2010,5,2010_05_JAX_BUF,BUF,JAX,1,55,306.0,1539,1,26,36,0
2010,5,2010_05_JAX_BUF,JAX,BUF,0,62,381.0,2061,2,36,26,1
2010,5,2010_05_KC_IND,IND,KC,1,76,341.0,2065,1,19,9,1
2010,5,2010_05_KC_IND,KC,IND,0,57,261.0,1535,1,9,19,0
2010,5,2010_05_MIN_NYJ,MIN,NYJ,0,63,336.0,1565,3,20,29,0
2010,5,2010_05_MIN_NYJ,NYJ,MIN,1,78,328.0,2035,0,29,20,1
2010,5,2010_05_NO_ARI,ARI,NO,1,57,194.0,1799,1,30,20,1
2010,5,2010_05_NO_ARI,NO,ARI,0,62,358.0,1801,4,20,30,0
2010,5,2010_05_NYG_HOU,HOU,NYG,1,52,195.0,1269,2,10,34,0
2010,5,2010_05_NYG_HOU,NYG,HOU,0,74,414.0,2331,2,34,10,1
2010,5,2010_05_PHI_SF,PHI,SF,0,62,352.0,1848,1,27,24,1
2010,5,2010_05_PHI_SF,SF,PHI,1,63,364.0,1752,5,24,27,0
2010,5,2010_05_SD_OAK,LAC,LV,0,71,506.0,1795,3,27,35,0
2010,5,2010_05_SD_OAK,LV,LAC,1,59,279.0,1634,0,35,27,1
2010,5,2010_05_STL_DET,DET,LA,1,61,322.0,1604,0,44,6,1
2010,5,2010_05_STL_DET,LA,DET,0,74,341.0,1996,3,6,44,0
2010,5,2010_05_TB_CIN,CIN,TB,1,65,360.0,1775,4,21,24,0
2010,5,2010_05_TB_CIN,TB,CIN,0,60,391.0,1825,3,24,21,1
2010,5,2010_05_TEN_DAL,DAL,TEN,1,75,511.0,2204,3,27,34,0
2010,5,2010_05_TEN_DAL,TEN,DAL,0,55,321.0,1396,0,34,27,1
2010,6,2010_06_ATL_PHI,ATL,PHI,0,64,293.0,1557,2,17,31,0
2010,6,2010_06_ATL_PHI,PHI,ATL,1,68,474.0,2043,1,31,17,1
2010,6,2010_06_BAL_NE,BAL,NE,0,72,377.0,2414,0,20,23,0
2010,6,2010_06_BAL_NE,NE,BAL,1,73,394.0,1970,2,23,20,1
2010,6,2010_06_CLE_PIT,CLE,PIT,0,60,328.0,1684,2,10,28,0
2010,6,2010_06_CLE_PIT,PIT,CLE,1,62,378.0,1916,2,28,10,1
2010,6,2010_06_DAL_MIN,DAL,MIN,0,60,308.0,1930,2,21,24,0
2010,6,2010_06_DAL_MIN,MIN,DAL,1,50,188.0,1670,1,24,21,1
2010,6,2010_06_DET_NYG,DET,NYG,0,72,366.0,1638,3,20,28,0
2010,6,2010_06_DET_NYG,NYG,DET,1,62,334.0,1962,1,28,20,1
2010,6,2010_06_IND_WAS,IND,WAS,0,68,469.0,1650,2,27,24,1
2010,6,2010_06_IND_WAS,WAS,IND,1,72,335.0,1950,3,24,27,0
2010,6,2010_06_KC_HOU,HOU,KC,1,57,421.0,1592,0,35,31,1
2010,6,2010_06_KC_HOU,KC,HOU,0,68,417.0,2008,0,31,35,0
2010,6,2010_06_MIA_GB,GB,MIA,1,59,359.0,1683,1,20,23,0
2010,6,2010_06_MIA_GB,MIA,GB,0,78,381.0,2276,1,23,20,1
2010,6,2010_06_NO_TB,NO,TB,0,64,475.0,1889,1,31,6,1
2010,6,2010_06_NO_TB,TB,NO,1,67,277.0,1711,1,6,31,0
2010,6,2010_06_NYJ_DEN,DEN,NYJ,1,72,346.0,1823,2,20,24,0
2010,6,2010_06_NYJ_DEN,NYJ,DEN,0,62,319.0,1888,3,24,20,1
2010,6,2010_06_OAK_SF,LV,SF,0,53,179.0,1599,2,9,17,0
2010,6,2010_06_OAK_SF,SF,LV,1,66,349.0,2001,0,17,9,1
2010,6,2010_06_SD_STL,LA,LAC,1,69,300.0,2003,0,20,17,1
2010,6,2010_06_SD_STL,LAC,LA,0,61,287.0,1597,1,17,20,0
2010,6,2010_06_SEA_CHI,CHI,SEA,1,59,307.0,1537,0,20,23,0
2010,6,2010_06_SEA_CHI,SEA,CHI,0,71,353.0,2063,0,23,20,1
2010,6,2010_06_TEN_JAX,JAX,TEN,1,63,249.0,1635,4,3,30,0
2010,6,2010_06_TEN_JAX,TEN,JAX,0,60,324.0,1965,0,30,3,1
2010,7,2010_07_ARI_SEA,ARI,SEA,0,55,227.0,1437,4,10,22,0
2010,7,2010_07_ARI_SEA,SEA,ARI,1,79,302.0,2237,2,22,10,1
2010,7,2010_07_BUF_BAL,BAL,BUF,1,62,364.0,1530,2,37,34,1
2010,7,2010_07_BUF_BAL,BUF,BAL,0,79,506.0,2316,4,34,37,0
2010,7,2010_07_CIN_ATL,ATL,CIN,1,64,454.0,1778,2,39,32,1
2010,7,2010_07_CIN_ATL,CIN,ATL,0,76,469.0,1822,1,32,39,0
2010,7,2010_07_CLE_NO,CLE,NO,0,46,210.0,1466,0,30,17,1
2010,7,2010_07_CLE_NO,NO,CLE,1,77,394.0,2134,4,17,30,0
2010,7,2010_07_JAX_KC,JAX,KC,0,58,300.0,1560,2,20,42,0
2010,7,2010_07_JAX_KC,KC,JAX,1,61,426.0,2040,1,42,20,1
2010,7,2010_07_MIN_GB,GB,MIN,1,58,379.0,1736,2,28,24,1
2010,7,2010_07_MIN_GB,MIN,GB,0,66,402.0,1864,3,24,28,0
2010,7,2010_07_NE_SD,LAC,NE,1,71,363.0,2065,4,20,23,0
2010,7,2010_07_NE_SD,NE,LAC,0,58,179.0,1735,0,23,20,1
2010,7,2010_07_NYG_DAL,DAL,NYG,1,57,256.0,1349,2,35,41,0
2010,7,2010_07_NYG_DAL,NYG,DAL,0,73,497.0,2251,5,41,35,1
2010,7,2010_07_OAK_DEN,DEN,LV,1,50,240.0,1281,3,14,59,0
2010,7,2010_07_OAK_DEN,LV,DEN,0,74,508.0,2319,0,59,14,1
2010,7,2010_07_PHI_TEN,PHI,TEN,0,73,326.0,2004,3,19,37,0
2010,7,2010_07_PHI_TEN,TEN,PHI,1,60,328.0,1596,4,37,19,1
2010,7,2010_07_PIT_MIA,MIA,PIT,1,58,313.0,1751,1,22,23,0
2010,7,2010_07_PIT_MIA,PIT,MIA,0,57,348.0,1849,2,23,22,1
2010,7,2010_07_SF_CAR,CAR,SF,1,76,379.0,2165,3,23,20,1
2010,7,2010_07_SF_CAR,SF,CAR,0,56,282.0,1435,1,20,23,0
2010,7,2010_07_STL_TB,LA,TB,0,59,285.0,1721,1,17,18,0
2010,7,2010_07_STL_TB,TB,LA,1,65,313.0,1879,0,18,17,1
2010,7,2010_07_WAS_CHI,CHI,WAS,1,60,322.0,1848,6,14,17,0
2010,7,2010_07_WAS_CHI,WAS,CHI,0,62,308.0,1752,3,17,14,1
2010,8,2010_08_BUF_KC,BUF,KC,0,84,328.0,2362,1,10,13,0
2010,8,2010_08_BUF_KC,KC,BUF,1,74,414.0,2138,0,13,10,1
2010,8,2010_08_CAR_STL,CAR,LA,0,57,201.0,1412,4,10,20,0
2010,8,2010_08_CAR_STL,LA,CAR,1,63,246.0,2188,0,20,10,1
2010,8,2010_08_DEN_SF,DEN,SF,0,61,398.0,1586,2,16,24,0
2010,8,2010_08_DEN_SF,SF,DEN,1,61,339.0,2014,0,24,16,1
2010,8,2010_08_GB_NYJ,GB,NYJ,0,62,237.0,1717,0,9,0,1
2010,8,2010_08_GB_NYJ,NYJ,GB,1,69,360.0,1883,3,0,9,0
2010,8,2010_08_HOU_IND,HOU,IND,0,59,291.0,1415,2,17,30,0
2010,8,2010_08_HOU_IND,IND,HOU,1,74,366.0,2185,0,30,17,1
2010,8,2010_08_JAX_DAL,DAL,JAX,1,73,415.0,1645,4,17,35,0
2010,8,2010_08_JAX_DAL,JAX,DAL,0,58,387.0,1955,1,35,17,1
2010,8,2010_08_MIA_CIN,CIN,MIA,1,64,262.0,1591,2,14,22,0
2010,8,2010_08_MIA_CIN,MIA,CIN,0,68,354.0,2009,1,22,14,1
2010,8,2010_08_MIN_NE,MIN,NE,0,68,412.0,2108,1,18,28,0
2010,8,2010_08_MIN_NE,NE,MIN,1,54,362.0,1492,0,28,18,1
2010,8,2010_08_PIT_NO,NO,PIT,1,67,318.0,2046,2,20,10,1
2010,8,2010_08_PIT_NO,PIT,NO,0,52,279.0,1554,2,10,20,0
2010,8,2010_08_SEA_OAK,LV,SEA,1,68,545.0,2164,0,33,3,1
2010,8,2010_08_SEA_OAK,SEA,LV,0,59,162.0,1436,1,3,33,0
2010,8,2010_08_TB_ARI,ARI,TB,1,64,396.0,1771,5,35,38,0
2010,8,2010_08_TB_ARI,TB,ARI,0,57,407.0,1829,1,38,35,1
2010,8,2010_08_TEN_SD,LAC,TEN,1,71,456.0,2267,1,33,25,1
2010,8,2010_08_TEN_SD,TEN,LAC,0,56,370.0,1333,0,25,33,0
2010,8,2010_08_WAS_DET,DET,WAS,1,74,306.0,1930,2,37,25,1
2010,8,2010_08_WAS_DET,WAS,DET,0,65,275.0,1670,2,25,37,0
2010,9,2010_09_ARI_MIN,ARI,MIN,0,54,225.0,1633,0,24,27,0
2010,9,2010_09_ARI_MIN,MIN,ARI,1,70,507.0,2285,4,27,24,1
2010,9,2010_09_CHI_BUF,BUF,CHI,1,71,340.0,1727,3,19,22,0
2010,9,2010_09_CHI_BUF,CHI,BUF,0,63,285.0,1873,1,22,19,1
2010,9,2010_09_DAL_GB,DAL,GB,0,48,205.0,1324,3,7,45,0
2010,9,2010_09_DAL_GB,GB,DAL,1,71,415.0,2276,1,45,7,1
2010,9,2010_09_IND_PHI,IND,PHI,0,73,338.0,1690,2,24,26,0
2010,9,2010_09_IND_PHI,PHI,IND,1,63,402.0,1910,0,26,24,1
2010,9,2010_09_KC_OAK,KC,LV,0,72,304.0,1990,3,20,23,0
2010,9,2010_09_KC_OAK,LV,KC,1,64,321.0,1783,2,23,20,1
2010,9,2010_09_MIA_BAL,BAL,MIA,1,71,402.0,2302,0,26,10,1
2010,9,2010_09_MIA_BAL,MIA,BAL,0,53,289.0,1298,3,10,26,0
2010,9,2010_09_NE_CLE,CLE,NE,1,63,404.0,2288,1,34,14,1
2010,9,2010_09_NE_CLE,NE,CLE,0,59,283.0,1350,3,14,34,0
2010,9,2010_09_NO_CAR,CAR,NO,1,64,195.0,1519,2,3,34,0
2010,9,2010_09_NO_CAR,NO,CAR,0,76,408.0,2081,1,34,3,1
2010,9,2010_09_NYG_SEA,NYG,SEA,0,79,487.0,2554,1,41,7,1
2010,9,2010_09_NYG_SEA,SEA,NYG,1,37,162.0,1046,3,7,41,0
2010,9,2010_09_NYJ_DET,DET,NYJ,1,67,306.0,1966,0,20,23,0
2010,9,2010_09_NYJ_DET,NYJ,DET,0,70,437.0,1772,2,23,20,1
2010,9,2010_09_PIT_CIN,CIN,PIT,1,58,272.0,1661,2,21,27,0
2010,9,2010_09_PIT_CIN,PIT,CIN,0,61,314.0,1939,2,27,21,1
2010,9,2010_09_SD_HOU,HOU,LAC,1,68,392.0,2029,1,23,29,0
2010,9,2010_09_SD_HOU,LAC,HOU,0,51,369.0,1571,2,29,23,1
2010,9,2010_09_TB_ATL,ATL,TB,1,69,365.0,2046,0,27,21,1
2010,9,2010_09_TB_ATL,TB,ATL,0,50,278.0,1554,2,21,27,0
2010,10,2010_10_BAL_ATL,ATL,BAL,1,76,362.0,2109,1,26,21,1
2010,10,2010_10_BAL_ATL,BAL,ATL,0,57,320.0,1491,1,21,26,0
2010,10,2010_10_CAR_TB,CAR,TB,0,62,300.0,1720,2,16,31,0
2010,10,2010_10_CAR_TB,TB,CAR,1,55,421.0,1880,1,31,16,1
2010,10,2010_10_CIN_IND,CIN,IND,0,65,341.0,2051,5,17,23,0
2010,10,2010_10_CIN_IND,IND,CIN,1,60,256.0,1561,0,23,17,1
2010,10,2010_10_DAL_NYG,DAL,NYG,0,50,427.0,1329,1,33,20,1
2010,10,2010_10_DAL_NYG,NYG,DAL,1,76,480.0,2271,3,20,33,0
2010,10,2010_10_DET_BUF,BUF,DET,1,58,288.0,1656,1,14,12,1
2010,10,2010_10_DET_BUF,DET,BUF,0,78,390.0,1944,1,12,14,0
2010,10,2010_10_HOU_JAX,HOU,JAX,0,53,395.0,1477,1,24,31,0
2010,10,2010_10_HOU_JAX,JAX,HOU,1,69,491.0,2123,0,31,24,1
2010,10,2010_10_KC_DEN,DEN,KC,1,66,452.0,1689,0,49,29,1
2010,10,2010_10_KC_DEN,KC,DEN,0,81,484.0,1911,1,29,49,0
2010,10,2010_10_MIN_CHI,CHI,MIN,1,74,360.0,2079,2,27,13,1
2010,10,2010_10_MIN_CHI,MIN,CHI,0,54,240.0,1521,4,13,27,0
2010,10,2010_10_NE_PIT,NE,PIT,0,68,453.0,1928,0,39,26,1
2010,10,2010_10_NE_PIT,PIT,NE,1,72,429.0,1712,1,26,39,0
2010,10,2010_10_NYJ_CLE,CLE,NYJ,1,59,303.0,1656,2,20,26,0
2010,10,2010_10_NYJ_CLE,NYJ,CLE,0,91,456.0,2828,1,26,20,1
2010,10,2010_10_PHI_WAS,PHI,WAS,0,67,592.0,2291,0,59,28,1
2010,10,2010_10_PHI_WAS,WAS,PHI,1,51,375.0,1309,3,28,59,0
2010,10,2010_10_SEA_ARI,ARI,SEA,1,65,329.0,1495,2,18,36,0
2010,10,2010_10_SEA_ARI,SEA,ARI,0,73,490.0,2105,1,36,18,1
2010,10,2010_10_STL_SF,LA,SF,0,69,332.0,2103,0,20,23,0
2010,10,2010_10_STL_SF,SF,LA,1,59,421.0,1818,0,23,20,1
2010,10,2010_10_TEN_MIA,MIA,TEN,1,69,404.0,1984,1,29,17,1
2010,10,2010_10_TEN_MIA,TEN,MIA,0,65,259.0,1616,3,17,29,0
2010,11,2010_11_ARI_KC,ARI,KC,0,68,382.0,1942,0,13,31,0
2010,11,2010_11_ARI_KC,KC,ARI,1,53,352.0,1658,0,31,13,1
2010,11,2010_11_ATL_STL,ATL,LA,0,71,393.0,2155,0,34,17,1
2010,11,2010_11_ATL_STL,LA,ATL,1,54,304.0,1445,1,17,34,0
2010,11,2010_11_BAL_CAR,BAL,CAR,0,67,378.0,2073,2,37,13,1
2010,11,2010_11_BAL_CAR,CAR,BAL,1,53,270.0,1527,2,13,37,0
2010,11,2010_11_BUF_CIN,BUF,CIN,0,60,449.0,1671,2,49,31,1
2010,11,2010_11_BUF_CIN,CIN,BUF,1,69,361.0,1929,3,31,49,0
2010,11,2010_11_CHI_MIA,CHI,MIA,0,68,268.0,2271,1,16,0,1
2010,11,2010_11_CHI_MIA,MIA,CHI,1,48,187.0,1329,1,0,16,0
2010,11,2010_11_CLE_JAX,CLE,JAX,0,60,283.0,1712,1,20,24,0
2010,11,2010_11_CLE_JAX,JAX,CLE,1,67,371.0,1888,6,24,20,1
2010,11,2010_11_DEN_SD,DEN,LAC,0,58,235.0,1541,1,14,35,0
2010,11,2010_11_DEN_SD,LAC,DEN,1,65,400.0,2059,1,35,14,1
2010,11,2010_11_DET_DAL,DAL,DET,1,56,265.0,1804,1,35,19,1
2010,11,2010_11_DET_DAL,DET,DAL,0,70,338.0,1796,2,19,35,0
2010,11,2010_11_GB_MIN,GB,MIN,0,65,374.0,1996,0,31,3,1
2010,11,2010_11_GB_MIN,MIN,GB,1,57,300.0,1604,2,3,31,0
2010,11,2010_11_HOU_NYJ,HOU,NYJ,0,60,343.0,1541,1,27,30,0
2010,11,2010_11_HOU_NYJ,NYJ,HOU,1,72,401.0,2059,2,30,27,1
2010,11,2010_11_IND_NE,IND,NE,0,72,467.0,1761,3,28,31,0
2010,11,2010_11_IND_NE,NE,IND,1,60,346.0,1839,0,31,28,1
2010,11,2010_11_NYG_PHI,NYG,PHI,0,52,208.0,1556,6,17,27,0
2010,11,2010_11_NYG_PHI,PHI,NYG,1,68,394.0,2044,1,27,17,1
2010,11,2010_11_OAK_PIT,LV,PIT,0,65,182.0,1633,3,3,35,0
2010,11,2010_11_OAK_PIT,PIT,LV,1,64,431.0,1967,1,35,3,1
2010,11,2010_11_SEA_NO,NO,SEA,1,72,494.0,2025,2,34,19,1
2010,11,2010_11_SEA_NO,SEA,NO,0,61,424.0,1575,2,19,34,0
2010,11,2010_11_TB_SF,SF,TB,1,55,189.0,1416,2,0,21,0
2010,11,2010_11_TB_SF,TB,SF,0,66,299.0,2184,0,21,0,1
2010,11,2010_11_WAS_TEN,TEN,WAS,1,51,373.0,1594,2,16,19,0
2010,11,2010_11_WAS_TEN,WAS,TEN,0,86,465.0,2409,1,19,16,1
2010,12,2010_12_CAR_CLE,CAR,CLE,0,58,326.0,1725,1,23,24,0
2010,12,2010_12_CAR_CLE,CLE,CAR,1,70,379.0,1933,3,24,23,1
2010,12,2010_12_CIN_NYJ,CIN,NYJ,0,62,163.0,1591,2,10,26,0
2010,12,2010_12_CIN_NYJ,NYJ,CIN,1,67,319.0,2009,2,26,10,1
2010,12,2010_12_GB_ATL,ATL,GB,1,57,294.0,1900,0,20,17,1
2010,12,2010_12_GB_ATL,GB,ATL,0,59,418.0,1700,1,17,20,0
2010,12,2010_12_JAX_NYG,JAX,NYG,0,73,328.0,2127,2,20,24,0
2010,12,2010_12_JAX_NYG,NYG,JAX,1,51,363.0,1473,0,24,20,1
2010,12,2010_12_KC_SEA,KC,SEA,0,80,503.0,2463,1,42,24,1
2010,12,2010_12_KC_SEA,SEA,KC,1,51,288.0,1137,3,24,42,0
2010,12,2010_12_MIA_OAK,LV,MIA,1,45,263.0,1102,3,17,33,0
2010,12,2010_12_MIA_OAK,MIA,LV,0,82,471.0,2498,1,33,17,1
2010,12,2010_12_MIN_WAS,MIN,WAS,0,63,299.0,1985,0,17,13,1
2010,12,2010_12_MIN_WAS,WAS,MIN,1,52,216.0,1615,1,13,17,0
2010,12,2010_12_NE_DET,DET,NE,1,75,406.0,1865,2,24,45,0
2010,12,2010_12_NE_DET,NE,DET,0,53,447.0,1735,0,45,24,1
2010,12,2010_12_NO_DAL,DAL,NO,1,75,457.0,2081,4,27,30,0
2010,12,2010_12_NO_DAL,NO,DAL,0,62,414.0,1519,1,30,27,1
2010,12,2010_12_PHI_CHI,CHI,PHI,1,53,349.0,1682,0,31,26,1
2010,12,2010_12_PHI_CHI,PHI,CHI,0,70,398.0,1918,1,26,31,0
2010,12,2010_12_PIT_BUF,BUF,PIT,1,64,329.0,1643,2,16,19,0
2010,12,2010_12_PIT_BUF,PIT,BUF,0,83,426.0,2723,1,19,16,1
2010,12,2010_12_SD_IND,IND,LAC,1,62,303.0,1462,5,14,36,0
2010,12,2010_12_SD_IND,LAC,IND,0,59,301.0,2138,0,36,14,1
2010,12,2010_12_SF_ARI,ARI,SF,1,47,203.0,1259,2,6,27,0
2010,12,2010_12_SF_ARI,SF,ARI,0,71,386.0,2341,1,27,6,1
2010,12,2010_12_STL_DEN,DEN,LA,1,63,449.0,1543,2,33,36,0
2010,12,2010_12_STL_DEN,LA,DEN,0,74,431.0,2057,0,36,33,1
2010,12,2010_12_TB_BAL,BAL,TB,1,65,349.0,1862,1,17,10,1
2010,12,2010_12_TB_BAL,TB,BAL,0,60,263.0,1738,0,10,17,0
2010,12,2010_12_TEN_HOU,HOU,TEN,1,76,346.0,2381,0,20,0,1
2010,12,2010_12_TEN_HOU,TEN,HOU,0,44,162.0,1219,3,0,20,0
2010,13,2010_13_ATL_TB,ATL,TB,0,63,290.0,1680,2,28,24,1
2010,13,2010_13_ATL_TB,TB,ATL,1,69,325.0,1920,1,24,28,0
2010,13,2010_13_BUF_MIN,BUF,MIN,0,49,239.0,1563,5,14,38,0
2010,13,2010_13_BUF_MIN,MIN,BUF,1,64,387.0,2037,4,38,14,1
2010,13,2010_13_CAR_SEA,CAR,SEA,0,67,283.0,1830,1,14,31,0
2010,13,2010_13_CAR_SEA,SEA,CAR,1,64,371.0,1770,2,31,14,1
2010,13,2010_13_CHI_DET,CHI,DET,0,58,311.0,1999,1,24,20,1
2010,13,2010_13_CHI_DET,DET,CHI,1,53,302.0,1601,0,20,24,0
2010,13,2010_13_CLE_MIA,CLE,MIA,0,58,252.0,1764,0,13,10,1
2010,13,2010_13_CLE_MIA,MIA,CLE,1,65,281.0,1836,3,10,13,0
2010,13,2010_13_DAL_IND,DAL,IND,0,75,370.0,2400,0,38,35,1
2010,13,2010_13_DAL_IND,IND,DAL,1,65,405.0,1625,4,35,38,0
2010,13,2010_13_DEN_KC,DEN,KC,0,55,247.0,1366,1,6,10,0
2010,13,2010_13_DEN_KC,KC,DEN,1,72,359.0,2234,1,10,6,1
2010,13,2010_13_HOU_PHI,HOU,PHI,0,64,431.0,1691,2,24,34,0
2010,13,2010_13_HOU_PHI,PHI,HOU,1,63,416.0,1909,1,34,24,1
2010,13,2010_13_JAX_TEN,JAX,TEN,0,73,377.0,2394,0,17,6,1
2010,13,2010_13_JAX_TEN,TEN,JAX,1,47,220.0,1206,2,6,17,0
2010,13,2010_13_NO_CIN,CIN,NO,1,63,313.0,1953,0,30,34,0
2010,13,2010_13_NO_CIN,NO,CIN,0,53,436.0,1647,1,34,30,1
2010,13,2010_13_NYJ_NE,NE,NYJ,1,58,405.0,1861,0,45,3,1
2010,13,2010_13_NYJ_NE,NYJ,NE,0,65,301.0,1739,3,3,45,0
2010,13,2010_13_OAK_SD,LAC,LV,1,51,286.0,1281,1,13,28,0
2010,13,2010_13_OAK_SD,LV,LAC,0,69,368.0,2319,2,28,13,1
2010,13,2010_13_PIT_BAL,BAL,PIT,1,57,269.0,1552,1,10,13,0
2010,13,2010_13_PIT_BAL,PIT,BAL,0,65,288.0,2048,1,13,10,1
2010,13,2010_13_SF_GB,GB,SF,1,68,410.0,2231,0,34,16,1
2010,13,2010_13_SF_GB,SF,GB,0,51,269.0,1369,1,16,34,0
2010,13,2010_13_STL_ARI,ARI,LA,1,52,224.0,1574,2,6,19,0
2010,13,2010_13_STL_ARI,LA,ARI,0,67,288.0,2026,1,19,6,1
2010,13,2010_13_WAS_NYG,NYG,WAS,1,61,358.0,2068,1,31,7,1
2010,13,2010_13_WAS_NYG,WAS,NYG,0,64,338.0,1532,6,7,31,0
2010,14,2010_14_ATL_CAR,ATL,CAR,0,73,327.0,2090,1,31,10,1
2010,14,2010_14_ATL_CAR,CAR,ATL,1,58,288.0,1510,2,10,31,0
2010,14,2010_14_BAL_HOU,BAL,HOU,0,62,253.0,1878,0,34,28,1
2010,14,2010_14_BAL_HOU,HOU,BAL,1,87,491.0,1907,2,28,34,0
2010,14,2010_14_CIN_PIT,CIN,PIT,0,49,190.0,1529,3,7,23,0
2010,14,2010_14_CIN_PIT,PIT,CIN,1,64,354.0,2071,0,23,7,1
2010,14,2010_14_CLE_BUF,BUF,CLE,1,67,323.0,2170,1,13,6,1
2010,14,2010_14_CLE_BUF,CLE,BUF,0,46,187.0,1430,3,6,13,0
2010,14,2010_14_DEN_ARI,ARI,DEN,1,72,357.0,1821,1,43,13,1
2010,14,2010_14_DEN_ARI,DEN,ARI,0,73,288.0,1779,6,13,43,0
2010,14,2010_14_GB_DET,DET,GB,1,65,286.0,1848,2,7,3,1
2010,14,2010_14_GB_DET,GB,DET,0,61,258.0,1752,3,3,7,0
2010,14,2010_14_IND_TEN,IND,TEN,0,68,399.0,1951,0,30,28,1
2010,14,2010_14_IND_TEN,TEN,IND,1,64,365.0,1649,2,28,30,0
2010,14,2010_14_KC_SD,KC,LAC,0,41,67.0,1190,0,0,31,0
2010,14,2010_14_KC_SD,LAC,KC,1,69,426.0,2410,2,31,0,1
2010,14,2010_14_MIA_NYJ,MIA,NYJ,0,56,131.0,1572,3,10,6,1
2010,14,2010_14_MIA_NYJ,NYJ,MIA,1,81,280.0,2028,2,6,10,0
2010,14,2010_14_NE_CHI,CHI,NE,1,42,185.0,1219,4,7,36,0
2010,14,2010_14_NE_CHI,NE,CHI,0,78,475.0,2381,0,36,7,1
2010,14,2010_14_NYG_MIN,MIN,NYG,1,61,164.0,1638,1,3,21,0
2010,14,2010_14_NYG_MIN,NYG,MIN,0,66,395.0,1962,2,21,3,1
2010,14,2010_14_OAK_JAX,JAX,LV,1,58,385.0,1795,1,38,31,1
2010,14,2010_14_OAK_JAX,LV,JAX,0,61,476.0,1805,2,31,38,0
2010,14,2010_14_PHI_DAL,DAL,PHI,1,60,349.0,1929,2,27,30,0
2010,14,2010_14_PHI_DAL,PHI,DAL,0,55,429.0,1671,2,30,27,1
2010,14,2010_14_SEA_SF,SEA,SF,0,65,361.0,1747,5,21,40,0
2010,14,2010_14_SEA_SF,SF,SEA,1,56,336.0,1853,0,40,21,1
2010,14,2010_14_STL_NO,LA,NO,0,59,327.0,1619,3,13,31,0
2010,14,2010_14_STL_NO,NO,LA,1,70,345.0,1981,3,31,13,1
2010,14,2010_14_TB_WAS,TB,WAS,0,53,367.0,1732,2,17,16,1
2010,14,2010_14_TB_WAS,WAS,TB,1,65,399.0,2060,1,16,17,0
2010,15,2010_15_ARI_CAR,ARI,CAR,0,54,218.0,1384,2,12,19,0
2010,15,2010_15_ARI_CAR,CAR,ARI,1,66,303.0,2216,1,19,12,1
2010,15,2010_15_ATL_SEA,ATL,SEA,0,73,266.0,2125,1,34,18,1
2010,15,2010_15_ATL_SEA,SEA,ATL,1,57,236.0,1475,3,18,34,0
2010,15,2010_15_BUF_MIA,BUF,MIA,0,55,282.0,1717,1,17,14,1
2010,15,2010_15_BUF_MIA,MIA,BUF,1,67,326.0,1883,2,14,17,0
2010,15,2010_15_CHI_MIN,CHI,MIN,0,58,293.0,1890,1,40,14,1
2010,15,2010_15_CHI_MIN,MIN,CHI,1,61,273.0,1710,5,14,40,0
2010,15,2010_15_CLE_CIN,CIN,CLE,1,68,397.0,2283,0,19,17,1
2010,15,2010_15_CLE_CIN,CLE,CIN,0,43,278.0,1317,0,17,19,0
2010,15,2010_15_DEN_OAK,DEN,LV,0,51,235.0,1563,0,23,39,0
2010,15,2010_15_DEN_OAK,LV,DEN,1,67,502.0,2037,4,39,23,1
2010,15,2010_15_DET_TB,DET,TB,0,66,433.0,1985,0,23,20,1
2010,15,2010_15_DET_TB,TB,DET,1,64,403.0,1924,0,20,23,0
2010,15,2010_15_GB_NE,GB,NE,0,80,369.0,2448,2,27,31,0
2010,15,2010_15_GB_NE,NE,GB,1,43,249.0,1527,0,31,27,1
2010,15,2010_15_HOU_TEN,HOU,TEN,0,75,323.0,1949,1,17,31,0
2010,15,2010_15_HOU_TEN,TEN,HOU,1,57,359.0,1651,1,31,17,1
2010,15,2010_15_JAX_IND,IND,JAX,1,64,376.0,1750,1,34,24,1
2010,15,2010_15_JAX_IND,JAX,IND,0,61,356.0,1822,1,24,34,0
2010,15,2010_15_KC_STL,KC,LA,0,74,383.0,1904,1,27,13,1
2010,15,2010_15_KC_STL,LA,KC,1,67,224.0,1696,2,13,27,0
2010,15,2010_15_NO_BAL,BAL,NO,1,62,356.0,1889,0,30,24,1
2010,15,2010_15_NO_BAL,NO,BAL,0,63,269.0,1711,1,24,30,0
2010,15,2010_15_NYJ_PIT,NYJ,PIT,0,57,276.0,1722,0,22,17,1
2010,15,2010_15_NYJ_PIT,PIT,NYJ,1,72,378.0,1878,0,17,22,0
2010,15,2010_15_PHI_NYG,NYG,PHI,1,72,364.0,2129,2,31,38,0
2010,15,2010_15_PHI_NYG,PHI,NYG,0,59,418.0,1591,3,38,31,1
2010,15,2010_15_SF_SD,LAC,SF,1,67,374.0,2231,0,34,7,1
2010,15,2010_15_SF_SD,SF,LAC,0,50,192.0,1369,1,7,34,0
2010,15,2010_15_WAS_DAL,DAL,WAS,1,70,434.0,2121,0,33,30,1
2010,15,2010_15_WAS_DAL,WAS,DAL,0,65,345.0,1479,3,30,33,0
2010,16,2010_16_BAL_CLE,BAL,CLE,0,58,258.0,1906,1,20,10,1
2010,16,2010_16_BAL_CLE,CLE,BAL,1,56,280.0,1694,4,10,20,0
2010,16,2010_16_CAR_PIT,CAR,PIT,0,49,119.0,1476,2,3,27,0
2010,16,2010_16_CAR_PIT,PIT,CAR,1,68,408.0,2124,2,27,3,1
2010,16,2010_16_DAL_ARI,ARI,DAL,1,47,271.0,1315,0,27,26,1
2010,16,2010_16_DAL_ARI,DAL,ARI,0,76,382.0,2285,3,26,27,0
2010,16,2010_16_DET_MIA,DET,MIA,0,49,275.0,1365,1,34,27,1
2010,16,2010_16_DET_MIA,MIA,DET,1,83,425.0,2235,2,27,34,0
2010,16,2010_16_HOU_DEN,DEN,HOU,1,63,431.0,1910,1,24,23,1
2010,16,2010_16_HOU_DEN,HOU,DEN,0,55,401.0,1690,1,23,24,0
2010,16,2010_16_IND_OAK,IND,LV,0,69,370.0,1799,2,31,26,1
2010,16,2010_16_IND_OAK,LV,IND,1,65,290.0,1801,0,26,31,0
2010,16,2010_16_MIN_PHI,MIN,PHI,0,59,337.0,1821,1,24,14,1
2010,16,2010_16_MIN_PHI,PHI,MIN,1,71,331.0,1779,3,14,24,0
2010,16,2010_16_NE_BUF,BUF,NE,1,60,369.0,1650,6,3,34,0
2010,16,2010_16_NE_BUF,NE,BUF,0,69,348.0,1950,1,34,3,1
2010,16,2010_16_NO_ATL,ATL,NO,1,52,215.0,1405,2,14,17,0
2010,16,2010_16_NO_ATL,NO,ATL,0,74,368.0,2195,2,17,14,1
2010,16,2010_16_NYG_GB,GB,NYG,1,74,515.0,2221,1,45,17,1
2010,16,2010_16_NYG_GB,NYG,GB,0,55,386.0,1379,6,17,45,0
2010,16,2010_16_NYJ_CHI,CHI,NYJ,1,54,322.0,1569,1,38,34,1
2010,16,2010_16_NYJ_CHI,NYJ,CHI,0,68,393.0,2031,2,34,38,0
2010,16,2010_16_SD_CIN,CIN,LAC,1,59,371.0,1809,1,34,20,1
2010,16,2010_16_SD_CIN,LAC,CIN,0,63,313.0,1791,2,20,34,0
2010,16,2010_16_SEA_TB,SEA,TB,0,54,176.0,1712,0,15,38,0
2010,16,2010_16_SEA_TB,TB,SEA,1,56,439.0,1888,0,38,15,1
2010,16,2010_16_SF_STL,LA,SF,1,66,335.0,1988,1,25,17,1
2010,16,2010_16_SF_STL,SF,LA,0,59,331.0,1612,2,17,25,0
2010,16,2010_16_TEN_KC,KC,TEN,1,77,458.0,2344,2,34,14,1
2010,16,2010_16_TEN_KC,TEN,KC,0,56,270.0,1256,2,14,34,0
2010,16,2010_16_WAS_JAX,JAX,WAS,1,65,336.0,1974,2,17,20,0
2010,16,2010_16_WAS_JAX,WAS,JAX,0,64,251.0,1793,1,20,17,1
2010,17,2010_17_ARI_SF,ARI,SF,0,81,279.0,1968,2,7,38,0
2010,17,2010_17_ARI_SF,SF,ARI,1,56,362.0,1632,0,38,7,1
2010,17,2010_17_BUF_NYJ,BUF,NYJ,0,47,162.0,1465,6,7,38,0
2010,17,2010_17_BUF_NYJ,NYJ,BUF,1,66,388.0,2135,1,38,7,1
2010,17,2010_17_CAR_ATL,ATL,CAR,1,71,352.0,2130,1,31,10,1
2010,17,2010_17_CAR_ATL,CAR,ATL,0,56,291.0,1470,2,10,31,0
2010,17,2010_17_CHI_GB,CHI,GB,0,65,227.0,1840,2,3,10,0
2010,17,2010_17_CHI_GB,GB,CHI,1,53,284.0,1760,2,10,3,1
2010,17,2010_17_CIN_BAL,BAL,CIN,1,50,199.0,1518,2,13,7,1
2010,17,2010_17_CIN_BAL,CIN,BAL,0,76,395.0,2082,5,7,13,0
2010,17,2010_17_DAL_PHI,DAL,PHI,0,63,272.0,1750,0,14,13,1
2010,17,2010_17_DAL_PHI,PHI,DAL,1,69,244.0,1850,5,13,14,0
2010,17,2010_17_JAX_HOU,HOU,JAX,1,59,497.0,1752,0,34,17,1
2010,17,2010_17_JAX_HOU,JAX,HOU,0,62,322.0,1848,2,17,34,0
2010,17,2010_17_MIA_NE,MIA,NE,0,58,250.0,1421,2,7,38,0
2010,17,2010_17_MIA_NE,NE,MIA,1,74,502.0,2179,1,38,7,1
2010,17,2010_17_MIN_DET,DET,MIN,1,67,357.0,1852,2,20,13,1
2010,17,2010_17_MIN_DET,MIN,DET,0,59,211.0,1748,1,13,20,0
2010,17,2010_17_NYG_WAS,NYG,WAS,0,61,325.0,1940,1,17,14,1
2010,17,2010_17_NYG_WAS,WAS,NYG,1,66,385.0,1660,4,14,17,0
2010,17,2010_17_OAK_KC,KC,LV,1,72,201.0,1592,2,10,31,0
2010,17,2010_17_OAK_KC,LV,KC,0,67,344.0,2008,1,31,10,1
2010,17,2010_17_PIT_CLE,CLE,PIT,1,65,225.0,1606,3,9,41,0
2010,17,2010_17_PIT_CLE,PIT,CLE,0,62,418.0,1994,0,41,9,1
2010,17,2010_17_SD_DEN,DEN,LAC,1,68,337.0,1538,2,28,33,0
2010,17,2010_17_SD_DEN,LAC,DEN,0,73,447.0,2088,1,33,28,1
2010,17,2010_17_STL_SEA,LA,SEA,0,54,184.0,1515,1,6,16,0
2010,17,2010_17_STL_SEA,SEA,LA,1,71,333.0,2085,1,16,6,1
2010,17,2010_17_TB_NO,NO,TB,1,66,305.0,1857,3,13,23,0
2010,17,2010_17_TB_NO,TB,NO,0,54,317.0,1743,2,23,13,1
2010,17,2010_17_TEN_IND,IND,TEN,1,67,358.0,1723,1,23,20,1
2010,17,2010_17_TEN_IND,TEN,IND,0,64,341.0,1877,1,20,23,0
2011,1,2011_01_ATL_CHI,ATL,CHI,0,67,386.0,1601,3,12,30,0
2011,1,2011_01_ATL_CHI,CHI,ATL,1,64,377.0,1999,1,30,12,1
2011,1,2011_01_BUF_KC,BUF,KC,0,66,364.0,2222,1,41,7,1
2011,1,2011_01_BUF_KC,KC,BUF,1,56,213.0,1378,3,7,41,0
2011,1,2011_01_CAR_ARI,ARI,CAR,1,54,394.0,1633,1,28,21,1
2011,1,2011_01_CAR_ARI,CAR,ARI,0,68,477.0,1967,1,21,28,0
2011,1,2011_01_CIN_CLE,CIN,CLE,0,64,294.0,1823,0,27,17,1
2011,1,2011_01_CIN_CLE,CLE,CIN,1,68,285.0,1777,1,17,27,0
2011,1,2011_01_DAL_NYJ,DAL,NYJ,0,66,390.0,2033,3,24,27,0
2011,1,2011_01_DAL_NYJ,NYJ,DAL,1,64,360.0,1567,2,27,24,1
2011,1,2011_01_DET_TB,DET,TB,0,68,431.0,2185,1,27,20,1
2011,1,2011_01_DET_TB,TB,DET,1,64,315.0,1415,2,20,27,0
2011,1,2011_01_IND_HOU,HOU,IND,1,66,384.0,2204,3,34,7,1
2011,1,2011_01_IND_HOU,IND,HOU,0,50,236.0,1396,2,7,34,0
2011,1,2011_01_MIN_SD,LAC,MIN,1,77,407.0,2237,2,24,17,1
2011,1,2011_01_MIN_SD,MIN,LAC,0,43,187.0,1363,1,17,24,0
2011,1,2011_01_NE_MIA,MIA,NE,1,73,488.0,1893,1,24,38,0
2011,1,2011_01_NE_MIA,NE,MIA,0,71,622.0,1707,1,38,24,1
2011,1,2011_01_NO_GB,GB,NO,1,64,399.0,1974,0,42,34,1
2011,1,2011_01_NO_GB,NO,GB,0,73,477.0,1626,1,34,42,0
2011,1,2011_01_NYG_WAS,NYG,WAS,0,56,315.0,1644,1,14,28,0
2011,1,2011_01_NYG_WAS,WAS,NYG,1,63,310.0,1956,1,28,14,1
2011,1,2011_01_OAK_DEN,DEN,LV,1,64,310.0,1645,3,20,23,0
2011,1,2011_01_OAK_DEN,LV,DEN,0,62,289.0,1955,1,23,20,1
2011,1,2011_01_PHI_STL,LA,PHI,1,66,335.0,1786,1,13,31,0
2011,1,2011_01_PHI_STL,PHI,LA,0,67,403.0,1814,1,31,13,1
2011,1,2011_01_PIT_BAL,BAL,PIT,1,62,387.0,1951,0,35,7,1
2011,1,2011_01_PIT_BAL,PIT,BAL,0,61,312.0,1649,7,7,35,0
2011,1,2011_01_SEA_SF,SEA,SF,0,63,219.0,1733,3,17,33,0
2011,1,2011_01_SEA_SF,SF,SEA,1,52,209.0,1867,0,33,17,1
2011,1,2011_01_TEN_JAX,JAX,TEN,1,73,323.0,2378,1,16,14,1
2011,1,2011_01_TEN_JAX,TEN,JAX,0,49,292.0,1222,1,14,16,0
2011,2,2011_02_ARI_WAS,ARI,WAS,0,48,324.0,1290,2,21,22,0
2011,2,2011_02_ARI_WAS,WAS,ARI,1,80,455.0,2310,2,22,21,1
2011,2,2011_02_BAL_TEN,BAL,TEN,0,52,229.0,1448,3,13,26,0
2011,2,2011_02_BAL_TEN,TEN,BAL,1,71,432.0,2152,1,26,13,1
2011,2,2011_02_CHI_NO,CHI,NO,0,63,246.0,1426,1,13,30,0
2011,2,2011_02_CHI_NO,NO,CHI,1,67,382.0,2174,1,30,13,1
2011,2,2011_02_CIN_DEN,CIN,DEN,0,64,382.0,1785,0,22,24,0
2011,2,2011_02_CIN_DEN,DEN,CIN,1,63,318.0,1815,2,24,22,1
2011,2,2011_02_CLE_IND,CLE,IND,0,67,303.0,2074,1,27,19,1
2011,2,2011_02_CLE_IND,IND,CLE,1,66,285.0,1526,2,19,27,0
2011,2,2011_02_DAL_SF,DAL,SF,0,66,472.0,1930,2,27,24,1
2011,2,2011_02_DAL_SF,SF,DAL,1,54,206.0,1843,1,24,27,0
2011,2,2011_02_GB_CAR,CAR,GB,1,71,475.0,1954,4,23,30,0
2011,2,2011_02_GB_CAR,GB,CAR,0,52,419.0,1646,1,30,23,1
2011,2,2011_02_HOU_MIA,HOU,MIA,0,68,345.0,2046,0,23,13,1
2011,2,2011_02_HOU_MIA,MIA,HOU,1,60,306.0,1554,2,13,23,0
2011,2,2011_02_JAX_NYJ,JAX,NYJ,0,54,203.0,1597,4,3,32,0
2011,2,2011_02_JAX_NYJ,NYJ,JAX,1,57,283.0,2003,2,32,3,1
2011,2,2011_02_KC_DET,DET,KC,1,70,411.0,1944,2,48,3,1
2011,2,2011_02_KC_DET,KC,DET,0,54,267.0,1656,5,3,48,0
2011,2,2011_02_OAK_BUF,BUF,LV,1,71,481.0,1847,1,38,35,1
2011,2,2011_02_OAK_BUF,LV,BUF,0,63,454.0,1753,2,35,38,0
2011,2,2011_02_PHI_ATL,ATL,PHI,1,61,318.0,1797,2,35,31,1
2011,2,2011_02_PHI_ATL,PHI,ATL,0,67,447.0,1803,3,31,35,0
2011,2,2011_02_SD_NE,LAC,NE,0,66,470.0,1858,4,21,35,0
2011,2,2011_02_SD_NE,NE,LAC,1,68,506.0,1742,0,35,21,1
2011,2,2011_02_SEA_PIT,PIT,SEA,1,68,421.0,2324,0,24,0,1
2011,2,2011_02_SEA_PIT,SEA,PIT,0,47,164.0,1276,0,0,24,0
2011,2,2011_02_STL_NYG,LA,NYG,0,67,367.0,1548,1,16,28,0
2011,2,2011_02_STL_NYG,NYG,LA,1,71,323.0,2052,2,28,16,1
2011,2,2011_02_TB_MIN,MIN,TB,1,65,398.0,2211,1,20,24,0
2011,2,2011_02_TB_MIN,TB,MIN,0,52,335.0,1590,1,24,20,1
2011,3,2011_03_ARI_SEA,ARI,SEA,0,70,324.0,1909,2,10,13,0
2011,3,2011_03_ARI_SEA,SEA,ARI,1,65,261.0,1691,1,13,10,1
2011,3,2011_03_ATL_TB,ATL,TB,0,66,325.0,1448,3,13,16,0
2011,3,2011_03_ATL_TB,TB,ATL,1,68,295.0,2152,2,16,13,1
2011,3,2011_03_BAL_STL,BAL,LA,0,76,553.0,1871,1,37,7,1
2011,3,2011_03_BAL_STL,LA,BAL,1,63,244.0,1729,2,7,37,0
2011,3,2011_03_DEN_TEN,DEN,TEN,0,63,231.0,1746,2,14,17,0
2011,3,2011_03_DEN_TEN,TEN,DEN,1,61,333.0,1854,2,17,14,1
2011,3,2011_03_DET_MIN,DET,MIN,0,70,358.0,2049,0,26,23,1
2011,3,2011_03_DET_MIN,MIN,DET,1,63,321.0,1670,0,23,26,0
2011,3,2011_03_GB_CHI,CHI,GB,1,52,291.0,1351,2,17,27,0
2011,3,2011_03_GB_CHI,GB,CHI,0,69,392.0,2249,2,27,17,1
2011,3,2011_03_HOU_NO,HOU,NO,0,66,473.0,1806,1,33,40,0
2011,3,2011_03_HOU_NO,NO,HOU,1,70,458.0,1794,2,40,33,1
2011,3,2011_03_JAX_CAR,CAR,JAX,1,63,267.0,1774,0,16,10,1
2011,3,2011_03_JAX_CAR,JAX,CAR,0,57,257.0,1826,1,10,16,0
2011,3,2011_03_KC_SD,KC,LAC,0,52,252.0,1517,1,17,20,0
2011,3,2011_03_KC_SD,LAC,KC,1,70,375.0,2083,2,20,17,1
2011,3,2011_03_MIA_CLE,CLE,MIA,1,58,280.0,1329,1,17,16,1
2011,3,2011_03_MIA_CLE,MIA,CLE,0,72,369.0,2271,2,16,17,0
2011,3,2011_03_NE_BUF,BUF,NE,1,60,448.0,1725,2,34,31,1
2011,3,2011_03_NE_BUF,NE,BUF,0,71,495.0,1875,4,31,34,0
2011,3,2011_03_NYG_PHI,NYG,PHI,0,52,336.0,1389,0,29,16,1
2011,3,2011_03_NYG_PHI,PHI,NYG,1,72,376.0,2211,3,16,29,0
2011,3,2011_03_NYJ_OAK,LV,NYJ,1,60,383.0,1639,0,34,24,1
2011,3,2011_03_NYJ_OAK,NYJ,LV,0,73,439.0,1807,2,24,34,0
2011,3,2011_03_PIT_IND,IND,PIT,1,62,241.0,1562,1,20,23,0
2011,3,2011_03_PIT_IND,PIT,IND,0,68,408.0,2038,3,23,20,1
2011,3,2011_03_SF_CIN,CIN,SF,1,53,228.0,1480,3,8,13,0
2011,3,2011_03_SF_CIN,SF,CIN,0,64,226.0,2120,1,13,8,1
2011,3,2011_03_WAS_DAL,DAL,WAS,1,63,375.0,1896,2,18,16,1
2011,3,2011_03_WAS_DAL,WAS,DAL,0,62,298.0,1704,2,16,18,0
2011,4,2011_04_ATL_SEA,ATL,SEA,0,78,412.0,2410,0,30,28,1
2011,4,2011_04_ATL_SEA,SEA,ATL,1,53,372.0,1190,2,28,30,0
2011,4,2011_04_BUF_CIN,BUF,CIN,0,56,273.0,1719,0,20,23,0
2011,4,2011_04_BUF_CIN,CIN,BUF,1,70,458.0,1881,2,23,20,1
2011,4,2011_04_CAR_CHI,CAR,CHI,0,73,543.0,2009,1,29,34,0
2011,4,2011_04_CAR_CHI,CHI,CAR,1,49,317.0,1591,1,34,29,1
2011,4,2011_04_DEN_GB,DEN,GB,0,57,384.0,1831,4,23,49,0
2011,4,2011_04_DEN_GB,GB,DEN,1,69,507.0,1981,2,49,23,1
2011,4,2011_04_DET_DAL,DAL,DET,1,75,434.0,2199,3,30,34,0
2011,4,2011_04_DET_DAL,DET,DAL,0,60,303.0,1401,1,34,30,1
2011,4,2011_04_IND_TB,IND,TB,0,52,318.0,1260,1,17,24,0
2011,4,2011_04_IND_TB,TB,IND,1,77,466.0,2340,0,24,17,1
2011,4,2011_04_MIA_SD,LAC,MIA,1,61,411.0,1998,0,26,16,1
2011,4,2011_04_MIA_SD,MIA,LAC,0,55,248.0,1602,2,16,26,0
2011,4,2011_04_MIN_KC,KC,MIN,1,60,350.0,1670,0,22,17,1
2011,4,2011_04_MIN_KC,MIN,KC,0,62,341.0,1930,1,17,22,0
2011,4,2011_04_NE_OAK,LV,NE,1,67,504.0,2000,2,19,31,0
2011,4,2011_04_NE_OAK,NE,LV,0,61,409.0,1600,0,31,19,1
2011,4,2011_04_NO_JAX,JAX,NO,1,62,274.0,1375,1,10,23,0
2011,4,2011_04_NO_JAX,NO,JAX,0,81,503.0,2225,2,23,10,1
2011,4,2011_04_NYG_ARI,ARI,NYG,1,70,368.0,1919,2,27,31,0
2011,4,2011_04_NYG_ARI,NYG,ARI,0,65,360.0,1681,2,31,27,1
2011,4,2011_04_NYJ_BAL,BAL,NYJ,1,73,267.0,2248,3,34,17,1
2011,4,2011_04_NYJ_BAL,NYJ,BAL,0,56,150.0,1352,4,17,34,0
2011,4,2011_04_PIT_HOU,HOU,PIT,1,56,318.0,1903,0,17,10,1
2011,4,2011_04_PIT_HOU,PIT,HOU,0,57,296.0,1697,1,10,17,0
2011,4,2011_04_SF_PHI,PHI,SF,1,68,513.0,1868,3,23,24,0
2011,4,2011_04_SF_PHI,SF,PHI,0,61,442.0,1732,1,24,23,1
2011,4,2011_04_TEN_CLE,CLE,TEN,1,87,416.0,2213,1,13,31,0
2011,4,2011_04_TEN_CLE,TEN,CLE,0,50,332.0,1387,1,31,13,1
2011,4,2011_04_WAS_STL,LA,WAS,1,67,172.0,1490,1,10,17,0
2011,4,2011_04_WAS_STL,WAS,LA,0,69,339.0,2110,2,17,10,1
2011,5,2011_05_ARI_MIN,ARI,MIN,0,76,291.0,1861,4,10,34,0
2011,5,2011_05_ARI_MIN,MIN,ARI,1,59,332.0,1739,1,34,10,1
2011,5,2011_05_CHI_DET,CHI,DET,0,66,359.0,2343,0,13,24,0
2011,5,2011_05_CHI_DET,DET,CHI,1,47,395.0,1257,1,24,13,1
2011,5,2011_05_CIN_JAX,CIN,JAX,0,66,239.0,1953,1,30,20,1
2011,5,2011_05_CIN_JAX,JAX,CIN,1,58,296.0,1647,2,20,30,0
2011,5,2011_05_GB_ATL,ATL,GB,1,55,251.0,1609,2,14,25,0
2011,5,2011_05_GB_ATL,GB,ATL,0,64,426.0,1991,1,25,14,1
2011,5,2011_05_KC_IND,IND,KC,1,54,355.0,1613,0,24,28,0
2011,5,2011_05_KC_IND,KC,IND,0,69,436.0,1987,0,28,24,1
2011,5,2011_05_NO_CAR,CAR,NO,1,54,381.0,1520,1,27,30,0
2011,5,2011_05_NO_CAR,NO,CAR,0,75,444.0,2080,1,30,27,1
2011,5,2011_05_NYJ_NE,NE,NYJ,1,72,446.0,2035,1,30,21,1
2011,5,2011_05_NYJ_NE,NYJ,NE,0,53,255.0,1565,0,21,30,0
2011,5,2011_05_OAK_HOU,HOU,LV,1,79,473.0,2065,2,20,25,0
2011,5,2011_05_OAK_HOU,LV,HOU,0,61,278.0,1538,1,25,20,1
2011,5,2011_05_PHI_BUF,BUF,PHI,1,63,331.0,2018,1,31,24,1
2011,5,2011_05_PHI_BUF,PHI,BUF,0,60,489.0,1582,5,24,31,0
2011,5,2011_05_SD_DEN,DEN,LAC,1,48,277.0,1192,1,24,29,0
2011,5,2011_05_SD_DEN,LAC,DEN,0,77,418.0,2408,2,29,24,1
2011,5,2011_05_SEA_NYG,NYG,SEA,1,68,466.0,1874,5,25,36,0
2011,5,2011_05_SEA_NYG,SEA,NYG,0,76,424.0,1726,3,36,25,1
2011,5,2011_05_TB_SF,SF,TB,1,58,418.0,1862,1,48,3,1
2011,5,2011_05_TB_SF,TB,SF,0,61,272.0,1738,3,3,48,0
2011,5,2011_05_TEN_PIT,PIT,TEN,1,64,431.0,1950,1,38,17,1
2011,5,2011_05_TEN_PIT,TEN,PIT,0,70,306.0,1658,1,17,38,0
2011,6,2011_06_BUF_NYG,BUF,NYG,0,56,374.0,1753,2,24,27,0
2011,6,2011_06_BUF_NYG,NYG,BUF,1,65,414.0,1847,0,27,24,1
2011,6,2011_06_CAR_ATL,ATL,CAR,1,58,325.0,1834,0,31,17,1
2011,6,2011_06_CAR_ATL,CAR,ATL,0,62,368.0,1766,3,17,31,0
2011,6,2011_06_CLE_OAK,CLE,LV,0,68,268.0,1519,1,17,24,0
2011,6,2011_06_CLE_OAK,LV,CLE,1,66,329.0,1876,1,24,17,1
2011,6,2011_06_DAL_NE,DAL,NE,0,67,377.0,1969,2,16,20,0
2011,6,2011_06_DAL_NE,NE,DAL,1,69,371.0,1631,4,20,16,1
2011,6,2011_06_HOU_BAL,BAL,HOU,1,65,402.0,1932,2,29,14,1
2011,6,2011_06_HOU_BAL,HOU,BAL,0,66,293.0,1668,0,14,29,0
2011,6,2011_06_IND_CIN,CIN,IND,1,63,358.0,2016,0,27,17,1
2011,6,2011_06_IND_CIN,IND,CIN,0,58,273.0,1584,3,17,27,0
2011,6,2011_06_JAX_PIT,JAX,PIT,0,61,209.0,1727,0,13,17,0
2011,6,2011_06_JAX_PIT,PIT,JAX,1,58,370.0,1873,0,17,13,1
2011,6,2011_06_MIA_NYJ,MIA,NYJ,0,63,308.0,1779,3,6,24,0
2011,6,2011_06_MIA_NYJ,NYJ,MIA,1,56,296.0,1917,1,24,6,1
2011,6,2011_06_MIN_CHI,CHI,MIN,1,60,377.0,1840,1,39,10,1
2011,6,2011_06_MIN_CHI,MIN,CHI,0,64,286.0,1760,0,10,39,0
2011,6,2011_06_NO_TB,NO,TB,0,65,453.0,1713,4,20,26,0
2011,6,2011_06_NO_TB,TB,NO,1,66,420.0,1887,0,26,20,1
2011,6,2011_06_PHI_WAS,PHI,WAS,0,72,422.0,2288,2,20,13,1
2011,6,2011_06_PHI_WAS,WAS,PHI,1,53,287.0,1312,4,13,20,0
2011,6,2011_06_SF_DET,DET,SF,1,74,310.0,1821,0,19,25,0
2011,6,2011_06_SF_DET,SF,DET,0,63,314.0,1779,2,25,19,1
2011,6,2011_06_STL_GB,GB,LA,1,61,399.0,1759,1,24,3,1
2011,6,2011_06_STL_GB,LA,GB,0,72,424.0,1841,1,3,24,0
2011,7,2011_07_ATL_DET,ATL,DET,0,69,328.0,2097,2,23,16,1
2011,7,2011_07_ATL_DET,DET,ATL,1,55,263.0,1514,1,16,23,0
2011,7,2011_07_BAL_JAX,BAL,JAX,0,53,146.0,1425,2,7,12,0
2011,7,2011_07_BAL_JAX,JAX,BAL,1,66,205.0,2175,1,12,7,1
2011,7,2011_07_CHI_TB,CHI,TB,0,67,395.0,1992,2,24,18,1
2011,7,2011_07_CHI_TB,TB,CHI,1,65,280.0,1608,4,18,24,0
2011,7,2011_07_DEN_MIA,DEN,MIA,0,74,310.0,1927,1,18,15,1
2011,7,2011_07_DEN_MIA,MIA,DEN,1,69,267.0,2146,1,15,18,0
2011,7,2011_07_GB_MIN,GB,MIN,0,60,421.0,1926,0,33,27,1
2011,7,2011_07_GB_MIN,MIN,GB,1,65,435.0,1674,3,27,33,0
2011,7,2011_07_HOU_TEN,HOU,TEN,0,70,518.0,2278,0,41,7,1
2011,7,2011_07_HOU_TEN,TEN,HOU,1,48,148.0,1322,2,7,41,0
2011,7,2011_07_IND_NO,IND,NO,0,46,252.0,1301,3,7,62,0
2011,7,2011_07_IND_NO,NO,IND,1,75,557.0,2299,0,62,7,1
2011,7,2011_07_KC_OAK,KC,LV,0,69,300.0,2017,2,28,0,1
2011,7,2011_07_KC_OAK,LV,KC,1,63,322.0,1583,6,0,28,0
2011,7,2011_07_PIT_ARI,ARI,PIT,1,56,330.0,1453,1,20,32,0
2011,7,2011_07_PIT_ARI,PIT,ARI,0,69,445.0,2147,0,32,20,1
2011,7,2011_07_SD_NYJ,LAC,NYJ,0,58,268.0,1634,2,21,27,0
2011,7,2011_07_SD_NYJ,NYJ,LAC,1,66,318.0,1966,2,27,21,1
2011,7,2011_07_SEA_CLE,CLE,SEA,1,84,298.0,2576,1,6,3,1
2011,7,2011_07_SEA_CLE,SEA,CLE,0,50,137.0,1024,2,3,6,0
2011,7,2011_07_STL_DAL,DAL,LA,1,60,445.0,2036,1,34,7,1
2011,7,2011_07_STL_DAL,LA,DAL,0,55,265.0,1564,2,7,34,0
2011,7,2011_07_WAS_CAR,CAR,WAS,1,64,407.0,2130,0,33,20,1
2011,7,2011_07_WAS_CAR,WAS,CAR,0,63,353.0,1470,3,20,33,0
2011,8,2011_08_ARI_BAL,ARI,BAL,0,57,207.0,1818,1,27,30,0
2011,8,2011_08_ARI_BAL,BAL,ARI,1,80,405.0,1782,2,30,27,1
2011,8,2011_08_CIN_SEA,CIN,SEA,0,57,252.0,1887,2,34,12,1
2011,8,2011_08_CIN_SEA,SEA,CIN,1,72,411.0,1713,2,12,34,0
2011,8,2011_08_CLE_SF,CLE,SF,0,61,290.0,1628,2,10,20,0
2011,8,2011_08_CLE_SF,SF,CLE,1,64,348.0,1972,0,20,10,1
2011,8,2011_08_DAL_PHI,DAL,PHI,0,49,267.0,1071,1,7,34,0
2011,8,2011_08_DAL_PHI,PHI,DAL,1,70,495.0,2529,0,34,7,1
2011,8,2011_08_DET_DEN,DEN,DET,1,76,312.0,1826,3,10,45,0
2011,8,2011_08_DET_DEN,DET,DEN,0,62,376.0,1774,0,45,10,1
2011,8,2011_08_IND_TEN,IND,TEN,0,77,399.0,1712,2,10,27,0
2011,8,2011_08_IND_TEN,TEN,IND,1,65,311.0,1888,0,27,10,1
2011,8,2011_08_JAX_HOU,HOU,JAX,1,71,358.0,2119,2,24,14,1
2011,8,2011_08_JAX_HOU,JAX,HOU,0,58,174.0,1481,2,14,24,0
2011,8,2011_08_MIA_NYG,MIA,NYG,0,53,246.0,1654,1,17,20,0
2011,8,2011_08_MIA_NYG,NYG,MIA,1,69,402.0,1946,0,20,17,1
2011,8,2011_08_MIN_CAR,CAR,MIN,1,65,405.0,1675,2,21,24,0
2011,8,2011_08_MIN_CAR,MIN,CAR,0,65,361.0,1925,1,24,21,1
2011,8,2011_08_NE_PIT,NE,PIT,0,50,213.0,1238,0,17,25,0
2011,8,2011_08_NE_PIT,PIT,NE,1,78,427.0,2362,1,25,17,1
2011,8,2011_08_NO_STL,LA,NO,1,72,323.0,1883,1,31,21,1
2011,8,2011_08_NO_STL,NO,LA,0,70,283.0,1717,2,21,31,0
2011,8,2011_08_SD_KC,KC,LAC,1,67,341.0,1935,4,23,20,1
2011,8,2011_08_SD_KC,LAC,KC,0,72,449.0,2249,4,20,23,0
2011,8,2011_08_WAS_BUF,BUF,WAS,1,62,390.0,2091,2,23,0,1
2011,8,2011_08_WAS_BUF,WAS,BUF,0,54,178.0,1509,2,0,23,0
2011,9,2011_09_ATL_IND,ATL,IND,0,66,432.0,2266,1,31,7,1
2011,9,2011_09_ATL_IND,IND,ATL,1,56,186.0,1334,2,7,31,0
2011,9,2011_09_BAL_PIT,BAL,PIT,0,77,356.0,2039,1,23,20,1
2011,9,2011_09_BAL_PIT,PIT,BAL,1,58,392.0,1561,2,20,23,0
2011,9,2011_09_CHI_PHI,CHI,PHI,0,66,372.0,2007,3,30,24,1
2011,9,2011_09_CHI_PHI,PHI,CHI,1,63,330.0,1593,1,24,30,0
2011,9,2011_09_CIN_TEN,CIN,TEN,0,70,319.0,1975,0,24,17,1
2011,9,2011_09_CIN_TEN,TEN,CIN,1,63,328.0,1625,1,17,24,0
2011,9,2011_09_CLE_HOU,CLE,HOU,0,48,172.0,1485,2,12,30,0
2011,9,2011_09_CLE_HOU,HOU,CLE,1,63,380.0,2115,1,30,12,1
2011,9,2011_09_DEN_OAK,DEN,LV,0,62,412.0,1911,0,38,24,1
2011,9,2011_09_DEN_OAK,LV,DEN,1,63,416.0,1567,3,24,38,0
2011,9,2011_09_GB_SD,GB,LAC,0,56,368.0,1852,0,45,38,1
2011,9,2011_09_GB_SD,LAC,GB,1,69,460.0,1815,3,38,45,0
2011,9,2011_09_MIA_KC,KC,MIA,1,78,343.0,2079,0,3,31,0
2011,9,2011_09_MIA_KC,MIA,KC,0,47,351.0,1521,0,31,3,1
2011,9,2011_09_NYG_NE,NE,NYG,1,75,438.0,1783,4,20,24,0
2011,9,2011_09_NYG_NE,NYG,NE,0,68,361.0,1817,2,24,20,1
2011,9,2011_09_NYJ_BUF,BUF,NYJ,1,54,289.0,1328,3,11,27,0
2011,9,2011_09_NYJ_BUF,NYJ,BUF,0,68,348.0,2272,2,27,11,1
2011,9,2011_09_SEA_DAL,DAL,SEA,1,60,442.0,1767,1,23,13,1
2011,9,2011_09_SEA_DAL,SEA,DAL,0,61,381.0,1833,3,13,23,0
2011,9,2011_09_SF_WAS,SF,WAS,0,58,326.0,1939,1,19,11,1
2011,9,2011_09_SF_WAS,WAS,SF,1,64,305.0,1661,3,11,19,0
2011,9,2011_09_STL_ARI,ARI,LA,1,55,262.0,1499,0,19,13,1
2011,9,2011_09_STL_ARI,LA,ARI,0,75,383.0,2218,1,13,19,0
2011,9,2011_09_TB_NO,NO,TB,1,64,453.0,1804,1,27,16,1
2011,9,2011_09_TB_NO,TB,NO,0,58,365.0,1796,0,16,27,0
2011,10,2011_10_ARI_PHI,ARI,PHI,0,73,370.0,1902,2,21,17,1
2011,10,2011_10_ARI_PHI,PHI,ARI,1,60,289.0,1698,2,17,21,0
2011,10,2011_10_BAL_SEA,BAL,SEA,0,66,323.0,1499,3,17,22,0
2011,10,2011_10_BAL_SEA,SEA,BAL,1,70,327.0,2101,0,22,17,1
2011,10,2011_10_BUF_DAL,BUF,DAL,0,49,271.0,1528,4,7,44,0
2011,10,2011_10_BUF_DAL,DAL,BUF,1,61,433.0,2072,0,44,7,1
2011,10,2011_10_DEN_KC,DEN,KC,0,63,313.0,2018,0,17,10,1
2011,10,2011_10_DEN_KC,KC,DEN,1,62,258.0,1582,0,10,17,0
2011,10,2011_10_DET_CHI,CHI,DET,1,57,216.0,1746,1,37,13,1
2011,10,2011_10_DET_CHI,DET,CHI,0,88,401.0,1854,6,13,37,0
2011,10,2011_10_HOU_TB,HOU,TB,0,60,420.0,2106,0,37,9,1
2011,10,2011_10_HOU_TB,TB,HOU,1,58,231.0,1494,4,9,37,0
2011,10,2011_10_JAX_IND,IND,JAX,1,57,212.0,1479,3,3,17,0
2011,10,2011_10_JAX_IND,JAX,IND,0,64,251.0,2121,1,17,3,1
2011,10,2011_10_MIN_GB,GB,MIN,1,66,356.0,1998,0,45,7,1
2011,10,2011_10_MIN_GB,MIN,GB,0,59,266.0,1602,2,7,45,0
2011,10,2011_10_NE_NYJ,NE,NYJ,0,67,389.0,1807,1,37,16,1
2011,10,2011_10_NE_NYJ,NYJ,NE,1,69,378.0,1793,2,16,37,0
2011,10,2011_10_NO_ATL,ATL,NO,1,85,481.0,2192,1,23,26,0
2011,10,2011_10_NO_ATL,NO,ATL,0,59,363.0,1803,0,26,23,1
2011,10,2011_10_NYG_SF,NYG,SF,0,70,395.0,2267,2,20,27,0
2011,10,2011_10_NYG_SF,SF,NYG,1,53,307.0,1524,1,27,20,1
2011,10,2011_10_OAK_SD,LAC,LV,1,68,314.0,1643,2,17,24,0
2011,10,2011_10_OAK_SD,LV,LAC,0,63,489.0,1957,2,24,17,1
2011,10,2011_10_PIT_CIN,CIN,PIT,1,56,279.0,1567,2,17,24,0
2011,10,2011_10_PIT_CIN,PIT,CIN,0,68,328.0,2033,1,24,17,1
2011,10,2011_10_STL_CLE,CLE,LA,1,59,335.0,1947,0,12,13,0
2011,10,2011_10_STL_CLE,LA,CLE,0,58,281.0,1653,3,13,12,1
2011,10,2011_10_TEN_CAR,CAR,TEN,1,64,279.0,1644,2,3,30,0
2011,10,2011_10_TEN_CAR,TEN,CAR,0,63,383.0,1956,1,30,3,1
2011,10,2011_10_WAS_MIA,MIA,WAS,1,64,303.0,2013,2,20,9,1
2011,10,2011_10_WAS_MIA,WAS,MIA,0,51,246.0,1587,2,9,20,0
2011,11,2011_11_ARI_SF,ARI,SF,0,48,229.0,944,4,7,23,0
2011,11,2011_11_ARI_SF,SF,ARI,1,87,431.0,2656,2,23,7,1
2011,11,2011_11_BUF_MIA,BUF,MIA,0,65,245.0,1734,2,8,35,0
2011,11,2011_11_BUF_MIA,MIA,BUF,1,56,242.0,1866,0,35,8,1
2011,11,2011_11_CAR_DET,CAR,DET,0,66,411.0,1613,4,35,49,0
2011,11,2011_11_CAR_DET,DET,CAR,1,67,495.0,1987,3,49,35,1
2011,11,2011_11_CIN_BAL,BAL,CIN,1,56,373.0,1627,1,31,24,1
2011,11,2011_11_CIN_BAL,CIN,BAL,0,78,483.0,1973,3,24,31,0
2011,11,2011_11_DAL_WAS,DAL,WAS,0,73,353.0,2161,0,27,24,1
2011,11,2011_11_DAL_WAS,WAS,DAL,1,65,339.0,2000,2,24,27,0
2011,11,2011_11_JAX_CLE,CLE,JAX,1,54,334.0,1747,1,14,10,1
2011,11,2011_11_JAX_CLE,JAX,CLE,0,71,303.0,1853,0,10,14,0
2011,11,2011_11_KC_NE,KC,NE,0,67,334.0,1890,3,3,34,0
2011,11,2011_11_KC_NE,NE,KC,1,65,380.0,1710,1,34,3,1
2011,11,2011_11_NYJ_DEN,DEN,NYJ,1,56,229.0,1668,1,17,13,1
2011,11,2011_11_NYJ_DEN,NYJ,DEN,0,71,318.0,1932,2,13,17,0
2011,11,2011_11_OAK_MIN,LV,MIN,0,68,301.0,2144,1,27,21,1
2011,11,2011_11_OAK_MIN,MIN,LV,1,62,311.0,1456,5,21,27,0
2011,11,2011_11_PHI_NYG,NYG,PHI,1,55,278.0,1422,2,10,17,0
2011,11,2011_11_PHI_NYG,PHI,NYG,0,70,391.0,2178,3,17,10,1
2011,11,2011_11_SD_CHI,CHI,LAC,1,64,378.0,1990,1,31,20,1
2011,11,2011_11_SD_CHI,LAC,CHI,0,48,332.0,1610,3,20,31,0
2011,11,2011_11_SEA_STL,LA,SEA,1,62,185.0,1500,3,7,24,0
2011,11,2011_11_SEA_STL,SEA,LA,0,68,289.0,2100,2,24,7,1
2011,11,2011_11_TB_GB,GB,TB,1,59,378.0,1719,1,35,26,1
2011,11,2011_11_TB_GB,TB,GB,0,61,455.0,1881,2,26,35,0
2011,11,2011_11_TEN_ATL,ATL,TEN,1,68,432.0,2219,1,23,17,1
2011,11,2011_11_TEN_ATL,TEN,ATL,0,59,298.0,1381,1,17,23,0
2011,12,2011_12_ARI_STL,ARI,LA,0,64,374.0,2039,3,23,20,1
2011,12,2011_12_ARI_STL,LA,ARI,1,56,272.0,1561,2,20,23,0
2011,12,2011_12_BUF_NYJ,BUF,NYJ,0,70,336.0,2171,1,24,28,0
2011,12,2011_12_BUF_NYJ,NYJ,BUF,1,58,318.0,1429,1,28,24,1
2011,12,2011_12_CAR_IND,CAR,IND,0,65,377.0,2177,1,27,19,1
2011,12,2011_12_CAR_IND,IND,CAR,1,55,323.0,1423,2,19,27,0
2011,12,2011_12_CHI_OAK,CHI,LV,0,67,401.0,1798,3,20,25,0
2011,12,2011_12_CHI_OAK,LV,CHI,1,68,341.0,1802,1,25,20,1
2011,12,2011_12_CLE_CIN,CIN,CLE,1,65,389.0,1894,1,23,20,1
2011,12,2011_12_CLE_CIN,CLE,CIN,0,66,274.0,1706,1,20,23,0
2011,12,2011_12_DEN_SD,DEN,LAC,0,70,349.0,2228,0,16,13,1
2011,12,2011_12_DEN_SD,LAC,DEN,1,75,344.0,2243,0,13,16,0
2011,12,2011_12_GB_DET,DET,GB,1,68,411.0,1848,3,15,27,0
2011,12,2011_12_GB_DET,GB,DET,0,53,349.0,1752,0,27,15,1
2011,12,2011_12_HOU_JAX,HOU,JAX,0,59,215.0,1699,1,20,13,1
2011,12,2011_12_HOU_JAX,JAX,HOU,1,71,255.0,1901,1,13,20,0
2011,12,2011_12_MIA_DAL,DAL,MIA,1,58,303.0,1712,2,20,19,1
2011,12,2011_12_MIA_DAL,MIA,DAL,0,61,352.0,1888,1,19,20,0
2011,12,2011_12_MIN_ATL,ATL,MIN,1,65,335.0,2079,0,24,14,1
2011,12,2011_12_MIN_ATL,MIN,ATL,0,53,226.0,1521,1,14,24,0
2011,12,2011_12_NE_PHI,NE,PHI,0,71,457.0,1963,0,38,20,1
2011,12,2011_12_NE_PHI,PHI,NE,1,67,466.0,1637,1,20,38,0
2011,12,2011_12_NYG_NO,NO,NYG,1,69,577.0,1712,0,49,24,1
2011,12,2011_12_NYG_NO,NYG,NO,0,70,465.0,1888,2,24,49,0
2011,12,2011_12_PIT_KC,KC,PIT,1,63,252.0,1590,4,9,13,0
2011,12,2011_12_PIT_KC,PIT,KC,0,60,290.0,2010,2,13,9,1
2011,12,2011_12_SF_BAL,BAL,SF,1,58,253.0,1868,0,16,6,1
2011,12,2011_12_SF_BAL,SF,BAL,0,54,170.0,1732,1,6,16,0
2011,12,2011_12_TB_TEN,TB,TEN,0,60,308.0,1597,5,17,23,0
2011,12,2011_12_TB_TEN,TEN,TB,1,71,352.0,2003,4,23,17,1
2011,12,2011_12_WAS_SEA,SEA,WAS,1,62,250.0,1600,1,17,23,0
2011,12,2011_12_WAS_SEA,WAS,SEA,0,65,416.0,2000,2,23,17,1
2011,13,2011_13_ATL_HOU,ATL,HOU,0,65,337.0,1496,2,10,17,0
2011,13,2011_13_ATL_HOU,HOU,ATL,1,72,337.0,2104,1,17,10,1
2011,13,2011_13_BAL_CLE,BAL,CLE,0,79,448.0,2254,1,24,10,1
2011,13,2011_13_BAL_CLE,CLE,BAL,1,56,233.0,1346,1,10,24,0
2011,13,2011_13_CAR_TB,CAR,TB,0,63,385.0,1961,0,38,19,1
2011,13,2011_13_CAR_TB,TB,CAR,1,56,285.0,1639,1,19,38,0
2011,13,2011_13_CIN_PIT,CIN,PIT,0,55,232.0,1636,2,7,35,0
2011,13,2011_13_CIN_PIT,PIT,CIN,1,59,295.0,1964,0,35,7,1
2011,13,2011_13_DAL_ARI,ARI,DAL,1,55,327.0,1775,0,19,13,1
2011,13,2011_13_DAL_ARI,DAL,ARI,0,67,336.0,2022,0,13,19,0
2011,13,2011_13_DEN_MIN,DEN,MIN,0,50,338.0,1329,2,35,32,1
2011,13,2011_13_DEN_MIN,MIN,DEN,1,81,489.0,2271,3,32,35,0
2011,13,2011_13_DET_NO,DET,NO,0,81,523.0,1880,1,17,31,0
2011,13,2011_13_DET_NO,NO,DET,1,67,510.0,1689,0,31,17,1
2011,13,2011_13_GB_NYG,GB,NYG,0,77,449.0,1983,1,38,35,1
2011,13,2011_13_GB_NYG,NYG,GB,1,62,449.0,1617,2,35,38,0
2011,13,2011_13_IND_NE,IND,NE,0,70,437.0,2139,2,24,31,0
2011,13,2011_13_IND_NE,NE,IND,1,63,362.0,1461,0,31,24,1
2011,13,2011_13_KC_CHI,CHI,KC,1,55,181.0,1638,4,3,10,0
2011,13,2011_13_KC_CHI,KC,CHI,0,70,252.0,1962,0,10,3,1
2011,13,2011_13_NYJ_WAS,NYJ,WAS,0,62,266.0,1932,0,34,19,1
2011,13,2011_13_NYJ_WAS,WAS,NYJ,1,71,304.0,1668,4,19,34,0
2011,13,2011_13_OAK_MIA,LV,MIA,0,57,304.0,1300,1,14,34,0
2011,13,2011_13_OAK_MIA,MIA,LV,1,70,362.0,2300,0,34,14,1
2011,13,2011_13_PHI_SEA,PHI,SEA,0,56,330.0,1780,4,14,31,0
2011,13,2011_13_PHI_SEA,SEA,PHI,1,52,347.0,1820,0,31,14,1
2011,13,2011_13_SD_JAX,JAX,LAC,1,66,306.0,1903,1,14,38,0
2011,13,2011_13_SD_JAX,LAC,JAX,0,54,433.0,1697,0,38,14,1
2011,13,2011_13_STL_SF,LA,SF,0,49,157.0,1435,2,0,26,0
2011,13,2011_13_STL_SF,SF,LA,1,63,389.0,2165,0,26,0,1
2011,13,2011_13_TEN_BUF,BUF,TEN,1,70,386.0,1906,2,17,23,0
2011,13,2011_13_TEN_BUF,TEN,BUF,0,57,317.0,1694,0,23,17,1
2011,14,2011_14_ATL_CAR,ATL,CAR,0,69,394.0,1843,0,31,23,1
2011,14,2011_14_ATL_CAR,CAR,ATL,1,64,416.0,1757,2,23,31,0
2011,14,2011_14_BUF_SD,BUF,LAC,0,58,281.0,1467,3,10,37,0
2011,14,2011_14_BUF_SD,LAC,BUF,1,67,366.0,2133,1,37,10,1
2011,14,2011_14_CHI_DEN,CHI,DEN,0,61,245.0,1907,1,10,13,0
2011,14,2011_14_CHI_DEN,DEN,CHI,1,79,345.0,2079,2,13,10,1
2011,14,2011_14_CLE_PIT,CLE,PIT,0,69,304.0,1938,2,3,14,0
2011,14,2011_14_CLE_PIT,PIT,CLE,1,53,416.0,1662,3,14,3,1
2011,14,2011_14_HOU_CIN,CIN,HOU,1,58,285.0,1696,1,19,20,0
2011,14,2011_14_HOU_CIN,HOU,CIN,0,77,412.0,1904,4,20,19,1
2011,14,2011_14_IND_BAL,BAL,IND,1,70,358.0,2168,2,24,10,1
2011,14,2011_14_IND_BAL,IND,BAL,0,57,167.0,1432,1,10,24,0
2011,14,2011_14_KC_NYJ,KC,NYJ,0,58,221.0,1338,1,10,37,0
2011,14,2011_14_KC_NYJ,NYJ,KC,1,66,314.0,2262,1,37,10,1
2011,14,2011_14_MIN_DET,DET,MIN,1,55,280.0,1962,0,34,28,1
2011,14,2011_14_MIN_DET,MIN,DET,0,83,425.0,1726,6,28,34,0
2011,14,2011_14_NE_WAS,NE,WAS,0,58,431.0,1431,1,34,27,1
2011,14,2011_14_NE_WAS,WAS,NE,1,69,463.0,2169,2,27,34,0
2011,14,2011_14_NO_TEN,NO,TEN,0,76,437.0,2253,0,22,17,1
2011,14,2011_14_NO_TEN,TEN,NO,1,55,373.0,1347,0,17,22,0
2011,14,2011_14_NYG_DAL,DAL,NYG,1,58,444.0,1541,1,34,37,0
2011,14,2011_14_NYG_DAL,NYG,DAL,0,79,512.0,2059,1,37,34,1
2011,14,2011_14_OAK_GB,GB,LV,1,59,384.0,1720,1,46,16,1
2011,14,2011_14_OAK_GB,LV,GB,0,73,357.0,1880,5,16,46,0
2011,14,2011_14_PHI_MIA,MIA,PHI,1,64,204.0,1719,4,10,26,0
2011,14,2011_14_PHI_MIA,PHI,MIA,0,66,239.0,1881,1,26,10,1
2011,14,2011_14_SF_ARI,ARI,SF,1,54,325.0,1744,3,21,19,1
2011,14,2011_14_SF_ARI,SF,ARI,0,63,233.0,1856,0,19,21,0
2011,14,2011_14_STL_SEA,LA,SEA,0,63,281.0,1711,1,13,30,0
2011,14,2011_14_STL_SEA,SEA,LA,1,68,359.0,1889,1,30,13,1
2011,14,2011_14_TB_JAX,JAX,TB,1,68,325.0,1969,4,41,14,1
2011,14,2011_14_TB_JAX,TB,JAX,0,59,280.0,1631,5,14,41,0
2011,15,2011_15_BAL_SD,BAL,LAC,0,56,290.0,1548,2,14,34,0
2011,15,2011_15_BAL_SD,LAC,BAL,1,60,415.0,2052,0,34,14,1
2011,15,2011_15_CAR_HOU,CAR,HOU,0,60,316.0,1954,0,28,13,1
2011,15,2011_15_CAR_HOU,HOU,CAR,1,57,358.0,1646,3,13,28,0
2011,15,2011_15_CIN_STL,CIN,LA,0,61,283.0,1803,1,20,13,1
2011,15,2011_15_CIN_STL,LA,CIN,1,63,305.0,1797,0,13,20,0
2011,15,2011_15_CLE_ARI,ARI,CLE,1,74,363.0,1962,1,20,17,1
2011,15,2011_15_CLE_ARI,CLE,ARI,0,62,333.0,1882,1,17,20,0
2011,15,2011_15_DAL_TB,DAL,TB,0,69,399.0,2279,1,31,15,1
2011,15,2011_15_DAL_TB,TB,DAL,1,44,192.0,1321,1,15,31,0
2011,15,2011_15_DET_OAK,DET,LV,0,73,432.0,1707,1,28,27,1
2011,15,2011_15_DET_OAK,LV,DET,1,65,477.0,1893,1,27,28,0
2011,15,2011_15_GB_KC,GB,KC,0,57,315.0,1429,0,14,19,0
2011,15,2011_15_GB_KC,KC,GB,1,70,438.0,2171,0,19,14,1
2011,15,2011_15_JAX_ATL,ATL,JAX,1,68,373.0,2311,1,41,14,1
2011,15,2011_15_JAX_ATL,JAX,ATL,0,46,207.0,1289,3,14,41,0
2011,15,2011_15_MIA_BUF,BUF,MIA,1,70,404.0,1871,3,23,30,0
2011,15,2011_15_MIA_BUF,MIA,BUF,0,60,448.0,1794,3,30,23,1
2011,15,2011_15_NE_DEN,DEN,NE,1,59,393.0,1579,2,23,41,0
2011,15,2011_15_NE_DEN,NE,DEN,0,72,451.0,2021,1,41,23,1
2011,15,2011_15_NO_MIN,MIN,NO,1,54,207.0,1271,1,20,42,0
2011,15,2011_15_NO_MIN,NO,MIN,0,79,573.0,2329,2,42,20,1
2011,15,2011_15_NYJ_PHI,NYJ,PHI,0,61,241.0,1797,5,19,45,0
2011,15,2011_15_NYJ_PHI,PHI,NYJ,1,58,420.0,1612,3,45,19,1
2011,15,2011_15_PIT_SF,PIT,SF,0,66,389.0,1886,4,3,20,0
2011,15,2011_15_PIT_SF,SF,PIT,1,61,287.0,1714,0,20,3,1
2011,15,2011_15_SEA_CHI,CHI,SEA,1,60,221.0,1703,5,14,38,0
2011,15,2011_15_SEA_CHI,SEA,CHI,0,65,286.0,1897,1,38,14,1
2011,15,2011_15_TEN_IND,IND,TEN,1,51,287.0,1683,1,27,13,1
2011,15,2011_15_TEN_IND,TEN,IND,0,76,388.0,1917,3,13,27,0
2011,15,2011_15_WAS_NYG,NYG,WAS,1,61,324.0,1500,3,10,23,0
2011,15,2011_15_WAS_NYG,WAS,NYG,0,65,300.0,2100,2,23,10,1
2011,16,2011_16_ARI_CIN,ARI,CIN,0,68,316.0,1701,3,16,23,0
2011,16,2011_16_ARI_CIN,CIN,ARI,1,67,301.0,1899,2,23,16,1
2011,16,2011_16_ATL_NO,ATL,NO,0,75,469.0,1999,1,16,45,0
2011,16,2011_16_ATL_NO,NO,ATL,1,63,463.0,1601,2,45,16,1
2011,16,2011_16_CHI_GB,CHI,GB,0,71,443.0,2148,2,21,35,0
2011,16,2011_16_CHI_GB,GB,CHI,1,51,363.0,1452,0,35,21,1
2011,16,2011_16_CLE_BAL,BAL,CLE,1,62,284.0,1938,1,20,14,1
2011,16,2011_16_CLE_BAL,CLE,BAL,0,60,256.0,1662,1,14,20,0
2011,16,2011_16_DEN_BUF,BUF,DEN,1,56,351.0,1890,0,40,14,1
2011,16,2011_16_DEN_BUF,DEN,BUF,0,68,285.0,1831,4,14,40,0
2011,16,2011_16_HOU_IND,HOU,IND,0,51,283.0,1625,1,16,19,0
2011,16,2011_16_HOU_IND,IND,HOU,1,76,320.0,1975,1,19,16,1
2011,16,2011_16_JAX_TEN,JAX,TEN,0,71,300.0,1741,1,17,23,0
2011,16,2011_16_JAX_TEN,TEN,JAX,1,66,407.0,1859,3,23,17,1
2011,16,2011_16_MIA_NE,MIA,NE,0,65,374.0,1744,2,24,27,0
2011,16,2011_16_MIA_NE,NE,MIA,1,81,400.0,1856,0,27,24,1
2011,16,2011_16_MIN_WAS,MIN,WAS,0,58,389.0,1774,0,33,26,1
2011,16,2011_16_MIN_WAS,WAS,MIN,1,68,397.0,1826,2,26,33,0
2011,16,2011_16_NYG_NYJ,NYG,NYJ,0,55,332.0,1434,1,29,14,1
2011,16,2011_16_NYG_NYJ,NYJ,NYG,1,89,331.0,2166,3,14,29,0
2011,16,2011_16_OAK_KC,KC,LV,1,66,435.0,1959,2,13,16,0
2011,16,2011_16_OAK_KC,LV,KC,0,51,308.0,1774,2,16,13,1
2011,16,2011_16_PHI_DAL,DAL,PHI,1,66,238.0,1943,0,7,20,0
2011,16,2011_16_PHI_DAL,PHI,DAL,0,60,386.0,1657,1,20,7,1
2011,16,2011_16_SD_DET,DET,LAC,1,62,440.0,2166,0,38,10,1
2011,16,2011_16_SD_DET,LAC,DET,0,70,367.0,1659,2,10,38,0
2011,16,2011_16_SF_SEA,SEA,SF,1,58,265.0,1626,1,17,19,0
2011,16,2011_16_SF_SEA,SF,SEA,0,68,349.0,1974,0,19,17,1
2011,16,2011_16_STL_PIT,LA,PIT,0,63,232.0,1845,0,0,27,0
2011,16,2011_16_STL_PIT,PIT,LA,1,50,377.0,1755,1,27,0,1
2011,16,2011_16_TB_CAR,CAR,TB,1,49,433.0,1623,0,48,16,1
2011,16,2011_16_TB_CAR,TB,CAR,0,61,317.0,1977,4,16,48,0
2011,17,2011_17_BAL_CIN,BAL,CIN,0,52,347.0,1766,0,24,16,1
2011,17,2011_17_BAL_CIN,CIN,BAL,1,69,336.0,1834,1,16,24,0
2011,17,2011_17_BUF_NE,BUF,NE,0,68,402.0,1822,4,21,49,0
2011,17,2011_17_BUF_NE,NE,BUF,1,70,482.0,1778,1,49,21,1
2011,17,2011_17_CAR_NO,CAR,NO,0,51,301.0,1526,2,17,45,0
2011,17,2011_17_CAR_NO,NO,CAR,1,73,617.0,2074,1,45,17,1
2011,17,2011_17_CHI_MIN,CHI,MIN,0,57,209.0,1726,3,17,13,1
2011,17,2011_17_CHI_MIN,MIN,CHI,1,71,301.0,1874,3,13,17,0
2011,17,2011_17_DAL_NYG,DAL,NYG,0,59,300.0,1527,2,14,31,0
2011,17,2011_17_DAL_NYG,NYG,DAL,1,66,437.0,2073,0,31,14,1
2011,17,2011_17_DET_GB,DET,GB,0,77,577.0,1700,4,41,45,0
2011,17,2011_17_DET_GB,GB,DET,1,71,550.0,1900,2,45,41,1
2011,17,2011_17_IND_JAX,IND,JAX,0,65,298.0,1752,3,13,19,0
2011,17,2011_17_IND_JAX,JAX,IND,1,57,261.0,1848,1,19,13,1
2011,17,2011_17_KC_DEN,DEN,KC,1,71,266.0,1978,3,3,7,0
2011,17,2011_17_KC_DEN,KC,DEN,0,60,281.0,1622,0,7,3,1
2011,17,2011_17_NYJ_MIA,MIA,NYJ,1,59,210.0,1867,2,19,17,1
2011,17,2011_17_NYJ_MIA,NYJ,MIA,0,62,374.0,1733,3,17,19,0
2011,17,2011_17_PIT_CLE,CLE,PIT,1,58,240.0,1249,1,9,13,0
2011,17,2011_17_PIT_CLE,PIT,CLE,0,78,360.0,2351,2,13,9,1
2011,17,2011_17_SD_OAK,LAC,LV,0,57,463.0,1827,1,38,26,1
2011,17,2011_17_SD_OAK,LV,LAC,1,67,520.0,1773,1,26,38,0
2011,17,2011_17_SEA_ARI,ARI,SEA,1,73,388.0,2119,2,23,20,1
2011,17,2011_17_SEA_ARI,SEA,ARI,0,73,369.0,2022,1,20,23,0
2011,17,2011_17_SF_STL,LA,SF,1,62,311.0,1492,2,27,34,0
2011,17,2011_17_SF_STL,SF,LA,0,71,321.0,2121,0,34,27,1
2011,17,2011_17_TB_ATL,ATL,TB,1,59,428.0,1808,2,45,24,1
2011,17,2011_17_TB_ATL,TB,ATL,0,63,296.0,1792,4,24,45,0
2011,17,2011_17_TEN_HOU,HOU,TEN,1,66,387.0,2078,1,22,23,0
2011,17,2011_17_TEN_HOU,TEN,HOU,0,60,361.0,1522,1,23,22,1
2011,17,2011_17_WAS_PHI,PHI,WAS,1,60,390.0,1759,2,34,10,1
2011,17,2011_17_WAS_PHI,WAS,PHI,0,71,377.0,1841,1,10,34,0
2012,1,2012_01_ATL_KC,ATL,KC,0,55,376.0,1685,0,40,24,1
2012,1,2012_01_ATL_KC,KC,ATL,1,69,393.0,1915,3,24,40,0
2012,1,2012_01_BUF_NYJ,BUF,NYJ,0,58,390.0,1722,4,28,48,0
2012,1,2012_01_BUF_NYJ,NYJ,BUF,1,63,384.0,1878,1,48,28,1
2012,1,2012_01_CAR_TB,CAR,TB,0,49,301.0,1353,2,10,16,0
2012,1,2012_01_CAR_TB,TB,CAR,1,62,258.0,2247,0,16,10,1
2012,1,2012_01_CIN_BAL,BAL,CIN,1,58,430.0,1654,0,44,13,1
2012,1,2012_01_CIN_BAL,CIN,BAL,0,69,322.0,1946,2,13,44,0
2012,1,2012_01_DAL_NYG,DAL,NYG,0,57,433.0,2047,1,24,17,1
2012,1,2012_01_DAL_NYG,NYG,DAL,1,54,269.0,1553,1,17,24,0
2012,1,2012_01_IND_CHI,CHI,IND,1,70,428.0,2128,1,41,21,1
2012,1,2012_01_IND_CHI,IND,CHI,0,63,356.0,1472,5,21,41,0
2012,1,2012_01_JAX_MIN,JAX,MIN,0,76,357.0,2269,1,23,26,0
2012,1,2012_01_JAX_MIN,MIN,JAX,1,58,389.0,1625,1,26,23,1
2012,1,2012_01_MIA_HOU,HOU,MIA,1,68,337.0,2084,0,30,10,1
2012,1,2012_01_MIA_HOU,MIA,HOU,0,58,275.0,1516,4,10,30,0
2012,1,2012_01_NE_TEN,NE,TEN,0,67,390.0,1861,0,34,13,1
2012,1,2012_01_NE_TEN,TEN,NE,1,61,284.0,1739,2,13,34,0
2012,1,2012_01_PHI_CLE,CLE,PHI,1,59,210.0,1442,4,16,17,0
2012,1,2012_01_PHI_CLE,PHI,CLE,0,88,456.0,2158,5,17,16,1
2012,1,2012_01_PIT_DEN,DEN,PIT,1,57,336.0,1495,1,31,19,1
2012,1,2012_01_PIT_DEN,PIT,DEN,0,72,284.0,2105,1,19,31,0
2012,1,2012_01_SD_OAK,LAC,LV,0,54,258.0,1834,0,22,14,1
2012,1,2012_01_SD_OAK,LV,LAC,1,70,323.0,1766,1,14,22,0
2012,1,2012_01_SEA_ARI,ARI,SEA,1,57,253.0,1586,2,20,16,1
2012,1,2012_01_SEA_ARI,SEA,ARI,0,70,254.0,2014,2,16,20,0
2012,1,2012_01_SF_GB,GB,SF,1,62,326.0,1620,1,22,30,0
2012,1,2012_01_SF_GB,SF,GB,0,62,377.0,1980,0,30,22,1
2012,1,2012_01_STL_DET,DET,LA,1,67,429.0,1794,3,27,23,1
2012,1,2012_01_STL_DET,LA,DET,0,55,250.0,1806,0,23,27,0
2012,1,2012_01_WAS_NO,NO,WAS,1,65,360.0,1250,3,32,40,0
2012,1,2012_01_WAS_NO,WAS,NO,0,71,459.0,2350,0,40,32,1
2012,2,2012_02_ARI_NE,ARI,NE,0,61,242.0,1699,2,20,18,1
2012,2,2012_02_ARI_NE,NE,ARI,1,79,387.0,1901,1,18,20,0
2012,2,2012_02_BAL_PHI,BAL,PHI,0,65,325.0,1539,2,23,24,0
2012,2,2012_02_BAL_PHI,PHI,BAL,1,75,486.0,2061,4,24,23,1
2012,2,2012_02_CHI_GB,CHI,GB,0,57,168.0,1669,4,10,23,0
2012,2,2012_02_CHI_GB,GB,CHI,1,66,321.0,1931,2,23,10,1
2012,2,2012_02_CLE_CIN,CIN,CLE,1,62,375.0,1973,1,34,27,1
2012,2,2012_02_CLE_CIN,CLE,CIN,0,62,439.0,1627,1,27,34,0
2012,2,2012_02_DAL_SEA,DAL,SEA,0,57,296.0,1521,2,7,27,0
2012,2,2012_02_DAL_SEA,SEA,DAL,1,63,315.0,2079,0,27,7,1
2012,2,2012_02_DEN_ATL,ATL,DEN,1,65,275.0,1960,0,27,21,1
2012,2,2012_02_DEN_ATL,DEN,ATL,0,67,336.0,1640,4,21,27,0
2012,2,2012_02_DET_SF,DET,SF,0,60,296.0,1826,1,19,27,0
2012,2,2012_02_DET_SF,SF,DET,1,61,349.0,1774,1,27,19,1
2012,2,2012_02_HOU_JAX,HOU,JAX,0,83,411.0,2597,0,27,7,1
2012,2,2012_02_HOU_JAX,JAX,HOU,1,38,117.0,1003,1,7,27,0
2012,2,2012_02_KC_BUF,BUF,KC,1,55,379.0,1761,0,35,17,1
2012,2,2012_02_KC_BUF,KC,BUF,0,71,422.0,1839,3,17,35,0
2012,2,2012_02_MIN_IND,IND,MIN,1,63,278.0,1778,0,23,20,1
2012,2,2012_02_MIN_IND,MIN,IND,0,65,327.0,1822,1,20,23,0
2012,2,2012_02_NO_CAR,CAR,NO,1,62,463.0,1776,1,35,27,1
2012,2,2012_02_NO_CAR,NO,CAR,0,77,486.0,1824,2,27,35,0
2012,2,2012_02_NYJ_PIT,NYJ,PIT,0,51,219.0,1404,0,10,27,0
2012,2,2012_02_NYJ_PIT,PIT,NYJ,1,62,331.0,2196,1,27,10,1
2012,2,2012_02_OAK_MIA,LV,MIA,0,62,396.0,1519,1,13,35,0
2012,2,2012_02_OAK_MIA,MIA,LV,1,74,452.0,2081,0,35,13,1
2012,2,2012_02_TB_NYG,NYG,TB,1,77,606.0,2009,3,41,34,1
2012,2,2012_02_TB_NYG,TB,NYG,0,52,307.0,1591,2,34,41,0
2012,2,2012_02_TEN_SD,LAC,TEN,1,75,416.0,2619,1,38,10,1
2012,2,2012_02_TEN_SD,TEN,LAC,0,40,212.0,981,1,10,38,0
2012,2,2012_02_WAS_STL,LA,WAS,1,65,454.0,1884,3,31,28,1
2012,2,2012_02_WAS_STL,WAS,LA,0,59,373.0,1716,1,28,31,0
2012,3,2012_03_ATL_SD,ATL,LAC,0,69,384.0,2174,1,27,3,1
2012,3,2012_03_ATL_SD,LAC,ATL,1,56,280.0,1426,4,3,27,0
2012,3,2012_03_BUF_CLE,BUF,CLE,0,70,344.0,1976,1,24,14,1
2012,3,2012_03_BUF_CLE,CLE,BUF,1,60,240.0,1624,2,14,24,0
2012,3,2012_03_CIN_WAS,CIN,WAS,0,58,478.0,1650,2,38,31,1
2012,3,2012_03_CIN_WAS,WAS,CIN,1,74,381.0,1950,1,31,38,0
2012,3,2012_03_DET_TEN,DET,TEN,0,93,585.0,2436,1,41,44,0
2012,3,2012_03_DET_TEN,TEN,DET,1,61,437.0,1687,2,44,41,1
2012,3,2012_03_GB_SEA,GB,SEA,0,69,268.0,2019,0,12,14,0
2012,3,2012_03_GB_SEA,SEA,GB,1,51,238.0,1581,0,14,12,1
2012,3,2012_03_HOU_DEN,DEN,HOU,1,76,375.0,1700,1,25,31,0
2012,3,2012_03_HOU_DEN,HOU,DEN,0,65,436.0,1900,2,31,25,1
2012,3,2012_03_JAX_IND,IND,JAX,1,75,437.0,1944,1,17,22,0
2012,3,2012_03_JAX_IND,JAX,IND,0,55,333.0,1656,0,22,17,1
2012,3,2012_03_KC_NO,KC,NO,0,92,510.0,2552,3,27,24,1
2012,3,2012_03_KC_NO,NO,KC,1,59,288.0,1561,1,24,27,0
2012,3,2012_03_NE_BAL,BAL,NE,1,65,503.0,1737,1,31,30,1
2012,3,2012_03_NE_BAL,NE,BAL,0,77,396.0,1863,0,30,31,0
2012,3,2012_03_NYG_CAR,CAR,NYG,1,55,327.0,1430,4,7,36,0
2012,3,2012_03_NYG_CAR,NYG,CAR,0,68,405.0,2170,1,36,7,1
2012,3,2012_03_NYJ_MIA,MIA,NYJ,1,79,381.0,2013,2,20,23,0
2012,3,2012_03_NYJ_MIA,NYJ,MIA,0,79,388.0,2123,2,23,20,1
2012,3,2012_03_PHI_ARI,ARI,PHI,1,61,292.0,2073,1,27,6,1
2012,3,2012_03_PHI_ARI,PHI,ARI,0,63,307.0,1527,2,6,27,0
2012,3,2012_03_PIT_OAK,LV,PIT,1,56,321.0,1425,1,34,31,1
2012,3,2012_03_PIT_OAK,PIT,LV,0,70,433.0,2175,2,31,34,0
2012,3,2012_03_SF_MIN,MIN,SF,1,76,344.0,2008,2,24,13,1
2012,3,2012_03_SF_MIN,SF,MIN,0,58,280.0,1592,3,13,24,0
2012,3,2012_03_STL_CHI,CHI,LA,1,67,274.0,2036,1,23,6,1
2012,3,2012_03_STL_CHI,LA,CHI,0,58,160.0,1564,2,6,23,0
2012,3,2012_03_TB_DAL,DAL,TB,1,66,297.0,1845,4,16,10,1
2012,3,2012_03_TB_DAL,TB,DAL,0,55,166.0,1616,1,10,16,0
2012,4,2012_04_CAR_ATL,ATL,CAR,1,66,426.0,1794,1,30,28,1
2012,4,2012_04_CAR_ATL,CAR,ATL,0,63,404.0,1806,1,28,30,0
2012,4,2012_04_CHI_DAL,CHI,DAL,0,54,360.0,1850,1,34,18,1
2012,4,2012_04_CHI_DAL,DAL,CHI,1,69,432.0,1750,5,18,34,0
2012,4,2012_04_CIN_JAX,CIN,JAX,0,65,382.0,1879,3,27,10,1
2012,4,2012_04_CIN_JAX,JAX,CIN,1,58,212.0,1721,1,10,27,0
2012,4,2012_04_CLE_BAL,BAL,CLE,1,77,438.0,1983,2,23,16,1
2012,4,2012_04_CLE_BAL,CLE,BAL,0,70,357.0,1617,1,16,23,0
2012,4,2012_04_MIA_ARI,ARI,MIA,1,71,297.0,1891,2,24,21,1
2012,4,2012_04_MIA_ARI,MIA,ARI,0,75,482.0,2100,4,21,24,0
2012,4,2012_04_MIN_DET,DET,MIN,1,76,341.0,1842,1,13,20,0
2012,4,2012_04_MIN_DET,MIN,DET,0,56,227.0,1758,0,20,13,1
2012,4,2012_04_NE_BUF,BUF,NE,1,69,438.0,1753,6,28,52,0
2012,4,2012_04_NE_BUF,NE,BUF,0,77,580.0,1847,2,52,28,1
2012,4,2012_04_NO_GB,GB,NO,1,66,421.0,1582,2,28,27,1
2012,4,2012_04_NO_GB,NO,GB,0,75,474.0,1828,0,27,28,0
2012,4,2012_04_NYG_PHI,NYG,PHI,0,61,366.0,1599,1,17,19,0
2012,4,2012_04_NYG_PHI,PHI,NYG,1,68,422.0,2001,0,19,17,1
2012,4,2012_04_OAK_DEN,DEN,LV,1,77,503.0,2245,1,37,6,1
2012,4,2012_04_OAK_DEN,LV,DEN,0,53,237.0,1355,0,6,37,0
2012,4,2012_04_SD_KC,KC,LAC,1,67,349.0,1568,6,20,37,0
2012,4,2012_04_SD_KC,LAC,KC,0,60,293.0,2032,1,37,20,1
2012,4,2012_04_SEA_STL,LA,SEA,1,60,286.0,1808,1,19,13,1
2012,4,2012_04_SEA_STL,SEA,LA,0,61,319.0,1792,3,13,19,0
2012,4,2012_04_SF_NYJ,NYJ,SF,1,50,145.0,1384,4,0,34,0
2012,4,2012_04_SF_NYJ,SF,NYJ,0,68,381.0,2399,0,34,0,1
2012,4,2012_04_TEN_HOU,HOU,TEN,1,59,297.0,1946,0,38,14,1
2012,4,2012_04_TEN_HOU,TEN,HOU,0,60,325.0,1654,3,14,38,0
2012,4,2012_04_WAS_TB,TB,WAS,1,59,373.0,1661,1,22,24,0
2012,4,2012_04_WAS_TB,WAS,TB,0,67,474.0,1939,0,24,22,1
2012,5,2012_05_ARI_STL,ARI,LA,0,76,282.0,2062,1,3,17,0
2012,5,2012_05_ARI_STL,LA,ARI,1,54,242.0,1538,1,17,3,1
2012,5,2012_05_ATL_WAS,ATL,WAS,0,81,421.0,2221,2,24,17,1
2012,5,2012_05_ATL_WAS,WAS,ATL,1,48,316.0,1379,2,17,24,0
2012,5,2012_05_BAL_KC,BAL,KC,0,55,298.0,1550,2,9,6,1
2012,5,2012_05_BAL_KC,KC,BAL,1,68,338.0,2050,4,6,9,0
2012,5,2012_05_BUF_SF,BUF,SF,0,46,204.0,1426,2,3,45,0
2012,5,2012_05_BUF_SF,SF,BUF,1,63,621.0,2174,1,45,3,1
2012,5,2012_05_CHI_JAX,CHI,JAX,0,73,501.0,2160,1,41,3,1
2012,5,2012_05_CHI_JAX,JAX,CHI,1,53,189.0,1440,3,3,41,0
2012,5,2012_05_CLE_NYG,CLE,NYG,0,54,375.0,1476,3,27,41,0
2012,5,2012_05_CLE_NYG,NYG,CLE,1,71,502.0,2124,2,41,27,1
2012,5,2012_05_DEN_NE,DEN,NE,0,66,394.0,1451,3,21,31,0
2012,5,2012_05_DEN_NE,NE,DEN,1,89,444.0,2149,1,31,21,1
2012,5,2012_05_GB_IND,GB,IND,0,62,356.0,1548,1,27,30,0
2012,5,2012_05_GB_IND,IND,GB,1,91,466.0,2116,1,30,27,1
2012,5,2012_05_HOU_NYJ,HOU,NYJ,0,63,378.0,2116,1,23,17,1
2012,5,2012_05_HOU_NYJ,NYJ,HOU,1,58,286.0,1484,2,17,23,0
2012,5,2012_05_MIA_CIN,CIN,MIA,1,65,298.0,1871,4,13,17,0
2012,5,2012_05_MIA_CIN,MIA,CIN,0,63,279.0,1729,1,17,13,1
2012,5,2012_05_PHI_PIT,PHI,PIT,0,56,246.0,1551,2,14,16,0
2012,5,2012_05_PHI_PIT,PIT,PHI,1,68,343.0,2121,0,16,14,1
2012,5,2012_05_SD_NO,LAC,NO,0,65,427.0,1834,2,24,31,0
2012,5,2012_05_SD_NO,NO,LAC,1,69,404.0,1766,1,31,24,1
2012,5,2012_05_SEA_CAR,CAR,SEA,1,52,190.0,1463,2,12,16,0
2012,5,2012_05_SEA_CAR,SEA,CAR,0,62,310.0,2137,3,16,12,1
2012,5,2012_05_TEN_MIN,MIN,TEN,1,67,433.0,1986,2,30,7,1
2012,5,2012_05_TEN_MIN,TEN,MIN,0,69,267.0,1614,2,7,30,0
2012,6,2012_06_BUF_ARI,ARI,BUF,1,71,332.0,1948,2,16,19,0
2012,6,2012_06_BUF_ARI,BUF,ARI,0,68,306.0,1882,2,19,16,1
2012,6,2012_06_CIN_CLE,CIN,CLE,0,68,438.0,1803,4,24,34,0
2012,6,2012_06_CIN_CLE,CLE,CIN,1,65,328.0,1797,1,34,24,1
2012,6,2012_06_DAL_BAL,BAL,DAL,1,49,316.0,1227,0,31,29,1
2012,6,2012_06_DAL_BAL,DAL,BAL,0,80,481.0,2403,1,29,31,0
2012,6,2012_06_DEN_SD,DEN,LAC,0,52,365.0,1585,2,35,24,1
2012,6,2012_06_DEN_SD,LAC,DEN,1,72,307.0,2015,7,24,35,0
2012,6,2012_06_DET_PHI,DET,PHI,0,73,449.0,1841,1,26,23,1
2012,6,2012_06_DET_PHI,PHI,DET,1,78,357.0,1999,3,23,26,0
2012,6,2012_06_GB_HOU,GB,HOU,0,70,427.0,1679,0,42,24,1
2012,6,2012_06_GB_HOU,HOU,GB,1,69,321.0,1921,3,24,42,0
2012,6,2012_06_IND_NYJ,IND,NYJ,0,65,298.0,1580,4,9,35,0
2012,6,2012_06_IND_NYJ,NYJ,IND,1,64,351.0,2020,0,35,9,1
2012,6,2012_06_KC_TB,KC,TB,0,68,260.0,2133,2,10,38,0
2012,6,2012_06_KC_TB,TB,KC,1,51,463.0,1609,2,38,10,1
2012,6,2012_06_MIN_WAS,MIN,WAS,0,82,423.0,1892,3,26,38,0
2012,6,2012_06_MIN_WAS,WAS,MIN,1,55,361.0,1708,1,38,26,1
2012,6,2012_06_NE_SEA,NE,SEA,0,85,475.0,2040,2,23,24,0
2012,6,2012_06_NE_SEA,SEA,NE,1,55,368.0,1560,2,24,23,1
2012,6,2012_06_NYG_SF,NYG,SF,0,65,342.0,1935,0,26,3,1
2012,6,2012_06_NYG_SF,SF,NYG,1,60,314.0,1665,3,3,26,0
2012,6,2012_06_OAK_ATL,ATL,LV,1,53,286.0,1414,3,23,20,1
2012,6,2012_06_OAK_ATL,LV,ATL,0,68,474.0,2186,3,20,23,0
2012,6,2012_06_PIT_TEN,PIT,TEN,0,63,412.0,1797,1,23,26,0
2012,6,2012_06_PIT_TEN,TEN,PIT,1,69,359.0,1803,1,26,23,1
2012,6,2012_06_STL_MIA,LA,MIA,0,70,464.0,2003,1,14,17,0
2012,6,2012_06_STL_MIA,MIA,LA,1,49,192.0,1597,0,17,14,1
2012,7,2012_07_ARI_MIN,ARI,MIN,0,69,356.0,2105,2,14,21,0
2012,7,2012_07_ARI_MIN,MIN,ARI,1,47,209.0,1495,2,21,14,1
2012,7,2012_07_BAL_HOU,BAL,HOU,0,59,176.0,1304,2,13,43,0
2012,7,2012_07_BAL_HOU,HOU,BAL,1,76,420.0,2296,0,43,13,1
2012,7,2012_07_CLE_IND,CLE,IND,0,58,319.0,1479,0,13,17,0
2012,7,2012_07_CLE_IND,IND,CLE,1,69,321.0,2121,1,17,13,1
2012,7,2012_07_DAL_CAR,CAR,DAL,1,60,328.0,1583,2,14,19,0
2012,7,2012_07_DAL_CAR,DAL,CAR,0,65,312.0,2017,1,19,14,1
2012,7,2012_07_DET_CHI,CHI,DET,1,69,296.0,2075,1,13,7,1
2012,7,2012_07_DET_CHI,DET,CHI,0,67,340.0,1525,3,7,13,0
2012,7,2012_07_GB_STL,GB,LA,0,66,402.0,1978,0,30,20,1
2012,7,2012_07_GB_STL,LA,GB,1,59,354.0,1808,1,20,30,0
2012,7,2012_07_JAX_OAK,JAX,LV,0,61,209.0,1805,2,23,26,0
2012,7,2012_07_JAX_OAK,LV,JAX,1,74,351.0,2009,2,26,23,1
2012,7,2012_07_NO_TB,NO,TB,0,63,458.0,1575,1,35,28,1
2012,7,2012_07_NO_TB,TB,NO,1,68,513.0,2025,0,28,35,0
2012,7,2012_07_NYJ_NE,NE,NYJ,1,74,381.0,1903,1,29,26,1
2012,7,2012_07_NYJ_NE,NYJ,NE,0,78,403.0,2149,2,26,29,0
2012,7,2012_07_PIT_CIN,CIN,PIT,1,49,185.0,1350,1,17,24,0
2012,7,2012_07_PIT_CIN,PIT,CIN,0,71,433.0,2250,2,24,17,1
2012,7,2012_07_SEA_SF,SEA,SF,0,54,251.0,1679,1,6,13,0
2012,7,2012_07_SEA_SF,SF,SEA,1,57,313.0,1921,1,13,6,1
2012,7,2012_07_TEN_BUF,BUF,TEN,1,60,382.0,1819,2,34,35,0
2012,7,2012_07_TEN_BUF,TEN,BUF,0,62,390.0,1781,0,35,34,1
2012,7,2012_07_WAS_NYG,NYG,WAS,1,60,393.0,1637,2,27,23,1
2012,7,2012_07_WAS_NYG,WAS,NYG,0,69,480.0,1963,4,23,27,0
2012,8,2012_08_ATL_PHI,ATL,PHI,0,68,392.0,1975,0,30,17,1
2012,8,2012_08_ATL_PHI,PHI,ATL,1,62,270.0,1625,0,17,30,0
2012,8,2012_08_CAR_CHI,CAR,CHI,0,77,416.0,2198,2,22,23,0
2012,8,2012_08_CAR_CHI,CHI,CAR,1,54,210.0,1402,3,23,22,1
2012,8,2012_08_IND_TEN,IND,TEN,0,74,457.0,2036,1,19,13,1
2012,8,2012_08_IND_TEN,TEN,IND,1,56,339.0,1853,0,13,19,0
2012,8,2012_08_JAX_GB,GB,JAX,1,64,238.0,1752,1,24,15,1
2012,8,2012_08_JAX_GB,JAX,GB,0,72,341.0,1848,1,15,24,0
2012,8,2012_08_MIA_NYJ,MIA,NYJ,0,59,236.0,1727,1,30,9,1
2012,8,2012_08_MIA_NYJ,NYJ,MIA,1,80,363.0,1970,2,9,30,0
2012,8,2012_08_NE_STL,LA,NE,1,57,326.0,1866,2,7,45,0
2012,8,2012_08_NE_STL,NE,LA,0,66,473.0,1734,0,45,7,1
2012,8,2012_08_NO_DEN,DEN,NO,1,71,530.0,2114,1,34,14,1
2012,8,2012_08_NO_DEN,NO,DEN,0,60,252.0,1486,1,14,34,0
2012,8,2012_08_NYG_DAL,DAL,NYG,1,83,434.0,1938,5,24,29,0
2012,8,2012_08_NYG_DAL,NYG,DAL,0,58,293.0,1662,3,29,24,1
2012,8,2012_08_OAK_KC,KC,LV,1,59,299.0,1862,3,16,26,0
2012,8,2012_08_OAK_KC,LV,KC,0,62,344.0,1738,2,26,16,1
2012,8,2012_08_SD_CLE,CLE,LAC,1,62,250.0,1748,0,7,6,1
2012,8,2012_08_SD_CLE,LAC,CLE,0,69,265.0,1852,1,6,7,0
2012,8,2012_08_SEA_DET,DET,SEA,1,73,415.0,2083,1,28,24,1
2012,8,2012_08_SEA_DET,SEA,DET,0,54,369.0,1517,2,24,28,0
2012,8,2012_08_SF_ARI,ARI,SF,1,65,265.0,1724,1,3,24,0
2012,8,2012_08_SF_ARI,SF,ARI,0,52,317.0,1876,0,24,3,1
2012,8,2012_08_TB_MIN,MIN,TB,1,59,369.0,1335,3,17,36,0
2012,8,2012_08_TB_MIN,TB,MIN,0,79,416.0,2265,0,36,17,1
2012,8,2012_08_WAS_PIT,PIT,WAS,1,61,355.0,1993,0,27,12,1
2012,8,2012_08_WAS_PIT,WAS,PIT,0,57,255.0,1607,0,12,27,0
2012,9,2012_09_ARI_GB,ARI,GB,0,66,340.0,1590,1,17,31,0
2012,9,2012_09_ARI_GB,GB,ARI,1,70,384.0,2010,2,31,17,1
2012,9,2012_09_BAL_CLE,BAL,CLE,0,63,284.0,1892,0,25,15,1
2012,9,2012_09_BAL_CLE,CLE,BAL,1,65,290.0,1708,2,15,25,0
2012,9,2012_09_BUF_HOU,BUF,HOU,0,57,304.0,1557,1,9,21,0
2012,9,2012_09_BUF_HOU,HOU,BUF,1,61,374.0,2043,0,21,9,1
2012,9,2012_09_CAR_WAS,CAR,WAS,0,50,330.0,1480,0,21,13,1
2012,9,2012_09_CAR_WAS,WAS,CAR,1,75,337.0,2120,0,13,21,0
2012,9,2012_09_CHI_TEN,CHI,TEN,0,65,365.0,2221,1,51,20,1
2012,9,2012_09_CHI_TEN,TEN,CHI,1,56,341.0,1379,5,20,51,0
2012,9,2012_09_DAL_ATL,ATL,DAL,1,63,453.0,1963,0,19,13,1
2012,9,2012_09_DAL_ATL,DAL,ATL,0,54,377.0,1637,0,13,19,0
2012,9,2012_09_DEN_CIN,CIN,DEN,1,72,366.0,1763,1,23,31,0
2012,9,2012_09_DEN_CIN,DEN,CIN,0,61,359.0,1837,2,31,23,1
2012,9,2012_09_DET_JAX,DET,JAX,0,68,434.0,2130,0,31,14,1
2012,9,2012_09_DET_JAX,JAX,DET,1,61,281.0,1470,2,14,31,0
2012,9,2012_09_KC_SD,KC,LAC,0,60,289.0,1891,4,13,31,0
2012,9,2012_09_KC_SD,LAC,KC,1,47,339.0,1709,2,31,13,1
2012,9,2012_09_MIA_IND,IND,MIA,1,75,516.0,2094,0,23,20,1
2012,9,2012_09_MIA_IND,MIA,IND,0,58,365.0,1506,0,20,23,0
2012,9,2012_09_MIN_SEA,MIN,SEA,0,53,287.0,1440,2,20,30,0
2012,9,2012_09_MIN_SEA,SEA,MIN,1,71,385.0,2160,0,30,20,1
2012,9,2012_09_PHI_NO,NO,PHI,1,54,371.0,1590,2,28,13,1
2012,9,2012_09_PHI_NO,PHI,NO,0,77,447.0,2010,2,13,28,0
2012,9,2012_09_PIT_NYG,NYG,PIT,1,48,182.0,1485,1,20,24,0
2012,9,2012_09_PIT_NYG,PIT,NYG,0,69,349.0,2115,2,24,20,1
2012,9,2012_09_TB_OAK,LV,TB,1,76,426.0,1916,3,32,42,0
2012,9,2012_09_TB_OAK,TB,LV,0,63,515.0,1684,1,42,32,1
2012,10,2012_10_ATL_NO,ATL,NO,0,71,454.0,1955,1,27,31,0
2012,10,2012_10_ATL_NO,NO,ATL,1,62,440.0,1645,1,31,27,1
2012,10,2012_10_BUF_NE,BUF,NE,0,71,481.0,2030,3,31,37,0
2012,10,2012_10_BUF_NE,NE,BUF,1,68,347.0,1570,0,37,31,1
2012,10,2012_10_DAL_PHI,DAL,PHI,0,54,294.0,1678,0,38,23,1
2012,10,2012_10_DAL_PHI,PHI,DAL,1,66,369.0,1922,2,23,38,0
2012,10,2012_10_DEN_CAR,CAR,DEN,1,64,250.0,1894,2,14,36,0
2012,10,2012_10_DEN_CAR,DEN,CAR,0,61,360.0,1706,2,36,14,1
2012,10,2012_10_DET_MIN,DET,MIN,0,61,368.0,1536,2,24,34,0
2012,10,2012_10_DET_MIN,MIN,DET,1,69,405.0,2064,0,34,24,1
2012,10,2012_10_HOU_CHI,CHI,HOU,1,56,249.0,1732,4,6,13,0
2012,10,2012_10_HOU_CHI,HOU,CHI,0,62,215.0,1868,2,13,6,1
2012,10,2012_10_IND_JAX,IND,JAX,0,65,359.0,2146,2,27,10,1
2012,10,2012_10_IND_JAX,JAX,IND,1,63,337.0,1454,3,10,27,0
2012,10,2012_10_KC_PIT,KC,PIT,0,63,290.0,1758,1,13,16,0
2012,10,2012_10_KC_PIT,PIT,KC,1,62,249.0,1897,1,16,13,1
2012,10,2012_10_NYG_CIN,CIN,NYG,1,58,275.0,1815,0,31,13,1
2012,10,2012_10_NYG_CIN,NYG,CIN,0,70,318.0,1785,5,13,31,0
2012,10,2012_10_NYJ_SEA,NYJ,SEA,0,50,185.0,1429,2,7,28,0
2012,10,2012_10_NYJ_SEA,SEA,NYJ,1,67,363.0,2171,3,28,7,1
2012,10,2012_10_OAK_BAL,BAL,LV,1,62,419.0,1598,2,55,20,1
2012,10,2012_10_OAK_BAL,LV,BAL,0,73,422.0,2002,2,20,55,0
2012,10,2012_10_SD_TB,LAC,TB,0,65,426.0,2201,2,24,34,0
2012,10,2012_10_SD_TB,TB,LAC,1,43,279.0,1399,0,34,24,1
2012,10,2012_10_STL_SF,LA,SF,0,80,458.0,2445,1,24,24,0
2012,10,2012_10_STL_SF,SF,LA,1,64,341.0,2055,0,24,24,0
2012,10,2012_10_TEN_MIA,MIA,TEN,1,56,255.0,1607,4,3,37,0
2012,10,2012_10_TEN_MIA,TEN,MIA,0,60,293.0,1993,0,37,3,1
2012,11,2012_11_ARI_ATL,ARI,ATL,0,56,178.0,1639,1,19,23,0
2012,11,2012_11_ARI_ATL,ATL,ARI,1,71,354.0,1961,6,23,19,1
2012,11,2012_11_BAL_PIT,BAL,PIT,0,57,200.0,1629,0,13,10,1
2012,11,2012_11_BAL_PIT,PIT,BAL,1,69,309.0,1971,3,10,13,0
2012,11,2012_11_CHI_SF,CHI,SF,0,56,143.0,1795,2,7,32,0
2012,11,2012_11_CHI_SF,SF,CHI,1,54,353.0,1805,0,32,7,1
2012,11,2012_11_CIN_KC,CIN,KC,0,69,409.0,2122,0,28,6,1
2012,11,2012_11_CIN_KC,KC,CIN,1,60,284.0,1478,1,6,28,0
2012,11,2012_11_CLE_DAL,CLE,DAL,0,70,311.0,1843,1,20,23,0
2012,11,2012_11_CLE_DAL,DAL,CLE,1,78,320.0,2290,1,23,20,1
2012,11,2012_11_GB_DET,DET,GB,1,68,362.0,1782,4,20,24,0
2012,11,2012_11_GB_DET,GB,DET,0,59,314.0,1818,1,24,20,1
2012,11,2012_11_IND_NE,IND,NE,0,75,448.0,1975,4,24,59,0
2012,11,2012_11_IND_NE,NE,IND,1,60,446.0,1625,0,59,24,1
2012,11,2012_11_JAX_HOU,HOU,JAX,1,92,653.0,2500,3,43,37,1
2012,11,2012_11_JAX_HOU,JAX,HOU,0,66,458.0,1879,1,37,43,0
2012,11,2012_11_MIA_BUF,BUF,MIA,1,61,281.0,2103,0,19,14,1
2012,11,2012_11_MIA_BUF,MIA,BUF,0,55,184.0,1497,3,14,19,0
2012,11,2012_11_NO_OAK,LV,NO,1,69,404.0,1884,2,17,38,0
2012,11,2012_11_NO_OAK,NO,LV,0,56,380.0,1716,0,38,17,1
2012,11,2012_11_NYJ_STL,LA,NYJ,1,66,281.0,1617,3,13,27,0
2012,11,2012_11_NYJ_STL,NYJ,LA,0,65,289.0,1983,0,27,13,1
2012,11,2012_11_PHI_WAS,PHI,WAS,0,71,257.0,1884,3,6,31,0
2012,11,2012_11_PHI_WAS,WAS,PHI,1,51,361.0,1716,0,31,6,1
2012,11,2012_11_SD_DEN,DEN,LAC,1,70,386.0,1854,2,30,23,1
2012,11,2012_11_SD_DEN,LAC,DEN,0,67,277.0,1892,3,23,30,0
2012,11,2012_11_TB_CAR,CAR,TB,1,65,331.0,1910,0,21,27,0
2012,11,2012_11_TB_CAR,TB,CAR,0,78,405.0,1950,4,27,21,1
2012,12,2012_12_ATL_TB,ATL,TB,0,57,424.0,1762,2,24,23,1
2012,12,2012_12_ATL_TB,TB,ATL,1,54,326.0,1838,0,23,24,0
2012,12,2012_12_BAL_SD,BAL,LAC,0,91,443.0,2342,0,16,13,1
2012,12,2012_12_BAL_SD,LAC,BAL,1,65,280.0,2091,0,13,16,0
2012,12,2012_12_BUF_IND,BUF,IND,0,58,304.0,1702,2,13,20,0
2012,12,2012_12_BUF_IND,IND,BUF,1,70,312.0,1898,1,20,13,1
2012,12,2012_12_CAR_PHI,CAR,PHI,0,65,398.0,2112,0,30,22,1
2012,12,2012_12_CAR_PHI,PHI,CAR,1,49,311.0,1488,3,22,30,0
2012,12,2012_12_DEN_KC,DEN,KC,0,63,368.0,1697,1,17,9,1
2012,12,2012_12_DEN_KC,KC,DEN,1,59,264.0,1903,1,9,17,0
2012,12,2012_12_GB_NYG,GB,NYG,0,58,317.0,1727,2,10,38,0
2012,12,2012_12_GB_NYG,NYG,GB,1,62,390.0,1873,0,38,10,1
2012,12,2012_12_HOU_DET,DET,HOU,1,87,525.0,2221,1,31,34,0
2012,12,2012_12_HOU_DET,HOU,DET,0,78,501.0,2138,1,34,31,1
2012,12,2012_12_MIN_CHI,CHI,MIN,1,72,298.0,2250,2,28,10,1
2012,12,2012_12_MIN_CHI,MIN,CHI,0,65,258.0,1350,3,10,28,0
2012,12,2012_12_NE_NYJ,NE,NYJ,0,66,475.0,1774,1,49,19,1
2012,12,2012_12_NE_NYJ,NYJ,NE,1,67,405.0,1826,5,19,49,0
2012,12,2012_12_OAK_CIN,CIN,LV,1,66,415.0,1846,0,34,10,1
2012,12,2012_12_OAK_CIN,LV,CIN,0,61,218.0,1754,2,10,34,0
2012,12,2012_12_PIT_CLE,CLE,PIT,1,64,238.0,2010,1,20,14,1
2012,12,2012_12_PIT_CLE,PIT,CLE,0,55,242.0,1590,8,14,20,0
2012,12,2012_12_SEA_MIA,MIA,SEA,1,55,435.0,1681,1,24,21,1
2012,12,2012_12_SEA_MIA,SEA,MIA,0,56,312.0,1919,0,21,24,0
2012,12,2012_12_SF_NO,NO,SF,1,67,290.0,1794,3,21,31,0
2012,12,2012_12_SF_NO,SF,NO,0,56,375.0,1806,1,31,21,1
2012,12,2012_12_STL_ARI,ARI,LA,1,77,375.0,1911,4,17,31,0
2012,12,2012_12_STL_ARI,LA,ARI,0,54,367.0,1689,1,31,17,1
2012,12,2012_12_TEN_JAX,JAX,TEN,1,60,321.0,1763,1,24,19,1
2012,12,2012_12_TEN_JAX,TEN,JAX,0,70,360.0,1837,2,19,24,0
2012,12,2012_12_WAS_DAL,DAL,WAS,1,76,460.0,1698,3,31,38,0
2012,12,2012_12_WAS_DAL,WAS,DAL,0,62,437.0,1902,1,38,31,1
2012,13,2012_13_ARI_NYJ,ARI,NYJ,0,54,137.0,1312,1,6,7,0
2012,13,2012_13_ARI_NYJ,NYJ,ARI,1,74,289.0,2288,4,7,6,1
2012,13,2012_13_CAR_KC,CAR,KC,0,51,385.0,1367,0,21,27,0
2012,13,2012_13_CAR_KC,KC,CAR,1,67,355.0,2233,0,27,21,1
2012,13,2012_13_CIN_SD,CIN,LAC,0,71,339.0,1998,3,20,13,1
2012,13,2012_13_CIN_SD,LAC,CIN,1,63,297.0,1602,2,13,20,0
2012,13,2012_13_CLE_OAK,CLE,LV,0,67,475.0,1950,2,20,17,1
2012,13,2012_13_CLE_OAK,LV,CLE,1,72,429.0,1650,1,17,20,0
2012,13,2012_13_HOU_TEN,HOU,TEN,0,70,331.0,2028,0,24,10,1
2012,13,2012_13_HOU_TEN,TEN,HOU,1,68,354.0,1572,6,10,24,0
2012,13,2012_13_IND_DET,DET,IND,1,75,451.0,2258,1,33,35,0
2012,13,2012_13_IND_DET,IND,DET,0,74,459.0,1342,3,35,33,1
2012,13,2012_13_JAX_BUF,BUF,JAX,1,63,344.0,2109,1,34,18,1
2012,13,2012_13_JAX_BUF,JAX,BUF,0,64,238.0,1491,3,18,34,0
2012,13,2012_13_MIN_GB,GB,MIN,1,73,435.0,2310,1,23,14,1
2012,13,2012_13_MIN_GB,MIN,GB,0,53,359.0,1239,2,14,23,0
2012,13,2012_13_NE_MIA,MIA,NE,1,59,277.0,1596,1,16,23,0
2012,13,2012_13_NE_MIA,NE,MIA,0,76,321.0,2004,1,23,16,1
2012,13,2012_13_NO_ATL,ATL,NO,1,57,283.0,1576,1,23,13,1
2012,13,2012_13_NO_ATL,NO,ATL,0,74,436.0,2024,5,13,23,0
2012,13,2012_13_NYG_WAS,NYG,WAS,0,63,390.0,1993,0,16,17,0
2012,13,2012_13_NYG_WAS,WAS,NYG,1,52,370.0,1607,1,17,16,1
2012,13,2012_13_PHI_DAL,DAL,PHI,1,62,417.0,1998,0,38,33,1
2012,13,2012_13_PHI_DAL,PHI,DAL,0,62,423.0,1602,1,33,38,0
2012,13,2012_13_PIT_BAL,BAL,PIT,1,58,288.0,1539,2,20,23,0
2012,13,2012_13_PIT_BAL,PIT,BAL,0,65,366.0,2061,3,23,20,1
2012,13,2012_13_SEA_CHI,CHI,SEA,1,59,365.0,1972,0,17,23,0
2012,13,2012_13_SEA_CHI,SEA,CHI,0,71,459.0,2075,1,23,17,1
2012,13,2012_13_SF_STL,LA,SF,1,69,295.0,2140,0,16,13,1
2012,13,2012_13_SF_STL,SF,LA,0,71,339.0,2334,1,13,16,0
2012,13,2012_13_TB_DEN,DEN,TB,1,67,333.0,2007,1,31,23,1
2012,13,2012_13_TB_DEN,TB,DEN,0,61,306.0,1593,1,23,31,0
2012,14,2012_14_ARI_SEA,ARI,SEA,0,58,154.0,1533,6,0,58,0
2012,14,2012_14_ARI_SEA,SEA,ARI,1,65,493.0,2067,3,58,0,1
2012,14,2012_14_ATL_CAR,ATL,CAR,0,63,362.0,1453,1,20,30,0
2012,14,2012_14_ATL_CAR,CAR,ATL,1,68,475.0,2147,0,30,20,1
2012,14,2012_14_BAL_WAS,BAL,WAS,0,58,359.0,1762,2,28,31,0
2012,14,2012_14_BAL_WAS,WAS,BAL,1,67,425.0,2041,1,31,28,1
2012,14,2012_14_CHI_MIN,CHI,MIN,0,73,438.0,1902,2,14,21,0
2012,14,2012_14_CHI_MIN,MIN,CHI,1,56,248.0,1698,1,21,14,1
2012,14,2012_14_DAL_CIN,CIN,DAL,1,58,336.0,1789,1,19,20,0
2012,14,2012_14_DAL_CIN,DAL,CIN,0,70,288.0,1811,1,20,19,1
2012,14,2012_14_DEN_OAK,DEN,LV,0,78,428.0,2239,1,26,13,1
2012,14,2012_14_DEN_OAK,LV,DEN,1,48,324.0,1361,2,13,26,0
2012,14,2012_14_DET_GB,DET,GB,0,78,386.0,2234,2,20,27,0
2012,14,2012_14_DET_GB,GB,DET,1,52,288.0,1366,1,27,20,1
2012,14,2012_14_HOU_NE,HOU,NE,0,65,323.0,1751,1,14,42,0
2012,14,2012_14_HOU_NE,NE,HOU,1,70,419.0,1849,1,42,14,1
2012,14,2012_14_KC_CLE,CLE,KC,1,68,352.0,2009,0,30,7,1
2012,14,2012_14_KC_CLE,KC,CLE,0,52,310.0,1591,1,7,30,0
2012,14,2012_14_MIA_SF,MIA,SF,0,57,227.0,1768,0,13,27,0
2012,14,2012_14_MIA_SF,SF,MIA,1,55,321.0,1832,1,27,13,1
2012,14,2012_14_NO_NYG,NO,NYG,0,68,487.0,1818,4,27,52,0
2012,14,2012_14_NO_NYG,NYG,NO,1,62,394.0,1782,2,52,27,1
2012,14,2012_14_NYJ_JAX,JAX,NYJ,1,70,291.0,1769,2,10,17,0
2012,14,2012_14_NYJ_JAX,NYJ,JAX,0,62,270.0,1831,2,17,10,1
2012,14,2012_14_PHI_TB,PHI,TB,0,74,367.0,1791,0,23,21,1
2012,14,2012_14_PHI_TB,TB,PHI,1,68,314.0,1809,1,21,23,0
2012,14,2012_14_SD_PIT,LAC,PIT,0,79,294.0,2206,0,34,24,1
2012,14,2012_14_SD_PIT,PIT,LAC,1,61,340.0,1394,2,24,34,0
2012,14,2012_14_STL_BUF,BUF,LA,1,59,281.0,1836,2,12,15,0
2012,14,2012_14_STL_BUF,LA,BUF,0,68,287.0,1764,1,15,12,1
2012,14,2012_14_TEN_IND,IND,TEN,1,68,269.0,1883,2,27,23,1
2012,14,2012_14_TEN_IND,TEN,IND,0,60,356.0,1717,2,23,27,0
2012,15,2012_15_CAR_SD,CAR,LAC,0,74,372.0,2252,1,31,7,1
2012,15,2012_15_CAR_SD,LAC,CAR,1,45,164.0,1348,2,7,31,0
2012,15,2012_15_CIN_PHI,CIN,PHI,0,74,249.0,2260,2,34,13,1
2012,15,2012_15_CIN_PHI,PHI,CIN,1,53,219.0,1425,5,13,34,0
2012,15,2012_15_DEN_BAL,BAL,DEN,1,62,278.0,1286,2,17,34,0
2012,15,2012_15_DEN_BAL,DEN,BAL,0,75,350.0,2314,0,34,17,1
2012,15,2012_15_DET_ARI,ARI,DET,1,51,196.0,1726,2,38,10,1
2012,15,2012_15_DET_ARI,DET,ARI,0,74,312.0,1874,3,10,38,0
2012,15,2012_15_GB_CHI,CHI,GB,1,48,190.0,1597,2,13,21,0
2012,15,2012_15_GB_CHI,GB,CHI,0,71,391.0,2003,1,21,13,1
2012,15,2012_15_IND_HOU,HOU,IND,1,66,417.0,1986,0,29,17,1
2012,15,2012_15_IND_HOU,IND,HOU,0,57,272.0,1614,1,17,29,0
2012,15,2012_15_JAX_MIA,JAX,MIA,0,57,299.0,1462,0,3,24,0
2012,15,2012_15_JAX_MIA,MIA,JAX,1,67,391.0,2138,1,24,3,1
2012,15,2012_15_KC_OAK,KC,LV,0,46,119.0,1194,1,0,15,0
2012,15,2012_15_KC_OAK,LV,KC,1,75,385.0,2406,1,15,0,1
2012,15,2012_15_MIN_STL,LA,MIN,1,78,434.0,1773,2,22,36,0
2012,15,2012_15_MIN_STL,MIN,LA,0,59,322.0,1827,0,36,22,1
2012,15,2012_15_NYG_ATL,ATL,NYG,1,67,394.0,2337,0,34,0,1
2012,15,2012_15_NYG_ATL,NYG,ATL,0,47,256.0,1263,3,0,34,0
2012,15,2012_15_NYJ_TEN,NYJ,TEN,0,63,253.0,1816,5,10,14,0
2012,15,2012_15_NYJ_TEN,TEN,NYJ,1,56,294.0,1784,0,14,10,1
2012,15,2012_15_PIT_DAL,DAL,PIT,1,64,415.0,2064,2,27,24,1
2012,15,2012_15_PIT_DAL,PIT,DAL,0,61,388.0,1620,1,24,27,0
2012,15,2012_15_SEA_BUF,BUF,SEA,1,67,333.0,1863,3,17,50,0
2012,15,2012_15_SEA_BUF,SEA,BUF,0,57,466.0,1737,0,50,17,1
2012,15,2012_15_SF_NE,NE,SF,1,92,520.0,1787,4,34,41,0
2012,15,2012_15_SF_NE,SF,NE,0,65,388.0,1813,2,41,34,1
2012,15,2012_15_TB_NO,NO,TB,1,65,447.0,1866,0,41,0,1
2012,15,2012_15_TB_NO,TB,NO,0,72,386.0,1734,5,0,41,0
2012,15,2012_15_WAS_CLE,CLE,WAS,1,52,291.0,1423,2,21,38,0
2012,15,2012_15_WAS_CLE,WAS,CLE,0,74,430.0,2177,1,38,21,1
2012,16,2012_16_ATL_DET,ATL,DET,0,55,344.0,1732,0,31,18,1
2012,16,2012_16_ATL_DET,DET,ATL,1,78,522.0,1868,3,18,31,0
2012,16,2012_16_BUF_MIA,BUF,MIA,0,65,381.0,1783,4,10,24,0
2012,16,2012_16_BUF_MIA,MIA,BUF,1,62,301.0,1817,0,24,10,1
2012,16,2012_16_CHI_ARI,ARI,CHI,1,72,248.0,1915,4,13,28,0
2012,16,2012_16_CHI_ARI,CHI,ARI,0,60,297.0,1685,0,28,13,1
2012,16,2012_16_CIN_PIT,CIN,PIT,0,63,267.0,1695,3,13,10,1
2012,16,2012_16_CIN_PIT,PIT,CIN,1,63,280.0,1905,3,10,13,0
2012,16,2012_16_CLE_DEN,CLE,DEN,0,61,233.0,1340,0,12,34,0
2012,16,2012_16_CLE_DEN,DEN,CLE,1,75,457.0,2020,2,34,12,1
2012,16,2012_16_IND_KC,IND,KC,0,65,288.0,1660,0,20,13,1
2012,16,2012_16_IND_KC,KC,IND,1,67,507.0,1940,3,13,20,0
2012,16,2012_16_MIN_HOU,HOU,MIN,1,53,187.0,1514,2,6,23,0
2012,16,2012_16_MIN_HOU,MIN,HOU,0,73,345.0,2086,1,23,6,1
2012,16,2012_16_NE_JAX,JAX,NE,1,75,436.0,1955,3,16,23,0
2012,16,2012_16_NE_JAX,NE,JAX,0,71,349.0,1645,2,23,16,1
2012,16,2012_16_NO_DAL,DAL,NO,1,56,446.0,1348,1,31,34,0
2012,16,2012_16_NO_DAL,NO,DAL,0,91,562.0,2519,0,34,31,1
2012,16,2012_16_NYG_BAL,BAL,NYG,1,81,533.0,2361,0,33,14,1
2012,16,2012_16_NYG_BAL,NYG,BAL,0,45,186.0,1239,0,14,33,0
2012,16,2012_16_OAK_CAR,CAR,LV,1,59,271.0,1855,1,17,6,1
2012,16,2012_16_OAK_CAR,LV,CAR,0,59,189.0,1745,2,6,17,0
2012,16,2012_16_SD_NYJ,LAC,NYJ,0,56,223.0,1809,0,27,17,1
2012,16,2012_16_SD_NYJ,NYJ,LAC,1,59,225.0,1791,2,17,27,0
2012,16,2012_16_SF_SEA,SEA,SF,1,62,346.0,2109,1,42,13,1
2012,16,2012_16_SF_SEA,SF,SEA,0,56,313.0,1491,2,13,42,0
2012,16,2012_16_STL_TB,LA,TB,0,54,285.0,1147,2,28,13,1
2012,16,2012_16_STL_TB,TB,LA,1,81,429.0,2159,4,13,28,0
2012,16,2012_16_TEN_GB,GB,TEN,1,76,460.0,2064,0,55,7,1
2012,16,2012_16_TEN_GB,TEN,GB,0,59,180.0,1536,2,7,55,0
2012,16,2012_16_WAS_PHI,PHI,WAS,1,75,411.0,1837,2,20,27,0
2012,16,2012_16_WAS_PHI,WAS,PHI,0,53,313.0,1763,1,27,20,1
2012,17,2012_17_ARI_SF,ARI,SF,0,53,262.0,1437,2,13,27,0
2012,17,2012_17_ARI_SF,SF,ARI,1,67,407.0,2163,0,27,13,1
2012,17,2012_17_BAL_CIN,BAL,CIN,0,83,352.0,2139,1,17,23,0
2012,17,2012_17_BAL_CIN,CIN,BAL,1,49,189.0,1461,0,23,17,1
2012,17,2012_17_CAR_NO,CAR,NO,0,74,530.0,2035,1,44,38,1
2012,17,2012_17_CAR_NO,NO,CAR,1,63,441.0,1565,1,38,44,0
2012,17,2012_17_CHI_DET,CHI,DET,0,68,389.0,2049,0,26,24,1
2012,17,2012_17_CHI_DET,DET,CHI,1,63,327.0,1551,4,24,26,0
2012,17,2012_17_CLE_PIT,CLE,PIT,0,62,320.0,1779,4,10,24,0
2012,17,2012_17_CLE_PIT,PIT,CLE,1,53,212.0,1821,0,24,10,1
2012,17,2012_17_DAL_WAS,DAL,WAS,0,62,298.0,1594,3,18,28,0
2012,17,2012_17_DAL_WAS,WAS,DAL,1,61,361.0,2006,0,28,18,1
2012,17,2012_17_GB_MIN,GB,MIN,0,61,405.0,1685,1,34,37,0
2012,17,2012_17_GB_MIN,MIN,GB,1,66,444.0,1915,0,37,34,1
2012,17,2012_17_HOU_IND,HOU,IND,0,60,352.0,1731,2,16,28,0
2012,17,2012_17_HOU_IND,IND,HOU,1,62,265.0,1869,0,28,16,1
2012,17,2012_17_JAX_TEN,JAX,TEN,0,72,375.0,1941,3,20,38,0
2012,17,2012_17_JAX_TEN,TEN,JAX,1,51,221.0,1659,0,38,20,1
2012,17,2012_17_KC_DEN,DEN,KC,1,76,488.0,2250,1,38,3,1
2012,17,2012_17_KC_DEN,KC,DEN,0,48,119.0,1350,0,3,38,0
2012,17,2012_17_MIA_NE,MIA,NE,0,57,256.0,1462,2,0,28,0
2012,17,2012_17_MIA_NE,NE,MIA,1,75,443.0,2138,0,28,0,1
2012,17,2012_17_NYJ_BUF,BUF,NYJ,1,57,334.0,1660,1,28,9,1
2012,17,2012_17_NYJ_BUF,NYJ,BUF,0,72,332.0,1940,2,9,28,0
2012,17,2012_17_OAK_SD,LAC,LV,1,50,210.0,1902,0,24,21,1
2012,17,2012_17_OAK_SD,LV,LAC,0,57,265.0,1698,1,21,24,0
2012,17,2012_17_PHI_NYG,NYG,PHI,1,58,397.0,2036,0,42,7,1
2012,17,2012_17_PHI_NYG,PHI,NYG,0,65,317.0,1707,1,7,42,0
2012,17,2012_17_STL_SEA,LA,SEA,0,61,331.0,1631,1,13,20,0
2012,17,2012_17_STL_SEA,SEA,LA,1,55,362.0,1969,0,20,13,1
2012,17,2012_17_TB_ATL,ATL,TB,1,62,278.0,1675,0,17,22,0
2012,17,2012_17_TB_ATL,TB,ATL,0,66,366.0,1925,1,22,17,1
2013,1,2013_01_ARI_STL,ARI,LA,0,70,390.0,1885,2,24,27,0
2013,1,2013_01_ARI_STL,LA,ARI,1,63,368.0,1715,2,27,24,1
2013,1,2013_01_ATL_NO,ATL,NO,0,55,367.0,1489,2,17,23,0
2013,1,2013_01_ATL_NO,NO,ATL,1,66,419.0,2111,1,23,17,1
2013,1,2013_01_BAL_DEN,BAL,DEN,0,87,393.0,2028,4,27,49,0
2013,1,2013_01_BAL_DEN,DEN,BAL,1,68,510.0,1572,0,49,27,1
2013,1,2013_01_CIN_CHI,CHI,CIN,1,61,323.0,1890,1,24,21,1
2013,1,2013_01_CIN_CHI,CIN,CHI,0,55,340.0,1710,3,21,24,0
2013,1,2013_01_GB_SF,GB,SF,0,58,385.0,1285,2,28,34,0
2013,1,2013_01_GB_SF,SF,GB,1,75,494.0,2315,0,34,28,1
2013,1,2013_01_HOU_SD,HOU,LAC,0,75,449.0,2191,1,31,28,1
2013,1,2013_01_HOU_SD,LAC,HOU,1,51,263.0,1409,1,28,31,0
2013,1,2013_01_KC_JAX,JAX,KC,1,70,178.0,1710,2,2,28,0
2013,1,2013_01_KC_JAX,KC,JAX,0,62,292.0,1890,0,28,2,1
2013,1,2013_01_MIA_CLE,CLE,MIA,1,72,291.0,1633,3,10,23,0
2013,1,2013_01_MIA_CLE,MIA,CLE,0,65,275.0,1967,1,23,10,1
2013,1,2013_01_MIN_DET,DET,MIN,1,77,469.0,2179,2,34,24,1
2013,1,2013_01_MIN_DET,MIN,DET,0,53,330.0,1421,4,24,34,0
2013,1,2013_01_NE_BUF,BUF,NE,1,61,286.0,1337,2,21,23,0
2013,1,2013_01_NE_BUF,NE,BUF,0,89,431.0,2263,3,23,21,1
2013,1,2013_01_NYG_DAL,DAL,NYG,1,75,331.0,2230,2,36,31,1
2013,1,2013_01_NYG_DAL,NYG,DAL,0,59,478.0,1370,5,31,36,0
2013,1,2013_01_OAK_IND,IND,LV,1,53,274.0,1633,0,21,17,1
2013,1,2013_01_OAK_IND,LV,IND,0,63,372.0,1967,2,17,21,0
2013,1,2013_01_PHI_WAS,PHI,WAS,0,77,443.0,1959,2,33,27,1
2013,1,2013_01_PHI_WAS,WAS,PHI,1,71,382.0,1641,3,27,33,0
2013,1,2013_01_SEA_CAR,CAR,SEA,1,50,253.0,1786,1,7,12,0
2013,1,2013_01_SEA_CAR,SEA,CAR,0,62,370.0,1937,2,12,7,1
2013,1,2013_01_TB_NYJ,NYJ,TB,1,73,304.0,1942,2,18,17,1
2013,1,2013_01_TB_NYJ,TB,NYJ,0,59,250.0,1658,2,17,18,0
2013,1,2013_01_TEN_PIT,PIT,TEN,1,53,194.0,1559,2,9,16,0
2013,1,2013_01_TEN_PIT,TEN,PIT,0,63,229.0,2041,0,16,9,1
2013,2,2013_02_CAR_BUF,BUF,CAR,1,74,438.0,1579,2,24,23,1
2013,2,2013_02_CAR_BUF,CAR,BUF,0,76,308.0,2021,1,23,24,0
2013,2,2013_02_CLE_BAL,BAL,CLE,1,71,296.0,1835,1,14,6,1
2013,2,2013_02_CLE_BAL,CLE,BAL,0,62,259.0,1765,0,6,14,0
2013,2,2013_02_DAL_KC,DAL,KC,0,61,318.0,1907,2,16,17,0
2013,2,2013_02_DAL_KC,KC,DAL,1,65,313.0,1693,0,17,16,1
2013,2,2013_02_DEN_NYG,DEN,NYG,0,72,414.0,1682,1,41,23,1
2013,2,2013_02_DEN_NYG,NYG,DEN,1,69,376.0,1860,4,23,41,0
2013,2,2013_02_DET_ARI,ARI,DET,1,67,348.0,1879,1,25,21,1
2013,2,2013_02_DET_ARI,DET,ARI,0,57,322.0,1721,1,21,25,0
2013,2,2013_02_JAX_OAK,JAX,LV,0,63,248.0,1692,0,9,19,0
2013,2,2013_02_JAX_OAK,LV,JAX,1,61,340.0,1908,1,19,9,1
2013,2,2013_02_MIA_IND,IND,MIA,1,72,448.0,1834,1,20,24,0
2013,2,2013_02_MIA_IND,MIA,IND,0,66,398.0,1766,1,24,20,1
2013,2,2013_02_MIN_CHI,CHI,MIN,1,66,411.0,1834,4,31,30,1
2013,2,2013_02_MIN_CHI,MIN,CHI,0,64,350.0,1766,3,30,31,0
2013,2,2013_02_NO_TB,NO,TB,0,70,371.0,1811,2,16,14,1
2013,2,2013_02_NO_TB,TB,NO,1,56,273.0,1860,2,14,16,0
2013,2,2013_02_NYJ_NE,NE,NYJ,1,64,232.0,1560,0,13,10,1
2013,2,2013_02_NYJ_NE,NYJ,NE,0,71,318.0,2040,4,10,13,0
2013,2,2013_02_PIT_CIN,CIN,PIT,1,79,407.0,2134,0,20,10,1
2013,2,2013_02_PIT_CIN,PIT,CIN,0,55,278.0,1466,2,10,20,0
2013,2,2013_02_SD_PHI,LAC,PHI,0,79,539.0,2417,2,33,30,1
2013,2,2013_02_SD_PHI,PHI,LAC,1,58,503.0,1183,0,30,33,0
2013,2,2013_02_SF_SEA,SEA,SF,1,70,290.0,2203,1,29,3,1
2013,2,2013_02_SF_SEA,SF,SEA,0,51,207.0,1397,5,3,29,0
2013,2,2013_02_STL_ATL,ATL,LA,1,61,393.0,1817,0,31,24,1
2013,2,2013_02_STL_ATL,LA,ATL,0,73,421.0,1783,1,24,31,0
2013,2,2013_02_TEN_HOU,HOU,TEN,1,79,454.0,1994,2,30,24,1
2013,2,2013_02_TEN_HOU,TEN,HOU,0,67,248.0,1874,0,24,30,0
2013,2,2013_02_WAS_GB,GB,WAS,1,70,580.0,1949,1,38,20,1
2013,2,2013_02_WAS_GB,WAS,GB,0,59,422.0,1651,1,20,38,0
2013,3,2013_03_ARI_NO,ARI,NO,0,55,247.0,1469,2,7,31,0
2013,3,2013_03_ARI_NO,NO,ARI,1,74,423.0,2131,1,31,7,1
2013,3,2013_03_ATL_MIA,ATL,MIA,0,68,377.0,2229,1,23,27,0
2013,3,2013_03_ATL_MIA,MIA,ATL,1,55,285.0,1371,3,27,23,1
2013,3,2013_03_BUF_NYJ,BUF,NYJ,0,76,330.0,1547,0,20,27,0
2013,3,2013_03_BUF_NYJ,NYJ,BUF,1,70,513.0,2053,2,27,20,1
2013,3,2013_03_CHI_PIT,CHI,PIT,0,60,258.0,1896,0,40,23,1
2013,3,2013_03_CHI_PIT,PIT,CHI,1,65,459.0,1704,5,23,40,0
2013,3,2013_03_CLE_MIN,CLE,MIN,0,75,409.0,1732,3,31,27,1
2013,3,2013_03_CLE_MIN,MIN,CLE,1,79,329.0,1868,4,27,31,0
2013,3,2013_03_DET_WAS,DET,WAS,0,66,441.0,1728,1,27,20,1
2013,3,2013_03_DET_WAS,WAS,DET,1,74,420.0,1872,2,20,27,0
2013,3,2013_03_GB_CIN,CIN,GB,1,56,297.0,1689,4,34,30,1
2013,3,2013_03_GB_CIN,GB,CIN,0,77,399.0,1923,4,30,34,0
2013,3,2013_03_HOU_BAL,BAL,HOU,1,57,236.0,1764,0,30,9,1
2013,3,2013_03_HOU_BAL,HOU,BAL,0,61,264.0,1836,1,9,30,0
2013,3,2013_03_IND_SF,IND,SF,0,67,336.0,2185,0,27,7,1
2013,3,2013_03_IND_SF,SF,IND,1,53,254.0,1415,2,7,27,0
2013,3,2013_03_JAX_SEA,JAX,SEA,0,66,265.0,1645,3,17,45,0
2013,3,2013_03_JAX_SEA,SEA,JAX,1,67,479.0,1955,2,45,17,1
2013,3,2013_03_KC_PHI,KC,PHI,0,78,394.0,2347,1,26,16,1
2013,3,2013_03_KC_PHI,PHI,KC,1,64,431.0,1253,4,16,26,0
2013,3,2013_03_NYG_CAR,CAR,NYG,1,74,402.0,2207,1,38,0,1
2013,3,2013_03_NYG_CAR,NYG,CAR,0,50,150.0,1393,4,0,38,0
2013,3,2013_03_OAK_DEN,DEN,LV,1,73,536.0,2124,2,37,21,1
2013,3,2013_03_OAK_DEN,LV,DEN,0,51,342.0,1476,0,21,37,0
2013,3,2013_03_SD_TEN,LAC,TEN,0,53,277.0,1702,1,17,20,0
2013,3,2013_03_SD_TEN,TEN,LAC,1,68,452.0,1898,0,20,17,1
2013,3,2013_03_STL_DAL,DAL,LA,1,59,396.0,2008,0,31,7,1
2013,3,2013_03_STL_DAL,LA,DAL,0,67,232.0,1592,2,7,31,0
2013,3,2013_03_TB_NE,NE,TB,1,72,358.0,1981,1,23,3,1
2013,3,2013_03_TB_NE,TB,NE,0,66,323.0,1619,1,3,23,0
2013,4,2013_04_ARI_TB,ARI,TB,0,59,296.0,1555,3,13,10,1
2013,4,2013_04_ARI_TB,TB,ARI,1,76,253.0,2045,3,10,13,0
2013,4,2013_04_BAL_BUF,BAL,BUF,0,63,345.0,1414,5,20,23,0
2013,4,2013_04_BAL_BUF,BUF,BAL,1,79,350.0,2186,3,23,20,1
2013,4,2013_04_CHI_DET,CHI,DET,0,68,421.0,1691,4,32,40,0
2013,4,2013_04_CHI_DET,DET,CHI,1,66,387.0,1909,3,40,32,1
2013,4,2013_04_CIN_CLE,CIN,CLE,0,64,266.0,1731,2,6,17,0
2013,4,2013_04_CIN_CLE,CLE,CIN,1,71,336.0,1869,0,17,6,1
2013,4,2013_04_DAL_SD,DAL,LAC,0,56,319.0,1557,1,21,30,0
2013,4,2013_04_DAL_SD,LAC,DAL,1,70,506.0,2043,1,30,21,1
2013,4,2013_04_IND_JAX,IND,JAX,0,70,437.0,2198,1,37,3,1
2013,4,2013_04_IND_JAX,JAX,IND,1,54,205.0,1402,3,3,37,0
2013,4,2013_04_MIA_NO,MIA,NO,0,58,331.0,1571,4,17,38,0
2013,4,2013_04_MIA_NO,NO,MIA,1,65,465.0,2029,1,38,17,1
2013,4,2013_04_NE_ATL,ATL,NE,1,71,457.0,1761,1,23,30,0
2013,4,2013_04_NE_ATL,NE,ATL,0,62,448.0,1926,0,30,23,1
2013,4,2013_04_NYG_KC,KC,NYG,1,70,390.0,2156,3,31,7,1
2013,4,2013_04_NYG_KC,NYG,KC,0,61,298.0,1444,3,7,31,0
2013,4,2013_04_NYJ_TEN,NYJ,TEN,0,62,330.0,1762,4,13,38,0
2013,4,2013_04_NYJ_TEN,TEN,NYJ,1,65,322.0,1838,0,38,13,1
2013,4,2013_04_PHI_DEN,DEN,PHI,1,71,472.0,2002,0,52,20,1
2013,4,2013_04_PHI_DEN,PHI,DEN,0,69,450.0,1598,0,20,52,0
2013,4,2013_04_PIT_MIN,MIN,PIT,1,51,393.0,1413,0,34,27,1
2013,4,2013_04_PIT_MIN,PIT,MIN,0,77,434.0,2187,2,27,34,0
2013,4,2013_04_SEA_HOU,HOU,SEA,1,88,476.0,2393,3,20,23,0
2013,4,2013_04_SEA_HOU,SEA,HOU,0,58,270.0,1908,2,23,20,1
2013,4,2013_04_SF_STL,LA,SF,1,66,190.0,1695,2,11,35,0
2013,4,2013_04_SF_STL,SF,LA,0,65,370.0,1905,2,35,11,1
2013,4,2013_04_WAS_OAK,LV,WAS,1,65,298.0,1942,3,14,24,0
2013,4,2013_04_WAS_OAK,WAS,LV,0,64,339.0,1658,1,24,14,1
2013,5,2013_05_BAL_MIA,BAL,MIA,0,74,384.0,2176,2,26,23,1
2013,5,2013_05_BAL_MIA,MIA,BAL,1,57,294.0,1424,0,23,26,0
2013,5,2013_05_BUF_CLE,BUF,CLE,0,75,343.0,1657,1,24,37,0
2013,5,2013_05_BUF_CLE,CLE,BUF,1,65,290.0,1943,0,37,24,1
2013,5,2013_05_CAR_ARI,ARI,CAR,1,58,250.0,1736,3,22,6,1
2013,5,2013_05_CAR_ARI,CAR,ARI,0,66,353.0,1864,4,6,22,0
2013,5,2013_05_DEN_DAL,DAL,DEN,1,56,524.0,1646,2,48,51,0
2013,5,2013_05_DEN_DAL,DEN,DAL,0,73,517.0,1954,2,51,48,1
2013,5,2013_05_DET_GB,DET,GB,0,65,286.0,1661,0,9,22,0
2013,5,2013_05_DET_GB,GB,DET,1,64,449.0,1939,0,22,9,1
2013,5,2013_05_HOU_SF,HOU,SF,0,71,313.0,2032,4,3,34,0
2013,5,2013_05_HOU_SF,SF,HOU,1,52,284.0,1568,0,34,3,1
2013,5,2013_05_JAX_STL,JAX,LA,0,59,363.0,1481,3,20,34,0
2013,5,2013_05_JAX_STL,LA,JAX,1,72,351.0,2119,0,34,20,1
2013,5,2013_05_KC_TEN,KC,TEN,0,67,353.0,1877,3,26,17,1
2013,5,2013_05_KC_TEN,TEN,KC,1,66,339.0,1723,2,17,26,0
2013,5,2013_05_NE_CIN,CIN,NE,1,70,341.0,2056,2,13,6,1
2013,5,2013_05_NE_CIN,NE,CIN,0,60,248.0,1544,2,6,13,0
2013,5,2013_05_NO_CHI,CHI,NO,1,55,436.0,1440,1,18,26,0
2013,5,2013_05_NO_CHI,NO,CHI,0,65,347.0,2160,0,26,18,1
2013,5,2013_05_NYJ_ATL,ATL,NYJ,1,69,371.0,2127,1,28,30,0
2013,5,2013_05_NYJ_ATL,NYJ,ATL,0,46,288.0,1473,0,30,28,1
2013,5,2013_05_PHI_NYG,NYG,PHI,1,70,383.0,1673,4,21,36,0
2013,5,2013_05_PHI_NYG,PHI,NYG,0,77,439.0,1927,0,36,21,1
2013,5,2013_05_SD_OAK,LAC,LV,0,69,427.0,1855,4,17,27,0
2013,5,2013_05_SD_OAK,LV,LAC,1,55,299.0,1745,1,27,17,1
2013,5,2013_05_SEA_IND,IND,SEA,1,62,319.0,1718,1,34,28,1
2013,5,2013_05_SEA_IND,SEA,IND,0,67,423.0,1882,2,28,34,0
2013,6,2013_06_ARI_SF,ARI,SF,0,64,403.0,1541,4,20,32,0
2013,6,2013_06_ARI_SF,SF,ARI,1,69,387.0,2059,2,32,20,1
2013,6,2013_06_CAR_MIN,CAR,MIN,0,66,367.0,2187,0,35,10,1
2013,6,2013_06_CAR_MIN,MIN,CAR,1,60,290.0,1413,2,10,35,0
2013,6,2013_06_CIN_BUF,BUF,CIN,1,69,322.0,1524,1,24,27,0
2013,6,2013_06_CIN_BUF,CIN,BUF,0,84,483.0,2572,1,27,24,1
2013,6,2013_06_DET_CLE,CLE,DET,1,66,395.0,1591,2,17,31,0
2013,6,2013_06_DET_CLE,DET,CLE,0,72,366.0,2009,1,31,17,1
2013,6,2013_06_GB_BAL,BAL,GB,1,61,360.0,1718,2,17,19,0
2013,6,2013_06_GB_BAL,GB,BAL,0,65,438.0,1882,1,19,17,1
2013,6,2013_06_IND_SD,IND,LAC,0,48,267.0,1289,1,9,19,0
2013,6,2013_06_IND_SD,LAC,IND,1,72,374.0,2311,0,19,9,1
2013,6,2013_06_JAX_DEN,DEN,JAX,1,71,407.0,1725,3,35,19,1
2013,6,2013_06_JAX_DEN,JAX,DEN,0,72,362.0,1875,2,19,35,0
2013,6,2013_06_NO_NE,NE,NO,1,83,376.0,1911,1,30,27,1
2013,6,2013_06_NO_NE,NO,NE,0,63,361.0,1689,2,27,30,0
2013,6,2013_06_NYG_CHI,CHI,NYG,1,65,372.0,1975,0,27,21,1
2013,6,2013_06_NYG_CHI,NYG,CHI,0,53,355.0,1625,3,21,27,0
2013,6,2013_06_OAK_KC,KC,LV,1,61,216.0,1560,1,24,7,1
2013,6,2013_06_OAK_KC,LV,KC,0,71,274.0,2040,3,7,24,0
2013,6,2013_06_PHI_TB,PHI,TB,0,65,425.0,1574,1,31,20,1
2013,6,2013_06_PHI_TB,TB,PHI,1,66,351.0,2026,1,20,31,0
2013,6,2013_06_PIT_NYJ,NYJ,PIT,1,57,267.0,1451,2,6,19,0
2013,6,2013_06_PIT_NYJ,PIT,NYJ,0,61,328.0,2149,0,19,6,1
2013,6,2013_06_STL_HOU,HOU,LA,1,73,420.0,2110,4,13,38,0
2013,6,2013_06_STL_HOU,LA,HOU,0,41,216.0,1490,0,38,13,1
2013,6,2013_06_TEN_SEA,SEA,TEN,1,66,404.0,2002,2,20,13,1
2013,6,2013_06_TEN_SEA,TEN,SEA,0,52,223.0,1598,2,13,20,0
2013,6,2013_06_WAS_DAL,DAL,WAS,1,50,213.0,1528,1,31,16,1
2013,6,2013_06_WAS_DAL,WAS,DAL,0,75,433.0,2072,2,16,31,0
2013,7,2013_07_BAL_PIT,BAL,PIT,0,61,287.0,1739,0,16,19,0
2013,7,2013_07_BAL_PIT,PIT,BAL,1,55,286.0,1861,1,19,16,1
2013,7,2013_07_BUF_MIA,BUF,MIA,0,66,268.0,1812,1,23,21,1
2013,7,2013_07_BUF_MIA,MIA,BUF,1,64,293.0,1788,3,21,23,0
2013,7,2013_07_CHI_WAS,CHI,WAS,0,52,359.0,1564,1,41,45,0
2013,7,2013_07_CHI_WAS,WAS,CHI,1,73,499.0,2036,1,45,41,1
2013,7,2013_07_CIN_DET,CIN,DET,0,53,421.0,1529,0,27,24,1
2013,7,2013_07_CIN_DET,DET,CIN,1,76,434.0,2071,0,24,27,0
2013,7,2013_07_CLE_GB,CLE,GB,0,68,216.0,1598,1,13,31,0
2013,7,2013_07_CLE_GB,GB,CLE,1,66,357.0,2002,0,31,13,1
2013,7,2013_07_DAL_PHI,DAL,PHI,0,75,368.0,2173,2,17,3,1
2013,7,2013_07_DAL_PHI,PHI,DAL,1,75,278.0,1427,3,3,17,0
2013,7,2013_07_DEN_IND,DEN,IND,0,74,429.0,1693,2,33,39,0
2013,7,2013_07_DEN_IND,IND,DEN,1,71,334.0,1907,2,39,33,1
2013,7,2013_07_HOU_KC,HOU,KC,0,54,294.0,1668,1,16,17,0
2013,7,2013_07_HOU_KC,KC,HOU,1,68,357.0,1932,2,17,16,1
2013,7,2013_07_MIN_NYG,MIN,NYG,0,68,206.0,1418,3,7,23,0
2013,7,2013_07_MIN_NYG,NYG,MIN,1,73,257.0,2182,1,23,7,1
2013,7,2013_07_NE_NYJ,NE,NYJ,0,70,295.0,1420,1,27,30,0
2013,7,2013_07_NE_NYJ,NYJ,NE,1,89,383.0,2773,1,30,27,1
2013,7,2013_07_SD_JAX,JAX,LAC,1,59,353.0,1350,1,6,24,0
2013,7,2013_07_SD_JAX,LAC,JAX,0,67,434.0,2250,0,24,6,1
2013,7,2013_07_SEA_ARI,ARI,SEA,1,71,234.0,1940,2,22,34,0
2013,7,2013_07_SEA_ARI,SEA,ARI,0,64,344.0,1660,2,34,22,1
2013,7,2013_07_SF_TEN,SF,TEN,0,64,349.0,2146,1,31,17,1
2013,7,2013_07_SF_TEN,TEN,SF,1,57,368.0,1454,1,17,31,0
2013,7,2013_07_STL_CAR,CAR,LA,1,57,282.0,2000,0,30,15,1
2013,7,2013_07_STL_CAR,LA,CAR,0,59,317.0,1600,3,15,30,0
2013,7,2013_07_TB_ATL,ATL,TB,1,44,291.0,1331,0,31,23,1
2013,7,2013_07_TB_ATL,TB,ATL,0,75,337.0,2269,2,23,31,0
2013,8,2013_08_ATL_ARI,ARI,ATL,1,51,348.0,1641,1,27,13,1
2013,8,2013_08_ATL_ARI,ATL,ARI,0,79,292.0,2059,4,13,27,0
2013,8,2013_08_BUF_NO,BUF,NO,0,68,299.0,1650,3,17,35,0
2013,8,2013_08_BUF_NO,NO,BUF,1,64,386.0,1950,0,35,17,1
2013,8,2013_08_CAR_TB,CAR,TB,0,62,324.0,2193,1,31,13,1
2013,8,2013_08_CAR_TB,TB,CAR,1,68,297.0,1527,0,13,31,0
2013,8,2013_08_CLE_KC,CLE,KC,0,52,340.0,1435,0,17,23,0
2013,8,2013_08_CLE_KC,KC,CLE,1,71,331.0,2165,1,23,17,1
2013,8,2013_08_DAL_DET,DAL,DET,0,56,268.0,1489,0,30,31,0
2013,8,2013_08_DAL_DET,DET,DAL,1,78,623.0,2111,4,31,30,1
2013,8,2013_08_GB_MIN,GB,MIN,0,73,464.0,2454,0,44,31,1
2013,8,2013_08_GB_MIN,MIN,GB,1,43,243.0,1146,0,31,44,0
2013,8,2013_08_MIA_NE,MIA,NE,0,79,301.0,2099,3,17,27,0
2013,8,2013_08_MIA_NE,NE,MIA,1,62,252.0,1501,1,27,17,1
2013,8,2013_08_NYG_PHI,NYG,PHI,0,71,325.0,2285,1,15,7,1
2013,8,2013_08_NYG_PHI,PHI,NYG,1,58,200.0,1315,3,7,15,0
2013,8,2013_08_NYJ_CIN,CIN,NYJ,1,56,402.0,1603,1,49,9,1
2013,8,2013_08_NYJ_CIN,NYJ,CIN,0,65,240.0,1997,2,9,49,0
2013,8,2013_08_PIT_OAK,LV,PIT,1,59,279.0,1801,3,21,18,1
2013,8,2013_08_PIT_OAK,PIT,LV,0,70,278.0,1799,2,18,21,0
2013,8,2013_08_SEA_STL,LA,SEA,1,71,339.0,2289,2,9,14,0
2013,8,2013_08_SEA_STL,SEA,LA,0,40,135.0,1311,0,14,9,1
2013,8,2013_08_SF_JAX,JAX,SF,1,70,318.0,1891,1,10,42,0
2013,8,2013_08_SF_JAX,SF,JAX,0,55,398.0,1709,1,42,10,1
2013,8,2013_08_WAS_DEN,DEN,WAS,1,80,446.0,1920,4,45,21,1
2013,8,2013_08_WAS_DEN,WAS,DEN,0,70,266.0,1680,5,21,45,0
2013,9,2013_09_ATL_CAR,ATL,CAR,0,48,289.0,1409,4,10,34,0
2013,9,2013_09_ATL_CAR,CAR,ATL,1,71,373.0,2191,2,34,10,1
2013,9,2013_09_BAL_CLE,BAL,CLE,0,68,280.0,1750,1,18,24,0
2013,9,2013_09_BAL_CLE,CLE,BAL,1,68,315.0,1850,2,24,18,1
2013,9,2013_09_CHI_GB,CHI,GB,0,75,442.0,2248,0,27,20,1
2013,9,2013_09_CHI_GB,GB,CHI,1,55,312.0,1611,1,20,27,0
2013,9,2013_09_CIN_MIA,CIN,MIA,0,93,465.0,2402,4,20,22,0
2013,9,2013_09_CIN_MIA,MIA,CIN,1,61,345.0,1700,1,22,20,1
2013,9,2013_09_IND_HOU,HOU,IND,1,68,483.0,2172,0,24,27,0
2013,9,2013_09_IND_HOU,IND,HOU,0,60,316.0,1428,0,27,24,1
2013,9,2013_09_KC_BUF,BUF,KC,1,77,470.0,1814,3,13,23,0
2013,9,2013_09_KC_BUF,KC,BUF,0,54,210.0,1786,0,23,13,1
2013,9,2013_09_MIN_DAL,DAL,MIN,1,63,350.0,1713,1,27,23,1
2013,9,2013_09_MIN_DAL,MIN,DAL,0,68,393.0,1887,2,23,27,0
2013,9,2013_09_NO_NYJ,NO,NYJ,0,66,407.0,1772,2,20,26,0
2013,9,2013_09_NO_NYJ,NYJ,NO,1,58,338.0,1828,0,26,20,1
2013,9,2013_09_PHI_OAK,LV,PHI,1,92,560.0,2274,2,20,49,0
2013,9,2013_09_PHI_OAK,PHI,LV,0,57,542.0,1326,0,49,20,1
2013,9,2013_09_PIT_NE,NE,PIT,1,71,610.0,1728,1,55,31,1
2013,9,2013_09_PIT_NE,PIT,NE,0,73,479.0,1872,3,31,55,0
2013,9,2013_09_SD_WAS,LAC,WAS,0,63,410.0,1558,2,24,30,0
2013,9,2013_09_SD_WAS,WAS,LAC,1,72,500.0,2403,1,30,24,1
2013,9,2013_09_TB_SEA,SEA,TB,1,61,415.0,1812,3,27,24,1
2013,9,2013_09_TB_SEA,TB,SEA,0,65,350.0,2197,0,24,27,0
2013,9,2013_09_TEN_STL,LA,TEN,1,69,363.0,1971,2,21,28,0
2013,9,2013_09_TEN_STL,TEN,LA,0,61,363.0,1629,2,28,21,1
2013,10,2013_10_BUF_PIT,BUF,PIT,0,64,227.0,1484,1,10,23,0
2013,10,2013_10_BUF_PIT,PIT,BUF,1,67,300.0,2116,1,23,10,1
2013,10,2013_10_CAR_SF,CAR,SF,0,66,250.0,1923,1,10,9,1
2013,10,2013_10_CAR_SF,SF,CAR,1,52,151.0,1677,3,9,10,0
2013,10,2013_10_CIN_BAL,BAL,CIN,1,71,189.0,1895,3,20,17,1
2013,10,2013_10_CIN_BAL,CIN,BAL,0,87,364.0,2278,3,17,20,0
2013,10,2013_10_DAL_NO,DAL,NO,0,43,193.0,1228,1,17,49,0
2013,10,2013_10_DAL_NO,NO,DAL,1,80,625.0,2400,0,49,17,1
2013,10,2013_10_DEN_SD,DEN,LAC,0,60,397.0,1317,1,28,20,1
2013,10,2013_10_DEN_SD,LAC,DEN,1,68,329.0,2283,0,20,28,0
2013,10,2013_10_DET_CHI,CHI,DET,1,72,338.0,1895,1,19,21,0
2013,10,2013_10_DET_CHI,DET,CHI,0,61,364.0,1705,1,21,19,1
2013,10,2013_10_HOU_ARI,ARI,HOU,1,62,332.0,1868,3,27,24,1
2013,10,2013_10_HOU_ARI,HOU,ARI,0,67,235.0,1732,1,24,27,0
2013,10,2013_10_JAX_TEN,JAX,TEN,0,56,214.0,1764,2,29,27,1
2013,10,2013_10_JAX_TEN,TEN,JAX,1,70,362.0,1836,4,27,29,0
2013,10,2013_10_MIA_TB,MIA,TB,0,59,213.0,1512,1,19,22,0
2013,10,2013_10_MIA_TB,TB,MIA,1,60,264.0,2088,1,22,19,1
2013,10,2013_10_OAK_NYG,LV,NYG,0,55,213.0,1678,2,20,24,0
2013,10,2013_10_OAK_NYG,NYG,LV,1,63,251.0,1922,3,24,20,1
2013,10,2013_10_PHI_GB,GB,PHI,1,75,396.0,2064,2,13,27,0
2013,10,2013_10_PHI_GB,PHI,GB,0,58,415.0,1536,1,27,13,1
2013,10,2013_10_SEA_ATL,ATL,SEA,1,54,226.0,1470,1,10,33,0
2013,10,2013_10_SEA_ATL,SEA,ATL,0,69,490.0,2130,0,33,10,1
2013,10,2013_10_STL_IND,IND,LA,1,70,408.0,1762,5,8,38,0
2013,10,2013_10_STL_IND,LA,IND,0,55,372.0,2006,1,38,8,1
2013,10,2013_10_WAS_MIN,MIN,WAS,1,52,307.0,1439,1,34,27,1
2013,10,2013_10_WAS_MIN,WAS,MIN,0,77,433.0,2161,0,27,34,0
2013,11,2013_11_ARI_JAX,ARI,JAX,0,69,416.0,2153,0,27,14,1
2013,11,2013_11_ARI_JAX,JAX,ARI,1,60,274.0,1447,2,14,27,0
2013,11,2013_11_ATL_TB,ATL,TB,0,67,422.0,1781,3,28,41,0
2013,11,2013_11_ATL_TB,TB,ATL,1,65,410.0,1994,0,41,28,1
2013,11,2013_11_BAL_CHI,BAL,CHI,0,75,317.0,2141,2,20,23,0
2013,11,2013_11_BAL_CHI,CHI,BAL,1,59,319.0,1838,0,23,20,1
2013,11,2013_11_CLE_CIN,CIN,CLE,1,59,224.0,1656,2,41,20,1
2013,11,2013_11_CLE_CIN,CLE,CIN,0,79,330.0,1944,4,20,41,0
2013,11,2013_11_DET_PIT,DET,PIT,0,73,451.0,1664,3,27,37,0
2013,11,2013_11_DET_PIT,PIT,DET,1,73,398.0,1936,0,37,27,1
2013,11,2013_11_GB_NYG,GB,NYG,0,54,394.0,1486,3,13,27,0
2013,11,2013_11_GB_NYG,NYG,GB,1,63,334.0,2114,1,27,13,1
2013,11,2013_11_IND_TEN,IND,TEN,0,69,366.0,1943,0,30,27,1
2013,11,2013_11_IND_TEN,TEN,IND,1,54,340.0,1657,1,27,30,0
2013,11,2013_11_KC_DEN,DEN,KC,1,76,427.0,1793,1,27,17,1
2013,11,2013_11_KC_DEN,KC,DEN,0,73,344.0,1807,1,17,27,0
2013,11,2013_11_MIN_SEA,MIN,SEA,0,70,336.0,2049,4,20,41,0
2013,11,2013_11_MIN_SEA,SEA,MIN,1,50,323.0,1551,0,41,20,1
2013,11,2013_11_NE_CAR,CAR,NE,1,54,300.0,1754,0,24,20,1
2013,11,2013_11_NE_CAR,NE,CAR,0,67,390.0,1846,2,20,24,0
2013,11,2013_11_NYJ_BUF,BUF,NYJ,1,67,313.0,2022,0,37,14,1
2013,11,2013_11_NYJ_BUF,NYJ,BUF,0,56,267.0,1578,4,14,37,0
2013,11,2013_11_OAK_HOU,HOU,LV,1,72,394.0,1709,2,23,28,0
2013,11,2013_11_OAK_HOU,LV,HOU,0,65,341.0,1891,0,28,23,1
2013,11,2013_11_SD_MIA,LAC,MIA,0,63,435.0,1884,1,16,20,0
2013,11,2013_11_SD_MIA,MIA,LAC,1,58,343.0,1716,1,20,16,1
2013,11,2013_11_SF_NO,NO,SF,1,67,387.0,2079,1,23,20,1
2013,11,2013_11_SF_NO,SF,NO,0,56,196.0,1521,3,20,23,0
2013,11,2013_11_WAS_PHI,PHI,WAS,1,62,402.0,1578,0,24,16,1
2013,11,2013_11_WAS_PHI,WAS,PHI,0,79,431.0,2022,2,16,24,0
2013,12,2013_12_CAR_MIA,CAR,MIA,0,69,295.0,1812,1,20,16,1
2013,12,2013_12_CAR_MIA,MIA,CAR,1,62,332.0,1788,1,16,20,0
2013,12,2013_12_CHI_STL,CHI,LA,0,74,424.0,2169,3,21,42,0
2013,12,2013_12_CHI_STL,LA,CHI,1,54,408.0,1431,0,42,21,1
2013,12,2013_12_DAL_NYG,DAL,NYG,0,62,311.0,1761,1,24,21,1
2013,12,2013_12_DAL_NYG,NYG,DAL,1,63,358.0,1839,1,21,24,0
2013,12,2013_12_DEN_NE,DEN,NE,0,86,412.0,2338,2,31,34,0
2013,12,2013_12_DEN_NE,NE,DEN,1,84,440.0,2046,5,34,31,1
2013,12,2013_12_IND_ARI,ARI,IND,1,71,410.0,2209,0,40,11,1
2013,12,2013_12_IND_ARI,IND,ARI,0,56,241.0,1391,1,11,40,0
2013,12,2013_12_JAX_HOU,HOU,JAX,1,57,218.0,1579,1,6,13,0
2013,12,2013_12_JAX_HOU,JAX,HOU,0,65,333.0,2021,0,13,6,1
2013,12,2013_12_MIN_GB,GB,MIN,1,90,494.0,2067,0,26,26,0
2013,12,2013_12_MIN_GB,MIN,GB,0,79,447.0,2433,1,26,26,0
2013,12,2013_12_NO_ATL,ATL,NO,1,66,355.0,2026,1,13,17,0
2013,12,2013_12_NO_ATL,NO,ATL,0,59,374.0,1574,0,17,13,1
2013,12,2013_12_NYJ_BAL,BAL,NYJ,1,62,312.0,2045,1,19,3,1
2013,12,2013_12_NYJ_BAL,NYJ,BAL,0,55,220.0,1555,3,3,19,0
2013,12,2013_12_PIT_CLE,CLE,PIT,1,74,369.0,1581,4,11,27,0
2013,12,2013_12_PIT_CLE,PIT,CLE,0,68,302.0,2019,0,27,11,1
2013,12,2013_12_SD_KC,KC,LAC,1,59,395.0,1743,2,38,41,0
2013,12,2013_12_SD_KC,LAC,KC,0,67,491.0,1857,0,41,38,1
2013,12,2013_12_SF_WAS,SF,WAS,0,59,304.0,1886,1,27,6,1
2013,12,2013_12_SF_WAS,WAS,SF,1,58,190.0,1714,1,6,27,0
2013,12,2013_12_TB_DET,DET,TB,1,72,390.0,2002,5,21,24,0
2013,12,2013_12_TB_DET,TB,DET,0,49,229.0,1598,0,24,21,1
2013,12,2013_12_TEN_OAK,LV,TEN,1,55,353.0,1452,2,19,23,0
2013,12,2013_12_TEN_OAK,TEN,LV,0,73,426.0,2148,0,23,19,1
2013,13,2013_13_ARI_PHI,ARI,PHI,0,68,350.0,1839,3,21,24,0
2013,13,2013_13_ARI_PHI,PHI,ARI,1,73,307.0,1761,0,24,21,1
2013,13,2013_13_ATL_BUF,ATL,BUF,0,83,423.0,2289,1,34,31,1
2013,13,2013_13_ATL_BUF,BUF,ATL,1,63,405.0,1491,2,31,34,0
2013,13,2013_13_CHI_MIN,CHI,MIN,0,65,480.0,2048,1,20,23,0
2013,13,2013_13_CHI_MIN,MIN,CHI,1,86,496.0,2349,1,23,20,1
2013,13,2013_13_CIN_SD,CIN,LAC,0,61,354.0,1780,2,17,10,1
2013,13,2013_13_CIN_SD,LAC,CIN,1,63,334.0,1820,3,10,17,0
2013,13,2013_13_DEN_KC,DEN,KC,0,66,535.0,1803,2,35,28,1
2013,13,2013_13_DEN_KC,KC,DEN,1,67,452.0,1916,1,28,35,0
2013,13,2013_13_GB_DET,DET,GB,1,79,561.0,2426,4,40,10,1
2013,13,2013_13_GB_DET,GB,DET,0,42,126.0,1174,3,10,40,0
2013,13,2013_13_JAX_CLE,CLE,JAX,1,73,439.0,1764,3,28,32,0
2013,13,2013_13_JAX_CLE,JAX,CLE,0,72,314.0,1633,1,32,28,1
2013,13,2013_13_MIA_NYJ,MIA,NYJ,0,80,453.0,2332,1,23,3,1
2013,13,2013_13_MIA_NYJ,NYJ,MIA,1,54,177.0,1268,3,3,23,0
2013,13,2013_13_NE_HOU,HOU,NE,1,59,385.0,1574,1,31,34,0
2013,13,2013_13_NE_HOU,NE,HOU,0,69,453.0,2026,1,34,31,1
2013,13,2013_13_NO_SEA,NO,SEA,0,56,188.0,1582,1,7,34,0
2013,13,2013_13_NO_SEA,SEA,NO,1,69,429.0,2018,0,34,7,1
2013,13,2013_13_NYG_WAS,NYG,WAS,0,54,286.0,1705,1,24,17,1
2013,13,2013_13_NYG_WAS,WAS,NYG,1,68,323.0,1895,1,17,24,0
2013,13,2013_13_OAK_DAL,DAL,LV,1,64,352.0,1939,1,31,24,1
2013,13,2013_13_OAK_DAL,LV,DAL,0,55,305.0,1661,2,24,31,0
2013,13,2013_13_PIT_BAL,BAL,PIT,1,62,311.0,1796,0,22,20,1
2013,13,2013_13_PIT_BAL,PIT,BAL,0,63,329.0,1804,0,20,22,0
2013,13,2013_13_STL_SF,LA,SF,0,67,312.0,1616,1,13,23,0
2013,13,2013_13_STL_SF,SF,LA,1,62,338.0,1984,1,23,13,1
2013,13,2013_13_TB_CAR,CAR,TB,1,63,426.0,2065,2,27,6,1
2013,13,2013_13_TB_CAR,TB,CAR,0,46,206.0,1535,2,6,27,0
2013,13,2013_13_TEN_IND,IND,TEN,1,62,264.0,1565,1,22,14,1
2013,13,2013_13_TEN_IND,TEN,IND,0,74,347.0,2035,4,14,22,0
2013,14,2013_14_ATL_GB,ATL,GB,0,59,285.0,1588,2,21,22,0
2013,14,2013_14_ATL_GB,GB,ATL,1,71,334.0,2012,2,22,21,1
2013,14,2013_14_BUF_TB,BUF,TB,0,62,214.0,1690,4,6,27,0
2013,14,2013_14_BUF_TB,TB,BUF,1,62,246.0,1910,3,27,6,1
2013,14,2013_14_CAR_NO,CAR,NO,0,62,239.0,1947,0,13,31,0
2013,14,2013_14_CAR_NO,NO,CAR,1,61,373.0,1653,0,31,13,1
2013,14,2013_14_CLE_NE,CLE,NE,0,71,494.0,1930,0,26,27,0
2013,14,2013_14_CLE_NE,NE,CLE,1,79,486.0,1700,2,27,26,1
2013,14,2013_14_DAL_CHI,CHI,DAL,1,70,492.0,2204,0,45,28,1
2013,14,2013_14_DAL_CHI,DAL,CHI,0,55,328.0,1396,0,28,45,0
2013,14,2013_14_DET_PHI,DET,PHI,0,60,233.0,1713,3,20,34,0
2013,14,2013_14_DET_PHI,PHI,DET,1,73,482.0,1887,1,34,20,1
2013,14,2013_14_HOU_JAX,HOU,JAX,0,80,406.0,2122,2,20,27,0
2013,14,2013_14_HOU_JAX,JAX,HOU,1,57,281.0,1478,0,27,20,1
2013,14,2013_14_IND_CIN,CIN,IND,1,70,430.0,2265,0,42,28,1
2013,14,2013_14_IND_CIN,IND,CIN,0,58,389.0,1335,0,28,42,0
2013,14,2013_14_KC_WAS,KC,WAS,0,61,346.0,2050,1,45,10,1
2013,14,2013_14_KC_WAS,WAS,KC,1,65,257.0,1550,2,10,45,0
2013,14,2013_14_MIA_PIT,MIA,PIT,0,60,367.0,1735,1,34,28,1
2013,14,2013_14_MIA_PIT,PIT,MIA,1,63,412.0,1865,1,28,34,0
2013,14,2013_14_MIN_BAL,BAL,MIN,1,80,327.0,1932,3,29,26,1
2013,14,2013_14_MIN_BAL,MIN,BAL,0,64,379.0,1668,1,26,29,0
2013,14,2013_14_NYG_SD,LAC,NYG,1,70,388.0,2216,1,37,14,1
2013,14,2013_14_NYG_SD,NYG,LAC,0,54,333.0,1384,3,14,37,0
2013,14,2013_14_OAK_NYJ,LV,NYJ,0,65,383.0,1834,1,27,37,0
2013,14,2013_14_OAK_NYJ,NYJ,LV,1,58,352.0,1766,1,37,27,1
2013,14,2013_14_SEA_SF,SEA,SF,0,50,264.0,1652,1,17,19,0
2013,14,2013_14_SEA_SF,SF,SEA,1,64,318.0,1948,1,19,17,1
2013,14,2013_14_STL_ARI,ARI,LA,1,65,369.0,2107,1,30,10,1
2013,14,2013_14_STL_ARI,LA,ARI,0,50,257.0,1493,2,10,30,0
2013,14,2013_14_TEN_DEN,DEN,TEN,1,91,551.0,2360,0,51,28,1
2013,14,2013_14_TEN_DEN,TEN,DEN,0,48,254.0,1240,2,28,51,0
2013,15,2013_15_ARI_TEN,ARI,TEN,0,68,360.0,1895,0,37,34,1
2013,15,2013_15_ARI_TEN,TEN,ARI,1,80,460.0,2112,3,34,37,0
2013,15,2013_15_BAL_DET,BAL,DET,0,60,305.0,1655,0,18,16,1
2013,15,2013_15_BAL_DET,DET,BAL,1,64,349.0,1945,3,16,18,0
2013,15,2013_15_BUF_JAX,BUF,JAX,0,72,366.0,1955,2,27,20,1
2013,15,2013_15_BUF_JAX,JAX,BUF,1,72,354.0,1645,4,20,27,0
2013,15,2013_15_CHI_CLE,CHI,CLE,0,64,440.0,2088,3,38,31,1
2013,15,2013_15_CHI_CLE,CLE,CHI,1,56,366.0,1512,2,31,38,0
2013,15,2013_15_CIN_PIT,CIN,PIT,0,68,279.0,1704,1,20,30,0
2013,15,2013_15_CIN_PIT,PIT,CIN,1,62,290.0,1896,1,30,20,1
2013,15,2013_15_GB_DAL,DAL,GB,1,69,466.0,1831,2,36,37,0
2013,15,2013_15_GB_DAL,GB,DAL,0,69,433.0,1698,1,37,36,1
2013,15,2013_15_HOU_IND,HOU,IND,0,63,239.0,1609,2,3,25,0
2013,15,2013_15_HOU_IND,IND,HOU,1,69,331.0,1991,1,25,3,1
2013,15,2013_15_KC_OAK,KC,LV,0,51,384.0,1553,1,56,31,1
2013,15,2013_15_KC_OAK,LV,KC,1,74,461.0,2047,7,31,56,0
2013,15,2013_15_NE_MIA,MIA,NE,1,64,378.0,1719,1,24,20,1
2013,15,2013_15_NE_MIA,NE,MIA,0,78,453.0,1881,1,20,24,0
2013,15,2013_15_NO_STL,LA,NO,1,54,302.0,1744,0,27,16,1
2013,15,2013_15_NO_STL,NO,LA,0,81,432.0,2100,3,16,27,0
2013,15,2013_15_NYJ_CAR,CAR,NYJ,1,62,392.0,1981,0,30,20,1
2013,15,2013_15_NYJ_CAR,NYJ,CAR,0,60,297.0,1619,1,20,30,0
2013,15,2013_15_PHI_MIN,MIN,PHI,1,73,455.0,2186,1,48,30,1
2013,15,2013_15_PHI_MIN,PHI,MIN,0,67,477.0,1414,1,30,48,0
2013,15,2013_15_SD_DEN,DEN,LAC,1,53,295.0,1271,1,20,27,0
2013,15,2013_15_SD_DEN,LAC,DEN,0,66,337.0,2329,0,27,20,1
2013,15,2013_15_SEA_NYG,NYG,SEA,1,53,181.0,1562,5,0,23,0
2013,15,2013_15_SEA_NYG,SEA,NYG,0,67,327.0,2038,1,23,0,1
2013,15,2013_15_SF_TB,SF,TB,0,71,376.0,2390,0,33,14,1
2013,15,2013_15_SF_TB,TB,SF,1,50,183.0,1210,2,14,33,0
2013,15,2013_15_WAS_ATL,ATL,WAS,1,62,243.0,2032,3,27,26,1
2013,15,2013_15_WAS_ATL,WAS,ATL,0,68,476.0,1568,6,26,27,0
2013,16,2013_16_ARI_SEA,ARI,SEA,0,71,309.0,2244,4,17,10,1
2013,16,2013_16_ARI_SEA,SEA,ARI,1,51,192.0,1356,2,10,17,0
2013,16,2013_16_ATL_SF,ATL,SF,0,69,402.0,1828,2,24,34,0
2013,16,2013_16_ATL_SF,SF,ATL,1,54,379.0,1831,0,34,24,1
2013,16,2013_16_CHI_PHI,CHI,PHI,0,64,259.0,1780,2,11,54,0
2013,16,2013_16_CHI_PHI,PHI,CHI,1,63,514.0,1820,1,54,11,1
2013,16,2013_16_CLE_NYJ,CLE,NYJ,0,64,283.0,1637,2,13,24,0
2013,16,2013_16_CLE_NYJ,NYJ,CLE,1,76,422.0,1963,0,24,13,1
2013,16,2013_16_DAL_WAS,DAL,WAS,0,52,309.0,1573,2,24,23,1
2013,16,2013_16_DAL_WAS,WAS,DAL,1,64,297.0,2027,1,23,24,0
2013,16,2013_16_DEN_HOU,DEN,HOU,0,70,511.0,1733,0,37,13,1
2013,16,2013_16_DEN_HOU,HOU,DEN,1,66,240.0,1867,2,13,37,0
2013,16,2013_16_IND_KC,IND,KC,0,72,367.0,2300,0,23,7,1
2013,16,2013_16_IND_KC,KC,IND,1,53,287.0,1300,4,7,23,0
2013,16,2013_16_MIA_BUF,BUF,MIA,1,77,390.0,2191,1,19,0,1
2013,16,2013_16_MIA_BUF,MIA,BUF,0,52,103.0,1409,2,0,19,0
2013,16,2013_16_MIN_CIN,CIN,MIN,1,77,426.0,2372,1,42,14,1
2013,16,2013_16_MIN_CIN,MIN,CIN,0,48,209.0,1228,4,14,42,0
2013,16,2013_16_NE_BAL,BAL,NE,1,74,358.0,1682,4,7,41,0
2013,16,2013_16_NE_BAL,NE,BAL,0,62,300.0,1918,0,41,7,1
2013,16,2013_16_NO_CAR,CAR,NO,1,44,222.0,1479,1,17,13,1
2013,16,2013_16_NO_CAR,NO,CAR,0,81,365.0,2328,2,13,17,0
2013,16,2013_16_NYG_DET,DET,NYG,1,81,357.0,2265,3,20,23,0
2013,16,2013_16_NYG_DET,NYG,DET,0,65,279.0,1783,2,23,20,1
2013,16,2013_16_OAK_SD,LAC,LV,1,67,344.0,2082,2,26,13,1
2013,16,2013_16_OAK_SD,LV,LAC,0,54,265.0,1518,3,13,26,0
2013,16,2013_16_PIT_GB,GB,PIT,1,72,370.0,2070,2,31,38,0
2013,16,2013_16_PIT_GB,PIT,GB,0,59,343.0,1414,2,38,31,1
2013,16,2013_16_TB_STL,LA,TB,1,60,277.0,2046,2,23,13,1
2013,16,2013_16_TB_STL,TB,LA,0,56,170.0,1554,2,13,23,0
2013,16,2013_16_TEN_JAX,JAX,TEN,1,57,289.0,1461,1,16,20,0
2013,16,2013_16_TEN_JAX,TEN,JAX,0,73,346.0,2139,1,20,16,1
2013,17,2013_17_BAL_CIN,BAL,CIN,0,67,224.0,1563,3,17,34,0
2013,17,2013_17_BAL_CIN,CIN,BAL,1,66,392.0,2037,4,34,17,1
2013,17,2013_17_BUF_NE,BUF,NE,0,68,393.0,1633,0,20,34,0
2013,17,2013_17_BUF_NE,NE,BUF,1,69,384.0,1967,1,34,20,1
2013,17,2013_17_CAR_ATL,ATL,CAR,1,69,307.0,2066,1,20,21,0
2013,17,2013_17_CAR_ATL,CAR,ATL,0,57,283.0,1534,2,21,20,1
2013,17,2013_17_CLE_PIT,CLE,PIT,0,64,300.0,1783,2,7,20,0
2013,17,2013_17_CLE_PIT,PIT,CLE,1,61,292.0,1817,2,20,7,1
2013,17,2013_17_DEN_OAK,DEN,LV,0,73,458.0,2129,0,34,14,1
2013,17,2013_17_DEN_OAK,LV,DEN,1,60,255.0,1471,1,14,34,0
2013,17,2013_17_DET_MIN,DET,MIN,0,60,245.0,1957,0,13,14,0
2013,17,2013_17_DET_MIN,MIN,DET,1,56,345.0,1643,2,14,13,1
2013,17,2013_17_GB_CHI,CHI,GB,1,49,345.0,1491,2,28,33,0
2013,17,2013_17_GB_CHI,GB,CHI,0,77,473.0,2109,2,33,28,1
2013,17,2013_17_HOU_TEN,HOU,TEN,0,57,288.0,1665,4,10,16,0
2013,17,2013_17_HOU_TEN,TEN,HOU,1,61,311.0,1935,1,16,10,1
2013,17,2013_17_JAX_IND,IND,JAX,1,70,379.0,2020,0,30,10,1
2013,17,2013_17_JAX_IND,JAX,IND,0,70,350.0,1580,2,10,30,0
2013,17,2013_17_KC_SD,KC,LAC,0,69,332.0,2076,0,24,27,0
2013,17,2013_17_KC_SD,LAC,KC,1,72,405.0,2228,1,27,24,1
2013,17,2013_17_NYJ_MIA,MIA,NYJ,1,62,296.0,1656,3,7,20,0
2013,17,2013_17_NYJ_MIA,NYJ,MIA,0,70,374.0,1944,0,20,7,1
2013,17,2013_17_PHI_DAL,DAL,PHI,1,65,414.0,1817,3,22,24,0
2013,17,2013_17_PHI_DAL,PHI,DAL,0,66,366.0,1783,1,24,22,1
2013,17,2013_17_SF_ARI,ARI,SF,1,72,482.0,1940,2,20,23,0
2013,17,2013_17_SF_ARI,SF,ARI,0,59,375.0,1660,0,23,20,1
2013,17,2013_17_STL_SEA,LA,SEA,0,51,158.0,1580,2,9,27,0
2013,17,2013_17_STL_SEA,SEA,LA,1,63,269.0,2020,0,27,9,1
2013,17,2013_17_TB_NO,NO,TB,1,62,468.0,2052,0,42,17,1
2013,17,2013_17_TB_NO,TB,NO,0,62,290.0,1548,1,17,42,0
2013,17,2013_17_WAS_NYG,NYG,WAS,1,68,278.0,1899,3,20,6,1
2013,17,2013_17_WAS_NYG,WAS,NYG,0,75,251.0,1701,4,6,20,0
2014,1,2014_01_BUF_CHI,BUF,CHI,0,56,360.0,1832,1,23,20,1
2014,1,2014_01_BUF_CHI,CHI,BUF,1,69,427.0,2082,3,20,23,0
2014,1,2014_01_CAR_TB,CAR,TB,0,68,334.0,2112,0,20,14,1
2014,1,2014_01_CAR_TB,TB,CAR,1,55,264.0,1488,3,14,20,0
2014,1,2014_01_CIN_BAL,BAL,CIN,1,86,423.0,1770,2,16,23,0
2014,1,2014_01_CIN_BAL,CIN,BAL,0,65,382.0,1830,0,23,16,1
2014,1,2014_01_CLE_PIT,CLE,PIT,0,64,389.0,1653,0,27,30,0
2014,1,2014_01_CLE_PIT,PIT,CLE,1,67,503.0,1947,1,30,27,1
2014,1,2014_01_GB_SEA,GB,SEA,0,58,255.0,1600,2,16,36,0
2014,1,2014_01_GB_SEA,SEA,GB,1,66,398.0,2000,0,36,16,1
2014,1,2014_01_IND_DEN,DEN,IND,1,69,361.0,2085,0,31,24,1
2014,1,2014_01_IND_DEN,IND,DEN,0,70,408.0,1656,2,24,31,0
2014,1,2014_01_JAX_PHI,JAX,PHI,0,70,306.0,1754,1,17,34,0
2014,1,2014_01_JAX_PHI,PHI,JAX,1,82,420.0,1846,3,34,17,1
2014,1,2014_01_MIN_STL,LA,MIN,1,63,318.0,1903,2,6,34,0
2014,1,2014_01_MIN_STL,MIN,LA,0,57,355.0,1697,0,34,6,1
2014,1,2014_01_NE_MIA,MIA,NE,1,71,360.0,1827,3,33,20,1
2014,1,2014_01_NE_MIA,NE,MIA,0,80,315.0,1773,2,20,33,0
2014,1,2014_01_NO_ATL,ATL,NO,1,69,568.0,1878,1,37,34,1
2014,1,2014_01_NO_ATL,NO,ATL,0,70,472.0,1825,2,34,37,0
2014,1,2014_01_NYG_DET,DET,NYG,1,64,419.0,2164,0,35,14,1
2014,1,2014_01_NYG_DET,NYG,DET,0,57,197.0,1436,2,14,35,0
2014,1,2014_01_OAK_NYJ,LV,NYJ,0,49,158.0,1510,0,14,19,0
2014,1,2014_01_OAK_NYJ,NYJ,LV,1,66,402.0,2090,2,19,14,1
2014,1,2014_01_SD_ARI,ARI,LAC,1,67,403.0,1909,2,18,17,1
2014,1,2014_01_SD_ARI,LAC,ARI,0,60,290.0,1691,1,17,18,0
2014,1,2014_01_SF_DAL,DAL,SF,1,63,382.0,1884,4,17,28,0
2014,1,2014_01_SF_DAL,SF,DAL,0,54,319.0,1716,0,28,17,1
2014,1,2014_01_TEN_KC,KC,TEN,1,56,245.0,1336,3,10,26,0
2014,1,2014_01_TEN_KC,TEN,KC,0,75,405.0,2264,0,26,10,1
2014,1,2014_01_WAS_HOU,HOU,WAS,1,56,321.0,1746,1,17,6,1
2014,1,2014_01_WAS_HOU,WAS,HOU,0,63,372.0,1854,2,6,17,0
2014,2,2014_02_ARI_NYG,ARI,NYG,0,62,266.0,1651,0,25,14,1
2014,2,2014_02_ARI_NYG,NYG,ARI,1,68,341.0,1949,4,14,25,0
2014,2,2014_02_ATL_CIN,ATL,CIN,0,65,309.0,1621,3,10,24,0
2014,2,2014_02_ATL_CIN,CIN,ATL,1,69,472.0,1979,0,24,10,1
2014,2,2014_02_CHI_SF,CHI,SF,0,52,216.0,1569,0,28,20,1
2014,2,2014_02_CHI_SF,SF,CHI,1,65,359.0,2031,4,20,28,0
2014,2,2014_02_DAL_TEN,DAL,TEN,0,76,368.0,2471,1,26,10,1
2014,2,2014_02_DAL_TEN,TEN,DAL,1,49,314.0,1129,2,10,26,0
2014,2,2014_02_DET_CAR,CAR,DET,1,63,315.0,1759,0,24,7,1
2014,2,2014_02_DET_CAR,DET,CAR,0,70,323.0,1841,3,7,24,0
2014,2,2014_02_HOU_OAK,HOU,LV,0,65,327.0,2316,0,30,14,1
2014,2,2014_02_HOU_OAK,LV,HOU,1,59,364.0,1284,4,14,30,0
2014,2,2014_02_JAX_WAS,JAX,WAS,0,48,148.0,1259,1,10,41,0
2014,2,2014_02_JAX_WAS,WAS,JAX,1,81,449.0,2341,0,41,10,1
2014,2,2014_02_KC_DEN,DEN,KC,1,46,325.0,1426,0,24,17,1
2014,2,2014_02_KC_DEN,KC,DEN,0,75,380.0,2174,0,17,24,0
2014,2,2014_02_MIA_BUF,BUF,MIA,1,59,315.0,1723,1,29,10,1
2014,2,2014_02_MIA_BUF,MIA,BUF,0,74,290.0,1877,1,10,29,0
2014,2,2014_02_NE_MIN,MIN,NE,1,61,217.0,1706,4,7,30,0
2014,2,2014_02_NE_MIN,NE,MIN,0,59,292.0,1894,0,30,7,1
2014,2,2014_02_NO_CLE,CLE,NO,1,73,324.0,1690,0,26,24,1
2014,2,2014_02_NO_CLE,NO,CLE,0,69,397.0,1910,2,24,26,0
2014,2,2014_02_NYJ_GB,GB,NYJ,1,68,390.0,1774,1,31,24,1
2014,2,2014_02_NYJ_GB,NYJ,GB,0,71,313.0,1826,1,24,31,0
2014,2,2014_02_PHI_IND,IND,PHI,1,72,341.0,2175,2,27,30,0
2014,2,2014_02_PHI_IND,PHI,IND,0,64,458.0,1425,1,30,27,1
2014,2,2014_02_PIT_BAL,BAL,PIT,1,65,323.0,2108,0,26,6,1
2014,2,2014_02_PIT_BAL,PIT,BAL,0,57,301.0,1492,3,6,26,0
2014,2,2014_02_SEA_SD,LAC,SEA,1,75,377.0,2535,0,30,21,1
2014,2,2014_02_SEA_SD,SEA,LAC,0,40,288.0,1065,1,21,30,0
2014,2,2014_02_STL_TB,LA,TB,0,60,339.0,1925,1,19,17,1
2014,2,2014_02_STL_TB,TB,LA,1,52,332.0,1675,1,17,19,0
2014,3,2014_03_BAL_CLE,BAL,CLE,0,64,377.0,1855,1,23,21,1
2014,3,2014_03_BAL_CLE,CLE,BAL,1,55,375.0,1728,0,21,23,0
2014,3,2014_03_CHI_NYJ,CHI,NYJ,0,63,257.0,1688,2,27,19,1
2014,3,2014_03_CHI_NYJ,NYJ,CHI,1,72,414.0,1912,2,19,27,0
2014,3,2014_03_DAL_STL,DAL,LA,0,52,340.0,1630,2,34,31,1
2014,3,2014_03_DAL_STL,LA,DAL,1,72,448.0,1970,3,31,34,0
2014,3,2014_03_DEN_SEA,DEN,SEA,0,71,334.0,1662,2,20,26,0
2014,3,2014_03_DEN_SEA,SEA,DEN,1,75,384.0,2284,1,26,20,1
2014,3,2014_03_GB_DET,DET,GB,1,74,353.0,2293,3,19,7,1
2014,3,2014_03_GB_DET,GB,DET,0,51,223.0,1307,1,7,19,0
2014,3,2014_03_HOU_NYG,HOU,NYG,0,62,411.0,1646,3,17,30,0
2014,3,2014_03_HOU_NYG,NYG,HOU,1,71,419.0,1954,1,30,17,1
2014,3,2014_03_IND_JAX,IND,JAX,0,74,529.0,2223,0,44,17,1
2014,3,2014_03_IND_JAX,JAX,IND,1,55,344.0,1377,3,17,44,0
2014,3,2014_03_KC_MIA,KC,MIA,0,72,342.0,2022,2,34,15,1
2014,3,2014_03_KC_MIA,MIA,KC,1,67,332.0,1578,0,15,34,0
2014,3,2014_03_MIN_NO,MIN,NO,0,54,247.0,1587,0,9,20,0
2014,3,2014_03_MIN_NO,NO,MIN,1,68,396.0,2013,0,20,9,1
2014,3,2014_03_OAK_NE,LV,NE,0,56,241.0,1705,1,9,16,0
2014,3,2014_03_OAK_NE,NE,LV,1,71,297.0,1895,0,16,9,1
2014,3,2014_03_PIT_CAR,CAR,PIT,1,55,349.0,1521,1,19,37,0
2014,3,2014_03_PIT_CAR,PIT,CAR,0,65,454.0,2079,1,37,19,1
2014,3,2014_03_SD_BUF,BUF,LAC,1,65,292.0,1706,0,10,22,0
2014,3,2014_03_SD_BUF,LAC,BUF,0,63,333.0,1894,0,22,10,1
2014,3,2014_03_SF_ARI,ARI,SF,1,61,338.0,1660,1,23,14,1
2014,3,2014_03_SF_ARI,SF,ARI,0,61,318.0,1940,0,14,23,0
2014,3,2014_03_TB_ATL,ATL,TB,1,65,488.0,1875,4,56,14,1
2014,3,2014_03_TB_ATL,TB,ATL,0,57,217.0,1641,4,14,56,0
2014,3,2014_03_TEN_CIN,CIN,TEN,1,57,300.0,1724,1,33,7,1
2014,3,2014_03_TEN_CIN,TEN,CIN,0,64,326.0,1876,2,7,33,0
2014,3,2014_03_WAS_PHI,PHI,WAS,1,66,379.0,1512,1,37,34,1
2014,3,2014_03_WAS_PHI,WAS,PHI,0,76,511.0,2157,1,34,37,0
2014,4,2014_04_ATL_MIN,ATL,MIN,0,64,411.0,1628,2,28,41,0
2014,4,2014_04_ATL_MIN,MIN,ATL,1,75,560.0,1972,0,41,28,1
2014,4,2014_04_BUF_HOU,BUF,HOU,0,69,316.0,1744,2,17,23,0
2014,4,2014_04_BUF_HOU,HOU,BUF,1,63,301.0,1856,3,23,17,1
2014,4,2014_04_CAR_BAL,BAL,CAR,1,61,454.0,1824,0,38,10,1
2014,4,2014_04_CAR_BAL,CAR,BAL,0,62,315.0,1776,1,10,38,0
2014,4,2014_04_DET_NYJ,DET,NYJ,0,65,360.0,2093,0,24,17,1
2014,4,2014_04_DET_NYJ,NYJ,DET,1,62,336.0,1507,2,17,24,0
2014,4,2014_04_GB_CHI,CHI,GB,1,77,496.0,2182,2,17,38,0
2014,4,2014_04_GB_CHI,GB,CHI,0,47,358.0,1418,0,38,17,1
2014,4,2014_04_JAX_SD,JAX,LAC,0,65,320.0,1834,3,14,33,0
2014,4,2014_04_JAX_SD,LAC,JAX,1,61,407.0,1766,0,33,14,1
2014,4,2014_04_MIA_OAK,LV,MIA,1,64,317.0,1914,5,14,38,0
2014,4,2014_04_MIA_OAK,MIA,LV,0,66,435.0,2108,2,38,14,1
2014,4,2014_04_NE_KC,KC,NE,1,66,443.0,2187,0,41,14,1
2014,4,2014_04_NE_KC,NE,KC,0,49,290.0,1413,3,14,41,0
2014,4,2014_04_NO_DAL,DAL,NO,1,65,445.0,2085,0,38,17,1
2014,4,2014_04_NO_DAL,NO,DAL,0,59,438.0,1515,3,17,38,0
2014,4,2014_04_NYG_WAS,NYG,WAS,0,78,449.0,2237,1,45,14,1
2014,4,2014_04_NYG_WAS,WAS,NYG,1,52,329.0,1363,6,14,45,0
2014,4,2014_04_PHI_SF,PHI,SF,0,56,213.0,1063,4,21,26,0
2014,4,2014_04_PHI_SF,SF,PHI,1,76,407.0,2537,1,26,21,1
2014,4,2014_04_TB_PIT,PIT,TB,1,73,390.0,2055,1,24,27,0
2014,4,2014_04_TB_PIT,TB,PIT,0,63,350.0,1545,1,27,24,1
2014,4,2014_04_TEN_IND,IND,TEN,1,82,498.0,2541,1,41,17,1
2014,4,2014_04_TEN_IND,TEN,IND,0,47,261.0,1433,3,17,41,0
2014,5,2014_05_ARI_DEN,ARI,DEN,0,56,215.0,1483,0,20,41,0
2014,5,2014_05_ARI_DEN,DEN,ARI,1,76,568.0,2117,2,41,20,1
2014,5,2014_05_ATL_NYG,ATL,NYG,0,67,397.0,1699,2,20,30,0
2014,5,2014_05_ATL_NYG,NYG,ATL,1,65,317.0,1901,1,30,20,1
2014,5,2014_05_BAL_IND,BAL,IND,0,57,287.0,1277,3,13,20,0
2014,5,2014_05_BAL_IND,IND,BAL,1,80,432.0,2323,4,20,13,1
2014,5,2014_05_BUF_DET,BUF,DET,0,68,345.0,1939,1,17,14,1
2014,5,2014_05_BUF_DET,DET,BUF,1,57,273.0,1661,2,14,17,0
2014,5,2014_05_CHI_CAR,CAR,CHI,1,63,322.0,1621,3,31,24,1
2014,5,2014_05_CHI_CAR,CHI,CAR,0,62,347.0,1979,4,24,31,0
2014,5,2014_05_CIN_NE,CIN,NE,0,48,320.0,1264,3,17,43,0
2014,5,2014_05_CIN_NE,NE,CIN,1,82,505.0,2336,0,43,17,1
2014,5,2014_05_CLE_TEN,CLE,TEN,0,74,460.0,1757,1,29,28,1
2014,5,2014_05_CLE_TEN,TEN,CLE,1,65,410.0,1843,0,28,29,0
2014,5,2014_05_HOU_DAL,DAL,HOU,1,75,456.0,2167,2,20,17,1
2014,5,2014_05_HOU_DAL,HOU,DAL,0,56,330.0,1868,2,17,20,0
2014,5,2014_05_KC_SF,KC,SF,0,50,265.0,1436,1,17,22,0
2014,5,2014_05_KC_SF,SF,KC,1,70,357.0,2164,0,22,17,1
2014,5,2014_05_MIN_GB,GB,MIN,1,52,320.0,1671,1,42,10,1
2014,5,2014_05_MIN_GB,MIN,GB,0,75,299.0,1929,3,10,42,0
2014,5,2014_05_NYJ_SD,LAC,NYJ,1,71,439.0,2334,1,31,0,1
2014,5,2014_05_NYJ_SD,NYJ,LAC,0,54,151.0,1266,2,0,31,0
2014,5,2014_05_PIT_JAX,JAX,PIT,1,52,243.0,1483,2,9,17,0
2014,5,2014_05_PIT_JAX,PIT,JAX,0,68,372.0,2117,1,17,9,1
2014,5,2014_05_SEA_WAS,SEA,WAS,0,63,403.0,2096,0,27,17,1
2014,5,2014_05_SEA_WAS,WAS,SEA,1,54,307.0,1504,0,17,27,0
2014,5,2014_05_STL_PHI,LA,PHI,0,76,466.0,1985,3,28,34,0
2014,5,2014_05_STL_PHI,PHI,LA,1,70,352.0,1615,3,34,28,1
2014,5,2014_05_TB_NO,NO,TB,1,87,511.0,2312,3,37,31,1
2014,5,2014_05_TB_NO,TB,NO,0,54,314.0,1624,1,31,37,0
2014,6,2014_06_BAL_TB,BAL,TB,0,63,475.0,1934,1,48,17,1
2014,6,2014_06_BAL_TB,TB,BAL,1,67,364.0,1666,1,17,48,0
2014,6,2014_06_CAR_CIN,CAR,CIN,0,80,431.0,2370,1,37,37,0
2014,6,2014_06_CAR_CIN,CIN,CAR,1,75,513.0,2130,2,37,37,0
2014,6,2014_06_CHI_ATL,ATL,CHI,1,54,287.0,1425,1,13,27,0
2014,6,2014_06_CHI_ATL,CHI,ATL,0,70,480.0,2175,0,27,13,1
2014,6,2014_06_DAL_SEA,DAL,SEA,0,69,401.0,2259,1,30,23,1
2014,6,2014_06_DAL_SEA,SEA,DAL,1,48,206.0,1341,2,23,30,0
2014,6,2014_06_DEN_NYJ,DEN,NYJ,0,68,359.0,2014,1,31,17,1
2014,6,2014_06_DEN_NYJ,NYJ,DEN,1,62,204.0,1586,1,17,31,0
2014,6,2014_06_DET_MIN,DET,MIN,0,65,255.0,1941,0,17,3,1
2014,6,2014_06_DET_MIN,MIN,DET,1,63,212.0,1659,3,3,17,0
2014,6,2014_06_GB_MIA,GB,MIA,0,79,369.0,2232,0,27,24,1
2014,6,2014_06_GB_MIA,MIA,GB,1,55,349.0,1368,3,24,27,0
2014,6,2014_06_IND_HOU,HOU,IND,1,52,332.0,1424,2,28,33,0
2014,6,2014_06_IND_HOU,IND,HOU,0,83,456.0,2209,2,33,28,1
2014,6,2014_06_JAX_TEN,JAX,TEN,0,75,379.0,1867,2,14,16,0
2014,6,2014_06_JAX_TEN,TEN,JAX,1,55,290.0,1767,0,16,14,1
2014,6,2014_06_NE_BUF,BUF,NE,1,67,338.0,1780,3,22,37,0
2014,6,2014_06_NE_BUF,NE,BUF,0,66,396.0,1820,0,37,22,1
2014,6,2014_06_NYG_PHI,NYG,PHI,0,60,254.0,1654,1,0,27,0
2014,6,2014_06_NYG_PHI,PHI,NYG,1,71,448.0,1946,2,27,0,1
2014,6,2014_06_PIT_CLE,CLE,PIT,1,56,368.0,1615,1,31,10,1
2014,6,2014_06_PIT_CLE,PIT,CLE,0,76,359.0,1985,1,10,31,0
2014,6,2014_06_SD_OAK,LAC,LV,0,69,423.0,2222,0,31,28,1
2014,6,2014_06_SD_OAK,LV,LAC,1,54,396.0,1378,1,28,31,0
2014,6,2014_06_SF_STL,LA,SF,1,71,309.0,1882,1,17,31,0
2014,6,2014_06_SF_STL,SF,LA,0,65,432.0,1718,1,31,17,1
2014,6,2014_06_WAS_ARI,ARI,WAS,1,68,317.0,2059,0,30,20,1
2014,6,2014_06_WAS_ARI,WAS,ARI,0,57,407.0,1541,4,20,30,0
2014,7,2014_07_ARI_OAK,ARI,LV,0,69,365.0,2217,1,24,13,1
2014,7,2014_07_ARI_OAK,LV,ARI,1,48,220.0,1383,0,13,24,0
2014,7,2014_07_ATL_BAL,ATL,BAL,0,65,254.0,1607,2,7,29,0
2014,7,2014_07_ATL_BAL,BAL,ATL,1,62,371.0,1993,2,29,7,1
2014,7,2014_07_CAR_GB,CAR,GB,0,67,331.0,1811,1,17,38,0
2014,7,2014_07_CAR_GB,GB,CAR,1,56,363.0,1789,0,38,17,1
2014,7,2014_07_CIN_IND,CIN,IND,0,54,135.0,1217,0,0,27,0
2014,7,2014_07_CIN_IND,IND,CIN,1,78,506.0,2383,2,27,0,1
2014,7,2014_07_CLE_JAX,CLE,JAX,0,74,266.0,1707,2,6,24,0
2014,7,2014_07_CLE_JAX,JAX,CLE,1,68,336.0,1996,4,24,6,1
2014,7,2014_07_HOU_PIT,HOU,PIT,0,63,393.0,1674,3,23,30,0
2014,7,2014_07_HOU_PIT,PIT,HOU,1,62,328.0,1926,1,30,23,1
2014,7,2014_07_KC_SD,KC,LAC,0,70,365.0,2340,0,23,20,1
2014,7,2014_07_KC_SD,LAC,KC,1,49,251.0,1260,1,20,23,0
2014,7,2014_07_MIA_CHI,CHI,MIA,1,51,224.0,1358,3,14,27,0
2014,7,2014_07_MIA_CHI,MIA,CHI,0,69,393.0,2242,0,27,14,1
2014,7,2014_07_MIN_BUF,BUF,MIN,1,68,373.0,1657,4,17,16,1
2014,7,2014_07_MIN_BUF,MIN,BUF,0,60,276.0,1943,2,16,17,0
2014,7,2014_07_NO_DET,DET,NO,1,67,344.0,1938,2,24,23,1
2014,7,2014_07_NO_DET,NO,DET,0,67,408.0,1662,2,23,24,0
2014,7,2014_07_NYG_DAL,DAL,NYG,1,60,423.0,2029,1,31,21,1
2014,7,2014_07_NYG_DAL,NYG,DAL,0,59,352.0,1571,2,21,31,0
2014,7,2014_07_NYJ_NE,NE,NYJ,1,53,323.0,1146,0,27,25,1
2014,7,2014_07_NYJ_NE,NYJ,NE,0,81,423.0,2454,0,25,27,0
2014,7,2014_07_SEA_STL,LA,SEA,1,48,275.0,1656,0,28,26,1
2014,7,2014_07_SEA_STL,SEA,LA,0,69,463.0,1944,0,26,28,0
2014,7,2014_07_SF_DEN,DEN,SF,1,56,419.0,1679,0,42,17,1
2014,7,2014_07_SF_DEN,SF,DEN,0,70,310.0,1921,1,17,42,0
2014,7,2014_07_TEN_WAS,TEN,WAS,0,49,236.0,1856,1,17,19,0
2014,7,2014_07_TEN_WAS,WAS,TEN,1,57,351.0,1744,3,19,17,1
2014,8,2014_08_BAL_CIN,BAL,CIN,0,62,296.0,1756,2,24,27,0
2014,8,2014_08_BAL_CIN,CIN,BAL,1,64,350.0,1844,2,27,24,1
2014,8,2014_08_BUF_NYJ,BUF,NYJ,0,53,280.0,1663,0,43,23,1
2014,8,2014_08_BUF_NYJ,NYJ,BUF,1,82,312.0,1937,6,23,43,0
2014,8,2014_08_CHI_NE,CHI,NE,0,66,388.0,1637,2,23,51,0
2014,8,2014_08_CHI_NE,NE,CHI,1,71,487.0,1963,0,51,23,1
2014,8,2014_08_DET_ATL,ATL,DET,1,55,291.0,1745,1,21,22,0
2014,8,2014_08_DET_ATL,DET,ATL,0,71,385.0,1855,1,22,21,1
2014,8,2014_08_GB_NO,GB,NO,0,63,491.0,1701,3,23,44,0
2014,8,2014_08_GB_NO,NO,GB,1,65,495.0,1899,1,44,23,1
2014,8,2014_08_HOU_TEN,HOU,TEN,0,80,405.0,2122,0,30,16,1
2014,8,2014_08_HOU_TEN,TEN,HOU,1,57,326.0,1478,2,16,30,0
2014,8,2014_08_IND_PIT,IND,PIT,0,57,448.0,1217,2,34,51,0
2014,8,2014_08_IND_PIT,PIT,IND,1,81,639.0,2383,2,51,34,1
2014,8,2014_08_MIA_JAX,JAX,MIA,1,68,377.0,1943,3,13,27,0
2014,8,2014_08_MIA_JAX,MIA,JAX,0,56,326.0,1657,1,27,13,1
2014,8,2014_08_MIN_TB,MIN,TB,0,65,332.0,1834,0,19,13,1
2014,8,2014_08_MIN_TB,TB,MIN,1,56,225.0,1783,2,13,19,0
2014,8,2014_08_OAK_CLE,CLE,LV,1,54,306.0,1508,0,23,13,1
2014,8,2014_08_OAK_CLE,LV,CLE,0,81,387.0,2092,3,13,23,0
2014,8,2014_08_PHI_ARI,ARI,PHI,1,65,400.0,1730,1,24,20,1
2014,8,2014_08_PHI_ARI,PHI,ARI,0,87,521.0,1870,3,20,24,0
2014,8,2014_08_SD_DEN,DEN,LAC,1,65,425.0,1846,0,35,21,1
2014,8,2014_08_SD_DEN,LAC,DEN,0,58,306.0,1754,2,21,35,0
2014,8,2014_08_SEA_CAR,CAR,SEA,1,56,266.0,1860,2,9,13,0
2014,8,2014_08_SEA_CAR,SEA,CAR,0,59,310.0,1740,2,13,9,1
2014,8,2014_08_STL_KC,KC,LA,1,64,355.0,2138,1,34,7,1
2014,8,2014_08_STL_KC,LA,KC,0,51,200.0,1462,1,7,34,0
2014,8,2014_08_WAS_DAL,DAL,WAS,1,64,395.0,1717,2,17,20,0
2014,8,2014_08_WAS_DAL,WAS,DAL,0,64,409.0,2292,1,20,17,1
2014,9,2014_09_ARI_DAL,ARI,DAL,0,65,339.0,1888,1,28,17,1
2014,9,2014_09_ARI_DAL,DAL,ARI,1,59,266.0,1712,2,17,28,0
2014,9,2014_09_BAL_PIT,BAL,PIT,0,67,332.0,1714,2,23,43,0
2014,9,2014_09_BAL_PIT,PIT,BAL,1,66,378.0,1886,1,43,23,1
2014,9,2014_09_DEN_NE,DEN,NE,0,75,472.0,1833,2,21,43,0
2014,9,2014_09_DEN_NE,NE,DEN,1,80,398.0,1767,1,43,21,1
2014,9,2014_09_IND_NYG,IND,NYG,0,71,443.0,1983,0,40,24,1
2014,9,2014_09_IND_NYG,NYG,IND,1,75,438.0,1617,1,24,40,0
2014,9,2014_09_JAX_CIN,CIN,JAX,1,67,423.0,1964,2,33,23,1
2014,9,2014_09_JAX_CIN,JAX,CIN,0,61,365.0,1636,1,23,33,0
2014,9,2014_09_NO_CAR,CAR,NO,1,54,231.0,1482,2,10,28,0
2014,9,2014_09_NO_CAR,NO,CAR,0,75,375.0,2118,2,28,10,1
2014,9,2014_09_NYJ_KC,KC,NYJ,1,56,309.0,1705,0,24,10,1
2014,9,2014_09_NYJ_KC,NYJ,KC,0,69,364.0,1895,0,10,24,0
2014,9,2014_09_OAK_SEA,LV,SEA,0,60,226.0,1494,3,24,30,0
2014,9,2014_09_OAK_SEA,SEA,LV,1,74,326.0,2106,0,30,24,1
2014,9,2014_09_PHI_HOU,HOU,PHI,1,59,300.0,1711,2,21,31,0
2014,9,2014_09_PHI_HOU,PHI,HOU,0,79,483.0,1933,3,31,21,1
2014,9,2014_09_SD_MIA,LAC,MIA,0,49,178.0,1433,4,0,37,0
2014,9,2014_09_SD_MIA,MIA,LAC,1,74,441.0,2167,0,37,0,1
2014,9,2014_09_STL_SF,LA,SF,0,52,193.0,1654,2,13,10,1
2014,9,2014_09_STL_SF,SF,LA,1,62,263.0,1946,2,10,13,0
2014,9,2014_09_TB_CLE,CLE,TB,1,66,330.0,1768,2,22,17,1
2014,9,2014_09_TB_CLE,TB,CLE,0,61,365.0,1832,2,17,22,0
2014,9,2014_09_WAS_MIN,MIN,WAS,1,72,354.0,1826,0,29,26,1
2014,9,2014_09_WAS_MIN,WAS,MIN,0,63,347.0,1774,1,26,29,0
2014,10,2014_10_ATL_TB,ATL,TB,0,61,324.0,1788,0,27,17,1
2014,10,2014_10_ATL_TB,TB,ATL,1,70,373.0,1812,3,17,27,0
2014,10,2014_10_CAR_PHI,CAR,PHI,0,81,317.0,2285,5,21,45,0
2014,10,2014_10_CAR_PHI,PHI,CAR,1,62,365.0,1315,0,45,21,1
2014,10,2014_10_CHI_GB,CHI,GB,0,68,311.0,1819,3,14,55,0
2014,10,2014_10_CHI_GB,GB,CHI,1,64,451.0,1781,1,55,14,1
2014,10,2014_10_CLE_CIN,CIN,CLE,1,63,165.0,1451,5,3,24,0
2014,10,2014_10_CLE_CIN,CLE,CIN,0,75,368.0,2149,0,24,3,1
2014,10,2014_10_DAL_JAX,DAL,JAX,0,59,399.0,1892,2,31,17,1
2014,10,2014_10_DAL_JAX,JAX,DAL,1,66,335.0,1708,2,17,31,0
2014,10,2014_10_DEN_OAK,DEN,LV,0,76,471.0,1942,2,41,17,1
2014,10,2014_10_DEN_OAK,LV,DEN,1,62,222.0,1658,3,17,41,0
2014,10,2014_10_KC_BUF,BUF,KC,1,71,364.0,1842,2,13,17,0
2014,10,2014_10_KC_BUF,KC,BUF,0,59,278.0,1758,2,17,13,1
2014,10,2014_10_MIA_DET,DET,MIA,1,64,351.0,1894,1,20,16,1
2014,10,2014_10_MIA_DET,MIA,DET,0,60,228.0,1706,2,16,20,0
2014,10,2014_10_NYG_SEA,NYG,SEA,0,63,324.0,1608,2,17,38,0
2014,10,2014_10_NYG_SEA,SEA,NYG,1,64,510.0,1992,3,38,17,1
2014,10,2014_10_PIT_NYJ,NYJ,PIT,1,58,275.0,1833,1,20,13,1
2014,10,2014_10_PIT_NYJ,PIT,NYJ,0,62,362.0,1767,3,13,20,0
2014,10,2014_10_SF_NO,NO,SF,1,80,423.0,2160,3,24,27,0
2014,10,2014_10_SF_NO,SF,NO,0,68,330.0,2026,1,27,24,1
2014,10,2014_10_STL_ARI,ARI,LA,1,66,335.0,2000,1,31,14,1
2014,10,2014_10_STL_ARI,LA,ARI,0,58,244.0,1600,3,14,31,0
2014,10,2014_10_TEN_BAL,BAL,TEN,1,62,312.0,1847,0,21,7,1
2014,10,2014_10_TEN_BAL,TEN,BAL,0,54,210.0,1753,2,7,21,0
2014,11,2014_11_ATL_CAR,ATL,CAR,0,74,346.0,1918,1,19,17,1
2014,11,2014_11_ATL_CAR,CAR,ATL,1,64,391.0,1682,2,17,19,0
2014,11,2014_11_BUF_MIA,BUF,MIA,0,60,237.0,1658,0,9,22,0
2014,11,2014_11_BUF_MIA,MIA,BUF,1,63,330.0,1808,2,22,9,1
2014,11,2014_11_CIN_NO,CIN,NO,0,59,405.0,1754,0,27,10,1
2014,11,2014_11_CIN_NO,NO,CIN,1,67,330.0,1846,1,10,27,0
2014,11,2014_11_DEN_STL,DEN,LA,0,66,397.0,1450,2,7,22,0
2014,11,2014_11_DEN_STL,LA,DEN,1,65,337.0,2150,0,22,7,1
2014,11,2014_11_DET_ARI,ARI,DET,1,58,352.0,1843,2,14,6,1
2014,11,2014_11_DET_ARI,DET,ARI,0,53,262.0,1757,1,6,14,0
2014,11,2014_11_HOU_CLE,CLE,HOU,1,76,375.0,1567,2,7,23,0
2014,11,2014_11_HOU_CLE,HOU,CLE,0,84,424.0,2033,1,23,7,1
2014,11,2014_11_MIN_CHI,CHI,MIN,1,74,468.0,2318,2,21,13,1
2014,11,2014_11_MIN_CHI,MIN,CHI,0,46,243.0,1282,1,13,21,0
2014,11,2014_11_NE_IND,IND,NE,1,56,322.0,1539,1,20,42,0
2014,11,2014_11_NE_IND,NE,IND,0,74,503.0,2061,2,42,20,1
2014,11,2014_11_OAK_SD,LAC,LV,1,68,300.0,2086,0,13,6,1
2014,11,2014_11_OAK_SD,LV,LAC,0,55,233.0,1514,1,6,13,0
2014,11,2014_11_PHI_GB,GB,PHI,1,64,475.0,1962,0,53,20,1
2014,11,2014_11_PHI_GB,PHI,GB,0,78,429.0,1638,4,20,53,0
2014,11,2014_11_PIT_TEN,PIT,TEN,0,73,386.0,2389,1,27,24,1
2014,11,2014_11_PIT_TEN,TEN,PIT,1,39,312.0,1211,1,24,27,0
2014,11,2014_11_SEA_KC,KC,SEA,1,46,298.0,1428,2,24,20,1
2014,11,2014_11_SEA_KC,SEA,KC,0,71,372.0,2172,0,20,24,0
2014,11,2014_11_SF_NYG,NYG,SF,1,68,330.0,1708,5,10,16,0
2014,11,2014_11_SF_NYG,SF,NYG,0,68,333.0,2151,1,16,10,1
2014,11,2014_11_TB_WAS,TB,WAS,0,46,329.0,1549,0,27,7,1
2014,11,2014_11_TB_WAS,WAS,TB,1,69,322.0,2051,4,7,27,0
2014,12,2014_12_ARI_SEA,ARI,SEA,0,49,204.0,1473,1,3,19,0
2014,12,2014_12_ARI_SEA,SEA,ARI,1,58,293.0,2127,0,19,3,1
2014,12,2014_12_BAL_NO,BAL,NO,0,57,449.0,1815,1,34,27,1
2014,12,2014_12_BAL_NO,NO,BAL,1,70,525.0,1785,1,27,34,0
2014,12,2014_12_CIN_HOU,CIN,HOU,0,78,372.0,2350,1,22,13,1
2014,12,2014_12_CIN_HOU,HOU,CIN,1,65,248.0,1250,1,13,22,0
2014,12,2014_12_CLE_ATL,ATL,CLE,1,69,315.0,1763,2,24,26,0
2014,12,2014_12_CLE_ATL,CLE,ATL,0,71,475.0,1837,3,26,24,1
2014,12,2014_12_DAL_NYG,DAL,NYG,0,53,385.0,1493,1,31,28,1
2014,12,2014_12_DAL_NYG,NYG,DAL,1,74,417.0,2107,1,28,31,0
2014,12,2014_12_DET_NE,DET,NE,0,73,335.0,1811,1,9,34,0
2014,12,2014_12_DET_NE,NE,DET,1,73,439.0,1789,1,34,9,1
2014,12,2014_12_GB_MIN,GB,MIN,0,62,362.0,1905,0,24,21,1
2014,12,2014_12_GB_MIN,MIN,GB,1,64,308.0,1695,1,21,24,0
2014,12,2014_12_JAX_IND,IND,JAX,1,72,389.0,2045,3,23,3,1
2014,12,2014_12_JAX_IND,JAX,IND,0,54,194.0,1555,2,3,23,0
2014,12,2014_12_KC_OAK,KC,LV,0,62,313.0,1796,1,20,24,0
2014,12,2014_12_KC_OAK,LV,KC,1,66,351.0,1804,0,24,20,1
2014,12,2014_12_MIA_DEN,DEN,MIA,1,72,452.0,2057,0,39,36,1
2014,12,2014_12_MIA_DEN,MIA,DEN,0,59,315.0,1543,2,36,39,0
2014,12,2014_12_NYJ_BUF,BUF,NYJ,1,62,336.0,1854,0,38,3,1
2014,12,2014_12_NYJ_BUF,NYJ,BUF,0,57,218.0,1746,1,3,38,0
2014,12,2014_12_STL_SD,LA,LAC,0,61,317.0,1731,4,24,27,0
2014,12,2014_12_STL_SD,LAC,LA,1,60,410.0,1869,2,27,24,1
2014,12,2014_12_TB_CHI,CHI,TB,1,56,204.0,1790,1,21,13,1
2014,12,2014_12_TB_CHI,TB,CHI,0,75,367.0,1810,4,13,21,0
2014,12,2014_12_TEN_PHI,PHI,TEN,1,83,462.0,1992,2,43,24,1
2014,12,2014_12_TEN_PHI,TEN,PHI,0,63,351.0,1608,3,24,43,0
2014,12,2014_12_WAS_SF,SF,WAS,1,60,312.0,1805,3,17,13,1
2014,12,2014_12_WAS_SF,WAS,SF,0,52,213.0,1795,1,13,17,0
2014,13,2014_13_ARI_ATL,ARI,ATL,0,51,331.0,1377,3,18,29,0
2014,13,2014_13_ARI_ATL,ATL,ARI,1,76,500.0,2223,1,29,18,1
2014,13,2014_13_CAR_MIN,CAR,MIN,0,72,348.0,2148,1,13,31,0
2014,13,2014_13_CAR_MIN,MIN,CAR,1,48,210.0,1452,0,31,13,1
2014,13,2014_13_CHI_DET,CHI,DET,0,59,269.0,1595,2,17,34,0
2014,13,2014_13_CHI_DET,DET,CHI,1,70,474.0,2005,1,34,17,1
2014,13,2014_13_CIN_TB,CIN,TB,0,58,288.0,1837,3,14,13,1
2014,13,2014_13_CIN_TB,TB,CIN,1,55,263.0,1763,1,13,14,0
2014,13,2014_13_CLE_BUF,BUF,CLE,1,62,287.0,1855,2,26,10,1
2014,13,2014_13_CLE_BUF,CLE,BUF,0,66,315.0,1745,3,10,26,0
2014,13,2014_13_DEN_KC,DEN,KC,0,80,388.0,2327,2,29,16,1
2014,13,2014_13_DEN_KC,KC,DEN,1,45,151.0,1273,2,16,29,0
2014,13,2014_13_MIA_NYJ,MIA,NYJ,0,55,291.0,1645,1,16,13,1
2014,13,2014_13_MIA_NYJ,NYJ,MIA,1,64,326.0,1955,1,13,16,0
2014,13,2014_13_NE_GB,GB,NE,1,70,478.0,2195,0,26,21,1
2014,13,2014_13_NE_GB,NE,GB,0,54,320.0,1405,0,21,26,0
2014,13,2014_13_NO_PIT,NO,PIT,0,54,393.0,1561,0,35,32,1
2014,13,2014_13_NO_PIT,PIT,NO,1,84,542.0,2039,2,32,35,0
2014,13,2014_13_NYG_JAX,JAX,NYG,1,66,258.0,1521,0,25,24,1
2014,13,2014_13_NYG_JAX,NYG,JAX,0,73,329.0,2079,3,24,25,0
2014,13,2014_13_OAK_STL,LA,LV,1,49,348.0,1384,0,52,0,1
2014,13,2014_13_OAK_STL,LV,LA,0,75,244.0,2216,5,0,52,0
2014,13,2014_13_PHI_DAL,DAL,PHI,1,58,267.0,1775,3,10,33,0
2014,13,2014_13_PHI_DAL,PHI,DAL,0,75,464.0,1825,1,33,10,1
2014,13,2014_13_SD_BAL,BAL,LAC,1,63,350.0,1811,0,33,34,0
2014,13,2014_13_SD_BAL,LAC,BAL,0,65,440.0,1789,2,34,33,1
2014,13,2014_13_SEA_SF,SEA,SF,0,60,379.0,2119,1,19,3,1
2014,13,2014_13_SEA_SF,SF,SEA,1,51,164.0,1481,2,3,19,0
2014,13,2014_13_TEN_HOU,HOU,TEN,1,69,457.0,1996,1,45,21,1
2014,13,2014_13_TEN_HOU,TEN,HOU,0,56,320.0,1604,4,21,45,0
2014,13,2014_13_WAS_IND,IND,WAS,1,49,487.0,1435,3,49,27,1
2014,13,2014_13_WAS_IND,WAS,IND,0,74,425.0,2165,1,27,49,0
2014,14,2014_14_ATL_GB,ATL,GB,0,65,465.0,1619,1,37,43,0
2014,14,2014_14_ATL_GB,GB,ATL,1,67,502.0,1981,0,43,37,1
2014,14,2014_14_BAL_MIA,BAL,MIA,0,65,447.0,1818,1,28,13,1
2014,14,2014_14_BAL_MIA,MIA,BAL,1,55,249.0,1782,0,13,28,0
2014,14,2014_14_BUF_DEN,BUF,DEN,0,77,415.0,2009,3,17,24,0
2014,14,2014_14_BUF_DEN,DEN,BUF,1,49,306.0,1591,3,24,17,1
2014,14,2014_14_CAR_NO,CAR,NO,0,73,497.0,2160,0,41,10,1
2014,14,2014_14_CAR_NO,NO,CAR,1,68,310.0,1440,2,10,41,0
2014,14,2014_14_DAL_CHI,CHI,DAL,1,62,378.0,1652,2,28,41,0
2014,14,2014_14_DAL_CHI,DAL,CHI,0,62,397.0,2016,0,41,28,1
2014,14,2014_14_HOU_JAX,HOU,JAX,0,63,304.0,1949,0,27,13,1
2014,14,2014_14_HOU_JAX,JAX,HOU,1,66,262.0,1651,1,13,27,0
2014,14,2014_14_IND_CLE,CLE,IND,1,63,248.0,1916,2,24,25,0
2014,14,2014_14_IND_CLE,IND,CLE,0,78,362.0,1684,4,25,24,1
2014,14,2014_14_KC_ARI,ARI,KC,1,66,368.0,1801,0,17,14,1
2014,14,2014_14_KC_ARI,KC,ARI,0,61,390.0,1799,2,14,17,0
2014,14,2014_14_NE_SD,LAC,NE,1,54,216.0,1527,1,14,23,0
2014,14,2014_14_NE_SD,NE,LAC,0,73,397.0,2073,2,23,14,1
2014,14,2014_14_NYG_TEN,NYG,TEN,0,73,402.0,2083,1,36,7,1
2014,14,2014_14_NYG_TEN,TEN,NYG,1,57,207.0,1517,3,7,36,0
2014,14,2014_14_NYJ_MIN,MIN,NYJ,1,58,411.0,1727,2,30,24,1
2014,14,2014_14_NYJ_MIN,NYJ,MIN,0,74,410.0,2152,2,24,30,0
2014,14,2014_14_PIT_CIN,CIN,PIT,1,59,408.0,1635,2,21,42,0
2014,14,2014_14_PIT_CIN,PIT,CIN,0,70,543.0,1965,0,42,21,1
2014,14,2014_14_SEA_PHI,PHI,SEA,1,45,139.0,1084,2,14,24,0
2014,14,2014_14_SEA_PHI,SEA,PHI,0,85,440.0,2516,2,24,14,1
2014,14,2014_14_SF_OAK,LV,SF,1,60,330.0,1975,0,24,13,1
2014,14,2014_14_SF_OAK,SF,LV,0,56,248.0,1625,2,13,24,0
2014,14,2014_14_STL_WAS,LA,WAS,0,57,331.0,1969,0,24,0,1
2014,14,2014_14_STL_WAS,WAS,LA,1,55,206.0,1631,2,0,24,0
2014,14,2014_14_TB_DET,DET,TB,1,69,407.0,2195,0,34,17,1
2014,14,2014_14_TB_DET,TB,DET,0,59,233.0,1405,4,17,34,0
2014,15,2014_15_ARI_STL,ARI,LA,0,64,274.0,2064,0,12,6,1
2014,15,2014_15_ARI_STL,LA,ARI,1,61,280.0,1536,2,6,12,0
2014,15,2014_15_CIN_CLE,CIN,CLE,0,71,347.0,2332,1,30,0,1
2014,15,2014_15_CIN_CLE,CLE,CIN,1,38,107.0,1268,2,0,30,0
2014,15,2014_15_DAL_PHI,DAL,PHI,0,76,364.0,2515,1,38,27,1
2014,15,2014_15_DAL_PHI,PHI,DAL,1,53,294.0,1219,3,27,38,0
2014,15,2014_15_DEN_SD,DEN,LAC,0,61,337.0,1964,0,22,10,1
2014,15,2014_15_DEN_SD,LAC,DEN,1,61,288.0,1636,2,10,22,0
2014,15,2014_15_GB_BUF,BUF,GB,1,63,253.0,1978,1,21,13,1
2014,15,2014_15_GB_BUF,GB,BUF,0,67,333.0,1622,2,13,21,0
2014,15,2014_15_HOU_IND,HOU,IND,0,67,289.0,1865,2,10,17,0
2014,15,2014_15_HOU_IND,IND,HOU,1,64,278.0,1735,2,17,10,1
2014,15,2014_15_JAX_BAL,BAL,JAX,1,56,314.0,1846,1,20,12,1
2014,15,2014_15_JAX_BAL,JAX,BAL,0,69,248.0,1902,1,12,20,0
2014,15,2014_15_MIA_NE,MIA,NE,0,74,384.0,2026,2,13,41,0
2014,15,2014_15_MIA_NE,NE,MIA,1,64,395.0,1574,1,41,13,1
2014,15,2014_15_MIN_DET,DET,MIN,1,50,233.0,1517,0,16,14,1
2014,15,2014_15_MIN_DET,MIN,DET,0,66,360.0,2083,2,14,16,0
2014,15,2014_15_NO_CHI,CHI,NO,1,59,280.0,1589,3,15,31,0
2014,15,2014_15_NO_CHI,NO,CHI,0,64,443.0,2011,1,31,15,1
2014,15,2014_15_NYJ_TEN,NYJ,TEN,0,61,277.0,1803,0,16,11,1
2014,15,2014_15_NYJ_TEN,TEN,NYJ,1,64,342.0,1962,1,11,16,0
2014,15,2014_15_OAK_KC,KC,LV,1,59,388.0,1800,1,31,13,1
2014,15,2014_15_OAK_KC,LV,KC,0,77,280.0,1800,1,13,31,0
2014,15,2014_15_PIT_ATL,ATL,PIT,1,57,407.0,1757,1,20,27,0
2014,15,2014_15_PIT_ATL,PIT,ATL,0,58,398.0,1843,0,27,20,1
2014,15,2014_15_SF_SEA,SEA,SF,1,61,290.0,1738,1,17,7,1
2014,15,2014_15_SF_SEA,SF,SEA,0,57,245.0,1862,0,7,17,0
2014,15,2014_15_TB_CAR,CAR,TB,1,75,392.0,2243,1,19,17,1
2014,15,2014_15_TB_CAR,TB,CAR,0,54,287.0,1357,3,17,19,0
2014,15,2014_15_WAS_NYG,NYG,WAS,1,57,287.0,1649,0,24,13,1
2014,15,2014_15_WAS_NYG,WAS,NYG,0,68,372.0,2053,2,13,24,0
2014,16,2014_16_ATL_NO,ATL,NO,0,62,403.0,1929,0,30,14,1
2014,16,2014_16_ATL_NO,NO,ATL,1,70,328.0,1671,4,14,30,0
2014,16,2014_16_BAL_HOU,BAL,HOU,0,69,211.0,1643,3,13,25,0
2014,16,2014_16_BAL_HOU,HOU,BAL,1,81,313.0,2098,1,25,13,1
2014,16,2014_16_BUF_OAK,BUF,LV,0,64,321.0,1573,2,24,26,0
2014,16,2014_16_BUF_OAK,LV,BUF,1,71,347.0,2027,0,26,24,1
2014,16,2014_16_CLE_CAR,CAR,CLE,1,77,404.0,2283,1,17,13,1
2014,16,2014_16_CLE_CAR,CLE,CAR,0,46,228.0,1317,2,13,17,0
2014,16,2014_16_DEN_CIN,CIN,DEN,1,62,353.0,1898,2,37,28,1
2014,16,2014_16_DEN_CIN,DEN,CIN,0,65,385.0,1702,4,28,37,0
2014,16,2014_16_DET_CHI,CHI,DET,1,63,234.0,1684,2,14,20,0
2014,16,2014_16_DET_CHI,DET,CHI,0,69,367.0,1916,2,20,14,1
2014,16,2014_16_GB_TB,GB,TB,0,72,431.0,2318,1,20,3,1
2014,16,2014_16_GB_TB,TB,GB,1,47,109.0,1282,1,3,20,0
2014,16,2014_16_IND_DAL,DAL,IND,1,62,377.0,2129,1,42,7,1
2014,16,2014_16_IND_DAL,IND,DAL,0,56,229.0,1471,3,7,42,0
2014,16,2014_16_KC_PIT,KC,PIT,0,66,327.0,1867,1,12,20,0
2014,16,2014_16_KC_PIT,PIT,KC,1,52,282.0,1733,0,20,12,1
2014,16,2014_16_MIN_MIA,MIA,MIN,1,77,493.0,1986,2,37,35,1
2014,16,2014_16_MIN_MIA,MIN,MIA,0,58,357.0,1614,1,35,37,0
2014,16,2014_16_NE_NYJ,NE,NYJ,0,63,231.0,1659,1,17,16,1
2014,16,2014_16_NE_NYJ,NYJ,NE,1,61,307.0,1941,1,16,17,0
2014,16,2014_16_NYG_STL,LA,NYG,1,54,387.0,1513,3,27,37,0
2014,16,2014_16_NYG_STL,NYG,LA,0,67,514.0,2087,0,37,27,1
2014,16,2014_16_PHI_WAS,PHI,WAS,0,84,495.0,1924,2,24,27,0
2014,16,2014_16_PHI_WAS,WAS,PHI,1,54,305.0,1676,2,27,24,1
2014,16,2014_16_SD_SF,LAC,SF,0,80,446.0,2059,3,38,35,1
2014,16,2014_16_SD_SF,SF,LAC,1,66,447.0,1835,3,35,38,0
2014,16,2014_16_SEA_ARI,ARI,SEA,1,64,216.0,1617,1,6,35,0
2014,16,2014_16_SEA_ARI,SEA,ARI,0,67,596.0,1983,0,35,6,1
2014,16,2014_16_TEN_JAX,JAX,TEN,1,56,288.0,1508,0,21,13,1
2014,16,2014_16_TEN_JAX,TEN,JAX,0,67,357.0,2092,0,13,21,0
2014,17,2014_17_ARI_SF,ARI,SF,0,67,397.0,1836,3,17,20,0
2014,17,2014_17_ARI_SF,SF,ARI,1,60,395.0,1764,0,20,17,1
2014,17,2014_17_BUF_NE,BUF,NE,0,58,268.0,1743,1,17,9,1
2014,17,2014_17_BUF_NE,NE,BUF,1,62,260.0,1857,0,9,17,0
2014,17,2014_17_CAR_ATL,ATL,CAR,1,69,288.0,1727,3,3,34,0
2014,17,2014_17_CAR_ATL,CAR,ATL,0,52,306.0,1873,0,34,3,1
2014,17,2014_17_CHI_MIN,CHI,MIN,0,59,264.0,1893,0,9,13,0
2014,17,2014_17_CHI_MIN,MIN,CHI,1,61,311.0,1707,1,13,9,1
2014,17,2014_17_CIN_PIT,CIN,PIT,0,70,337.0,2098,3,17,27,0
2014,17,2014_17_CIN_PIT,PIT,CIN,1,57,346.0,1502,3,27,17,1
2014,17,2014_17_CLE_BAL,BAL,CLE,1,65,419.0,1757,0,20,10,1
2014,17,2014_17_CLE_BAL,CLE,BAL,0,61,259.0,1843,2,10,20,0
2014,17,2014_17_DAL_WAS,DAL,WAS,0,61,473.0,1824,1,44,17,1
2014,17,2014_17_DAL_WAS,WAS,DAL,1,68,413.0,1976,4,17,44,0
2014,17,2014_17_DET_GB,DET,GB,0,67,313.0,1502,1,20,30,0
2014,17,2014_17_DET_GB,GB,DET,1,62,377.0,2105,2,30,20,1
2014,17,2014_17_IND_TEN,IND,TEN,0,66,378.0,2006,0,27,10,1
2014,17,2014_17_IND_TEN,TEN,IND,1,59,192.0,1594,1,10,27,0
2014,17,2014_17_JAX_HOU,HOU,JAX,1,77,358.0,2388,2,23,17,1
2014,17,2014_17_JAX_HOU,JAX,HOU,0,53,233.0,1212,0,17,23,0
2014,17,2014_17_NO_TB,NO,TB,0,63,338.0,1633,3,23,20,1
2014,17,2014_17_NO_TB,TB,NO,1,65,280.0,1967,1,20,23,0
2014,17,2014_17_NYJ_MIA,MIA,NYJ,1,66,387.0,1724,1,24,37,0
2014,17,2014_17_NYJ_MIA,NYJ,MIA,0,62,494.0,1876,1,37,24,1
2014,17,2014_17_OAK_DEN,DEN,LV,1,74,451.0,1981,1,47,14,1
2014,17,2014_17_OAK_DEN,LV,DEN,0,57,199.0,1619,2,14,47,0
2014,17,2014_17_PHI_NYG,NYG,PHI,1,78,505.0,2077,1,26,34,0
2014,17,2014_17_PHI_NYG,PHI,NYG,0,72,426.0,1523,1,34,26,1
2014,17,2014_17_SD_KC,KC,LAC,1,57,251.0,1719,0,19,7,1
2014,17,2014_17_SD_KC,LAC,KC,0,66,361.0,1881,3,7,19,0
2014,17,2014_17_STL_SEA,LA,SEA,0,60,245.0,1729,3,6,20,0
2014,17,2014_17_STL_SEA,SEA,LA,1,62,354.0,1871,2,20,6,1
2015,1,2015_01_BAL_DEN,BAL,DEN,0,57,173.0,1363,2,13,19,0
2015,1,2015_01_BAL_DEN,DEN,BAL,1,69,219.0,2237,1,19,13,1
2015,1,2015_01_CAR_JAX,CAR,JAX,0,68,263.0,2046,1,20,9,1
2015,1,2015_01_CAR_JAX,JAX,CAR,1,66,265.0,1554,3,9,20,0
2015,1,2015_01_CIN_OAK,CIN,LV,0,65,396.0,1952,0,33,13,1
2015,1,2015_01_CIN_OAK,LV,CIN,1,62,246.0,1648,2,13,33,0
2015,1,2015_01_CLE_NYJ,CLE,NYJ,0,63,321.0,1900,4,10,31,0
2015,1,2015_01_CLE_NYJ,NYJ,CLE,1,60,333.0,1700,2,31,10,1
2015,1,2015_01_DET_SD,DET,LAC,0,47,302.0,1308,2,28,33,0
2015,1,2015_01_DET_SD,LAC,DET,1,74,483.0,2292,3,33,28,1
2015,1,2015_01_GB_CHI,CHI,GB,1,71,402.0,1912,1,23,31,0
2015,1,2015_01_GB_CHI,GB,CHI,0,53,322.0,1688,0,31,23,1
2015,1,2015_01_IND_BUF,BUF,IND,1,55,342.0,1856,1,27,14,1
2015,1,2015_01_IND_BUF,IND,BUF,0,70,306.0,1744,2,14,27,0
2015,1,2015_01_KC_HOU,HOU,KC,1,74,398.0,1481,2,20,27,0
2015,1,2015_01_KC_HOU,KC,HOU,0,67,330.0,2119,0,27,20,1
2015,1,2015_01_MIA_WAS,MIA,WAS,0,55,256.0,1326,1,17,10,1
2015,1,2015_01_MIA_WAS,WAS,MIA,1,69,349.0,2274,2,10,17,0
2015,1,2015_01_MIN_SF,MIN,SF,0,54,248.0,1618,2,3,20,0
2015,1,2015_01_MIN_SF,SF,MIN,1,66,395.0,1982,0,20,3,1
2015,1,2015_01_NO_ARI,ARI,NO,1,57,427.0,1596,1,31,19,1
2015,1,2015_01_NO_ARI,NO,ARI,0,70,408.0,2004,1,19,31,0
2015,1,2015_01_NYG_DAL,DAL,NYG,1,68,436.0,2230,3,27,26,1
2015,1,2015_01_NYG_DAL,NYG,DAL,0,61,285.0,1370,0,26,27,0
2015,1,2015_01_PHI_ATL,ATL,PHI,1,70,395.0,2127,2,26,24,1
2015,1,2015_01_PHI_ATL,PHI,ATL,0,68,399.0,1473,2,24,26,0
2015,1,2015_01_PIT_NE,NE,PIT,1,58,361.0,1675,0,28,21,1
2015,1,2015_01_PIT_NE,PIT,NE,0,67,466.0,1925,1,21,28,0
2015,1,2015_01_SEA_STL,LA,SEA,1,55,352.0,1812,3,34,31,1
2015,1,2015_01_SEA_STL,SEA,LA,0,80,345.0,2248,1,31,34,0
2015,1,2015_01_TEN_TB,TB,TEN,1,63,273.0,1709,2,14,42,0
2015,1,2015_01_TEN_TB,TEN,TB,0,49,309.0,1891,1,42,14,1
2015,2,2015_02_ARI_CHI,ARI,CHI,0,52,300.0,1804,1,48,23,1
2015,2,2015_02_ARI_CHI,CHI,ARI,1,62,335.0,1796,3,23,48,0
2015,2,2015_02_ATL_NYG,ATL,NYG,0,70,402.0,1895,0,24,20,1
2015,2,2015_02_ATL_NYG,NYG,ATL,1,65,388.0,1705,1,20,24,0
2015,2,2015_02_BAL_OAK,BAL,LV,0,70,493.0,1826,2,33,37,0
2015,2,2015_02_BAL_OAK,LV,BAL,1,66,448.0,1774,1,37,33,1
2015,2,2015_02_DAL_PHI,DAL,PHI,0,70,359.0,2425,2,20,10,1
2015,2,2015_02_DAL_PHI,PHI,DAL,1,55,226.0,1175,3,10,20,0
2015,2,2015_02_DEN_KC,DEN,KC,0,70,299.0,1861,2,31,24,1
2015,2,2015_02_DEN_KC,KC,DEN,1,58,314.0,1739,4,24,31,0
2015,2,2015_02_DET_MIN,DET,MIN,0,71,323.0,1734,3,16,26,0
2015,2,2015_02_DET_MIN,MIN,DET,1,61,350.0,1866,1,26,16,1
2015,2,2015_02_HOU_CAR,CAR,HOU,1,72,350.0,1937,1,24,17,1
2015,2,2015_02_HOU_CAR,HOU,CAR,0,82,300.0,1663,1,17,24,0
2015,2,2015_02_MIA_JAX,JAX,MIA,1,66,396.0,1808,0,23,20,1
2015,2,2015_02_MIA_JAX,MIA,JAX,0,62,386.0,1792,0,20,23,0
2015,2,2015_02_NE_BUF,BUF,NE,1,67,349.0,1803,3,32,40,0
2015,2,2015_02_NE_BUF,NE,BUF,0,76,507.0,1797,2,40,32,1
2015,2,2015_02_NYJ_IND,IND,NYJ,1,61,343.0,1692,5,7,20,0
2015,2,2015_02_NYJ_IND,NYJ,IND,0,62,344.0,1908,1,20,7,1
2015,2,2015_02_SD_CIN,CIN,LAC,1,62,389.0,1791,3,24,19,1
2015,2,2015_02_SD_CIN,LAC,CIN,0,57,354.0,1809,2,19,24,0
2015,2,2015_02_SEA_GB,GB,SEA,1,65,363.0,1998,1,27,17,1
2015,2,2015_02_SEA_GB,SEA,GB,0,57,324.0,1602,2,17,27,0
2015,2,2015_02_SF_PIT,PIT,SF,1,54,457.0,1381,0,43,18,1
2015,2,2015_02_SF_PIT,SF,PIT,0,83,411.0,2219,1,18,43,0
2015,2,2015_02_STL_WAS,LA,WAS,0,46,213.0,1336,0,10,24,0
2015,2,2015_02_STL_WAS,WAS,LA,1,66,373.0,2264,1,24,10,1
2015,2,2015_02_TB_NO,NO,TB,1,70,323.0,1888,3,19,26,0
2015,2,2015_02_TB_NO,TB,NO,0,59,333.0,1712,2,26,19,1
2015,2,2015_02_TEN_CLE,CLE,TEN,1,47,274.0,1489,0,28,14,1
2015,2,2015_02_TEN_CLE,TEN,CLE,0,74,385.0,2111,3,14,28,0
2015,3,2015_03_ATL_DAL,ATL,DAL,0,70,440.0,2053,0,39,28,1
2015,3,2015_03_ATL_DAL,DAL,ATL,1,49,347.0,1547,1,28,39,0
2015,3,2015_03_BUF_MIA,BUF,MIA,0,63,428.0,1913,0,41,14,1
2015,3,2015_03_BUF_MIA,MIA,BUF,1,72,393.0,1687,3,14,41,0
2015,3,2015_03_CHI_SEA,CHI,SEA,0,46,146.0,1644,0,0,26,0
2015,3,2015_03_CHI_SEA,SEA,CHI,1,63,371.0,1956,0,26,0,1
2015,3,2015_03_CIN_BAL,BAL,CIN,1,67,398.0,1792,1,24,28,0
2015,3,2015_03_CIN_BAL,CIN,BAL,0,65,458.0,1808,2,28,24,1
2015,3,2015_03_DEN_DET,DEN,DET,0,62,354.0,1732,2,24,12,1
2015,3,2015_03_DEN_DET,DET,DEN,1,69,290.0,1868,3,12,24,0
2015,3,2015_03_IND_TEN,IND,TEN,0,56,378.0,1501,2,35,33,1
2015,3,2015_03_IND_TEN,TEN,IND,1,75,433.0,2099,2,33,35,0
2015,3,2015_03_JAX_NE,JAX,NE,0,55,293.0,1520,1,17,51,0
2015,3,2015_03_JAX_NE,NE,JAX,1,76,471.0,2080,0,51,17,1
2015,3,2015_03_KC_GB,GB,KC,1,68,448.0,2010,0,38,28,1
2015,3,2015_03_KC_GB,KC,GB,0,67,328.0,1590,1,28,38,0
2015,3,2015_03_NO_CAR,CAR,NO,1,62,431.0,1636,0,27,22,1
2015,3,2015_03_NO_CAR,NO,CAR,0,65,380.0,1964,2,22,27,0
2015,3,2015_03_OAK_CLE,CLE,LV,1,68,355.0,1651,1,20,27,0
2015,3,2015_03_OAK_CLE,LV,CLE,0,62,469.0,1949,2,27,20,1
2015,3,2015_03_PHI_NYJ,NYJ,PHI,1,75,323.0,1909,4,17,24,0
2015,3,2015_03_PHI_NYJ,PHI,NYJ,0,67,231.0,1691,1,24,17,1
2015,3,2015_03_PIT_STL,LA,PIT,1,49,258.0,1661,1,6,12,0
2015,3,2015_03_PIT_STL,PIT,LA,0,58,259.0,1939,1,12,6,1
2015,3,2015_03_SD_MIN,LAC,MIN,0,72,369.0,2009,2,14,31,0
2015,3,2015_03_SD_MIN,MIN,LAC,1,55,284.0,1591,1,31,14,1
2015,3,2015_03_SF_ARI,ARI,SF,1,70,446.0,2192,1,47,7,1
2015,3,2015_03_SF_ARI,SF,ARI,0,50,156.0,1408,4,7,47,0
2015,3,2015_03_TB_HOU,HOU,TB,1,86,413.0,2177,1,19,9,1
2015,3,2015_03_TB_HOU,TB,HOU,0,56,318.0,1423,1,9,19,0
2015,3,2015_03_WAS_NYG,NYG,WAS,1,63,363.0,1890,0,32,21,1
2015,3,2015_03_WAS_NYG,WAS,NYG,0,71,395.0,1710,3,21,32,0
2015,4,2015_04_BAL_PIT,BAL,PIT,0,78,356.0,2263,2,23,20,1
2015,4,2015_04_BAL_PIT,PIT,BAL,1,63,263.0,1929,0,20,23,0
2015,4,2015_04_CAR_TB,CAR,TB,0,57,244.0,1672,1,37,23,1
2015,4,2015_04_CAR_TB,TB,CAR,1,75,411.0,1928,5,23,37,0
2015,4,2015_04_CLE_SD,CLE,LAC,0,67,434.0,2059,1,27,30,0
2015,4,2015_04_CLE_SD,LAC,CLE,1,61,438.0,1541,0,30,27,1
2015,4,2015_04_DAL_NO,DAL,NO,0,57,335.0,1760,0,20,26,0
2015,4,2015_04_DAL_NO,NO,DAL,1,69,438.0,1853,0,26,20,1
2015,4,2015_04_DET_SEA,DET,SEA,0,53,256.0,1676,2,10,13,0
2015,4,2015_04_DET_SEA,SEA,DET,1,63,345.0,1924,2,13,10,1
2015,4,2015_04_GB_SF,GB,SF,0,68,362.0,2194,0,17,3,1
2015,4,2015_04_GB_SF,SF,GB,1,50,196.0,1406,1,3,17,0
2015,4,2015_04_HOU_ATL,ATL,HOU,1,65,378.0,2152,0,48,21,1
2015,4,2015_04_HOU_ATL,HOU,ATL,0,75,428.0,1448,4,21,48,0
2015,4,2015_04_JAX_IND,IND,JAX,1,74,326.0,2054,2,16,13,1
2015,4,2015_04_JAX_IND,JAX,IND,0,79,431.0,2170,0,13,16,0
2015,4,2015_04_KC_CIN,CIN,KC,1,51,447.0,1387,0,36,21,1
2015,4,2015_04_KC_CIN,KC,CIN,0,73,461.0,2213,1,21,36,0
2015,4,2015_04_MIN_DEN,DEN,MIN,1,53,344.0,1566,2,23,20,1
2015,4,2015_04_MIN_DEN,MIN,DEN,0,69,325.0,2034,1,20,23,0
2015,4,2015_04_NYG_BUF,BUF,NYG,1,68,313.0,1767,2,10,24,0
2015,4,2015_04_NYG_BUF,NYG,BUF,0,65,305.0,1833,1,24,10,1
2015,4,2015_04_NYJ_MIA,MIA,NYJ,1,58,226.0,1357,2,14,27,0
2015,4,2015_04_NYJ_MIA,NYJ,MIA,0,72,425.0,2243,1,27,14,1
2015,4,2015_04_OAK_CHI,CHI,LV,1,75,371.0,2002,3,22,20,1
2015,4,2015_04_OAK_CHI,LV,CHI,0,57,243.0,1598,2,20,22,0
2015,4,2015_04_PHI_WAS,PHI,WAS,0,51,320.0,1132,2,20,23,0
2015,4,2015_04_PHI_WAS,WAS,PHI,1,79,417.0,2468,1,23,20,1
2015,4,2015_04_STL_ARI,ARI,LA,1,71,447.0,1993,3,22,24,0
2015,4,2015_04_STL_ARI,LA,ARI,0,51,328.0,1607,0,24,22,1
2015,5,2015_05_ARI_DET,ARI,DET,0,45,345.0,1408,0,42,17,1
2015,5,2015_05_ARI_DET,DET,ARI,1,89,435.0,2192,6,17,42,0
2015,5,2015_05_BUF_TEN,BUF,TEN,0,50,209.0,1469,0,14,13,1
2015,5,2015_05_BUF_TEN,TEN,BUF,1,62,276.0,2131,2,13,14,0
2015,5,2015_05_CHI_KC,CHI,KC,0,75,328.0,2017,1,18,17,1
2015,5,2015_05_CHI_KC,KC,CHI,1,58,287.0,1583,0,17,18,0
2015,5,2015_05_CLE_BAL,BAL,CLE,1,68,377.0,1741,0,30,33,0
2015,5,2015_05_CLE_BAL,CLE,BAL,0,82,507.0,2356,0,33,30,1
2015,5,2015_05_DEN_OAK,DEN,LV,0,55,297.0,1551,3,16,10,1
2015,5,2015_05_DEN_OAK,LV,DEN,1,68,288.0,2049,2,10,16,0
2015,5,2015_05_IND_HOU,HOU,IND,1,70,444.0,1947,2,20,27,0
2015,5,2015_05_IND_HOU,IND,HOU,0,59,323.0,1653,0,27,20,1
2015,5,2015_05_JAX_TB,JAX,TB,0,56,325.0,1519,2,31,38,0
2015,5,2015_05_JAX_TB,TB,JAX,1,62,371.0,2081,0,38,31,1
2015,5,2015_05_NE_DAL,DAL,NE,1,66,265.0,1992,2,6,30,0
2015,5,2015_05_NE_DAL,NE,DAL,0,55,356.0,1608,0,30,6,1
2015,5,2015_05_NO_PHI,NO,PHI,0,69,388.0,1558,4,17,39,0
2015,5,2015_05_NO_PHI,PHI,NO,1,79,519.0,2042,2,39,17,1
2015,5,2015_05_PIT_SD,LAC,PIT,1,69,406.0,2023,2,20,24,0
2015,5,2015_05_PIT_SD,PIT,LAC,0,56,349.0,1577,1,24,20,1
2015,5,2015_05_SEA_CIN,CIN,SEA,1,79,419.0,2449,2,27,24,1
2015,5,2015_05_SEA_CIN,SEA,CIN,0,57,397.0,1835,1,24,27,0
2015,5,2015_05_SF_NYG,NYG,SF,1,75,525.0,1918,1,30,27,1
2015,5,2015_05_SF_NYG,SF,NYG,0,64,380.0,1682,0,27,30,0
2015,5,2015_05_STL_GB,GB,LA,1,59,322.0,1577,3,24,10,1
2015,5,2015_05_STL_GB,LA,GB,0,70,334.0,2023,4,10,24,0
2015,5,2015_05_WAS_ATL,ATL,WAS,1,78,418.0,2096,3,25,19,1
2015,5,2015_05_WAS_ATL,WAS,ATL,0,58,270.0,1669,2,19,25,0
2015,6,2015_06_ARI_PIT,ARI,PIT,0,66,469.0,1869,3,13,25,0
2015,6,2015_06_ARI_PIT,PIT,ARI,1,54,310.0,1731,0,25,13,1
2015,6,2015_06_ATL_NO,ATL,NO,0,70,413.0,1650,3,21,31,0
2015,6,2015_06_ATL_NO,NO,ATL,1,72,385.0,1950,0,31,21,1
2015,6,2015_06_BAL_SF,BAL,SF,0,75,420.0,1987,2,20,25,0
2015,6,2015_06_BAL_SF,SF,BAL,1,56,391.0,1613,0,25,20,1
2015,6,2015_06_CAR_SEA,CAR,SEA,0,72,383.0,1932,2,27,23,1
2015,6,2015_06_CAR_SEA,SEA,CAR,1,60,334.0,1668,0,23,27,0
2015,6,2015_06_CHI_DET,CHI,DET,0,74,446.0,2014,3,34,37,0
2015,6,2015_06_CHI_DET,DET,CHI,1,76,546.0,2337,1,37,34,1
2015,6,2015_06_CIN_BUF,BUF,CIN,1,67,368.0,1800,1,21,34,0
2015,6,2015_06_CIN_BUF,CIN,BUF,0,61,355.0,1800,0,34,21,1
2015,6,2015_06_DEN_CLE,CLE,DEN,1,77,298.0,1868,3,23,26,0
2015,6,2015_06_DEN_CLE,DEN,CLE,0,81,442.0,2187,3,26,23,1
2015,6,2015_06_HOU_JAX,HOU,JAX,0,68,382.0,1802,0,31,20,1
2015,6,2015_06_HOU_JAX,JAX,HOU,1,77,394.0,1798,3,20,31,0
2015,6,2015_06_KC_MIN,KC,MIN,0,57,328.0,1613,1,10,16,0
2015,6,2015_06_KC_MIN,MIN,KC,1,68,321.0,1987,2,16,10,1
2015,6,2015_06_MIA_TEN,MIA,TEN,0,63,434.0,1913,2,38,10,1
2015,6,2015_06_MIA_TEN,TEN,MIA,1,65,299.0,1687,4,10,38,0
2015,6,2015_06_NE_IND,IND,NE,1,75,409.0,1952,0,27,34,0
2015,6,2015_06_NE_IND,NE,IND,0,64,417.0,1648,1,34,27,1
2015,6,2015_06_NYG_PHI,NYG,PHI,0,64,247.0,1776,3,7,27,0
2015,6,2015_06_NYG_PHI,PHI,NYG,1,76,428.0,1824,4,27,7,1
2015,6,2015_06_SD_GB,GB,LAC,1,49,370.0,1321,0,27,20,1
2015,6,2015_06_SD_GB,LAC,GB,0,89,548.0,2279,1,20,27,0
2015,6,2015_06_WAS_NYJ,NYJ,WAS,1,67,474.0,1959,3,34,20,1
2015,6,2015_06_WAS_NYJ,WAS,NYJ,0,62,225.0,1641,2,20,34,0
2015,7,2015_07_ATL_TEN,ATL,TEN,0,69,378.0,2085,2,10,7,1
2015,7,2015_07_ATL_TEN,TEN,ATL,1,52,256.0,1515,2,7,10,0
2015,7,2015_07_BAL_ARI,ARI,BAL,1,59,414.0,1776,1,26,18,1
2015,7,2015_07_BAL_ARI,BAL,ARI,0,60,278.0,1824,1,18,26,0
2015,7,2015_07_BUF_JAX,BUF,JAX,0,75,377.0,1882,4,31,34,0
2015,7,2015_07_BUF_JAX,JAX,BUF,1,63,295.0,1718,1,34,31,1
2015,7,2015_07_CLE_STL,CLE,LA,0,65,364.0,2133,4,6,24,0
2015,7,2015_07_CLE_STL,LA,CLE,1,51,308.0,1467,1,24,6,1
2015,7,2015_07_DAL_NYG,DAL,NYG,0,69,460.0,2284,3,20,27,0
2015,7,2015_07_DAL_NYG,NYG,DAL,1,51,289.0,1316,1,27,20,1
2015,7,2015_07_HOU_MIA,HOU,MIA,0,79,322.0,1675,1,26,44,0
2015,7,2015_07_HOU_MIA,MIA,HOU,1,59,503.0,1925,1,44,26,1
2015,7,2015_07_MIN_DET,DET,MIN,1,50,274.0,1413,0,19,28,0
2015,7,2015_07_MIN_DET,MIN,DET,0,74,425.0,2187,1,28,19,1
2015,7,2015_07_NO_IND,IND,NO,1,61,376.0,1297,3,21,27,0
2015,7,2015_07_NO_IND,NO,IND,0,83,449.0,2303,1,27,21,1
2015,7,2015_07_NYJ_NE,NE,NYJ,1,66,353.0,1635,0,30,23,1
2015,7,2015_07_NYJ_NE,NYJ,NE,0,70,372.0,1983,1,23,30,0
2015,7,2015_07_OAK_SD,LAC,LV,1,82,421.0,1751,2,29,37,0
2015,7,2015_07_OAK_SD,LV,LAC,0,58,412.0,1849,0,37,29,1
2015,7,2015_07_PHI_CAR,CAR,PHI,1,58,394.0,1734,3,27,16,1
2015,7,2015_07_PHI_CAR,PHI,CAR,0,81,349.0,1866,1,16,27,0
2015,7,2015_07_PIT_KC,KC,PIT,1,63,377.0,1946,0,23,13,1
2015,7,2015_07_PIT_KC,PIT,KC,0,55,339.0,1654,3,13,23,0
2015,7,2015_07_SEA_SF,SEA,SF,0,70,388.0,2285,2,20,3,1
2015,7,2015_07_SEA_SF,SF,SEA,1,45,142.0,1315,0,3,20,0
2015,7,2015_07_TB_WAS,TB,WAS,0,60,479.0,2132,1,30,31,0
2015,7,2015_07_TB_WAS,WAS,TB,1,60,355.0,1722,1,31,30,1
2015,8,2015_08_ARI_CLE,ARI,CLE,0,77,491.0,2063,4,34,20,1
2015,8,2015_08_ARI_CLE,CLE,ARI,1,61,254.0,1537,2,20,34,0
2015,8,2015_08_CIN_PIT,CIN,PIT,0,64,296.0,1791,2,16,10,1
2015,8,2015_08_CIN_PIT,PIT,CIN,1,67,356.0,1809,3,10,16,0
2015,8,2015_08_DET_KC,DET,KC,0,58,276.0,1546,2,10,45,0
2015,8,2015_08_DET_KC,KC,DET,1,63,340.0,2054,0,45,10,1
2015,8,2015_08_GB_DEN,DEN,GB,1,63,500.0,2007,1,29,10,1
2015,8,2015_08_GB_DEN,GB,DEN,0,46,140.0,1593,0,10,29,0
2015,8,2015_08_IND_CAR,CAR,IND,1,73,379.0,2018,3,29,26,1
2015,8,2015_08_IND_CAR,IND,CAR,0,84,359.0,2160,4,26,29,0
2015,8,2015_08_MIA_NE,MIA,NE,0,62,270.0,1643,2,7,36,0
2015,8,2015_08_MIA_NE,NE,MIA,1,66,437.0,1957,0,36,7,1
2015,8,2015_08_MIN_CHI,CHI,MIN,1,59,305.0,1962,0,20,23,0
2015,8,2015_08_MIN_CHI,MIN,CHI,0,56,327.0,1638,1,23,20,1
2015,8,2015_08_NYG_NO,NO,NYG,1,76,608.0,2095,2,52,49,1
2015,8,2015_08_NYG_NO,NYG,NO,0,65,416.0,1505,1,49,52,0
2015,8,2015_08_NYJ_OAK,LV,NYJ,1,61,451.0,1838,0,34,20,1
2015,8,2015_08_NYJ_OAK,NYJ,LV,0,71,366.0,1762,1,20,34,0
2015,8,2015_08_SD_BAL,BAL,LAC,1,65,365.0,1794,0,29,26,1
2015,8,2015_08_SD_BAL,LAC,BAL,0,64,371.0,1806,0,26,29,0
2015,8,2015_08_SEA_DAL,DAL,SEA,1,57,220.0,1822,0,12,13,0
2015,8,2015_08_SEA_DAL,SEA,DAL,0,61,323.0,1778,1,13,12,1
2015,8,2015_08_SF_STL,LA,SF,1,65,390.0,1918,1,27,6,1
2015,8,2015_08_SF_STL,SF,LA,0,65,189.0,1682,0,6,27,0
2015,8,2015_08_TB_ATL,ATL,TB,1,73,496.0,2345,4,20,23,0
2015,8,2015_08_TB_ATL,TB,ATL,0,63,290.0,1811,0,23,20,1
2015,8,2015_08_TEN_HOU,HOU,TEN,1,61,270.0,1732,0,20,6,1
2015,8,2015_08_TEN_HOU,TEN,HOU,0,58,211.0,1868,3,6,20,0
2015,9,2015_09_ATL_SF,ATL,SF,0,61,302.0,1928,0,16,17,0
2015,9,2015_09_ATL_SF,SF,ATL,1,64,318.0,1672,2,17,16,1
2015,9,2015_09_CHI_SD,CHI,LAC,0,71,448.0,2015,2,22,19,1
2015,9,2015_09_CHI_SD,LAC,CHI,1,63,339.0,1585,1,19,22,0
2015,9,2015_09_CLE_CIN,CIN,CLE,1,66,371.0,2163,0,31,10,1
2015,9,2015_09_CLE_CIN,CLE,CIN,0,53,213.0,1437,0,10,31,0
2015,9,2015_09_DEN_IND,DEN,IND,0,51,309.0,1281,2,24,27,0
2015,9,2015_09_DEN_IND,IND,DEN,1,77,365.0,2319,0,27,24,1
2015,9,2015_09_GB_CAR,CAR,GB,1,66,427.0,1932,1,37,29,1
2015,9,2015_09_GB_CAR,GB,CAR,0,72,402.0,1668,2,29,37,0
2015,9,2015_09_JAX_NYJ,JAX,NYJ,0,65,436.0,1756,3,23,28,0
2015,9,2015_09_JAX_NYJ,NYJ,JAX,1,64,290.0,1844,1,28,23,1
2015,9,2015_09_MIA_BUF,BUF,MIA,1,51,420.0,1873,0,33,17,1
2015,9,2015_09_MIA_BUF,MIA,BUF,0,62,397.0,1727,1,17,33,0
2015,9,2015_09_NYG_TB,NYG,TB,0,74,327.0,2095,2,32,18,1
2015,9,2015_09_NYG_TB,TB,NYG,1,60,383.0,1505,3,18,32,0
2015,9,2015_09_OAK_PIT,LV,PIT,0,69,440.0,1676,5,35,38,0
2015,9,2015_09_OAK_PIT,PIT,LV,1,82,599.0,1924,1,38,35,1
2015,9,2015_09_PHI_DAL,DAL,PHI,1,71,411.0,2299,1,27,33,0
2015,9,2015_09_PHI_DAL,PHI,DAL,0,72,459.0,1542,0,33,27,1
2015,9,2015_09_STL_MIN,LA,MIN,0,71,320.0,1947,0,18,21,0
2015,9,2015_09_STL_MIN,MIN,LA,1,64,295.0,1993,1,21,18,1
2015,9,2015_09_TEN_NO,NO,TEN,1,70,416.0,1969,1,28,34,0
2015,9,2015_09_TEN_NO,TEN,NO,0,68,485.0,1941,2,34,28,1
2015,9,2015_09_WAS_NE,NE,WAS,1,76,460.0,2225,2,27,10,1
2015,9,2015_09_WAS_NE,WAS,NE,0,56,250.0,1518,2,10,27,0
2015,10,2015_10_ARI_SEA,ARI,SEA,0,83,451.0,2332,3,39,32,1
2015,10,2015_10_ARI_SEA,SEA,ARI,1,54,343.0,1268,1,32,39,0
2015,10,2015_10_BUF_NYJ,BUF,NYJ,0,64,280.0,1996,0,22,17,1
2015,10,2015_10_BUF_NYJ,NYJ,BUF,1,59,318.0,1604,4,17,22,0
2015,10,2015_10_CAR_TEN,CAR,TEN,0,64,303.0,2155,0,27,10,1
2015,10,2015_10_CAR_TEN,TEN,CAR,1,46,242.0,1445,2,10,27,0
2015,10,2015_10_CHI_STL,CHI,LA,0,63,397.0,2062,1,37,13,1
2015,10,2015_10_CHI_STL,LA,CHI,1,59,285.0,1538,3,13,37,0
2015,10,2015_10_CLE_PIT,CLE,PIT,0,65,342.0,1963,3,9,30,0
2015,10,2015_10_CLE_PIT,PIT,CLE,1,60,461.0,1637,2,30,9,1
2015,10,2015_10_DAL_TB,DAL,TB,0,53,216.0,1804,1,6,10,0
2015,10,2015_10_DAL_TB,TB,DAL,1,67,330.0,1796,2,10,6,1
2015,10,2015_10_DET_GB,DET,GB,0,64,287.0,1872,1,18,16,1
2015,10,2015_10_DET_GB,GB,DET,1,83,372.0,1760,0,16,18,0
2015,10,2015_10_HOU_CIN,CIN,HOU,1,62,256.0,1886,2,6,10,0
2015,10,2015_10_HOU_CIN,HOU,CIN,0,61,256.0,1714,1,10,6,1
2015,10,2015_10_JAX_BAL,BAL,JAX,1,68,397.0,1768,3,20,22,0
2015,10,2015_10_JAX_BAL,JAX,BAL,0,71,258.0,1832,2,22,20,1
2015,10,2015_10_KC_DEN,DEN,KC,1,66,221.0,1593,5,13,29,0
2015,10,2015_10_KC_DEN,KC,DEN,0,65,303.0,2007,0,29,13,1
2015,10,2015_10_MIA_PHI,MIA,PHI,0,66,289.0,1733,0,20,19,1
2015,10,2015_10_MIA_PHI,PHI,MIA,1,87,436.0,1867,1,19,20,0
2015,10,2015_10_MIN_OAK,LV,MIN,1,64,371.0,1619,2,14,30,0
2015,10,2015_10_MIN_OAK,MIN,LV,0,59,385.0,1981,0,30,14,1
2015,10,2015_10_NE_NYG,NE,NYG,0,68,406.0,1896,2,27,26,1
2015,10,2015_10_NE_NYG,NYG,NE,1,70,422.0,1704,1,26,27,0
2015,10,2015_10_NO_WAS,NO,WAS,0,55,350.0,1586,2,14,47,0
2015,10,2015_10_NO_WAS,WAS,NO,1,59,510.0,2014,0,47,14,1
2015,11,2015_11_BUF_NE,BUF,NE,0,68,319.0,1975,0,13,20,0
2015,11,2015_11_BUF_NE,NE,BUF,1,62,356.0,1625,2,20,13,1
2015,11,2015_11_CIN_ARI,ARI,CIN,1,58,383.0,1725,2,34,31,1
2015,11,2015_11_CIN_ARI,CIN,ARI,0,71,377.0,1875,1,31,34,0
2015,11,2015_11_DAL_MIA,DAL,MIA,0,68,386.0,2330,2,24,14,1
2015,11,2015_11_DAL_MIA,MIA,DAL,1,41,210.0,1270,1,14,24,0
2015,11,2015_11_DEN_CHI,CHI,DEN,1,60,347.0,1607,2,15,17,0
2015,11,2015_11_DEN_CHI,DEN,CHI,0,68,389.0,1993,0,17,15,1
2015,11,2015_11_GB_MIN,GB,MIN,0,71,322.0,1822,0,30,13,1
2015,11,2015_11_GB_MIN,MIN,GB,1,62,342.0,1778,1,13,30,0
2015,11,2015_11_IND_ATL,ATL,IND,1,71,375.0,1641,4,21,24,0
2015,11,2015_11_IND_ATL,IND,ATL,0,61,276.0,1959,3,24,21,1
2015,11,2015_11_KC_SD,KC,LAC,0,59,385.0,2008,1,33,3,1
2015,11,2015_11_KC_SD,LAC,KC,1,58,201.0,1592,1,3,33,0
2015,11,2015_11_NYJ_HOU,HOU,NYJ,1,73,364.0,1999,1,24,17,1
2015,11,2015_11_NYJ_HOU,NYJ,HOU,0,63,267.0,1601,2,17,24,0
2015,11,2015_11_OAK_DET,DET,LV,1,70,375.0,2162,0,18,13,1
2015,11,2015_11_OAK_DET,LV,DET,0,47,216.0,1438,0,13,18,0
2015,11,2015_11_SF_SEA,SEA,SF,1,75,508.0,2259,0,29,13,1
2015,11,2015_11_SF_SEA,SF,SEA,0,52,306.0,1341,0,13,29,0
2015,11,2015_11_STL_BAL,BAL,LA,1,73,388.0,1972,3,16,13,1
2015,11,2015_11_STL_BAL,LA,BAL,0,56,213.0,1628,3,13,16,0
2015,11,2015_11_TB_PHI,PHI,TB,1,72,383.0,1446,4,17,45,0
2015,11,2015_11_TB_PHI,TB,PHI,0,72,521.0,2154,0,45,17,1
2015,11,2015_11_TEN_JAX,JAX,TEN,1,58,308.0,1705,2,19,13,1
2015,11,2015_11_TEN_JAX,TEN,JAX,0,65,316.0,1895,1,13,19,0
2015,11,2015_11_WAS_CAR,CAR,WAS,1,75,368.0,2287,0,44,16,1
2015,11,2015_11_WAS_CAR,WAS,CAR,0,47,186.0,1313,5,16,44,0
2015,12,2015_12_ARI_SF,ARI,SF,0,70,337.0,2247,1,19,13,1
2015,12,2015_12_ARI_SF,SF,ARI,1,55,368.0,1353,1,13,19,0
2015,12,2015_12_BAL_CLE,BAL,CLE,0,58,336.0,1770,2,33,27,1
2015,12,2015_12_BAL_CLE,CLE,BAL,1,68,338.0,1830,0,27,33,0
2015,12,2015_12_BUF_KC,BUF,KC,0,68,415.0,1832,2,22,30,0
2015,12,2015_12_BUF_KC,KC,BUF,1,58,413.0,1768,0,30,22,1
2015,12,2015_12_CAR_DAL,CAR,DAL,0,65,294.0,2114,0,33,14,1
2015,12,2015_12_CAR_DAL,DAL,CAR,1,57,212.0,1486,3,14,33,0
2015,12,2015_12_CHI_GB,CHI,GB,0,63,290.0,1872,0,17,13,1
2015,12,2015_12_CHI_GB,GB,CHI,1,73,365.0,1728,2,13,17,0
2015,12,2015_12_MIA_NYJ,MIA,NYJ,0,70,333.0,1724,2,20,38,0
2015,12,2015_12_MIA_NYJ,NYJ,MIA,1,72,411.0,1882,0,38,20,1
2015,12,2015_12_MIN_ATL,ATL,MIN,1,57,326.0,1592,3,10,20,0
2015,12,2015_12_MIN_ATL,MIN,ATL,0,67,365.0,2008,1,20,10,1
2015,12,2015_12_NE_DEN,DEN,NE,1,77,433.0,2191,2,30,24,1
2015,12,2015_12_NE_DEN,NE,DEN,0,61,301.0,1557,0,24,30,0
2015,12,2015_12_NO_HOU,HOU,NO,1,66,362.0,2183,1,24,6,1
2015,12,2015_12_NO_HOU,NO,HOU,0,56,268.0,1417,1,6,24,0
2015,12,2015_12_NYG_WAS,NYG,WAS,0,67,332.0,1440,3,14,20,0
2015,12,2015_12_NYG_WAS,WAS,NYG,1,66,407.0,2160,0,20,14,1
2015,12,2015_12_OAK_TEN,LV,TEN,0,69,407.0,2095,2,24,21,1
2015,12,2015_12_OAK_TEN,TEN,LV,1,58,251.0,1505,2,21,24,0
2015,12,2015_12_PHI_DET,DET,PHI,1,70,430.0,2231,0,45,14,1
2015,12,2015_12_PHI_DET,PHI,DET,0,58,227.0,1369,1,14,45,0
2015,12,2015_12_PIT_SEA,PIT,SEA,0,77,540.0,1920,4,30,39,0
2015,12,2015_12_PIT_SEA,SEA,PIT,1,61,436.0,1680,0,39,30,1
2015,12,2015_12_SD_JAX,JAX,LAC,1,70,420.0,1716,1,25,31,0
2015,12,2015_12_SD_JAX,LAC,JAX,0,71,369.0,1884,0,31,25,1
2015,12,2015_12_STL_CIN,CIN,LA,1,59,376.0,1807,1,31,7,1
2015,12,2015_12_STL_CIN,LA,CIN,0,71,345.0,1793,3,7,31,0
2015,12,2015_12_TB_IND,IND,TB,1,71,336.0,1945,0,25,12,1
2015,12,2015_12_TB_IND,TB,IND,0,62,344.0,1655,1,12,25,0
2015,13,2015_13_ARI_STL,ARI,LA,0,79,524.0,2387,0,27,3,1
2015,13,2015_13_ARI_STL,LA,ARI,1,50,212.0,1213,1,3,27,0
2015,13,2015_13_ATL_TB,ATL,TB,0,66,319.0,1725,1,19,23,0
2015,13,2015_13_ATL_TB,TB,ATL,1,66,388.0,1875,2,23,19,1
2015,13,2015_13_BAL_MIA,BAL,MIA,0,75,375.0,2289,2,13,15,0
2015,13,2015_13_BAL_MIA,MIA,BAL,1,47,221.0,1311,1,15,13,1
2015,13,2015_13_CAR_NO,CAR,NO,0,76,497.0,2194,3,41,38,1
2015,13,2015_13_CAR_NO,NO,CAR,1,59,336.0,1406,1,38,41,0
2015,13,2015_13_CIN_CLE,CIN,CLE,0,56,377.0,1858,0,37,3,1
2015,13,2015_13_CIN_CLE,CLE,CIN,1,60,273.0,1742,2,3,37,0
2015,13,2015_13_DAL_WAS,DAL,WAS,0,54,318.0,1633,4,19,16,1
2015,13,2015_13_DAL_WAS,WAS,DAL,1,60,266.0,1967,0,16,19,0
2015,13,2015_13_DEN_SD,DEN,LAC,0,66,293.0,1977,1,17,3,1
2015,13,2015_13_DEN_SD,LAC,DEN,1,62,272.0,1623,3,3,17,0
2015,13,2015_13_GB_DET,DET,GB,1,63,306.0,1984,1,23,27,0
2015,13,2015_13_GB_DET,GB,DET,0,64,310.0,1616,1,27,23,1
2015,13,2015_13_HOU_BUF,BUF,HOU,1,58,390.0,1687,0,30,21,1
2015,13,2015_13_HOU_BUF,HOU,BUF,0,72,403.0,1913,1,21,30,0
2015,13,2015_13_IND_PIT,IND,PIT,0,57,240.0,1630,3,10,45,0
2015,13,2015_13_IND_PIT,PIT,IND,1,71,522.0,1970,2,45,10,1
2015,13,2015_13_JAX_TEN,JAX,TEN,0,60,383.0,1586,1,39,42,0
2015,13,2015_13_JAX_TEN,TEN,JAX,1,68,467.0,2014,2,42,39,1
2015,13,2015_13_KC_OAK,KC,LV,0,50,234.0,1532,2,34,20,1
2015,13,2015_13_KC_OAK,LV,KC,1,76,361.0,2068,3,20,34,0
2015,13,2015_13_NYJ_NYG,NYG,NYJ,1,61,355.0,1796,1,20,23,0
2015,13,2015_13_NYJ_NYG,NYJ,NYG,0,77,463.0,2311,1,23,20,1
2015,13,2015_13_PHI_NE,NE,PHI,1,86,427.0,2056,2,28,35,0
2015,13,2015_13_PHI_NE,PHI,NE,0,58,248.0,1691,1,35,28,1
2015,13,2015_13_SEA_MIN,MIN,SEA,1,48,125.0,1490,1,7,38,0
2015,13,2015_13_SEA_MIN,SEA,MIN,0,66,433.0,2110,1,38,7,1
2015,13,2015_13_SF_CHI,CHI,SF,1,74,364.0,2244,1,20,26,0
2015,13,2015_13_SF_CHI,SF,CHI,0,59,291.0,1486,0,26,20,1
2015,14,2015_14_ATL_CAR,ATL,CAR,0,62,230.0,1710,4,0,38,0
2015,14,2015_14_ATL_CAR,CAR,ATL,1,61,424.0,1890,0,38,0,1
2015,14,2015_14_BUF_PHI,BUF,PHI,0,69,412.0,2102,1,20,23,0
2015,14,2015_14_BUF_PHI,PHI,BUF,1,73,348.0,1498,2,23,20,1
2015,14,2015_14_DAL_GB,DAL,GB,0,51,270.0,1332,1,7,28,0
2015,14,2015_14_DAL_GB,GB,DAL,1,81,435.0,2268,0,28,7,1
2015,14,2015_14_DET_STL,DET,LA,0,70,331.0,2030,1,14,21,0
2015,14,2015_14_DET_STL,LA,DET,1,52,317.0,1595,1,21,14,1
2015,14,2015_14_IND_JAX,IND,JAX,0,69,322.0,1848,2,16,51,0
2015,14,2015_14_IND_JAX,JAX,IND,1,62,380.0,1752,2,51,16,1
2015,14,2015_14_MIN_ARI,ARI,MIN,1,66,393.0,1919,0,23,20,1
2015,14,2015_14_MIN_ARI,MIN,ARI,0,63,389.0,1681,3,20,23,0
2015,14,2015_14_NE_HOU,HOU,NE,1,52,189.0,1486,2,6,27,0
2015,14,2015_14_NE_HOU,NE,HOU,0,64,313.0,2114,0,27,6,1
2015,14,2015_14_NO_TB,NO,TB,0,78,388.0,2234,0,24,17,1
2015,14,2015_14_NO_TB,TB,NO,1,52,291.0,1366,0,17,24,0
2015,14,2015_14_NYG_MIA,MIA,NYG,1,64,363.0,1769,1,24,31,0
2015,14,2015_14_NYG_MIA,NYG,MIA,0,62,429.0,1831,1,31,24,1
2015,14,2015_14_OAK_DEN,DEN,LV,1,77,310.0,2158,1,12,15,0
2015,14,2015_14_OAK_DEN,LV,DEN,0,56,126.0,1442,1,15,12,1
2015,14,2015_14_PIT_CIN,CIN,PIT,1,56,385.0,1453,3,20,33,0
2015,14,2015_14_PIT_CIN,PIT,CIN,0,69,354.0,2147,1,33,20,1
2015,14,2015_14_SD_KC,KC,LAC,1,50,329.0,1730,1,10,3,1
2015,14,2015_14_SD_KC,LAC,KC,0,66,280.0,1870,2,3,10,0
2015,14,2015_14_SEA_BAL,BAL,SEA,1,55,302.0,1457,2,6,35,0
2015,14,2015_14_SEA_BAL,SEA,BAL,0,69,424.0,2143,1,35,6,1
2015,14,2015_14_SF_CLE,CLE,SF,1,74,481.0,2259,2,24,10,1
2015,14,2015_14_SF_CLE,SF,CLE,0,54,221.0,1341,0,10,24,0
2015,14,2015_14_TEN_NYJ,NYJ,TEN,1,71,439.0,2156,0,30,8,1
2015,14,2015_14_TEN_NYJ,TEN,NYJ,0,58,292.0,1444,1,8,30,0
2015,14,2015_14_WAS_CHI,CHI,WAS,1,56,377.0,1538,1,21,24,0
2015,14,2015_14_WAS_CHI,WAS,CHI,0,67,374.0,2062,1,24,21,1
2015,15,2015_15_ARI_PHI,ARI,PHI,0,74,493.0,2248,0,40,17,1
2015,15,2015_15_ARI_PHI,PHI,ARI,1,63,424.0,1352,4,17,40,0
2015,15,2015_15_ATL_JAX,ATL,JAX,0,69,328.0,2072,1,23,17,1
2015,15,2015_15_ATL_JAX,JAX,ATL,1,60,370.0,1528,1,17,23,0
2015,15,2015_15_BUF_WAS,BUF,WAS,0,64,454.0,1856,1,25,35,0
2015,15,2015_15_BUF_WAS,WAS,BUF,1,56,431.0,1744,0,35,25,1
2015,15,2015_15_CAR_NYG,CAR,NYG,0,77,480.0,1852,1,38,35,1
2015,15,2015_15_CAR_NYG,NYG,CAR,1,73,406.0,1748,2,35,38,0
2015,15,2015_15_CHI_MIN,CHI,MIN,0,62,293.0,1670,2,17,38,0
2015,15,2015_15_CHI_MIN,MIN,CHI,1,57,350.0,2000,0,38,17,1
2015,15,2015_15_CIN_SF,CIN,SF,0,61,242.0,1886,1,24,14,1
2015,15,2015_15_CIN_SF,SF,CIN,1,71,318.0,1741,4,14,24,0
2015,15,2015_15_CLE_SEA,CLE,SEA,0,52,230.0,1527,1,13,30,0
2015,15,2015_15_CLE_SEA,SEA,CLE,1,68,423.0,2073,0,30,13,1
2015,15,2015_15_DEN_PIT,DEN,PIT,0,71,385.0,1724,2,27,34,0
2015,15,2015_15_DEN_PIT,PIT,DEN,1,75,377.0,1876,2,34,27,1
2015,15,2015_15_DET_NO,DET,NO,0,51,396.0,1776,1,35,27,1
2015,15,2015_15_DET_NO,NO,DET,1,71,399.0,1824,0,27,35,0
2015,15,2015_15_GB_OAK,GB,LV,0,69,293.0,1766,2,30,20,1
2015,15,2015_15_GB_OAK,LV,GB,1,75,372.0,1834,2,20,30,0
2015,15,2015_15_HOU_IND,HOU,IND,0,68,305.0,2036,2,16,10,1
2015,15,2015_15_HOU_IND,IND,HOU,1,54,190.0,1564,2,10,16,0
2015,15,2015_15_KC_BAL,BAL,KC,1,67,366.0,1661,3,14,34,0
2015,15,2015_15_KC_BAL,KC,BAL,0,56,277.0,1939,0,34,14,1
2015,15,2015_15_MIA_SD,LAC,MIA,1,73,442.0,2333,3,30,14,1
2015,15,2015_15_MIA_SD,MIA,LAC,0,56,231.0,1267,0,14,30,0
2015,15,2015_15_NYJ_DAL,DAL,NYJ,1,56,309.0,1663,4,16,19,0
2015,15,2015_15_NYJ_DAL,NYJ,DAL,0,67,372.0,1937,1,19,16,1
2015,15,2015_15_TB_STL,LA,TB,1,52,319.0,1720,0,31,23,1
2015,15,2015_15_TB_STL,TB,LA,0,77,509.0,1880,2,23,31,0
2015,15,2015_15_TEN_NE,NE,TEN,1,63,346.0,1777,0,33,16,1
2015,15,2015_15_TEN_NE,TEN,NE,0,60,282.0,1823,4,16,33,0
2015,16,2015_16_CAR_ATL,ATL,CAR,1,62,373.0,2138,1,20,13,1
2015,16,2015_16_CAR_ATL,CAR,ATL,0,52,268.0,1462,1,13,20,0
2015,16,2015_16_CHI_TB,CHI,TB,0,67,327.0,2223,0,26,21,1
2015,16,2015_16_CHI_TB,TB,CHI,1,55,389.0,1377,3,21,26,0
2015,16,2015_16_CIN_DEN,CIN,DEN,0,70,294.0,2248,1,17,20,0
2015,16,2015_16_CIN_DEN,DEN,CIN,1,63,390.0,1670,1,20,17,1
2015,16,2015_16_CLE_KC,CLE,KC,0,68,368.0,1864,1,13,17,0
2015,16,2015_16_CLE_KC,KC,CLE,1,50,258.0,1736,1,17,13,1
2015,16,2015_16_DAL_BUF,BUF,DAL,1,61,408.0,1890,2,16,6,1
2015,16,2015_16_DAL_BUF,DAL,BUF,0,56,307.0,1710,2,6,16,0
2015,16,2015_16_GB_ARI,ARI,GB,1,56,381.0,1816,2,38,8,1
2015,16,2015_16_GB_ARI,GB,ARI,0,65,180.0,1784,4,8,38,0
2015,16,2015_16_HOU_TEN,HOU,TEN,0,69,330.0,2173,2,34,6,1
2015,16,2015_16_HOU_TEN,TEN,HOU,1,64,257.0,1427,3,6,34,0
2015,16,2015_16_IND_MIA,IND,MIA,0,54,268.0,1631,0,18,12,1
2015,16,2015_16_IND_MIA,MIA,IND,1,70,361.0,1969,1,12,18,0
2015,16,2015_16_JAX_NO,JAX,NO,0,55,414.0,1327,2,27,38,0
2015,16,2015_16_JAX_NO,NO,JAX,1,72,537.0,2273,0,38,27,1
2015,16,2015_16_NE_NYJ,NE,NYJ,0,55,284.0,1713,1,20,26,0
2015,16,2015_16_NE_NYJ,NYJ,NE,1,69,428.0,2044,1,26,20,1
2015,16,2015_16_NYG_MIN,MIN,NYG,1,68,368.0,2097,0,49,17,1
2015,16,2015_16_NYG_MIN,NYG,MIN,0,58,363.0,1503,3,17,49,0
2015,16,2015_16_PIT_BAL,BAL,PIT,1,73,386.0,2060,0,20,17,1
2015,16,2015_16_PIT_BAL,PIT,BAL,0,57,308.0,1540,3,17,20,0
2015,16,2015_16_SD_OAK,LAC,LV,0,75,343.0,2104,1,20,23,0
2015,16,2015_16_SD_OAK,LV,LAC,1,66,283.0,2001,1,23,20,1
2015,16,2015_16_SF_DET,DET,SF,1,68,371.0,2190,0,32,17,1
2015,16,2015_16_SF_DET,SF,DET,0,59,322.0,1410,1,17,32,0
2015,16,2015_16_STL_SEA,LA,SEA,0,53,205.0,1674,0,23,17,1
2015,16,2015_16_STL_SEA,SEA,LA,1,67,312.0,1926,3,17,23,0
2015,16,2015_16_WAS_PHI,PHI,WAS,1,77,398.0,1545,2,24,38,0
2015,16,2015_16_WAS_PHI,WAS,PHI,0,75,420.0,2055,0,38,24,1
2015,17,2015_17_BAL_CIN,BAL,CIN,0,78,341.0,1753,2,16,24,0
2015,17,2015_17_BAL_CIN,CIN,BAL,1,57,292.0,1847,0,24,16,1
2015,17,2015_17_DET_CHI,CHI,DET,1,52,342.0,1650,3,20,24,0
2015,17,2015_17_DET_CHI,DET,CHI,0,64,349.0,1950,0,24,20,1
2015,17,2015_17_JAX_HOU,HOU,JAX,1,74,402.0,2137,1,30,6,1
2015,17,2015_17_JAX_HOU,JAX,HOU,0,54,215.0,1463,4,6,30,0
2015,17,2015_17_MIN_GB,GB,MIN,1,75,350.0,2142,2,13,20,0
2015,17,2015_17_MIN_GB,MIN,GB,0,49,242.0,1458,2,20,13,1
2015,17,2015_17_NE_MIA,MIA,NE,1,73,438.0,1865,0,20,10,1
2015,17,2015_17_NE_MIA,NE,MIA,0,54,196.0,1735,0,10,20,0
2015,17,2015_17_NO_ATL,ATL,NO,1,63,414.0,1826,2,17,20,0
2015,17,2015_17_NO_ATL,NO,ATL,0,65,390.0,1774,1,20,17,1
2015,17,2015_17_NYJ_BUF,BUF,NYJ,1,73,295.0,2353,1,22,17,1
2015,17,2015_17_NYJ_BUF,NYJ,BUF,0,55,300.0,1247,3,17,22,0
2015,17,2015_17_OAK_KC,KC,LV,1,65,339.0,2095,2,23,17,1
2015,17,2015_17_OAK_KC,LV,KC,0,55,205.0,1505,1,17,23,0
2015,17,2015_17_PHI_NYG,NYG,PHI,1,81,502.0,1914,1,30,35,0
2015,17,2015_17_PHI_NYG,PHI,NYG,0,65,435.0,1686,2,35,30,1
2015,17,2015_17_PIT_CLE,CLE,PIT,1,76,263.0,2037,4,12,28,0
2015,17,2015_17_PIT_CLE,PIT,CLE,0,56,381.0,1563,3,28,12,1
2015,17,2015_17_SD_DEN,DEN,LAC,1,65,503.0,1528,5,27,20,1
2015,17,2015_17_SD_DEN,LAC,DEN,0,67,317.0,2072,1,20,27,0
2015,17,2015_17_SEA_ARI,ARI,SEA,1,58,232.0,1403,3,6,36,0
2015,17,2015_17_SEA_ARI,SEA,ARI,0,69,354.0,2197,0,36,6,1
2015,17,2015_17_STL_SF,LA,SF,0,71,364.0,2310,0,16,19,0
2015,17,2015_17_STL_SF,SF,LA,1,78,458.0,1983,1,19,16,1
2015,17,2015_17_TB_CAR,CAR,TB,1,62,366.0,1910,3,38,10,1
2015,17,2015_17_TB_CAR,TB,CAR,0,71,386.0,1690,2,10,38,0
2015,17,2015_17_TEN_IND,IND,TEN,1,71,327.0,1997,1,30,24,1
2015,17,2015_17_TEN_IND,TEN,IND,0,58,231.0,1603,1,24,30,0
2015,17,2015_17_WAS_DAL,DAL,WAS,1,68,512.0,1562,4,23,34,0
2015,17,2015_17_WAS_DAL,WAS,DAL,0,63,437.0,2038,0,34,23,1
2016,1,2016_01_BUF_BAL,BAL,BUF,1,65,308.0,1973,1,13,7,1
2016,1,2016_01_BUF_BAL,BUF,BAL,0,48,160.0,1627,0,7,13,0
2016,1,2016_01_CAR_DEN,CAR,DEN,0,68,333.0,1939,1,20,21,0
2016,1,2016_01_CAR_DEN,DEN,CAR,1,57,307.0,1661,3,21,20,1
2016,1,2016_01_CHI_HOU,CHI,HOU,0,54,258.0,1421,1,14,23,0
2016,1,2016_01_CHI_HOU,HOU,CHI,1,72,344.0,2179,1,23,14,1
2016,1,2016_01_CIN_NYJ,CIN,NYJ,0,56,381.0,1507,1,23,22,1
2016,1,2016_01_CIN_NYJ,NYJ,CIN,1,66,340.0,2093,1,22,23,0
2016,1,2016_01_CLE_PHI,CLE,PHI,0,50,288.0,1240,1,10,29,0
2016,1,2016_01_CLE_PHI,PHI,CLE,1,73,403.0,2360,0,29,10,1
2016,1,2016_01_DET_IND,DET,IND,0,64,448.0,1836,0,39,35,1
2016,1,2016_01_DET_IND,IND,DET,1,69,452.0,1764,0,35,39,0
2016,1,2016_01_GB_JAX,GB,JAX,0,60,294.0,1717,0,27,23,1
2016,1,2016_01_GB_JAX,JAX,GB,1,68,348.0,1883,1,23,27,0
2016,1,2016_01_LA_SF,LA,SF,0,60,185.0,1670,2,0,28,0
2016,1,2016_01_LA_SF,SF,LA,1,77,320.0,1930,1,28,0,1
2016,1,2016_01_MIA_SEA,MIA,SEA,0,54,214.0,1528,0,10,12,0
2016,1,2016_01_MIA_SEA,SEA,MIA,1,78,352.0,2072,2,12,10,1
2016,1,2016_01_MIN_TEN,MIN,TEN,0,61,301.0,1775,0,25,16,1
2016,1,2016_01_MIN_TEN,TEN,MIN,1,66,316.0,1825,3,16,25,0
2016,1,2016_01_NE_ARI,ARI,NE,1,59,344.0,1561,0,21,23,0
2016,1,2016_01_NE_ARI,NE,ARI,0,66,363.0,2039,2,23,21,1
2016,1,2016_01_NYG_DAL,DAL,NYG,1,75,328.0,2203,0,19,20,0
2016,1,2016_01_NYG_DAL,NYG,DAL,0,54,316.0,1397,1,20,19,1
2016,1,2016_01_OAK_NO,LV,NO,0,66,488.0,1825,0,35,34,1
2016,1,2016_01_OAK_NO,NO,LV,1,65,507.0,1775,1,34,35,0
2016,1,2016_01_PIT_WAS,PIT,WAS,0,68,437.0,1998,1,38,16,1
2016,1,2016_01_PIT_WAS,WAS,PIT,1,55,384.0,1602,2,16,38,0
2016,1,2016_01_SD_KC,KC,LAC,1,70,413.0,1866,1,33,27,1
2016,1,2016_01_SD_KC,LAC,KC,0,69,388.0,2041,0,27,33,0
2016,1,2016_01_TB_ATL,ATL,TB,1,65,376.0,1943,0,24,31,0
2016,1,2016_01_TB_ATL,TB,ATL,0,60,371.0,1657,1,31,24,1
2016,2,2016_02_ATL_OAK,ATL,LV,0,65,530.0,1635,1,35,28,1
2016,2,2016_02_ATL_OAK,LV,ATL,1,71,454.0,1965,0,28,35,0
2016,2,2016_02_BAL_CLE,BAL,CLE,0,71,382.0,1859,2,25,20,1
2016,2,2016_02_BAL_CLE,CLE,BAL,1,59,387.0,1741,2,20,25,0
2016,2,2016_02_CIN_PIT,CIN,PIT,0,73,412.0,1625,2,16,24,0
2016,2,2016_02_CIN_PIT,PIT,CIN,1,74,374.0,1975,2,24,16,1
2016,2,2016_02_DAL_WAS,DAL,WAS,0,64,380.0,2039,1,27,23,1
2016,2,2016_02_DAL_WAS,WAS,DAL,1,65,432.0,1629,1,23,27,0
2016,2,2016_02_GB_MIN,GB,MIN,0,64,263.0,1782,3,14,17,0
2016,2,2016_02_GB_MIN,MIN,GB,1,57,284.0,1818,0,17,14,1
2016,2,2016_02_IND_DEN,DEN,IND,1,66,402.0,1841,1,34,20,1
2016,2,2016_02_IND_DEN,IND,DEN,0,66,253.0,1759,2,20,34,0
2016,2,2016_02_JAX_SD,JAX,LAC,0,63,388.0,1508,3,14,38,0
2016,2,2016_02_JAX_SD,LAC,JAX,1,63,357.0,2092,1,38,14,1
2016,2,2016_02_KC_HOU,HOU,KC,1,69,351.0,2039,2,19,12,1
2016,2,2016_02_KC_HOU,KC,HOU,0,60,291.0,1561,3,12,19,0
2016,2,2016_02_MIA_NE,MIA,NE,0,61,457.0,1394,4,24,31,0
2016,2,2016_02_MIA_NE,NE,MIA,1,75,463.0,2206,1,31,24,1
2016,2,2016_02_NO_NYG,NO,NYG,0,59,288.0,1553,0,13,16,0
2016,2,2016_02_NO_NYG,NYG,NO,1,75,417.0,2047,3,16,13,1
2016,2,2016_02_NYJ_BUF,BUF,NYJ,1,50,393.0,1248,1,31,37,0
2016,2,2016_02_NYJ_BUF,NYJ,BUF,0,71,493.0,2352,1,37,31,1
2016,2,2016_02_PHI_CHI,CHI,PHI,1,50,284.0,1435,3,14,29,0
2016,2,2016_02_PHI_CHI,PHI,CHI,0,68,280.0,2165,0,29,14,1
2016,2,2016_02_SEA_LA,LA,SEA,1,58,283.0,1797,0,9,3,1
2016,2,2016_02_SEA_LA,SEA,LA,0,61,306.0,1803,1,3,9,0
2016,2,2016_02_SF_CAR,CAR,SF,1,78,529.0,2161,4,46,27,1
2016,2,2016_02_SF_CAR,SF,CAR,0,64,302.0,1446,3,27,46,0
2016,2,2016_02_TB_ARI,ARI,TB,1,65,416.0,1743,0,40,7,1
2016,2,2016_02_TB_ARI,TB,ARI,0,76,306.0,1857,5,7,40,0
2016,2,2016_02_TEN_DET,DET,TEN,1,67,375.0,1749,1,15,16,0
2016,2,2016_02_TEN_DET,TEN,DET,0,61,363.0,1851,1,16,15,1
2016,3,2016_03_ARI_BUF,ARI,BUF,0,78,348.0,2040,5,18,33,0
2016,3,2016_03_ARI_BUF,BUF,ARI,1,61,297.0,1560,1,33,18,1
2016,3,2016_03_ATL_NO,ATL,NO,0,63,442.0,1358,1,45,32,1
2016,3,2016_03_ATL_NO,NO,ATL,1,80,476.0,1954,1,32,45,0
2016,3,2016_03_BAL_JAX,BAL,JAX,0,64,283.0,1866,2,19,17,1
2016,3,2016_03_BAL_JAX,JAX,BAL,1,63,216.0,1734,4,17,19,0
2016,3,2016_03_CHI_DAL,CHI,DAL,0,64,390.0,1481,2,17,31,0
2016,3,2016_03_CHI_DAL,DAL,CHI,1,65,447.0,2119,1,31,17,1
2016,3,2016_03_CLE_MIA,CLE,MIA,0,75,432.0,2242,1,24,30,0
2016,3,2016_03_CLE_MIA,MIA,CLE,1,65,426.0,1752,3,30,24,1
2016,3,2016_03_DEN_CIN,CIN,DEN,1,64,332.0,1926,1,17,29,0
2016,3,2016_03_DEN_CIN,DEN,CIN,0,61,355.0,1674,2,29,17,1
2016,3,2016_03_DET_GB,DET,GB,0,67,418.0,2107,1,27,34,0
2016,3,2016_03_DET_GB,GB,DET,1,50,324.0,1493,0,34,27,1
2016,3,2016_03_HOU_NE,HOU,NE,0,70,284.0,1882,3,0,27,0
2016,3,2016_03_HOU_NE,NE,HOU,1,59,282.0,1718,0,27,0,1
2016,3,2016_03_LA_TB,LA,TB,0,61,320.0,1584,2,37,32,1
2016,3,2016_03_LA_TB,TB,LA,1,84,472.0,2016,2,32,37,0
2016,3,2016_03_MIN_CAR,CAR,MIN,1,72,306.0,2092,3,10,22,0
2016,3,2016_03_MIN_CAR,MIN,CAR,0,55,213.0,1508,0,22,10,1
2016,3,2016_03_NYJ_KC,KC,NYJ,1,62,293.0,1925,1,24,3,1
2016,3,2016_03_NYJ_KC,NYJ,KC,0,66,305.0,1675,8,3,24,0
2016,3,2016_03_OAK_TEN,LV,TEN,0,61,368.0,1743,1,17,10,1
2016,3,2016_03_OAK_TEN,TEN,LV,1,63,393.0,1857,3,10,17,0
2016,3,2016_03_PIT_PHI,PHI,PIT,1,61,426.0,2096,0,34,3,1
2016,3,2016_03_PIT_PHI,PIT,PHI,0,58,251.0,1598,2,3,34,0
2016,3,2016_03_SD_IND,IND,LAC,1,66,410.0,1963,2,26,22,1
2016,3,2016_03_SD_IND,LAC,IND,0,58,352.0,1637,3,22,26,0
2016,3,2016_03_SF_SEA,SEA,SF,1,65,418.0,2157,2,37,18,1
2016,3,2016_03_SF_SEA,SF,SEA,0,57,256.0,1443,1,18,37,0
2016,3,2016_03_WAS_NYG,NYG,WAS,1,61,457.0,1594,4,27,29,0
2016,3,2016_03_WAS_NYG,WAS,NYG,0,68,403.0,2006,0,29,27,1
2016,4,2016_04_BUF_NE,BUF,NE,0,73,378.0,2171,0,16,0,1
2016,4,2016_04_BUF_NE,NE,BUF,1,52,277.0,1429,1,0,16,0
2016,4,2016_04_CAR_ATL,ATL,CAR,1,65,571.0,2029,1,48,33,1
2016,4,2016_04_CAR_ATL,CAR,ATL,0,65,380.0,1571,2,33,48,0
2016,4,2016_04_CLE_WAS,CLE,WAS,0,69,380.0,1737,3,20,31,0
2016,4,2016_04_CLE_WAS,WAS,CLE,1,56,301.0,1863,1,31,20,1
2016,4,2016_04_DAL_SF,DAL,SF,0,73,428.0,2187,0,24,17,1
2016,4,2016_04_DAL_SF,SF,DAL,1,53,295.0,1413,1,17,24,0
2016,4,2016_04_DEN_TB,DEN,TB,0,67,307.0,1884,0,27,7,1
2016,4,2016_04_DEN_TB,TB,DEN,1,66,215.0,1716,3,7,27,0
2016,4,2016_04_DET_CHI,CHI,DET,1,67,408.0,1994,0,17,14,1
2016,4,2016_04_DET_CHI,DET,CHI,0,57,265.0,1606,2,14,17,0
2016,4,2016_04_IND_JAX,IND,JAX,0,73,284.0,1959,1,27,30,0
2016,4,2016_04_IND_JAX,JAX,IND,1,65,331.0,1641,0,30,27,1
2016,4,2016_04_KC_PIT,KC,PIT,0,72,357.0,1836,2,14,43,0
2016,4,2016_04_KC_PIT,PIT,KC,1,56,438.0,1764,0,43,14,1
2016,4,2016_04_LA_ARI,ARI,LA,1,75,420.0,1929,5,13,17,0
2016,4,2016_04_LA_ARI,LA,ARI,0,55,288.0,1671,1,17,13,1
2016,4,2016_04_MIA_CIN,CIN,MIA,1,69,362.0,2282,0,22,7,1
2016,4,2016_04_MIA_CIN,MIA,CIN,0,43,222.0,1318,2,7,22,0
2016,4,2016_04_NO_SD,LAC,NO,1,67,346.0,1641,3,34,35,0
2016,4,2016_04_NO_SD,NO,LAC,0,72,275.0,1959,2,35,34,1
2016,4,2016_04_NYG_MIN,MIN,NYG,1,69,366.0,2132,1,24,10,1
2016,4,2016_04_NYG_MIN,NYG,MIN,0,63,339.0,1468,1,10,24,0
2016,4,2016_04_OAK_BAL,BAL,LV,1,81,412.0,2084,1,27,28,0
2016,4,2016_04_OAK_BAL,LV,BAL,0,54,261.0,1516,1,28,27,1
2016,4,2016_04_SEA_NYJ,NYJ,SEA,1,65,305.0,1755,3,17,27,0
2016,4,2016_04_SEA_NYJ,SEA,NYJ,0,60,354.0,1845,0,27,17,1
2016,4,2016_04_TEN_HOU,HOU,TEN,1,62,359.0,1698,2,27,20,1
2016,4,2016_04_TEN_HOU,TEN,HOU,0,62,320.0,1902,1,20,27,0
2016,5,2016_05_ARI_SF,ARI,SF,0,66,288.0,1904,0,33,21,1
2016,5,2016_05_ARI_SF,SF,ARI,1,74,286.0,1696,3,21,33,0
2016,5,2016_05_ATL_DEN,ATL,DEN,0,62,372.0,1732,1,23,16,1
2016,5,2016_05_ATL_DEN,DEN,ATL,1,65,267.0,1868,1,16,23,0
2016,5,2016_05_BUF_LA,BUF,LA,0,52,305.0,1466,0,30,19,1
2016,5,2016_05_BUF_LA,LA,BUF,1,64,345.0,2134,3,19,30,0
2016,5,2016_05_CHI_IND,CHI,IND,0,62,522.0,1805,1,23,29,0
2016,5,2016_05_CHI_IND,IND,CHI,1,65,396.0,1795,0,29,23,1
2016,5,2016_05_CIN_DAL,CIN,DAL,0,64,345.0,1937,0,14,28,0
2016,5,2016_05_CIN_DAL,DAL,CIN,1,54,402.0,1663,1,28,14,1
2016,5,2016_05_HOU_MIN,HOU,MIN,0,60,214.0,1352,1,13,31,0
2016,5,2016_05_HOU_MIN,MIN,HOU,1,69,351.0,2248,0,31,13,1
2016,5,2016_05_NE_CLE,CLE,NE,1,60,262.0,1521,1,13,33,0
2016,5,2016_05_NE_CLE,NE,CLE,0,77,501.0,2079,0,33,13,1
2016,5,2016_05_NYG_GB,GB,NYG,1,77,406.0,2198,2,23,16,1
2016,5,2016_05_NYG_GB,NYG,GB,0,54,221.0,1402,1,16,23,0
2016,5,2016_05_NYJ_PIT,NYJ,PIT,0,58,316.0,1690,0,13,31,0
2016,5,2016_05_NYJ_PIT,PIT,NYJ,1,72,436.0,1910,1,31,13,1
2016,5,2016_05_PHI_DET,DET,PHI,1,56,244.0,1824,1,24,23,1
2016,5,2016_05_PHI_DET,PHI,DET,0,57,346.0,1776,2,23,24,0
2016,5,2016_05_SD_OAK,LAC,LV,0,51,423.0,1422,4,31,34,0
2016,5,2016_05_SD_OAK,LV,LAC,1,69,391.0,2178,1,34,31,1
2016,5,2016_05_TB_CAR,CAR,TB,1,53,414.0,1551,3,14,17,0
2016,5,2016_05_TB_CAR,TB,CAR,0,70,317.0,2049,1,17,14,1
2016,5,2016_05_TEN_MIA,MIA,TEN,1,41,200.0,1396,2,17,30,0
2016,5,2016_05_TEN_MIA,TEN,MIA,0,70,398.0,2204,0,30,17,1
2016,5,2016_05_WAS_BAL,BAL,WAS,1,69,306.0,1825,0,10,16,0
2016,5,2016_05_WAS_BAL,WAS,BAL,0,62,310.0,1775,3,16,10,1
2016,6,2016_06_ATL_SEA,ATL,SEA,0,64,362.0,1791,2,24,26,0
2016,6,2016_06_ATL_SEA,SEA,ATL,1,65,333.0,1809,0,26,24,1
2016,6,2016_06_BAL_NYG,BAL,NYG,0,76,391.0,2104,0,23,27,0
2016,6,2016_06_BAL_NYG,NYG,BAL,1,64,435.0,1496,3,27,23,1
2016,6,2016_06_CAR_NO,CAR,NO,0,77,408.0,1865,2,38,41,0
2016,6,2016_06_CAR_NO,NO,CAR,1,71,523.0,1735,1,41,38,1
2016,6,2016_06_CIN_NE,CIN,NE,0,65,357.0,1923,0,17,35,0
2016,6,2016_06_CIN_NE,NE,CIN,1,61,437.0,1677,0,35,17,1
2016,6,2016_06_CLE_TEN,CLE,TEN,0,64,341.0,1739,0,26,28,0
2016,6,2016_06_CLE_TEN,TEN,CLE,1,57,407.0,1961,1,28,26,1
2016,6,2016_06_DAL_GB,DAL,GB,0,62,424.0,1790,2,30,16,1
2016,6,2016_06_DAL_GB,GB,DAL,1,67,372.0,1810,4,16,30,0
2016,6,2016_06_DEN_SD,DEN,LAC,0,68,304.0,1592,3,13,21,0
2016,6,2016_06_DEN_SD,LAC,DEN,1,60,265.0,2266,1,21,13,1
2016,6,2016_06_IND_HOU,HOU,IND,1,68,414.0,1817,1,26,23,1
2016,6,2016_06_IND_HOU,IND,HOU,0,67,392.0,2193,1,23,26,0
2016,6,2016_06_JAX_CHI,CHI,JAX,1,77,389.0,2147,0,16,17,0
2016,6,2016_06_JAX_CHI,JAX,CHI,0,55,317.0,1453,2,17,16,1
2016,6,2016_06_KC_OAK,KC,LV,0,64,406.0,2205,0,26,10,1
2016,6,2016_06_KC_OAK,LV,KC,1,53,285.0,1395,2,10,26,0
2016,6,2016_06_LA_DET,DET,LA,1,58,348.0,1932,0,31,28,1
2016,6,2016_06_LA_DET,LA,DET,0,55,387.0,1668,1,28,31,0
2016,6,2016_06_NYJ_ARI,ARI,NYJ,1,70,396.0,2162,0,28,3,1
2016,6,2016_06_NYJ_ARI,NYJ,ARI,0,52,230.0,1438,2,3,28,0
2016,6,2016_06_PHI_WAS,PHI,WAS,0,48,239.0,1547,0,20,27,0
2016,6,2016_06_PHI_WAS,WAS,PHI,1,67,493.0,2053,1,27,20,1
2016,6,2016_06_PIT_MIA,MIA,PIT,1,68,474.0,2190,0,30,15,1
2016,6,2016_06_PIT_MIA,PIT,MIA,0,54,299.0,1286,2,15,30,0
2016,6,2016_06_SF_BUF,BUF,SF,1,74,492.0,2111,2,45,16,1
2016,6,2016_06_SF_BUF,SF,BUF,0,60,300.0,1489,1,16,45,0
2016,7,2016_07_BAL_NYJ,BAL,NYJ,0,57,245.0,1403,2,16,24,0
2016,7,2016_07_BAL_NYJ,NYJ,BAL,1,66,344.0,2284,2,24,16,1
2016,7,2016_07_BUF_MIA,BUF,MIA,0,55,269.0,1378,0,25,28,0
2016,7,2016_07_BUF_MIA,MIA,BUF,1,68,456.0,2222,0,28,25,1
2016,7,2016_07_CHI_GB,CHI,GB,0,45,189.0,1224,2,10,26,0
2016,7,2016_07_CHI_GB,GB,CHI,1,81,406.0,2376,1,26,10,1
2016,7,2016_07_CLE_CIN,CIN,CLE,1,61,559.0,1692,0,31,17,1
2016,7,2016_07_CLE_CIN,CLE,CIN,0,63,352.0,1908,3,17,31,0
2016,7,2016_07_HOU_DEN,DEN,HOU,1,60,347.0,1838,0,27,9,1
2016,7,2016_07_HOU_DEN,HOU,DEN,0,67,271.0,1762,2,9,27,0
2016,7,2016_07_IND_TEN,IND,TEN,0,65,422.0,1950,0,34,26,1
2016,7,2016_07_IND_TEN,TEN,IND,1,69,331.0,1840,1,26,34,0
2016,7,2016_07_MIN_PHI,MIN,PHI,0,74,282.0,1928,3,10,21,0
2016,7,2016_07_MIN_PHI,PHI,MIN,1,55,241.0,1672,5,21,10,1
2016,7,2016_07_NE_PIT,NE,PIT,0,55,362.0,1651,1,27,16,1
2016,7,2016_07_NE_PIT,PIT,NE,1,69,375.0,1949,2,16,27,0
2016,7,2016_07_NO_KC,KC,NO,1,52,326.0,1642,0,27,21,1
2016,7,2016_07_NO_KC,NO,KC,0,71,463.0,1958,2,21,27,0
2016,7,2016_07_NYG_LA,LA,NYG,1,76,345.0,2103,4,10,17,0
2016,7,2016_07_NYG_LA,NYG,LA,0,57,232.0,1497,1,17,10,1
2016,7,2016_07_OAK_JAX,JAX,LV,1,60,344.0,1593,2,16,33,0
2016,7,2016_07_OAK_JAX,LV,JAX,0,71,344.0,2007,1,33,16,1
2016,7,2016_07_SD_ATL,ATL,LAC,1,63,386.0,1830,1,30,33,0
2016,7,2016_07_SD_ATL,LAC,ATL,0,75,426.0,2129,2,33,30,1
2016,7,2016_07_SEA_ARI,ARI,SEA,1,90,443.0,2781,0,6,6,0
2016,7,2016_07_SEA_ARI,SEA,ARI,0,57,257.0,1719,0,6,6,0
2016,7,2016_07_TB_SF,SF,TB,1,66,273.0,1571,2,17,34,0
2016,7,2016_07_TB_SF,TB,SF,0,73,513.0,2029,2,34,17,1
2016,7,2016_07_WAS_DET,DET,WAS,1,51,344.0,1501,0,20,17,1
2016,7,2016_07_WAS_DET,WAS,DET,0,70,413.0,2099,2,17,20,0
2016,8,2016_08_ARI_CAR,ARI,CAR,0,65,340.0,1752,2,20,30,0
2016,8,2016_08_ARI_CAR,CAR,ARI,1,64,349.0,1848,1,30,20,1
2016,8,2016_08_DET_HOU,DET,HOU,0,56,289.0,1562,0,13,20,0
2016,8,2016_08_DET_HOU,HOU,DET,1,63,269.0,2038,1,20,13,1
2016,8,2016_08_GB_ATL,ATL,GB,1,57,367.0,1723,0,33,32,1
2016,8,2016_08_GB_ATL,GB,ATL,0,61,333.0,1877,0,32,33,0
2016,8,2016_08_JAX_TEN,JAX,TEN,0,68,372.0,1535,0,22,36,0
2016,8,2016_08_JAX_TEN,TEN,JAX,1,66,494.0,2065,1,36,22,1
2016,8,2016_08_KC_IND,IND,KC,1,62,277.0,1584,2,14,30,0
2016,8,2016_08_KC_IND,KC,IND,0,71,422.0,2016,0,30,14,1
2016,8,2016_08_MIN_CHI,CHI,MIN,1,61,403.0,1961,0,20,10,1
2016,8,2016_08_MIN_CHI,MIN,CHI,0,60,258.0,1639,0,10,20,0
2016,8,2016_08_NE_BUF,BUF,NE,1,69,378.0,1809,0,25,41,0
2016,8,2016_08_NE_BUF,NE,BUF,0,61,357.0,1791,0,41,25,1
2016,8,2016_08_NYJ_CLE,CLE,NYJ,1,71,409.0,1579,2,28,31,0
2016,8,2016_08_NYJ_CLE,NYJ,CLE,0,71,393.0,2021,0,31,28,1
2016,8,2016_08_OAK_TB,LV,TB,0,85,626.0,2652,1,30,24,1
2016,8,2016_08_OAK_TB,TB,LV,1,62,272.0,1743,0,24,30,0
2016,8,2016_08_PHI_DAL,DAL,PHI,1,76,460.0,2037,1,29,23,1
2016,8,2016_08_PHI_DAL,PHI,DAL,0,71,291.0,1995,1,23,29,0
2016,8,2016_08_SD_DEN,DEN,LAC,1,64,324.0,1612,3,27,19,1
2016,8,2016_08_SD_DEN,LAC,DEN,0,78,369.0,1988,3,19,27,0
2016,8,2016_08_SEA_NO,NO,SEA,1,73,375.0,2172,1,25,20,1
2016,8,2016_08_SEA_NO,SEA,NO,0,54,359.0,1428,1,20,25,0
2016,8,2016_08_WAS_CIN,CIN,WAS,1,81,415.0,2118,2,27,27,0
2016,8,2016_08_WAS_CIN,WAS,CIN,0,88,546.0,2382,1,27,27,0
2016,9,2016_09_ATL_TB,ATL,TB,0,71,461.0,2008,1,43,28,1
2016,9,2016_09_ATL_TB,TB,ATL,1,72,398.0,1592,2,28,43,0
2016,9,2016_09_BUF_SEA,BUF,SEA,0,83,427.0,2417,1,25,31,0
2016,9,2016_09_BUF_SEA,SEA,BUF,1,42,278.0,1183,0,31,25,1
2016,9,2016_09_CAR_LA,CAR,LA,0,62,244.0,2052,0,13,10,1
2016,9,2016_09_CAR_LA,LA,CAR,1,67,339.0,1548,1,10,13,0
2016,9,2016_09_DAL_CLE,CLE,DAL,1,44,222.0,1221,0,10,35,0
2016,9,2016_09_DAL_CLE,DAL,CLE,0,70,423.0,2379,0,35,10,1
2016,9,2016_09_DEN_OAK,DEN,LV,0,51,299.0,1112,2,20,30,0
2016,9,2016_09_DEN_OAK,LV,DEN,1,76,397.0,2488,0,30,20,1
2016,9,2016_09_DET_MIN,DET,MIN,0,62,311.0,2011,1,22,16,1
2016,9,2016_09_DET_MIN,MIN,DET,1,67,337.0,1988,0,16,22,0
2016,9,2016_09_IND_GB,GB,IND,1,66,405.0,1797,1,26,31,0
2016,9,2016_09_IND_GB,IND,GB,0,66,355.0,1803,2,31,26,1
2016,9,2016_09_JAX_KC,JAX,KC,0,75,449.0,1779,3,14,19,0
2016,9,2016_09_JAX_KC,KC,JAX,1,57,231.0,1821,1,19,14,1
2016,9,2016_09_NO_SF,NO,SF,0,82,571.0,2333,0,41,23,1
2016,9,2016_09_NO_SF,SF,NO,1,57,486.0,1267,4,23,41,0
2016,9,2016_09_NYJ_MIA,MIA,NYJ,1,62,274.0,1822,0,27,23,1
2016,9,2016_09_NYJ_MIA,NYJ,MIA,0,53,331.0,1778,2,23,27,0
2016,9,2016_09_PHI_NYG,NYG,PHI,1,61,302.0,1640,2,28,23,1
2016,9,2016_09_PHI_NYG,PHI,NYG,0,74,443.0,1960,2,23,28,0
2016,9,2016_09_PIT_BAL,BAL,PIT,1,64,276.0,1930,1,21,14,1
2016,9,2016_09_PIT_BAL,PIT,BAL,0,65,277.0,1670,1,14,21,0
2016,9,2016_09_TEN_SD,LAC,TEN,1,73,476.0,2189,0,43,35,1
2016,9,2016_09_TEN_SD,TEN,LAC,0,62,393.0,1411,3,35,43,0
2016,10,2016_10_ATL_PHI,ATL,PHI,0,48,303.0,1310,1,15,24,0
2016,10,2016_10_ATL_PHI,PHI,ATL,1,77,431.0,2290,1,24,15,1
2016,10,2016_10_CHI_TB,CHI,TB,0,54,283.0,1371,4,10,36,0
2016,10,2016_10_CHI_TB,TB,CHI,1,68,360.0,2229,1,36,10,1
2016,10,2016_10_CIN_NYG,CIN,NYG,0,55,264.0,1717,1,20,21,0
2016,10,2016_10_CIN_NYG,NYG,CIN,1,72,351.0,1883,2,21,20,1
2016,10,2016_10_CLE_BAL,BAL,CLE,1,78,398.0,2316,2,28,7,1
2016,10,2016_10_CLE_BAL,CLE,BAL,0,48,144.0,1284,3,7,28,0
2016,10,2016_10_DAL_PIT,DAL,PIT,0,61,422.0,1824,1,35,30,1
2016,10,2016_10_DAL_PIT,PIT,DAL,1,70,448.0,1776,0,30,35,0
2016,10,2016_10_DEN_NO,DEN,NO,0,83,337.0,2362,2,25,23,1
2016,10,2016_10_DEN_NO,NO,DEN,1,51,373.0,1238,4,23,25,0
2016,10,2016_10_GB_TEN,GB,TEN,0,74,402.0,1829,2,25,47,0
2016,10,2016_10_GB_TEN,TEN,GB,1,60,446.0,1771,1,47,25,1
2016,10,2016_10_HOU_JAX,HOU,JAX,0,61,273.0,1670,0,24,21,1
2016,10,2016_10_HOU_JAX,JAX,HOU,1,74,329.0,1930,2,21,24,0
2016,10,2016_10_KC_CAR,CAR,KC,1,69,341.0,2112,2,17,20,0
2016,10,2016_10_KC_CAR,KC,CAR,0,62,258.0,1488,1,20,17,1
2016,10,2016_10_LA_NYJ,LA,NYJ,0,67,280.0,2069,0,9,6,1
2016,10,2016_10_LA_NYJ,NYJ,LA,1,58,296.0,1353,1,6,9,0
2016,10,2016_10_MIA_SD,LAC,MIA,1,71,379.0,1979,5,24,31,0
2016,10,2016_10_MIA_SD,MIA,LAC,0,50,337.0,1621,0,31,24,1
2016,10,2016_10_MIN_WAS,MIN,WAS,0,64,331.0,1804,1,20,26,0
2016,10,2016_10_MIN_WAS,WAS,MIN,1,62,388.0,1796,1,26,20,1
2016,10,2016_10_SEA_NE,NE,SEA,1,62,385.0,1775,2,24,31,0
2016,10,2016_10_SEA_NE,SEA,NE,0,67,420.0,1825,0,31,24,1
2016,10,2016_10_SF_ARI,ARI,SF,1,74,443.0,1938,5,23,20,1
2016,10,2016_10_SF_ARI,SF,ARI,0,61,281.0,1662,0,20,23,0
2016,11,2016_11_ARI_MIN,ARI,MIN,0,70,290.0,1862,2,24,30,0
2016,11,2016_11_ARI_MIN,MIN,ARI,1,54,217.0,1738,1,30,24,1
2016,11,2016_11_BAL_DAL,BAL,DAL,0,52,368.0,1461,0,17,27,0
2016,11,2016_11_BAL_DAL,DAL,BAL,1,67,417.0,2139,0,27,17,1
2016,11,2016_11_BUF_CIN,BUF,CIN,0,63,342.0,1931,1,16,12,1
2016,11,2016_11_BUF_CIN,CIN,BUF,1,71,300.0,1669,2,12,16,0
2016,11,2016_11_CHI_NYG,CHI,NYG,0,59,315.0,1829,1,16,22,0
2016,11,2016_11_CHI_NYG,NYG,CHI,1,65,329.0,1771,0,22,16,1
2016,11,2016_11_GB_WAS,GB,WAS,0,65,424.0,1823,2,24,42,0
2016,11,2016_11_GB_WAS,WAS,GB,1,64,515.0,1777,0,42,24,1
2016,11,2016_11_HOU_OAK,HOU,LV,0,74,354.0,2313,2,20,27,0
2016,11,2016_11_HOU_OAK,LV,HOU,1,51,325.0,1413,1,27,20,1
2016,11,2016_11_JAX_DET,DET,JAX,1,57,277.0,1625,1,26,19,1
2016,11,2016_11_JAX_DET,JAX,DET,0,62,285.0,1975,4,19,26,0
2016,11,2016_11_MIA_LA,LA,MIA,1,60,227.0,1879,1,10,14,0
2016,11,2016_11_MIA_LA,MIA,LA,0,57,240.0,1721,1,14,10,1
2016,11,2016_11_NE_SF,NE,SF,0,71,444.0,1757,0,30,17,1
2016,11,2016_11_NE_SF,SF,NE,1,62,299.0,1843,0,17,30,0
2016,11,2016_11_NO_CAR,CAR,NO,1,62,223.0,1665,0,23,20,1
2016,11,2016_11_NO_CAR,NO,CAR,0,72,371.0,1935,2,20,23,0
2016,11,2016_11_PHI_SEA,PHI,SEA,0,74,310.0,1866,2,15,26,0
2016,11,2016_11_PHI_SEA,SEA,PHI,1,63,439.0,1734,0,26,15,1
2016,11,2016_11_PIT_CLE,CLE,PIT,1,62,209.0,1562,2,9,24,0
2016,11,2016_11_PIT_CLE,PIT,CLE,0,65,315.0,2038,0,24,9,1
2016,11,2016_11_TB_KC,KC,TB,1,52,343.0,1482,2,17,19,0
2016,11,2016_11_TB_KC,TB,KC,0,74,442.0,2118,1,19,17,1
2016,11,2016_11_TEN_IND,IND,TEN,1,58,327.0,1739,1,24,17,1
2016,11,2016_11_TEN_IND,TEN,IND,0,70,351.0,1861,0,17,24,0
2016,12,2016_12_ARI_ATL,ARI,ATL,0,62,332.0,1538,1,19,38,0
2016,12,2016_12_ARI_ATL,ATL,ARI,1,67,360.0,2062,1,38,19,1
2016,12,2016_12_CAR_OAK,CAR,LV,0,58,358.0,1583,2,32,35,0
2016,12,2016_12_CAR_OAK,LV,CAR,1,72,368.0,2017,2,35,32,1
2016,12,2016_12_CIN_BAL,BAL,CIN,1,68,311.0,1877,1,19,14,1
2016,12,2016_12_CIN_BAL,CIN,BAL,0,71,325.0,1723,2,14,19,0
2016,12,2016_12_GB_PHI,GB,PHI,0,67,387.0,2123,0,27,13,1
2016,12,2016_12_GB_PHI,PHI,GB,1,58,292.0,1477,1,13,27,0
2016,12,2016_12_JAX_BUF,BUF,JAX,1,53,306.0,1585,0,28,21,1
2016,12,2016_12_JAX_BUF,JAX,BUF,0,65,301.0,2015,0,21,28,0
2016,12,2016_12_KC_DEN,DEN,KC,1,77,464.0,2239,0,27,30,0
2016,12,2016_12_KC_DEN,KC,DEN,0,77,275.0,2259,1,30,27,1
2016,12,2016_12_LA_NO,LA,NO,0,52,247.0,1444,2,21,49,0
2016,12,2016_12_LA_NO,NO,LA,1,71,555.0,2156,1,49,21,1
2016,12,2016_12_MIN_DET,DET,MIN,1,61,308.0,1709,0,16,13,1
2016,12,2016_12_MIN_DET,MIN,DET,0,53,306.0,1891,1,13,16,0
2016,12,2016_12_NE_NYJ,NE,NYJ,0,72,377.0,1836,0,22,17,1
2016,12,2016_12_NE_NYJ,NYJ,NE,1,56,333.0,1764,2,17,22,0
2016,12,2016_12_NYG_CLE,CLE,NYG,1,72,343.0,2031,4,13,27,0
2016,12,2016_12_NYG_CLE,NYG,CLE,0,55,296.0,1569,0,27,13,1
2016,12,2016_12_PIT_IND,IND,PIT,1,63,310.0,1905,2,7,28,0
2016,12,2016_12_PIT_IND,PIT,IND,0,50,369.0,1695,0,28,7,1
2016,12,2016_12_SD_HOU,HOU,LAC,1,65,353.0,1801,4,13,21,0
2016,12,2016_12_SD_HOU,LAC,HOU,0,49,302.0,1813,1,21,13,1
2016,12,2016_12_SEA_TB,SEA,TB,0,61,245.0,1581,3,5,14,0
2016,12,2016_12_SEA_TB,TB,SEA,1,63,338.0,2019,2,14,5,1
2016,12,2016_12_SF_MIA,MIA,SF,1,58,358.0,1832,0,31,24,1
2016,12,2016_12_SF_MIA,SF,MIA,0,73,475.0,1768,2,24,31,0
2016,12,2016_12_TEN_CHI,CHI,TEN,1,76,411.0,1835,2,21,27,0
2016,12,2016_12_TEN_CHI,TEN,CHI,0,52,375.0,2029,0,27,21,1
2016,12,2016_12_WAS_DAL,DAL,WAS,1,55,353.0,1596,0,31,26,1
2016,12,2016_12_WAS_DAL,WAS,DAL,0,73,505.0,2004,0,26,31,0
2016,13,2016_13_BUF_OAK,BUF,LV,0,69,382.0,1815,2,24,38,0
2016,13,2016_13_BUF_OAK,LV,BUF,1,68,401.0,1785,0,38,24,1
2016,13,2016_13_CAR_SEA,CAR,SEA,0,54,271.0,1559,2,7,40,0
2016,13,2016_13_CAR_SEA,SEA,CAR,1,71,534.0,2041,1,40,7,1
2016,13,2016_13_DAL_MIN,DAL,MIN,0,49,264.0,1603,3,17,15,1
2016,13,2016_13_DAL_MIN,MIN,DAL,1,70,318.0,1997,0,15,17,0
2016,13,2016_13_DEN_JAX,DEN,JAX,0,54,206.0,1526,0,20,10,1
2016,13,2016_13_DEN_JAX,JAX,DEN,1,81,333.0,2074,3,10,20,0
2016,13,2016_13_DET_NO,DET,NO,0,68,422.0,2212,0,28,13,1
2016,13,2016_13_DET_NO,NO,DET,1,57,369.0,1388,3,13,28,0
2016,13,2016_13_HOU_GB,GB,HOU,1,57,309.0,1709,1,21,13,1
2016,13,2016_13_HOU_GB,HOU,GB,0,64,310.0,1891,1,13,21,0
2016,13,2016_13_IND_NYJ,IND,NYJ,0,70,421.0,2304,1,41,10,1
2016,13,2016_13_IND_NYJ,NYJ,IND,1,52,250.0,1296,3,10,41,0
2016,13,2016_13_KC_ATL,ATL,KC,1,68,418.0,1912,1,28,29,0
2016,13,2016_13_KC_ATL,KC,ATL,0,48,389.0,1688,1,29,28,1
2016,13,2016_13_LA_NE,LA,NE,0,49,162.0,1323,2,10,26,0
2016,13,2016_13_LA_NE,NE,LA,1,75,402.0,2302,0,26,10,1
2016,13,2016_13_MIA_BAL,BAL,MIA,1,70,496.0,1754,2,38,6,1
2016,13,2016_13_MIA_BAL,MIA,BAL,0,59,277.0,1846,3,6,38,0
2016,13,2016_13_NYG_PIT,NYG,PIT,0,55,234.0,1552,2,14,24,0
2016,13,2016_13_NYG_PIT,PIT,NYG,1,70,389.0,2048,2,24,14,1
2016,13,2016_13_PHI_CIN,CIN,PHI,1,64,412.0,1682,2,32,14,1
2016,13,2016_13_PHI_CIN,PHI,CIN,0,80,359.0,1918,3,14,32,0
2016,13,2016_13_SF_CHI,CHI,SF,1,59,326.0,1878,1,26,6,1
2016,13,2016_13_SF_CHI,SF,CHI,0,55,147.0,1722,0,6,26,0
2016,13,2016_13_TB_SD,LAC,TB,1,53,330.0,1699,2,21,28,0
2016,13,2016_13_TB_SD,TB,LAC,0,62,351.0,1901,1,28,21,1
2016,13,2016_13_WAS_ARI,ARI,WAS,1,72,369.0,2026,0,31,23,1
2016,13,2016_13_WAS_ARI,WAS,ARI,0,57,333.0,1574,2,23,31,0
2016,14,2016_14_ARI_MIA,ARI,MIA,0,64,302.0,1796,5,23,26,0
2016,14,2016_14_ARI_MIA,MIA,ARI,1,57,314.0,1804,2,26,23,1
2016,14,2016_14_ATL_LA,ATL,LA,0,57,286.0,1893,0,42,14,1
2016,14,2016_14_ATL_LA,LA,ATL,1,67,312.0,1777,5,14,42,0
2016,14,2016_14_BAL_NE,BAL,NE,0,68,348.0,1846,2,23,30,0
2016,14,2016_14_BAL_NE,NE,BAL,1,65,496.0,1754,2,30,23,1
2016,14,2016_14_CHI_DET,CHI,DET,0,50,296.0,1543,0,17,20,0
2016,14,2016_14_CHI_DET,DET,CHI,1,66,323.0,2057,2,20,17,1
2016,14,2016_14_CIN_CLE,CIN,CLE,0,70,360.0,2093,0,23,10,1
2016,14,2016_14_CIN_CLE,CLE,CIN,1,53,254.0,1507,1,10,23,0
2016,14,2016_14_DAL_NYG,DAL,NYG,0,65,260.0,1748,3,7,10,0
2016,14,2016_14_DAL_NYG,NYG,DAL,1,64,260.0,1852,3,10,7,1
2016,14,2016_14_DEN_TEN,DEN,TEN,0,64,348.0,1653,2,10,13,0
2016,14,2016_14_DEN_TEN,TEN,DEN,1,65,253.0,1947,0,13,10,1
2016,14,2016_14_HOU_IND,HOU,IND,0,67,316.0,2165,1,22,17,1
2016,14,2016_14_HOU_IND,IND,HOU,1,61,348.0,1435,3,17,22,0
2016,14,2016_14_MIN_JAX,JAX,MIN,1,65,315.0,1733,0,16,25,0
2016,14,2016_14_MIN_JAX,MIN,JAX,0,63,377.0,1867,1,25,16,1
2016,14,2016_14_NO_TB,NO,TB,0,58,294.0,1605,3,11,16,0
2016,14,2016_14_NO_TB,TB,NO,1,63,270.0,1995,0,16,11,1
2016,14,2016_14_NYJ_SF,NYJ,SF,0,82,406.0,2515,1,23,17,1
2016,14,2016_14_NYJ_SF,SF,NYJ,1,55,364.0,1470,0,17,23,0
2016,14,2016_14_OAK_KC,KC,LV,1,54,323.0,1695,2,21,13,1
2016,14,2016_14_OAK_KC,LV,KC,0,73,244.0,1905,1,13,21,0
2016,14,2016_14_PIT_BUF,BUF,PIT,1,48,275.0,1279,1,20,27,0
2016,14,2016_14_PIT_BUF,PIT,BUF,0,73,460.0,2321,3,27,20,1
2016,14,2016_14_SD_CAR,CAR,LAC,1,67,272.0,1957,1,28,16,1
2016,14,2016_14_SD_CAR,LAC,CAR,0,65,278.0,1643,5,16,28,0
2016,14,2016_14_SEA_GB,GB,SEA,1,56,330.0,1690,0,38,10,1
2016,14,2016_14_SEA_GB,SEA,GB,0,68,354.0,1910,6,10,38,0
2016,14,2016_14_WAS_PHI,PHI,WAS,1,77,383.0,2198,2,22,27,0
2016,14,2016_14_WAS_PHI,WAS,PHI,0,47,334.0,1402,1,27,22,1
2016,15,2016_15_CAR_WAS,CAR,WAS,0,72,438.0,2079,0,26,15,1
2016,15,2016_15_CAR_WAS,WAS,CAR,1,61,335.0,1521,3,15,26,0
2016,15,2016_15_CLE_BUF,BUF,CLE,1,66,451.0,2059,0,33,13,1
2016,15,2016_15_CLE_BUF,CLE,BUF,0,54,269.0,1541,0,13,33,0
2016,15,2016_15_DET_NYG,DET,NYG,0,59,324.0,1784,2,6,17,0
2016,15,2016_15_DET_NYG,NYG,DET,1,62,300.0,1816,0,17,6,1
2016,15,2016_15_GB_CHI,CHI,GB,1,63,449.0,1633,4,27,30,0
2016,15,2016_15_GB_CHI,GB,CHI,0,58,451.0,1967,0,30,27,1
2016,15,2016_15_IND_MIN,IND,MIN,0,68,411.0,2222,0,34,6,1
2016,15,2016_15_IND_MIN,MIN,IND,1,56,282.0,1378,3,6,34,0
2016,15,2016_15_JAX_HOU,HOU,JAX,1,78,387.0,2202,2,21,20,1
2016,15,2016_15_JAX_HOU,JAX,HOU,0,50,150.0,1398,1,20,21,0
2016,15,2016_15_LA_SEA,LA,SEA,0,56,183.0,1649,0,3,24,0
2016,15,2016_15_LA_SEA,SEA,LA,1,58,299.0,1951,1,24,3,1
2016,15,2016_15_MIA_NYJ,MIA,NYJ,0,46,303.0,1648,1,34,13,1
2016,15,2016_15_MIA_NYJ,NYJ,MIA,1,72,360.0,1952,4,13,34,0
2016,15,2016_15_NE_DEN,DEN,NE,1,61,309.0,1584,2,3,16,0
2016,15,2016_15_NE_DEN,NE,DEN,0,73,313.0,2016,1,16,3,1
2016,15,2016_15_NO_ARI,ARI,NO,1,56,425.0,1367,2,41,48,0
2016,15,2016_15_NO_ARI,NO,ARI,0,83,488.0,2233,1,48,41,1
2016,15,2016_15_OAK_SD,LAC,LV,1,55,263.0,1663,2,16,19,0
2016,15,2016_15_OAK_SD,LV,LAC,0,61,345.0,1937,2,19,16,1
2016,15,2016_15_PHI_BAL,BAL,PHI,1,57,340.0,1402,2,27,26,1
2016,15,2016_15_PHI_BAL,PHI,BAL,0,83,330.0,2198,1,26,27,0
2016,15,2016_15_PIT_CIN,CIN,PIT,1,56,222.0,1648,1,20,24,0
2016,15,2016_15_PIT_CIN,PIT,CIN,0,67,382.0,1952,0,24,20,1
2016,15,2016_15_SF_ATL,ATL,SF,1,66,550.0,2161,1,41,13,1
2016,15,2016_15_SF_ATL,SF,ATL,0,55,272.0,1439,1,13,41,0
2016,15,2016_15_TB_DAL,DAL,TB,1,71,449.0,2164,1,26,20,1
2016,15,2016_15_TB_DAL,TB,DAL,0,59,276.0,1436,4,20,26,0
2016,15,2016_15_TEN_KC,KC,TEN,1,57,316.0,1765,1,17,19,0
2016,15,2016_15_TEN_KC,TEN,KC,0,64,389.0,1835,3,19,17,1
2016,16,2016_16_ARI_SEA,ARI,SEA,0,57,370.0,1578,1,34,31,1
2016,16,2016_16_ARI_SEA,SEA,ARI,1,79,393.0,2022,1,31,34,0
2016,16,2016_16_ATL_CAR,ATL,CAR,0,61,408.0,1965,0,33,16,1
2016,16,2016_16_ATL_CAR,CAR,ATL,1,68,302.0,1635,2,16,33,0
2016,16,2016_16_BAL_PIT,BAL,PIT,0,73,370.0,2077,1,27,31,0
2016,16,2016_16_BAL_PIT,PIT,BAL,1,55,406.0,1523,2,31,27,1
2016,16,2016_16_CIN_HOU,CIN,HOU,0,63,294.0,1734,1,10,12,0
2016,16,2016_16_CIN_HOU,HOU,CIN,1,57,250.0,1866,0,12,10,1
2016,16,2016_16_DEN_KC,DEN,KC,0,57,246.0,1319,3,10,33,0
2016,16,2016_16_DEN_KC,KC,DEN,1,74,484.0,2281,1,33,10,1
2016,16,2016_16_DET_DAL,DAL,DET,1,52,375.0,1757,0,42,21,1
2016,16,2016_16_DET_DAL,DET,DAL,0,70,319.0,1843,2,21,42,0
2016,16,2016_16_IND_OAK,IND,LV,0,54,392.0,1435,3,25,33,0
2016,16,2016_16_IND_OAK,LV,IND,1,72,463.0,2165,0,33,25,1
2016,16,2016_16_MIA_BUF,BUF,MIA,1,90,589.0,2433,0,31,34,0
2016,16,2016_16_MIA_BUF,MIA,BUF,0,68,494.0,2020,1,34,31,1
2016,16,2016_16_MIN_GB,GB,MIN,1,58,348.0,1771,0,38,25,1
2016,16,2016_16_MIN_GB,MIN,GB,0,75,446.0,1861,2,25,38,0
2016,16,2016_16_NYG_PHI,NYG,PHI,0,88,470.0,2044,3,19,24,0
2016,16,2016_16_NYG_PHI,PHI,NYG,1,55,286.0,1556,1,24,19,1
2016,16,2016_16_NYJ_NE,NE,NYJ,1,70,325.0,2083,0,41,3,1
2016,16,2016_16_NYJ_NE,NYJ,NE,0,55,239.0,1517,4,3,41,0
2016,16,2016_16_SD_CLE,CLE,LAC,1,66,251.0,1949,0,20,17,1
2016,16,2016_16_SD_CLE,LAC,CLE,0,65,356.0,1651,1,17,20,0
2016,16,2016_16_SF_LA,LA,SF,1,57,177.0,1737,2,21,22,0
2016,16,2016_16_SF_LA,SF,LA,0,70,323.0,1863,2,22,21,1
2016,16,2016_16_TB_NO,NO,TB,1,68,419.0,1896,0,31,24,1
2016,16,2016_16_TB_NO,TB,NO,0,58,349.0,1704,2,24,31,0
2016,16,2016_16_TEN_JAX,JAX,TEN,1,69,415.0,1951,1,38,17,1
2016,16,2016_16_TEN_JAX,TEN,JAX,0,67,263.0,1649,1,17,38,0
2016,16,2016_16_WAS_CHI,CHI,WAS,1,67,458.0,1645,5,21,41,0
2016,16,2016_16_WAS_CHI,WAS,CHI,0,64,478.0,1955,0,41,21,1
2016,17,2016_17_ARI_LA,ARI,LA,0,67,344.0,1678,2,44,6,1
2016,17,2016_17_ARI_LA,LA,ARI,1,57,123.0,1922,3,6,44,0
2016,17,2016_17_BAL_CIN,BAL,CIN,0,70,335.0,1758,2,10,27,0
2016,17,2016_17_BAL_CIN,CIN,BAL,1,67,371.0,1842,0,27,10,1
2016,17,2016_17_BUF_NYJ,BUF,NYJ,0,62,230.0,1713,3,10,30,0
2016,17,2016_17_BUF_NYJ,NYJ,BUF,1,61,329.0,1887,0,30,10,1
2016,17,2016_17_CAR_TB,CAR,TB,0,68,335.0,1944,3,16,17,0
2016,17,2016_17_CAR_TB,TB,CAR,1,63,300.0,1656,2,17,16,1
2016,17,2016_17_CHI_MIN,CHI,MIN,0,59,323.0,1788,4,10,38,0
2016,17,2016_17_CHI_MIN,MIN,CHI,1,62,374.0,1812,2,38,10,1
2016,17,2016_17_CLE_PIT,CLE,PIT,0,77,437.0,2334,3,24,27,0
2016,17,2016_17_CLE_PIT,PIT,CLE,1,69,312.0,1989,2,27,24,1
2016,17,2016_17_DAL_PHI,DAL,PHI,0,53,195.0,1458,2,13,27,0
2016,17,2016_17_DAL_PHI,PHI,DAL,1,75,346.0,2142,0,27,13,1
2016,17,2016_17_GB_DET,DET,GB,1,64,408.0,1551,1,24,31,0
2016,17,2016_17_GB_DET,GB,DET,0,72,450.0,2049,0,31,24,1
2016,17,2016_17_HOU_TEN,HOU,TEN,0,74,289.0,1748,1,17,24,0
2016,17,2016_17_HOU_TEN,TEN,HOU,1,59,236.0,1852,1,24,17,1
2016,17,2016_17_JAX_IND,IND,JAX,1,66,384.0,1824,2,24,20,1
2016,17,2016_17_JAX_IND,JAX,IND,0,71,470.0,1776,2,20,24,0
2016,17,2016_17_KC_SD,KC,LAC,0,60,365.0,1848,1,37,27,1
2016,17,2016_17_KC_SD,LAC,KC,1,64,398.0,1752,2,27,37,0
2016,17,2016_17_NE_MIA,MIA,NE,1,57,280.0,1718,2,14,35,0
2016,17,2016_17_NE_MIA,NE,MIA,0,63,396.0,1882,0,35,14,1
2016,17,2016_17_NO_ATL,ATL,NO,1,59,465.0,1913,0,38,32,1
2016,17,2016_17_NO_ATL,NO,ATL,0,77,473.0,1815,1,32,38,0
2016,17,2016_17_NYG_WAS,NYG,WAS,0,69,332.0,2152,0,19,10,1
2016,17,2016_17_NYG_WAS,WAS,NYG,1,54,284.0,1448,3,10,19,0
2016,17,2016_17_OAK_DEN,DEN,LV,1,67,349.0,2125,1,24,6,1
2016,17,2016_17_OAK_DEN,LV,DEN,0,51,221.0,1475,3,6,24,0
2016,17,2016_17_SEA_SF,SEA,SF,0,65,376.0,1774,0,25,23,1
2016,17,2016_17_SEA_SF,SF,SEA,1,58,253.0,1826,2,23,25,0
2017,1,2017_01_ARI_DET,ARI,DET,0,68,308.0,1600,4,23,35,0
2017,1,2017_01_ARI_DET,DET,ARI,1,72,367.0,2000,1,35,23,1
2017,1,2017_01_ATL_CHI,ATL,CHI,0,55,372.0,1834,0,23,17,1
2017,1,2017_01_ATL_CHI,CHI,ATL,1,63,301.0,1766,0,17,23,0
2017,1,2017_01_BAL_CIN,BAL,CIN,0,60,268.0,2040,1,20,0,1
2017,1,2017_01_BAL_CIN,CIN,BAL,1,58,221.0,1560,5,0,20,0
2017,1,2017_01_CAR_SF,CAR,SF,0,63,287.0,2061,2,23,3,1
2017,1,2017_01_CAR_SF,SF,CAR,1,54,217.0,1539,2,3,23,0
2017,1,2017_01_IND_LA,IND,LA,0,49,225.0,1535,4,9,46,0
2017,1,2017_01_IND_LA,LA,IND,1,64,373.0,2065,0,46,9,1
2017,1,2017_01_JAX_HOU,HOU,JAX,1,69,203.0,1795,4,7,29,0
2017,1,2017_01_JAX_HOU,JAX,HOU,0,60,280.0,1805,0,29,7,1
2017,1,2017_01_KC_NE,KC,NE,0,65,537.0,1814,1,42,27,1
2017,1,2017_01_KC_NE,NE,KC,1,74,371.0,1786,0,27,42,0
2017,1,2017_01_LAC_DEN,DEN,LAC,1,68,321.0,2053,2,24,21,1
2017,1,2017_01_LAC_DEN,LAC,DEN,0,56,249.0,1547,1,21,24,0
2017,1,2017_01_NO_MIN,MIN,NO,1,63,470.0,1876,0,29,19,1
2017,1,2017_01_NO_MIN,NO,MIN,0,59,344.0,1724,0,19,29,0
2017,1,2017_01_NYG_DAL,DAL,NYG,1,71,392.0,2054,0,19,3,1
2017,1,2017_01_NYG_DAL,NYG,DAL,0,53,233.0,1546,1,3,19,0
2017,1,2017_01_NYJ_BUF,BUF,NYJ,1,72,408.0,1984,1,21,12,1
2017,1,2017_01_NYJ_BUF,NYJ,BUF,0,56,214.0,1616,2,12,21,0
2017,1,2017_01_OAK_TEN,LV,TEN,0,63,359.0,1899,0,26,16,1
2017,1,2017_01_OAK_TEN,TEN,LV,1,63,350.0,1701,0,16,26,0
2017,1,2017_01_PHI_WAS,PHI,WAS,0,66,358.0,2056,3,30,17,1
2017,1,2017_01_PHI_WAS,WAS,PHI,1,61,264.0,1544,3,17,30,0
2017,1,2017_01_PIT_CLE,CLE,PIT,1,63,239.0,1870,1,18,21,0
2017,1,2017_01_PIT_CLE,PIT,CLE,0,54,290.0,1730,1,21,18,1
2017,1,2017_01_SEA_GB,GB,SEA,1,74,370.0,2353,1,17,9,1
2017,1,2017_01_SEA_GB,SEA,GB,0,48,225.0,1247,1,9,17,0
2017,2,2017_02_ARI_IND,ARI,IND,0,65,389.0,1729,1,16,13,1
2017,2,2017_02_ARI_IND,IND,ARI,1,70,266.0,1989,1,13,16,0
2017,2,2017_02_BUF_CAR,BUF,CAR,0,51,176.0,1267,0,3,9,0
2017,2,2017_02_BUF_CAR,CAR,BUF,1,66,255.0,2333,0,9,3,1
2017,2,2017_02_CHI_TB,CHI,TB,0,62,310.0,1609,3,7,29,0
2017,2,2017_02_CHI_TB,TB,CHI,1,67,311.0,1991,2,29,7,1
2017,2,2017_02_CLE_BAL,BAL,CLE,1,68,337.0,2004,2,24,10,1
2017,2,2017_02_CLE_BAL,CLE,BAL,0,66,386.0,1596,5,10,24,0
2017,2,2017_02_DAL_DEN,DAL,DEN,0,66,268.0,1570,2,17,42,0
2017,2,2017_02_DAL_DEN,DEN,DAL,1,73,380.0,2030,2,42,17,1
2017,2,2017_02_DET_NYG,DET,NYG,0,56,257.0,1967,1,24,10,1
2017,2,2017_02_DET_NYG,NYG,DET,1,55,270.0,1633,1,10,24,0
2017,2,2017_02_GB_ATL,ATL,GB,1,58,364.0,1717,0,34,23,1
2017,2,2017_02_GB_ATL,GB,ATL,0,69,367.0,1883,2,23,34,0
2017,2,2017_02_HOU_CIN,CIN,HOU,1,62,295.0,1665,1,9,13,0
2017,2,2017_02_HOU_CIN,HOU,CIN,0,62,266.0,1935,0,13,9,1
2017,2,2017_02_MIA_LAC,LAC,MIA,1,54,367.0,1598,0,17,19,0
2017,2,2017_02_MIA_LAC,MIA,LAC,0,68,336.0,2002,0,19,17,1
2017,2,2017_02_MIN_PIT,MIN,PIT,0,60,237.0,1538,1,9,26,0
2017,2,2017_02_MIN_PIT,PIT,MIN,1,69,335.0,2062,0,26,9,1
2017,2,2017_02_NE_NO,NE,NO,0,72,555.0,2106,0,36,20,1
2017,2,2017_02_NE_NO,NO,NE,1,63,429.0,1494,0,20,36,0
2017,2,2017_02_NYJ_OAK,LV,NYJ,1,55,410.0,1862,1,45,20,1
2017,2,2017_02_NYJ_OAK,NYJ,LV,0,53,271.0,1738,1,20,45,0
2017,2,2017_02_PHI_KC,KC,PHI,1,51,344.0,1759,1,27,20,1
2017,2,2017_02_PHI_KC,PHI,KC,0,69,406.0,1849,1,20,27,0
2017,2,2017_02_SF_SEA,SEA,SF,1,79,312.0,2218,0,12,9,1
2017,2,2017_02_SF_SEA,SF,SEA,0,48,248.0,1382,1,9,12,0
2017,2,2017_02_TEN_JAX,JAX,TEN,1,62,310.0,1754,3,16,37,0
2017,2,2017_02_TEN_JAX,TEN,JAX,0,64,390.0,1846,1,37,16,1
2017,2,2017_02_WAS_LA,LA,WAS,1,49,332.0,1421,2,20,27,0
2017,2,2017_02_WAS_LA,WAS,LA,0,68,385.0,2179,0,27,20,1
2017,3,2017_03_ATL_DET,ATL,DET,0,65,428.0,1955,3,30,26,1
2017,3,2017_03_ATL_DET,DET,ATL,1,66,324.0,1645,0,26,30,0
2017,3,2017_03_BAL_JAX,BAL,JAX,0,54,186.0,1557,3,7,44,0
2017,3,2017_03_BAL_JAX,JAX,BAL,1,68,410.0,2043,0,44,7,1
2017,3,2017_03_CIN_GB,CIN,GB,0,60,301.0,2057,0,24,27,0
2017,3,2017_03_CIN_GB,GB,CIN,1,65,344.0,1761,2,27,24,1
2017,3,2017_03_CLE_IND,CLE,IND,0,69,346.0,1593,3,28,31,0
2017,3,2017_03_CLE_IND,IND,CLE,1,63,335.0,2007,1,31,28,1
2017,3,2017_03_DAL_ARI,ARI,DAL,1,75,332.0,2175,0,17,28,0
2017,3,2017_03_DAL_ARI,DAL,ARI,0,45,273.0,1425,0,28,17,1
2017,3,2017_03_DEN_BUF,BUF,DEN,1,63,272.0,1826,0,26,16,1
2017,3,2017_03_DEN_BUF,DEN,BUF,0,66,366.0,1774,2,16,26,0
2017,3,2017_03_HOU_NE,HOU,NE,0,67,417.0,2018,2,33,36,0
2017,3,2017_03_HOU_NE,NE,HOU,1,61,398.0,1582,1,36,33,1
2017,3,2017_03_KC_LAC,KC,LAC,0,51,311.0,1826,0,24,10,1
2017,3,2017_03_KC_LAC,LAC,KC,1,68,330.0,1774,3,10,24,0
2017,3,2017_03_LA_SF,LA,SF,0,60,418.0,1812,1,41,39,1
2017,3,2017_03_LA_SF,SF,LA,1,75,421.0,1817,3,39,41,0
2017,3,2017_03_MIA_NYJ,MIA,NYJ,0,63,225.0,1432,2,6,20,0
2017,3,2017_03_MIA_NYJ,NYJ,MIA,1,59,336.0,2168,1,20,6,1
2017,3,2017_03_NO_CAR,CAR,NO,1,59,288.0,1731,3,13,34,0
2017,3,2017_03_NO_CAR,NO,CAR,0,57,362.0,1869,0,34,13,1
2017,3,2017_03_NYG_PHI,NYG,PHI,0,64,415.0,1348,2,24,27,0
2017,3,2017_03_NYG_PHI,PHI,NYG,1,73,354.0,2252,1,27,24,1
2017,3,2017_03_OAK_WAS,LV,WAS,0,48,128.0,1314,4,10,27,0
2017,3,2017_03_OAK_WAS,WAS,LV,1,65,472.0,2286,1,27,10,1
2017,3,2017_03_PIT_CHI,CHI,PIT,1,62,306.0,2039,3,23,17,1
2017,3,2017_03_PIT_CHI,PIT,CHI,0,59,282.0,1654,1,17,23,0
2017,3,2017_03_SEA_TEN,SEA,TEN,0,73,433.0,1639,0,27,33,0
2017,3,2017_03_SEA_TEN,TEN,SEA,1,67,420.0,1961,0,33,27,1
2017,3,2017_03_TB_MIN,MIN,TB,1,70,494.0,2266,0,34,17,1
2017,3,2017_03_TB_MIN,TB,MIN,0,51,342.0,1334,3,17,34,0
2017,4,2017_04_BUF_ATL,ATL,BUF,1,72,389.0,1875,3,17,23,0
2017,4,2017_04_BUF_ATL,BUF,ATL,0,59,281.0,1725,0,23,17,1
2017,4,2017_04_CAR_NE,CAR,NE,0,60,444.0,1733,2,33,30,1
2017,4,2017_04_CAR_NE,NE,CAR,1,67,373.0,1867,0,30,33,0
2017,4,2017_04_CHI_GB,CHI,GB,0,64,308.0,1911,4,14,35,0
2017,4,2017_04_CHI_GB,GB,CHI,1,53,260.0,1689,0,35,14,1
2017,4,2017_04_CIN_CLE,CIN,CLE,0,63,350.0,2102,1,31,7,1
2017,4,2017_04_CIN_CLE,CLE,CIN,1,61,215.0,1498,1,7,31,0
2017,4,2017_04_DET_MIN,DET,MIN,0,69,253.0,2187,0,14,7,1
2017,4,2017_04_DET_MIN,MIN,DET,1,54,284.0,1413,3,7,14,0
2017,4,2017_04_IND_SEA,IND,SEA,0,58,237.0,1668,2,18,46,0
2017,4,2017_04_IND_SEA,SEA,IND,1,63,479.0,1932,2,46,18,1
2017,4,2017_04_JAX_NYJ,JAX,NYJ,0,75,311.0,2108,1,20,23,0
2017,4,2017_04_JAX_NYJ,NYJ,JAX,1,69,471.0,2064,2,23,20,1
2017,4,2017_04_LA_DAL,DAL,LA,1,66,440.0,1768,1,30,35,0
2017,4,2017_04_LA_DAL,LA,DAL,0,68,412.0,1832,1,35,30,1
2017,4,2017_04_NO_MIA,MIA,NO,1,47,186.0,1532,1,0,20,0
2017,4,2017_04_NO_MIA,NO,MIA,0,70,347.0,2068,0,20,0,1
2017,4,2017_04_NYG_TB,NYG,TB,0,77,379.0,2053,0,23,25,0
2017,4,2017_04_NYG_TB,TB,NYG,1,63,434.0,1547,0,25,23,1
2017,4,2017_04_OAK_DEN,DEN,LV,1,62,298.0,1977,0,16,10,1
2017,4,2017_04_OAK_DEN,LV,DEN,0,53,254.0,1623,1,10,16,0
2017,4,2017_04_PHI_LAC,LAC,PHI,1,53,400.0,1242,1,24,26,0
2017,4,2017_04_PHI_LAC,PHI,LAC,0,74,454.0,2358,0,26,24,1
2017,4,2017_04_PIT_BAL,BAL,PIT,1,69,288.0,1471,3,9,26,0
2017,4,2017_04_PIT_BAL,PIT,BAL,0,74,381.0,2129,1,26,9,1
2017,4,2017_04_SF_ARI,ARI,SF,1,79,368.0,2175,1,18,15,1
2017,4,2017_04_SF_ARI,SF,ARI,0,79,305.0,1993,1,15,18,0
2017,4,2017_04_TEN_HOU,HOU,TEN,1,78,445.0,2381,1,57,14,1
2017,4,2017_04_TEN_HOU,TEN,HOU,0,41,195.0,1219,5,14,57,0
2017,4,2017_04_WAS_KC,KC,WAS,1,73,429.0,2229,0,29,20,1
2017,4,2017_04_WAS_KC,WAS,KC,0,50,331.0,1371,1,20,29,0
2017,5,2017_05_ARI_PHI,ARI,PHI,0,60,307.0,1453,1,7,34,0
2017,5,2017_05_ARI_PHI,PHI,ARI,1,64,419.0,2147,1,34,7,1
2017,5,2017_05_BAL_OAK,BAL,LV,0,65,365.0,2023,0,30,17,1
2017,5,2017_05_BAL_OAK,LV,BAL,1,54,245.0,1577,1,17,30,0
2017,5,2017_05_BUF_CIN,BUF,CIN,0,67,221.0,1799,1,16,20,0
2017,5,2017_05_BUF_CIN,CIN,BUF,1,64,388.0,1801,3,20,16,1
2017,5,2017_05_CAR_DET,CAR,DET,0,64,362.0,2123,0,27,24,1
2017,5,2017_05_CAR_DET,DET,CAR,1,56,242.0,1638,1,24,27,0
2017,5,2017_05_GB_DAL,DAL,GB,1,72,408.0,2106,2,31,35,0
2017,5,2017_05_GB_DAL,GB,DAL,0,59,342.0,1494,0,35,31,1
2017,5,2017_05_JAX_PIT,JAX,PIT,0,53,313.0,1732,1,30,9,1
2017,5,2017_05_JAX_PIT,PIT,JAX,1,77,371.0,1868,5,9,30,0
2017,5,2017_05_KC_HOU,HOU,KC,1,60,394.0,1303,1,34,42,0
2017,5,2017_05_KC_HOU,KC,HOU,0,74,450.0,2420,0,42,34,1
2017,5,2017_05_LAC_NYG,LAC,NYG,0,73,382.0,1905,1,27,22,1
2017,5,2017_05_LAC_NYG,NYG,LAC,1,67,335.0,1695,2,22,27,0
2017,5,2017_05_MIN_CHI,CHI,MIN,1,57,276.0,1716,2,17,20,0
2017,5,2017_05_MIN_CHI,MIN,CHI,0,67,300.0,1884,0,20,17,1
2017,5,2017_05_NE_TB,NE,TB,0,66,402.0,1850,2,19,14,1
2017,5,2017_05_NE_TB,TB,NE,1,68,409.0,1750,0,14,19,0
2017,5,2017_05_NYJ_CLE,CLE,NYJ,1,70,419.0,2066,3,14,17,0
2017,5,2017_05_NYJ_CLE,NYJ,CLE,0,51,212.0,1534,1,17,14,1
2017,5,2017_05_SEA_LA,LA,SEA,1,71,375.0,1724,4,10,16,0
2017,5,2017_05_SEA_LA,SEA,LA,0,66,241.0,1876,3,16,10,1
2017,5,2017_05_SF_IND,IND,SF,1,73,447.0,2237,1,26,23,1
2017,5,2017_05_SF_IND,SF,IND,0,70,402.0,1865,0,23,26,0
2017,5,2017_05_TEN_MIA,MIA,TEN,1,59,178.0,1785,2,16,10,1
2017,5,2017_05_TEN_MIA,TEN,MIA,0,58,188.0,1815,2,10,16,0
2017,6,2017_06_CHI_BAL,BAL,CHI,1,71,293.0,1869,3,24,27,0
2017,6,2017_06_CHI_BAL,CHI,BAL,0,75,342.0,2205,2,27,24,1
2017,6,2017_06_CLE_HOU,CLE,HOU,0,63,247.0,1854,3,17,33,0
2017,6,2017_06_CLE_HOU,HOU,CLE,1,63,340.0,1746,1,33,17,1
2017,6,2017_06_DET_NO,DET,NO,0,76,347.0,1669,5,38,52,0
2017,6,2017_06_DET_NO,NO,DET,1,67,379.0,1931,3,52,38,1
2017,6,2017_06_GB_MIN,GB,MIN,0,65,227.0,1671,3,10,23,0
2017,6,2017_06_GB_MIN,MIN,GB,1,70,351.0,1929,2,23,10,1
2017,6,2017_06_IND_TEN,IND,TEN,0,57,297.0,1447,1,22,36,0
2017,6,2017_06_IND_TEN,TEN,IND,1,67,473.0,2153,1,36,22,1
2017,6,2017_06_LAC_OAK,LAC,LV,0,65,343.0,1923,1,17,16,1
2017,6,2017_06_LAC_OAK,LV,LAC,1,53,274.0,1677,2,16,17,0
2017,6,2017_06_LA_JAX,JAX,LA,1,66,389.0,1919,1,17,27,0
2017,6,2017_06_LA_JAX,LA,JAX,0,56,249.0,1681,1,27,17,1
2017,6,2017_06_MIA_ATL,ATL,MIA,1,56,339.0,1536,1,17,20,0
2017,6,2017_06_MIA_ATL,MIA,ATL,0,64,289.0,2064,1,20,17,1
2017,6,2017_06_NE_NYJ,NE,NYJ,0,63,375.0,1580,2,24,17,1
2017,6,2017_06_NE_NYJ,NYJ,NE,1,75,408.0,2020,3,17,24,0
2017,6,2017_06_NYG_DEN,DEN,NYG,1,75,412.0,1764,3,10,23,0
2017,6,2017_06_NYG_DEN,NYG,DEN,0,54,266.0,1836,0,23,10,1
2017,6,2017_06_PHI_CAR,CAR,PHI,1,79,305.0,1886,3,23,28,0
2017,6,2017_06_PHI_CAR,PHI,CAR,0,61,312.0,1714,1,28,23,1
2017,6,2017_06_PIT_KC,KC,PIT,1,52,251.0,1401,0,13,19,0
2017,6,2017_06_PIT_KC,PIT,KC,0,63,439.0,2288,1,19,13,1
2017,6,2017_06_SF_WAS,SF,WAS,0,70,335.0,1388,1,24,26,0
2017,6,2017_06_SF_WAS,WAS,SF,1,71,419.0,2212,2,26,24,1
2017,6,2017_06_TB_ARI,ARI,TB,1,59,432.0,1943,2,38,33,1
2017,6,2017_06_TB_ARI,TB,ARI,0,68,416.0,1657,2,33,38,0
2017,7,2017_07_ARI_LA,ARI,LA,0,47,196.0,1259,2,0,33,0
2017,7,2017_07_ARI_LA,LA,ARI,1,78,425.0,2341,1,33,0,1
2017,7,2017_07_ATL_NE,ATL,NE,0,56,343.0,1555,0,7,23,0
2017,7,2017_07_ATL_NE,NE,ATL,1,67,403.0,2045,0,23,7,1
2017,7,2017_07_BAL_MIN,BAL,MIN,0,64,208.0,1679,0,16,24,0
2017,7,2017_07_BAL_MIN,MIN,BAL,1,64,357.0,1921,1,24,16,1
2017,7,2017_07_CAR_CHI,CAR,CHI,0,69,293.0,2315,3,3,17,0
2017,7,2017_07_CAR_CHI,CHI,CAR,1,37,153.0,1285,0,17,3,1
2017,7,2017_07_CIN_PIT,CIN,PIT,0,51,179.0,1485,2,14,29,0
2017,7,2017_07_CIN_PIT,PIT,CIN,1,68,420.0,2115,0,29,14,1
2017,7,2017_07_DAL_SF,DAL,SF,0,71,501.0,1970,1,40,10,1
2017,7,2017_07_DAL_SF,SF,DAL,1,65,290.0,1630,2,10,40,0
2017,7,2017_07_DEN_LAC,DEN,LAC,0,59,251.0,1864,3,0,21,0
2017,7,2017_07_DEN_LAC,LAC,DEN,1,55,242.0,1736,0,21,0,1
2017,7,2017_07_JAX_IND,IND,JAX,1,67,232.0,1633,0,0,27,0
2017,7,2017_07_JAX_IND,JAX,IND,0,65,518.0,1967,2,27,0,1
2017,7,2017_07_KC_OAK,KC,LV,0,60,425.0,1745,0,30,31,0
2017,7,2017_07_KC_OAK,LV,KC,1,73,505.0,1764,0,31,30,1
2017,7,2017_07_NO_GB,GB,NO,1,50,260.0,1384,1,17,26,0
2017,7,2017_07_NO_GB,NO,GB,0,75,485.0,2216,2,26,17,1
2017,7,2017_07_NYJ_MIA,MIA,NYJ,1,65,357.0,1918,2,31,28,1
2017,7,2017_07_NYJ_MIA,NYJ,MIA,0,52,272.0,1682,2,28,31,0
2017,7,2017_07_SEA_NYG,NYG,SEA,1,57,177.0,1474,1,7,24,0
2017,7,2017_07_SEA_NYG,SEA,NYG,0,71,425.0,2126,1,24,7,1
2017,7,2017_07_TB_BUF,BUF,TB,1,67,434.0,1610,1,30,27,1
2017,7,2017_07_TB_BUF,TB,BUF,0,70,447.0,1990,3,27,30,0
2017,7,2017_07_TEN_CLE,CLE,TEN,1,67,284.0,1962,3,9,12,0
2017,7,2017_07_TEN_CLE,TEN,CLE,0,68,269.0,2123,1,12,9,1
2017,7,2017_07_WAS_PHI,PHI,WAS,1,61,371.0,1785,1,34,24,1
2017,7,2017_07_WAS_PHI,WAS,PHI,0,62,344.0,1815,1,24,34,0
2017,8,2017_08_ATL_NYJ,ATL,NYJ,0,63,386.0,1699,3,25,20,1
2017,8,2017_08_ATL_NYJ,NYJ,ATL,1,58,279.0,1901,0,20,25,0
2017,8,2017_08_CAR_TB,CAR,TB,0,63,254.0,1931,1,17,3,1
2017,8,2017_08_CAR_TB,TB,CAR,1,63,279.0,1669,3,3,17,0
2017,8,2017_08_CHI_NO,CHI,NO,0,66,307.0,1717,1,12,20,0
2017,8,2017_08_CHI_NO,NO,CHI,1,60,387.0,1883,2,20,12,1
2017,8,2017_08_DAL_WAS,DAL,WAS,0,63,307.0,1999,1,33,19,1
2017,8,2017_08_DAL_WAS,WAS,DAL,1,58,285.0,1601,3,19,33,0
2017,8,2017_08_DEN_KC,DEN,KC,0,71,364.0,1883,4,19,29,0
2017,8,2017_08_DEN_KC,KC,DEN,1,59,276.0,1717,3,29,19,1
2017,8,2017_08_HOU_SEA,HOU,SEA,0,69,509.0,1822,3,38,41,0
2017,8,2017_08_HOU_SEA,SEA,HOU,1,64,479.0,1778,1,41,38,1
2017,8,2017_08_IND_CIN,CIN,IND,1,53,276.0,1607,1,24,23,1
2017,8,2017_08_IND_CIN,IND,CIN,0,71,331.0,1993,2,23,24,0
2017,8,2017_08_LAC_NE,LAC,NE,0,53,349.0,1381,1,13,21,0
2017,8,2017_08_LAC_NE,NE,LAC,1,82,414.0,2219,0,21,13,1
2017,8,2017_08_MIA_BAL,BAL,MIA,1,63,295.0,1874,0,40,0,1
2017,8,2017_08_MIA_BAL,MIA,BAL,0,66,196.0,1726,2,0,40,0
2017,8,2017_08_MIN_CLE,CLE,MIN,1,59,276.0,1328,1,16,33,0
2017,8,2017_08_MIN_CLE,MIN,CLE,0,79,377.0,2272,2,33,16,1
2017,8,2017_08_OAK_BUF,BUF,LV,1,64,331.0,2137,1,34,14,1
2017,8,2017_08_OAK_BUF,LV,BUF,0,63,367.0,1463,3,14,34,0
2017,8,2017_08_PIT_DET,DET,PIT,1,69,482.0,1897,1,15,20,0
2017,8,2017_08_PIT_DET,PIT,DET,0,60,392.0,1703,2,20,15,1
2017,8,2017_08_SF_PHI,PHI,SF,1,67,306.0,1977,1,33,10,1
2017,8,2017_08_SF_PHI,SF,PHI,0,64,238.0,1623,2,10,33,0
2017,9,2017_09_ARI_SF,ARI,SF,0,73,368.0,2182,2,20,10,1
2017,9,2017_09_ARI_SF,SF,ARI,1,73,329.0,1418,2,10,20,0
2017,9,2017_09_ATL_CAR,ATL,CAR,0,58,355.0,1628,1,17,20,0
2017,9,2017_09_ATL_CAR,CAR,ATL,1,63,330.0,1972,2,20,17,1
2017,9,2017_09_BAL_TEN,BAL,TEN,0,77,341.0,1942,2,20,23,0
2017,9,2017_09_BAL_TEN,TEN,BAL,1,52,257.0,1658,1,23,20,1
2017,9,2017_09_BUF_NYJ,BUF,NYJ,0,69,307.0,1590,3,21,34,0
2017,9,2017_09_BUF_NYJ,NYJ,BUF,1,62,331.0,2212,0,34,21,1
2017,9,2017_09_CIN_JAX,CIN,JAX,0,37,148.0,1186,0,7,23,0
2017,9,2017_09_CIN_JAX,JAX,CIN,1,78,408.0,2414,1,23,7,1
2017,9,2017_09_DEN_PHI,DEN,PHI,0,60,226.0,1806,2,23,51,0
2017,9,2017_09_DEN_PHI,PHI,DEN,1,67,419.0,1794,1,51,23,1
2017,9,2017_09_DET_GB,DET,GB,0,67,417.0,2215,1,30,17,1
2017,9,2017_09_DET_GB,GB,DET,1,58,311.0,1385,0,17,30,0
2017,9,2017_09_IND_HOU,HOU,IND,1,67,288.0,1741,1,14,20,0
2017,9,2017_09_IND_HOU,IND,HOU,0,61,371.0,1859,1,20,14,1
2017,9,2017_09_KC_DAL,DAL,KC,1,65,375.0,1877,0,28,17,1
2017,9,2017_09_KC_DAL,KC,DAL,0,55,323.0,1723,1,17,28,0
2017,9,2017_09_LA_NYG,LA,NYG,0,61,473.0,1830,0,51,17,1
2017,9,2017_09_LA_NYG,NYG,LA,1,66,319.0,1770,3,17,51,0
2017,9,2017_09_OAK_MIA,LV,MIA,0,58,379.0,2045,2,27,24,1
2017,9,2017_09_OAK_MIA,MIA,LV,1,62,397.0,1797,1,24,27,0
2017,9,2017_09_TB_NO,NO,TB,1,60,407.0,1938,1,30,10,1
2017,9,2017_09_TB_NO,TB,NO,0,57,200.0,1662,2,10,30,0
2017,9,2017_09_WAS_SEA,SEA,WAS,1,77,437.0,1939,2,14,17,0
2017,9,2017_09_WAS_SEA,WAS,SEA,0,60,244.0,1661,1,17,14,1
2017,10,2017_10_CIN_TEN,CIN,TEN,0,50,308.0,1191,2,20,24,0
2017,10,2017_10_CIN_TEN,TEN,CIN,1,84,416.0,2409,2,24,20,1
2017,10,2017_10_CLE_DET,CLE,DET,0,77,413.0,2074,2,24,38,0
2017,10,2017_10_CLE_DET,DET,CLE,1,49,345.0,1526,1,38,24,1
2017,10,2017_10_DAL_ATL,ATL,DAL,1,64,336.0,1926,1,27,7,1
2017,10,2017_10_DAL_ATL,DAL,ATL,0,59,233.0,1674,2,7,27,0
2017,10,2017_10_GB_CHI,CHI,GB,1,57,323.0,1567,1,16,23,0
2017,10,2017_10_GB_CHI,GB,CHI,0,65,342.0,2033,0,23,16,1
2017,10,2017_10_HOU_LA,HOU,LA,0,64,283.0,1709,4,7,33,0
2017,10,2017_10_HOU_LA,LA,HOU,1,66,443.0,1891,0,33,7,1
2017,10,2017_10_LAC_JAX,JAX,LAC,1,82,400.0,2101,2,20,17,1
2017,10,2017_10_LAC_JAX,LAC,JAX,0,67,322.0,1907,2,17,20,0
2017,10,2017_10_MIA_CAR,CAR,MIA,1,71,548.0,2139,0,45,21,1
2017,10,2017_10_MIA_CAR,MIA,CAR,0,54,313.0,1461,1,21,45,0
2017,10,2017_10_MIN_WAS,MIN,WAS,0,60,406.0,1734,2,38,30,1
2017,10,2017_10_MIN_WAS,WAS,MIN,1,73,394.0,1866,1,30,38,0
2017,10,2017_10_NE_DEN,DEN,NE,1,61,339.0,1817,1,16,41,0
2017,10,2017_10_NE_DEN,NE,DEN,0,67,396.0,1783,1,41,16,1
2017,10,2017_10_NO_BUF,BUF,NO,1,45,198.0,1117,1,10,47,0
2017,10,2017_10_NO_BUF,NO,BUF,0,73,482.0,2483,1,47,10,1
2017,10,2017_10_NYG_SF,NYG,SF,0,64,376.0,1860,1,21,31,0
2017,10,2017_10_NYG_SF,SF,NYG,1,58,474.0,1740,2,31,21,1
2017,10,2017_10_NYJ_TB,NYJ,TB,0,64,275.0,1686,2,10,15,0
2017,10,2017_10_NYJ_TB,TB,NYJ,1,67,271.0,1914,1,15,10,1
2017,10,2017_10_PIT_IND,IND,PIT,1,56,267.0,1802,1,17,20,0
2017,10,2017_10_PIT_IND,PIT,IND,0,63,318.0,1798,1,20,17,1
2017,10,2017_10_SEA_ARI,ARI,SEA,1,73,290.0,1747,1,16,22,0
2017,10,2017_10_SEA_ARI,SEA,ARI,0,60,287.0,1853,0,22,16,1
2017,11,2017_11_ARI_HOU,ARI,HOU,0,54,292.0,1299,2,21,31,0
2017,11,2017_11_ARI_HOU,HOU,ARI,1,67,357.0,2026,2,31,21,1
2017,11,2017_11_ATL_SEA,ATL,SEA,0,58,279.0,1991,1,34,31,1
2017,11,2017_11_ATL_SEA,SEA,ATL,1,70,362.0,1779,2,31,34,0
2017,11,2017_11_BAL_GB,BAL,GB,0,57,219.0,1803,1,23,0,1
2017,11,2017_11_BAL_GB,GB,BAL,1,67,265.0,1797,5,0,23,0
2017,11,2017_11_BUF_LAC,BUF,LAC,0,62,393.0,1435,6,24,54,0
2017,11,2017_11_BUF_LAC,LAC,BUF,1,73,429.0,2165,0,54,24,1
2017,11,2017_11_CIN_DEN,CIN,DEN,0,53,190.0,1489,0,20,17,1
2017,11,2017_11_CIN_DEN,DEN,CIN,1,79,341.0,2111,2,17,20,0
2017,11,2017_11_DET_CHI,CHI,DET,1,61,398.0,1764,1,24,27,0
2017,11,2017_11_DET_CHI,DET,CHI,0,58,352.0,1836,1,27,24,1
2017,11,2017_11_JAX_CLE,CLE,JAX,1,55,184.0,1385,4,7,19,0
2017,11,2017_11_JAX_CLE,JAX,CLE,0,77,284.0,2215,2,19,7,1
2017,11,2017_11_KC_NYG,KC,NYG,0,71,363.0,2236,3,9,12,0
2017,11,2017_11_KC_NYG,NYG,KC,1,68,317.0,1850,1,12,9,1
2017,11,2017_11_LA_MIN,LA,MIN,0,56,254.0,1358,1,7,24,0
2017,11,2017_11_LA_MIN,MIN,LA,1,73,451.0,2242,0,24,7,1
2017,11,2017_11_NE_OAK,LV,NE,1,72,346.0,1943,2,8,33,0
2017,11,2017_11_NE_OAK,NE,LV,0,58,421.0,1657,0,33,8,1
2017,11,2017_11_PHI_DAL,DAL,PHI,1,63,225.0,1831,4,9,37,0
2017,11,2017_11_PHI_DAL,PHI,DAL,0,62,387.0,1769,0,37,9,1
2017,11,2017_11_TB_MIA,MIA,TB,1,60,448.0,1691,5,20,30,0
2017,11,2017_11_TB_MIA,TB,MIA,0,62,321.0,1909,0,30,20,1
2017,11,2017_11_TEN_PIT,PIT,TEN,1,70,357.0,1900,0,40,17,1
2017,11,2017_11_TEN_PIT,TEN,PIT,0,60,316.0,1700,4,17,40,0
2017,11,2017_11_WAS_NO,NO,WAS,1,67,537.0,1824,1,34,31,1
2017,11,2017_11_WAS_NO,WAS,NO,0,67,456.0,1932,0,31,34,0
2017,12,2017_12_BUF_KC,BUF,KC,0,68,268.0,1998,0,16,10,1
2017,12,2017_12_BUF_KC,KC,BUF,1,57,236.0,1602,1,10,16,0
2017,12,2017_12_CAR_NYJ,CAR,NYJ,0,67,301.0,1910,0,35,27,1
2017,12,2017_12_CAR_NYJ,NYJ,CAR,1,65,391.0,1690,1,27,35,0
2017,12,2017_12_CHI_PHI,CHI,PHI,0,49,140.0,1372,3,3,31,0
2017,12,2017_12_CHI_PHI,PHI,CHI,1,73,420.0,2228,2,31,3,1
2017,12,2017_12_CLE_CIN,CIN,CLE,1,59,361.0,1832,0,30,16,1
2017,12,2017_12_CLE_CIN,CLE,CIN,0,67,405.0,1768,0,16,30,0
2017,12,2017_12_DEN_OAK,DEN,LV,0,57,216.0,1446,1,14,21,0
2017,12,2017_12_DEN_OAK,LV,DEN,1,63,348.0,2154,1,21,14,1
2017,12,2017_12_GB_PIT,GB,PIT,0,54,307.0,1584,0,28,31,0
2017,12,2017_12_GB_PIT,PIT,GB,1,71,464.0,2016,3,31,28,1
2017,12,2017_12_HOU_BAL,BAL,HOU,1,65,294.0,1784,0,23,16,1
2017,12,2017_12_HOU_BAL,HOU,BAL,0,64,303.0,1816,3,16,23,0
2017,12,2017_12_JAX_ARI,ARI,JAX,1,71,346.0,2079,2,27,24,1
2017,12,2017_12_JAX_ARI,JAX,ARI,0,58,219.0,1522,3,24,27,0
2017,12,2017_12_LAC_DAL,DAL,LAC,1,50,247.0,1435,2,6,28,0
2017,12,2017_12_LAC_DAL,LAC,DAL,0,66,515.0,2165,0,28,6,1
2017,12,2017_12_MIA_NE,MIA,NE,0,60,221.0,1639,3,17,35,0
2017,12,2017_12_MIA_NE,NE,MIA,1,67,417.0,1961,2,35,17,1
2017,12,2017_12_MIN_DET,DET,MIN,1,53,289.0,1503,2,23,30,0
2017,12,2017_12_MIN_DET,MIN,DET,0,73,408.0,2097,0,30,23,1
2017,12,2017_12_NO_LA,LA,NO,1,73,415.0,2126,1,26,20,1
2017,12,2017_12_NO_LA,NO,LA,0,52,346.0,1474,0,20,26,0
2017,12,2017_12_NYG_WAS,NYG,WAS,0,56,170.0,1523,1,10,20,0
2017,12,2017_12_NYG_WAS,WAS,NYG,1,68,323.0,2077,1,20,10,1
2017,12,2017_12_SEA_SF,SEA,SF,0,64,318.0,1771,1,24,13,1
2017,12,2017_12_SEA_SF,SF,SEA,1,67,280.0,1829,1,13,24,0
2017,12,2017_12_TB_ATL,ATL,TB,1,64,516.0,1806,1,34,20,1
2017,12,2017_12_TB_ATL,TB,ATL,0,68,373.0,1794,0,20,34,0
2017,12,2017_12_TEN_IND,IND,TEN,1,61,254.0,1882,1,16,20,0
2017,12,2017_12_TEN_IND,TEN,IND,0,53,276.0,1718,2,20,16,1
2017,13,2017_13_CAR_NO,CAR,NO,0,53,279.0,1599,0,21,31,0
2017,13,2017_13_CAR_NO,NO,CAR,1,64,400.0,2001,2,31,21,1
2017,13,2017_13_CLE_LAC,CLE,LAC,0,57,291.0,1503,2,10,19,0
2017,13,2017_13_CLE_LAC,LAC,CLE,1,69,429.0,2097,0,19,10,1
2017,13,2017_13_DEN_MIA,DEN,MIA,0,68,270.0,1630,3,9,35,0
2017,13,2017_13_DEN_MIA,MIA,DEN,1,64,367.0,2062,3,35,9,1
2017,13,2017_13_DET_BAL,BAL,DET,1,63,370.0,1791,0,44,20,1
2017,13,2017_13_DET_BAL,DET,BAL,0,61,372.0,1809,3,20,44,0
2017,13,2017_13_HOU_TEN,HOU,TEN,0,75,384.0,2029,2,13,24,0
2017,13,2017_13_HOU_TEN,TEN,HOU,1,50,344.0,1571,0,24,13,1
2017,13,2017_13_IND_JAX,IND,JAX,0,66,290.0,1573,2,10,30,0
2017,13,2017_13_IND_JAX,JAX,IND,1,66,428.0,2027,0,30,10,1
2017,13,2017_13_KC_NYJ,KC,NYJ,0,46,474.0,1031,0,31,38,0
2017,13,2017_13_KC_NYJ,NYJ,KC,1,86,490.0,2569,0,38,31,1
2017,13,2017_13_LA_ARI,ARI,LA,1,62,305.0,1862,2,16,32,0
2017,13,2017_13_LA_ARI,LA,ARI,0,56,303.0,1738,1,32,16,1
2017,13,2017_13_MIN_ATL,ATL,MIN,1,51,275.0,1558,0,9,14,0
2017,13,2017_13_MIN_ATL,MIN,ATL,0,63,312.0,2042,0,14,9,1
2017,13,2017_13_NE_BUF,BUF,NE,1,64,268.0,1559,1,3,23,0
2017,13,2017_13_NE_BUF,NE,BUF,0,68,435.0,2041,1,23,3,1
2017,13,2017_13_NYG_OAK,LV,NYG,1,66,401.0,1879,1,24,17,1
2017,13,2017_13_NYG_OAK,NYG,LV,0,61,265.0,1721,2,17,24,0
2017,13,2017_13_PHI_SEA,PHI,SEA,0,74,425.0,1914,2,10,24,0
2017,13,2017_13_PHI_SEA,SEA,PHI,1,58,310.0,1686,0,24,10,1
2017,13,2017_13_PIT_CIN,CIN,PIT,1,60,353.0,1811,0,20,23,0
2017,13,2017_13_PIT_CIN,PIT,CIN,0,63,374.0,1789,1,23,20,1
2017,13,2017_13_SF_CHI,CHI,SF,1,36,147.0,1273,0,14,15,0
2017,13,2017_13_SF_CHI,SF,CHI,0,73,388.0,2327,1,15,14,1
2017,13,2017_13_TB_GB,GB,TB,1,53,276.0,1604,1,26,20,1
2017,13,2017_13_TB_GB,TB,GB,0,74,395.0,2237,1,20,26,0
2017,13,2017_13_WAS_DAL,DAL,WAS,1,65,275.0,1948,1,38,14,1
2017,13,2017_13_WAS_DAL,WAS,DAL,0,60,280.0,1652,3,14,38,0
2017,14,2017_14_BAL_PIT,BAL,PIT,0,62,413.0,1570,1,38,39,0
2017,14,2017_14_BAL_PIT,PIT,BAL,1,86,545.0,2030,0,39,38,1
2017,14,2017_14_CHI_CIN,CHI,CIN,0,72,482.0,2289,0,33,7,1
2017,14,2017_14_CHI_CIN,CIN,CHI,1,53,234.0,1311,2,7,33,0
2017,14,2017_14_DAL_NYG,DAL,NYG,0,61,454.0,1627,0,30,10,1
2017,14,2017_14_DAL_NYG,NYG,DAL,1,75,330.0,1973,2,10,30,0
2017,14,2017_14_DET_TB,DET,TB,0,62,434.0,1787,3,24,21,1
2017,14,2017_14_DET_TB,TB,DET,1,69,400.0,1813,5,21,24,0
2017,14,2017_14_GB_CLE,CLE,GB,1,57,345.0,1718,2,21,27,0
2017,14,2017_14_GB_CLE,GB,CLE,0,74,341.0,2177,0,27,21,1
2017,14,2017_14_IND_BUF,BUF,IND,1,66,298.0,1945,2,13,7,1
2017,14,2017_14_IND_BUF,IND,BUF,0,69,227.0,2162,0,7,13,0
2017,14,2017_14_MIN_CAR,CAR,MIN,1,63,345.0,1878,1,31,24,1
2017,14,2017_14_MIN_CAR,MIN,CAR,0,72,358.0,1722,3,24,31,0
2017,14,2017_14_NE_MIA,MIA,NE,1,70,362.0,2169,0,27,20,1
2017,14,2017_14_NE_MIA,NE,MIA,0,55,248.0,1431,2,20,27,0
2017,14,2017_14_NO_ATL,ATL,NO,1,65,343.0,2081,3,20,17,1
2017,14,2017_14_NO_ATL,NO,ATL,0,52,306.0,1519,1,17,20,0
2017,14,2017_14_NYJ_DEN,DEN,NYJ,1,68,273.0,2255,0,23,0,1
2017,14,2017_14_NYJ_DEN,NYJ,DEN,0,48,100.0,1345,2,0,23,0
2017,14,2017_14_OAK_KC,KC,LV,1,71,408.0,2302,1,26,15,1
2017,14,2017_14_OAK_KC,LV,KC,0,56,270.0,1400,3,15,26,0
2017,14,2017_14_PHI_LA,LA,PHI,1,45,307.0,1248,2,35,43,0
2017,14,2017_14_PHI_LA,PHI,LA,0,86,455.0,2352,1,43,35,1
2017,14,2017_14_SEA_JAX,JAX,SEA,1,66,424.0,1981,1,30,24,1
2017,14,2017_14_SEA_JAX,SEA,JAX,0,57,401.0,1619,3,24,30,0
2017,14,2017_14_SF_HOU,HOU,SF,1,64,311.0,1511,1,16,26,0
2017,14,2017_14_SF_HOU,SF,HOU,0,66,416.0,2089,1,26,16,1
2017,14,2017_14_TEN_ARI,ARI,TEN,1,63,261.0,2029,0,12,7,1
2017,14,2017_14_TEN_ARI,TEN,ARI,0,56,204.0,1571,2,7,12,0
2017,14,2017_14_WAS_LAC,LAC,WAS,1,71,488.0,2120,1,30,13,1
2017,14,2017_14_WAS_LAC,WAS,LAC,0,50,201.0,1480,1,13,30,0
2017,15,2017_15_ARI_WAS,ARI,WAS,0,80,286.0,2176,2,15,20,0
2017,15,2017_15_ARI_WAS,WAS,ARI,1,47,218.0,1507,1,20,15,1
2017,15,2017_15_ATL_TB,ATL,TB,0,67,410.0,1995,0,24,21,1
2017,15,2017_15_ATL_TB,TB,ATL,1,55,373.0,1605,1,21,24,0
2017,15,2017_15_BAL_CLE,BAL,CLE,0,74,376.0,2208,0,27,10,1
2017,15,2017_15_BAL_CLE,CLE,BAL,1,58,266.0,1392,4,10,27,0
2017,15,2017_15_CHI_DET,CHI,DET,0,63,349.0,1855,3,10,20,0
2017,15,2017_15_CHI_DET,DET,CHI,1,57,293.0,1745,1,20,10,1
2017,15,2017_15_CIN_MIN,CIN,MIN,0,51,161.0,1448,2,7,34,0
2017,15,2017_15_CIN_MIN,MIN,CIN,1,61,346.0,2152,1,34,7,1
2017,15,2017_15_DAL_OAK,DAL,LV,0,60,330.0,1940,2,20,17,1
2017,15,2017_15_DAL_OAK,LV,DAL,1,61,293.0,1660,1,17,20,0
2017,15,2017_15_DEN_IND,DEN,IND,0,75,464.0,2211,1,25,13,1
2017,15,2017_15_DEN_IND,IND,DEN,1,53,228.0,1389,0,13,25,0
2017,15,2017_15_GB_CAR,CAR,GB,1,70,387.0,2090,0,31,24,1
2017,15,2017_15_GB_CAR,GB,CAR,0,67,384.0,1563,4,24,31,0
2017,15,2017_15_HOU_JAX,HOU,JAX,0,56,186.0,1602,1,7,45,0
2017,15,2017_15_HOU_JAX,JAX,HOU,1,68,464.0,1998,0,45,7,1
2017,15,2017_15_LAC_KC,KC,LAC,1,63,397.0,2001,0,30,13,1
2017,15,2017_15_LAC_KC,LAC,KC,0,60,307.0,1599,4,13,30,0
2017,15,2017_15_LA_SEA,LA,SEA,0,68,352.0,2206,1,42,7,1
2017,15,2017_15_LA_SEA,SEA,LA,1,54,149.0,1394,2,7,42,0
2017,15,2017_15_MIA_BUF,BUF,MIA,1,61,328.0,1666,0,24,16,1
2017,15,2017_15_MIA_BUF,MIA,BUF,0,73,349.0,1945,3,16,24,0
2017,15,2017_15_NE_PIT,NE,PIT,0,57,362.0,1493,1,27,24,1
2017,15,2017_15_NE_PIT,PIT,NE,1,63,413.0,2107,1,24,27,0
2017,15,2017_15_NYJ_NO,NO,NYJ,1,64,412.0,1750,3,31,19,1
2017,15,2017_15_NYJ_NO,NYJ,NO,0,69,294.0,1850,2,19,31,0
2017,15,2017_15_PHI_NYG,NYG,PHI,1,82,504.0,1747,1,29,34,0
2017,15,2017_15_PHI_NYG,PHI,NYG,0,66,341.0,1853,0,34,29,1
2017,15,2017_15_TEN_SF,SF,TEN,1,68,414.0,1888,0,25,23,1
2017,15,2017_15_TEN_SF,TEN,SF,0,62,328.0,1645,1,23,25,0
2017,16,2017_16_ATL_NO,ATL,NO,0,61,331.0,1572,2,13,23,0
2017,16,2017_16_ATL_NO,NO,ATL,1,60,315.0,2028,1,23,13,1
2017,16,2017_16_BUF_NE,BUF,NE,0,68,326.0,1696,0,16,37,0
2017,16,2017_16_BUF_NE,NE,BUF,1,68,411.0,1904,1,37,16,1
2017,16,2017_16_CLE_CHI,CHI,CLE,1,59,258.0,1994,0,20,3,1
2017,16,2017_16_CLE_CHI,CLE,CHI,0,57,254.0,1606,3,3,20,0
2017,16,2017_16_DEN_WAS,DEN,WAS,0,72,332.0,1827,3,11,27,0
2017,16,2017_16_DEN_WAS,WAS,DEN,1,66,386.0,1773,2,27,11,1
2017,16,2017_16_DET_CIN,CIN,DET,1,78,364.0,1949,1,26,17,1
2017,16,2017_16_DET_CIN,DET,CIN,0,59,276.0,1651,1,17,26,0
2017,16,2017_16_IND_BAL,BAL,IND,1,71,323.0,2148,0,23,16,1
2017,16,2017_16_IND_BAL,IND,BAL,0,59,296.0,1452,0,16,23,0
2017,16,2017_16_JAX_SF,JAX,SF,0,80,474.0,1849,3,33,44,0
2017,16,2017_16_JAX_SF,SF,JAX,1,66,369.0,1778,1,44,33,1
2017,16,2017_16_LAC_NYJ,LAC,NYJ,0,70,379.0,2154,0,14,7,1
2017,16,2017_16_LAC_NYJ,NYJ,LAC,1,61,295.0,1622,3,7,14,0
2017,16,2017_16_LA_TEN,LA,TEN,0,66,402.0,1804,1,27,23,1
2017,16,2017_16_LA_TEN,TEN,LA,1,66,366.0,1796,1,23,27,0
2017,16,2017_16_MIA_KC,KC,MIA,1,74,404.0,2273,0,29,13,1
2017,16,2017_16_MIA_KC,MIA,KC,0,54,345.0,1327,2,13,29,0
2017,16,2017_16_MIN_GB,GB,MIN,1,65,239.0,1703,2,0,16,0
2017,16,2017_16_MIN_GB,MIN,GB,0,61,236.0,1897,0,16,0,1
2017,16,2017_16_NYG_ARI,ARI,NYG,1,64,289.0,1993,2,23,0,1
2017,16,2017_16_NYG_ARI,NYG,ARI,0,67,293.0,1607,3,0,23,0
2017,16,2017_16_OAK_PHI,LV,PHI,0,63,274.0,2061,5,10,19,0
2017,16,2017_16_OAK_PHI,PHI,LV,1,62,216.0,1539,2,19,10,1
2017,16,2017_16_PIT_HOU,HOU,PIT,1,52,227.0,1744,2,6,34,0
2017,16,2017_16_PIT_HOU,PIT,HOU,0,58,330.0,1856,0,34,6,1
2017,16,2017_16_SEA_DAL,DAL,SEA,1,68,282.0,1970,3,12,21,0
2017,16,2017_16_SEA_DAL,SEA,DAL,0,54,136.0,1630,0,21,12,1
2017,16,2017_16_TB_CAR,CAR,TB,1,59,255.0,1830,1,22,19,1
2017,16,2017_16_TB_CAR,TB,CAR,0,57,392.0,1770,3,19,22,0
2017,17,2017_17_ARI_SEA,ARI,SEA,0,68,259.0,1936,1,26,24,1
2017,17,2017_17_ARI_SEA,SEA,ARI,1,54,296.0,1664,0,24,26,0
2017,17,2017_17_BUF_MIA,BUF,MIA,0,64,312.0,1931,0,22,16,1
2017,17,2017_17_BUF_MIA,MIA,BUF,1,68,356.0,1718,1,16,22,0
2017,17,2017_17_CAR_ATL,ATL,CAR,1,72,371.0,2082,0,22,10,1
2017,17,2017_17_CAR_ATL,CAR,ATL,0,60,248.0,1518,3,10,22,0
2017,17,2017_17_CHI_MIN,CHI,MIN,0,53,201.0,1445,0,10,23,0
2017,17,2017_17_CHI_MIN,MIN,CHI,1,67,327.0,2155,0,23,10,1
2017,17,2017_17_CIN_BAL,BAL,CIN,1,74,312.0,1881,1,27,31,0
2017,17,2017_17_CIN_BAL,CIN,BAL,0,75,359.0,1719,1,31,27,1
2017,17,2017_17_CLE_PIT,CLE,PIT,0,63,374.0,1855,2,24,28,0
2017,17,2017_17_CLE_PIT,PIT,CLE,1,58,348.0,1745,2,28,24,1
2017,17,2017_17_DAL_PHI,DAL,PHI,0,63,301.0,1805,0,6,0,1
2017,17,2017_17_DAL_PHI,PHI,DAL,1,55,219.0,1795,2,0,6,0
2017,17,2017_17_GB_DET,DET,GB,1,55,358.0,1979,1,35,11,1
2017,17,2017_17_GB_DET,GB,DET,0,64,258.0,1907,3,11,35,0
2017,17,2017_17_HOU_IND,HOU,IND,0,53,209.0,1727,1,13,22,0
2017,17,2017_17_HOU_IND,IND,HOU,1,62,250.0,1873,0,22,13,1
2017,17,2017_17_JAX_TEN,JAX,TEN,0,60,229.0,1593,3,10,15,0
2017,17,2017_17_JAX_TEN,TEN,JAX,1,63,232.0,2007,2,15,10,1
2017,17,2017_17_KC_DEN,DEN,KC,1,65,336.0,1857,3,24,27,0
2017,17,2017_17_KC_DEN,KC,DEN,0,65,379.0,1743,2,27,24,1
2017,17,2017_17_NO_TB,NO,TB,0,58,323.0,1707,0,24,31,0
2017,17,2017_17_NO_TB,TB,NO,1,82,457.0,1893,4,31,24,1
2017,17,2017_17_NYJ_NE,NE,NYJ,1,80,330.0,2089,0,26,6,1
2017,17,2017_17_NYJ_NE,NYJ,NE,0,59,247.0,1511,0,6,26,0
2017,17,2017_17_OAK_LAC,LAC,LV,1,68,495.0,2000,0,30,10,1
2017,17,2017_17_OAK_LAC,LV,LAC,0,53,336.0,1600,2,10,30,0
2017,17,2017_17_SF_LA,LA,SF,1,63,251.0,1851,2,13,34,0
2017,17,2017_17_SF_LA,SF,LA,0,63,461.0,1749,3,34,13,1
2017,17,2017_17_WAS_NYG,NYG,WAS,1,75,381.0,1913,1,18,10,1
2017,17,2017_17_WAS_NYG,WAS,NYG,0,56,197.0,1687,3,10,18,0
2018,1,2018_01_ATL_PHI,ATL,PHI,0,65,299.0,1670,2,12,18,0
2018,1,2018_01_ATL_PHI,PHI,ATL,1,65,234.0,1930,1,18,12,1
2018,1,2018_01_BUF_BAL,BAL,BUF,1,75,369.0,2114,1,47,3,1
2018,1,2018_01_BUF_BAL,BUF,BAL,0,61,153.0,1486,2,3,47,0
2018,1,2018_01_CHI_GB,CHI,GB,0,66,294.0,2002,1,23,24,0
2018,1,2018_01_CHI_GB,GB,CHI,1,59,370.0,1598,2,24,23,1
2018,1,2018_01_CIN_IND,CIN,IND,0,50,330.0,1632,2,34,23,1
2018,1,2018_01_CIN_IND,IND,CIN,1,77,380.0,1968,2,23,34,0
2018,1,2018_01_DAL_CAR,CAR,DAL,1,62,293.0,1836,1,16,8,1
2018,1,2018_01_DAL_CAR,DAL,CAR,0,58,234.0,1764,1,8,16,0
2018,1,2018_01_HOU_NE,HOU,NE,0,71,325.0,1730,3,20,27,0
2018,1,2018_01_HOU_NE,NE,HOU,1,72,389.0,1870,2,27,20,1
2018,1,2018_01_JAX_NYG,JAX,NYG,0,62,305.0,1771,2,20,15,1
2018,1,2018_01_JAX_NYG,NYG,JAX,1,63,324.0,1829,1,15,20,0
2018,1,2018_01_KC_LAC,KC,LAC,0,55,362.0,1534,1,38,28,1
2018,1,2018_01_KC_LAC,LAC,KC,1,77,545.0,2066,1,28,38,0
2018,1,2018_01_LA_OAK,LA,LV,0,60,365.0,1709,0,33,13,1
2018,1,2018_01_LA_OAK,LV,LA,1,64,395.0,1891,3,13,33,0
2018,1,2018_01_NYJ_DET,DET,NYJ,1,67,339.0,1613,6,17,48,0
2018,1,2018_01_NYJ_DET,NYJ,DET,0,59,349.0,1987,1,48,17,1
2018,1,2018_01_PIT_CLE,CLE,PIT,1,85,327.0,2088,1,21,21,0
2018,1,2018_01_PIT_CLE,PIT,CLE,0,80,472.0,2112,6,21,21,0
2018,1,2018_01_SEA_DEN,DEN,SEA,1,72,470.0,2108,3,27,24,1
2018,1,2018_01_SEA_DEN,SEA,DEN,0,55,306.0,1492,3,24,27,0
2018,1,2018_01_SF_MIN,MIN,SF,1,71,343.0,1869,1,24,16,1
2018,1,2018_01_SF_MIN,SF,MIN,0,61,327.0,1731,4,16,24,0
2018,1,2018_01_TB_NO,NO,TB,1,61,479.0,1671,2,40,48,0
2018,1,2018_01_TB_NO,TB,NO,0,62,529.0,1929,0,48,40,1
2018,1,2018_01_TEN_MIA,MIA,TEN,1,58,342.0,1825,2,27,20,1
2018,1,2018_01_TEN_MIA,TEN,MIA,0,67,336.0,1775,3,20,27,0
2018,1,2018_01_WAS_ARI,ARI,WAS,1,52,213.0,1312,2,6,24,0
2018,1,2018_01_WAS_ARI,WAS,ARI,0,75,429.0,2288,1,24,6,1
2018,2,2018_02_ARI_LA,ARI,LA,0,43,137.0,1552,1,0,34,0
2018,2,2018_02_ARI_LA,LA,ARI,1,70,438.0,2048,1,34,0,1
2018,2,2018_02_BAL_CIN,BAL,CIN,0,82,425.0,1690,3,23,34,0
2018,2,2018_02_BAL_CIN,CIN,BAL,1,70,373.0,1910,0,34,23,1
2018,2,2018_02_CAR_ATL,ATL,CAR,1,60,442.0,1782,1,31,24,1
2018,2,2018_02_CAR_ATL,CAR,ATL,0,65,439.0,1818,1,24,31,0
2018,2,2018_02_CLE_NO,CLE,NO,0,60,327.0,1639,1,18,21,0
2018,2,2018_02_CLE_NO,NO,CLE,1,62,277.0,1961,2,21,18,1
2018,2,2018_02_DET_SF,DET,SF,0,73,427.0,1826,1,27,30,0
2018,2,2018_02_DET_SF,SF,DET,1,60,346.0,1774,0,30,27,1
2018,2,2018_02_HOU_TEN,HOU,TEN,0,62,437.0,1778,1,17,20,0
2018,2,2018_02_HOU_TEN,TEN,HOU,1,57,283.0,1822,0,20,17,1
2018,2,2018_02_IND_WAS,IND,WAS,0,60,281.0,2230,2,21,9,1
2018,2,2018_02_IND_WAS,WAS,IND,1,71,334.0,1413,1,9,21,0
2018,2,2018_02_KC_PIT,KC,PIT,0,54,449.0,1669,1,42,37,1
2018,2,2018_02_KC_PIT,PIT,KC,1,75,477.0,2097,0,37,42,0
2018,2,2018_02_LAC_BUF,BUF,LAC,1,59,263.0,1618,2,20,31,0
2018,2,2018_02_LAC_BUF,LAC,BUF,0,55,349.0,1982,0,31,20,1
2018,2,2018_02_MIA_NYJ,MIA,NYJ,0,58,257.0,1705,2,20,12,1
2018,2,2018_02_MIA_NYJ,NYJ,MIA,1,63,362.0,1895,3,12,20,0
2018,2,2018_02_MIN_GB,GB,MIN,1,70,351.0,2288,0,29,29,0
2018,2,2018_02_MIN_GB,MIN,GB,0,69,482.0,1912,1,29,29,0
2018,2,2018_02_NE_JAX,JAX,NE,1,69,480.0,1846,2,31,20,1
2018,2,2018_02_NE_JAX,NE,JAX,0,61,302.0,1754,1,20,31,0
2018,2,2018_02_NYG_DAL,DAL,NYG,1,50,298.0,1744,0,20,13,1
2018,2,2018_02_NYG_DAL,NYG,DAL,0,67,255.0,1932,1,13,20,0
2018,2,2018_02_OAK_DEN,DEN,LV,1,64,385.0,1624,1,20,19,1
2018,2,2018_02_OAK_DEN,LV,DEN,0,60,373.0,1976,0,19,20,0
2018,2,2018_02_PHI_TB,PHI,TB,0,75,412.0,2139,2,21,27,0
2018,2,2018_02_PHI_TB,TB,PHI,1,58,436.0,1461,2,27,21,1
2018,2,2018_02_SEA_CHI,CHI,SEA,1,63,271.0,2064,2,24,17,1
2018,2,2018_02_SEA_CHI,SEA,CHI,0,64,276.0,1536,2,17,24,0
2018,3,2018_03_BUF_MIN,BUF,MIN,0,63,292.0,2145,0,27,6,1
2018,3,2018_03_BUF_MIN,MIN,BUF,1,66,292.0,1455,3,6,27,0
2018,3,2018_03_CHI_ARI,ARI,CHI,1,48,221.0,1419,4,14,16,0
2018,3,2018_03_CHI_ARI,CHI,ARI,0,69,316.0,2181,2,16,14,1
2018,3,2018_03_CIN_CAR,CAR,CIN,1,66,377.0,2035,0,31,21,1
2018,3,2018_03_CIN_CAR,CIN,CAR,0,61,396.0,1565,4,21,31,0
2018,3,2018_03_DAL_SEA,DAL,SEA,0,58,303.0,1636,3,13,24,0
2018,3,2018_03_DAL_SEA,SEA,DAL,1,67,295.0,1964,0,24,13,1
2018,3,2018_03_DEN_BAL,BAL,DEN,1,70,342.0,1814,0,27,14,1
2018,3,2018_03_DEN_BAL,DEN,BAL,0,61,293.0,1786,1,14,27,0
2018,3,2018_03_GB_WAS,GB,WAS,0,66,340.0,1855,1,17,31,0
2018,3,2018_03_GB_WAS,WAS,GB,1,55,386.0,1745,1,31,17,1
2018,3,2018_03_IND_PHI,IND,PHI,0,56,209.0,1188,0,16,20,0
2018,3,2018_03_IND_PHI,PHI,IND,1,77,379.0,2412,2,20,16,1
2018,3,2018_03_LAC_LA,LA,LAC,1,72,521.0,2056,2,35,23,1
2018,3,2018_03_LAC_LA,LAC,LA,0,52,356.0,1544,2,23,35,0
2018,3,2018_03_NE_DET,DET,NE,1,70,414.0,2355,1,26,10,1
2018,3,2018_03_NE_DET,NE,DET,0,47,209.0,1245,1,10,26,0
2018,3,2018_03_NO_ATL,ATL,NO,1,62,411.0,1760,0,37,43,0
2018,3,2018_03_NO_ATL,NO,ATL,0,77,534.0,2265,0,43,37,1
2018,3,2018_03_NYG_HOU,HOU,NYG,1,63,427.0,1470,2,22,27,0
2018,3,2018_03_NYG_HOU,NYG,HOU,0,60,379.0,2130,0,27,22,1
2018,3,2018_03_NYJ_CLE,CLE,NYJ,1,75,325.0,1852,0,21,17,1
2018,3,2018_03_NYJ_CLE,NYJ,CLE,0,63,268.0,1748,3,17,21,0
2018,3,2018_03_OAK_MIA,LV,MIA,0,74,434.0,2311,2,20,28,0
2018,3,2018_03_OAK_MIA,MIA,LV,1,39,373.0,1289,0,28,20,1
2018,3,2018_03_PIT_TB,PIT,TB,0,63,413.0,1821,1,30,27,1
2018,3,2018_03_PIT_TB,TB,PIT,1,69,455.0,1779,4,27,30,0
2018,3,2018_03_SF_KC,KC,SF,1,68,384.0,1801,0,38,27,1
2018,3,2018_03_SF_KC,SF,KC,0,64,408.0,1799,0,27,38,0
2018,3,2018_03_TEN_JAX,JAX,TEN,1,56,232.0,1633,1,6,9,0
2018,3,2018_03_TEN_JAX,TEN,JAX,0,59,233.0,1967,0,9,6,1
2018,4,2018_04_BAL_PIT,BAL,PIT,0,74,451.0,2103,1,26,14,1
2018,4,2018_04_BAL_PIT,PIT,BAL,1,60,286.0,1497,2,14,26,0
2018,4,2018_04_BUF_GB,BUF,GB,0,56,145.0,1523,3,0,22,0
2018,4,2018_04_BUF_GB,GB,BUF,1,74,423.0,2077,2,22,0,1
2018,4,2018_04_CIN_ATL,ATL,CIN,1,67,495.0,1762,0,36,37,0
2018,4,2018_04_CIN_ATL,CIN,ATL,0,68,407.0,1838,1,37,36,1
2018,4,2018_04_CLE_OAK,CLE,LV,0,77,491.0,1883,4,42,45,0
2018,4,2018_04_CLE_OAK,LV,CLE,1,91,567.0,2211,2,45,42,1
2018,4,2018_04_DET_DAL,DAL,DET,1,65,414.0,1805,0,26,24,1
2018,4,2018_04_DET_DAL,DET,DAL,0,53,382.0,1795,0,24,26,0
2018,4,2018_04_HOU_IND,HOU,IND,0,84,466.0,2404,1,37,34,1
2018,4,2018_04_HOU_IND,IND,HOU,1,85,480.0,1796,2,34,37,0
2018,4,2018_04_KC_DEN,DEN,KC,1,59,385.0,1498,1,23,27,0
2018,4,2018_04_KC_DEN,KC,DEN,0,72,446.0,2102,0,27,23,1
2018,4,2018_04_MIA_NE,MIA,NE,0,45,172.0,1418,2,7,38,0
2018,4,2018_04_MIA_NE,NE,MIA,1,75,449.0,2182,2,38,7,1
2018,4,2018_04_MIN_LA,LA,MIN,1,55,556.0,1666,0,38,31,1
2018,4,2018_04_MIN_LA,MIN,LA,0,72,448.0,1934,1,31,38,0
2018,4,2018_04_NO_NYG,NO,NYG,0,67,389.0,1860,0,33,18,1
2018,4,2018_04_NO_NYG,NYG,NO,1,60,301.0,1740,2,18,33,0
2018,4,2018_04_NYJ_JAX,JAX,NYJ,1,75,503.0,2255,3,31,12,1
2018,4,2018_04_NYJ_JAX,NYJ,JAX,0,52,178.0,1345,0,12,31,0
2018,4,2018_04_PHI_TEN,PHI,TEN,0,76,432.0,2065,1,23,26,0
2018,4,2018_04_PHI_TEN,TEN,PHI,1,68,397.0,2130,1,26,23,1
2018,4,2018_04_SEA_ARI,ARI,SEA,1,56,263.0,1694,1,17,20,0
2018,4,2018_04_SEA_ARI,SEA,ARI,0,62,331.0,1906,0,20,17,1
2018,4,2018_04_SF_LAC,LAC,SF,1,68,370.0,1946,1,29,27,1
2018,4,2018_04_SF_LAC,SF,LAC,0,59,364.0,1654,2,27,29,0
2018,4,2018_04_TB_CHI,CHI,TB,1,58,483.0,1686,0,48,10,1
2018,4,2018_04_TB_CHI,TB,CHI,0,60,311.0,1914,3,10,48,0
2018,5,2018_05_ARI_SF,ARI,SF,0,49,220.0,1188,0,28,18,1
2018,5,2018_05_ARI_SF,SF,ARI,1,95,447.0,2412,5,18,28,0
2018,5,2018_05_ATL_PIT,ATL,PIT,0,70,324.0,1852,1,17,41,0
2018,5,2018_05_ATL_PIT,PIT,ATL,1,58,381.0,1748,1,41,17,1
2018,5,2018_05_BAL_CLE,BAL,CLE,0,84,410.0,2022,2,9,12,0
2018,5,2018_05_BAL_CLE,CLE,BAL,1,76,416.0,2176,1,12,9,1
2018,5,2018_05_DAL_HOU,DAL,HOU,0,60,292.0,1892,2,16,19,0
2018,5,2018_05_DAL_HOU,HOU,DAL,1,76,462.0,2198,2,19,16,1
2018,5,2018_05_DEN_NYJ,DEN,NYJ,0,73,436.0,1866,1,16,34,0
2018,5,2018_05_DEN_NYJ,NYJ,DEN,1,61,512.0,1734,2,34,16,1
2018,5,2018_05_GB_DET,DET,GB,1,57,264.0,1600,1,31,23,1
2018,5,2018_05_GB_DET,GB,DET,0,78,523.0,2000,2,23,31,0
2018,5,2018_05_IND_NE,IND,NE,0,81,439.0,1946,3,24,38,0
2018,5,2018_05_IND_NE,NE,IND,1,67,438.0,1654,2,38,24,1
2018,5,2018_05_JAX_KC,JAX,KC,0,83,502.0,1637,5,14,30,0
2018,5,2018_05_JAX_KC,KC,JAX,1,69,424.0,2038,2,30,14,1
2018,5,2018_05_LA_SEA,LA,SEA,0,63,468.0,1770,2,33,31,1
2018,5,2018_05_LA_SEA,SEA,LA,1,55,373.0,1830,0,31,33,0
2018,5,2018_05_MIA_CIN,CIN,MIA,1,58,332.0,1835,1,27,17,1
2018,5,2018_05_MIA_CIN,MIA,CIN,0,60,297.0,1765,3,17,27,0
2018,5,2018_05_MIN_PHI,MIN,PHI,0,61,375.0,1967,1,23,21,1
2018,5,2018_05_MIN_PHI,PHI,MIN,1,56,366.0,1633,2,21,23,0
2018,5,2018_05_NYG_CAR,CAR,NYG,1,67,350.0,2127,3,33,31,1
2018,5,2018_05_NYG_CAR,NYG,CAR,0,55,434.0,1473,2,31,33,0
2018,5,2018_05_OAK_LAC,LAC,LV,1,59,412.0,2080,0,26,10,1
2018,5,2018_05_OAK_LAC,LV,LAC,0,49,289.0,1520,2,10,26,0
2018,5,2018_05_TEN_BUF,BUF,TEN,1,64,223.0,2029,1,13,12,1
2018,5,2018_05_TEN_BUF,TEN,BUF,0,53,221.0,1571,3,12,13,0
2018,5,2018_05_WAS_NO,NO,WAS,1,64,447.0,1997,1,43,19,1
2018,5,2018_05_WAS_NO,WAS,NO,0,61,283.0,1603,2,19,43,0
2018,6,2018_06_ARI_MIN,ARI,MIN,0,55,268.0,1538,2,17,27,0
2018,6,2018_06_ARI_MIN,MIN,ARI,1,70,411.0,2062,2,27,17,1
2018,6,2018_06_BAL_TEN,BAL,TEN,0,72,361.0,2254,1,21,0,1
2018,6,2018_06_BAL_TEN,TEN,BAL,1,40,106.0,1346,0,0,21,0
2018,6,2018_06_BUF_HOU,BUF,HOU,0,58,229.0,1980,2,13,20,0
2018,6,2018_06_BUF_HOU,HOU,BUF,1,57,216.0,1620,4,20,13,1
2018,6,2018_06_CAR_WAS,CAR,WAS,0,60,352.0,1476,2,17,23,0
2018,6,2018_06_CAR_WAS,WAS,CAR,1,67,288.0,2124,1,23,17,1
2018,6,2018_06_CHI_MIA,CHI,MIA,0,64,467.0,2005,3,28,31,0
2018,6,2018_06_CHI_MIA,MIA,CHI,1,76,543.0,2195,3,31,28,1
2018,6,2018_06_IND_NYJ,IND,NYJ,0,66,428.0,1378,4,34,42,0
2018,6,2018_06_IND_NYJ,NYJ,IND,1,68,374.0,2222,2,42,34,1
2018,6,2018_06_JAX_DAL,DAL,JAX,1,72,378.0,2330,0,40,7,1
2018,6,2018_06_JAX_DAL,JAX,DAL,0,47,204.0,1270,2,7,40,0
2018,6,2018_06_KC_NE,KC,NE,0,53,446.0,1431,2,40,43,0
2018,6,2018_06_KC_NE,NE,KC,1,75,500.0,2169,1,43,40,1
2018,6,2018_06_LAC_CLE,CLE,LAC,1,73,319.0,1703,2,14,38,0
2018,6,2018_06_LAC_CLE,LAC,CLE,0,58,449.0,1897,1,38,14,1
2018,6,2018_06_LA_DEN,DEN,LA,1,60,357.0,1490,1,20,23,0
2018,6,2018_06_LA_DEN,LA,DEN,0,72,444.0,2110,1,23,20,1
2018,6,2018_06_PHI_NYG,NYG,PHI,1,64,401.0,1650,1,13,34,0
2018,6,2018_06_PHI_NYG,PHI,NYG,0,68,379.0,1950,0,34,13,1
2018,6,2018_06_PIT_CIN,CIN,PIT,1,58,275.0,1504,0,21,28,0
2018,6,2018_06_PIT_CIN,PIT,CIN,0,68,483.0,2096,0,28,21,1
2018,6,2018_06_SEA_OAK,LV,SEA,1,56,185.0,1714,2,3,27,0
2018,6,2018_06_SEA_OAK,SEA,LV,0,61,369.0,1886,1,27,3,1
2018,6,2018_06_SF_GB,GB,SF,1,70,521.0,1868,0,33,30,1
2018,6,2018_06_SF_GB,SF,GB,0,55,401.0,1732,3,30,33,0
2018,6,2018_06_TB_ATL,ATL,TB,1,64,417.0,1899,0,34,29,1
2018,6,2018_06_TB_ATL,TB,ATL,0,64,510.0,1701,2,29,34,0
2018,7,2018_07_BUF_IND,BUF,IND,0,55,303.0,1601,5,5,37,0
2018,7,2018_07_BUF_IND,IND,BUF,1,61,378.0,1999,0,37,5,1
2018,7,2018_07_CAR_PHI,CAR,PHI,0,59,373.0,1483,0,21,17,1
2018,7,2018_07_CAR_PHI,PHI,CAR,1,65,342.0,2117,1,17,21,0
2018,7,2018_07_CIN_KC,CIN,KC,0,54,239.0,1577,1,10,45,0
2018,7,2018_07_CIN_KC,KC,CIN,1,70,551.0,2023,1,45,10,1
2018,7,2018_07_CLE_TB,CLE,TB,0,62,305.0,1827,0,23,26,0
2018,7,2018_07_CLE_TB,TB,CLE,1,88,456.0,2263,5,26,23,1
2018,7,2018_07_DAL_WAS,DAL,WAS,0,61,323.0,1745,2,17,20,0
2018,7,2018_07_DAL_WAS,WAS,DAL,1,58,305.0,1855,0,20,17,1
2018,7,2018_07_DEN_ARI,ARI,DEN,1,66,223.0,1751,5,10,45,0
2018,7,2018_07_DEN_ARI,DEN,ARI,0,55,309.0,1849,1,45,10,1
2018,7,2018_07_DET_MIA,DET,MIA,0,59,457.0,2019,0,32,21,1
2018,7,2018_07_DET_MIA,MIA,DET,1,54,322.0,1581,0,21,32,0
2018,7,2018_07_HOU_JAX,HOU,JAX,0,62,272.0,1775,0,20,7,1
2018,7,2018_07_HOU_JAX,JAX,HOU,1,68,259.0,1825,3,7,20,0
2018,7,2018_07_LA_SF,LA,SF,0,61,339.0,1971,0,39,10,1
2018,7,2018_07_LA_SF,SF,LA,1,58,228.0,1629,4,10,39,0
2018,7,2018_07_MIN_NYJ,MIN,NYJ,0,65,316.0,1931,0,37,17,1
2018,7,2018_07_MIN_NYJ,NYJ,MIN,1,69,263.0,1669,4,17,37,0
2018,7,2018_07_NE_CHI,CHI,NE,1,77,453.0,1809,2,31,38,0
2018,7,2018_07_NE_CHI,NE,CHI,0,64,381.0,1791,3,38,31,1
2018,7,2018_07_NO_BAL,BAL,NO,1,64,351.0,1589,0,23,24,0
2018,7,2018_07_NO_BAL,NO,BAL,0,70,339.0,2011,1,24,23,1
2018,7,2018_07_NYG_ATL,ATL,NYG,1,62,423.0,1937,1,23,20,1
2018,7,2018_07_NYG_ATL,NYG,ATL,0,64,435.0,1663,0,20,23,0
2018,7,2018_07_TEN_LAC,LAC,TEN,1,44,344.0,1477,0,20,19,1
2018,7,2018_07_TEN_LAC,TEN,LAC,0,68,390.0,2123,1,19,20,0
2018,8,2018_08_BAL_CAR,BAL,CAR,0,64,325.0,1559,3,21,36,0
2018,8,2018_08_BAL_CAR,CAR,BAL,1,64,386.0,2041,0,36,21,1
2018,8,2018_08_CLE_PIT,CLE,PIT,0,60,237.0,1668,1,18,33,0
2018,8,2018_08_CLE_PIT,PIT,CLE,1,68,421.0,2095,2,33,18,1
2018,8,2018_08_DEN_KC,DEN,KC,0,70,411.0,1961,2,23,30,0
2018,8,2018_08_DEN_KC,KC,DEN,1,54,340.0,1639,1,30,23,1
2018,8,2018_08_GB_LA,GB,LA,0,52,359.0,1550,1,27,29,0
2018,8,2018_08_GB_LA,LA,GB,1,77,418.0,2050,0,29,27,1
2018,8,2018_08_IND_OAK,IND,LV,0,72,463.0,2190,0,42,28,1
2018,8,2018_08_IND_OAK,LV,IND,1,47,347.0,1410,1,28,42,0
2018,8,2018_08_MIA_HOU,HOU,MIA,1,55,427.0,1731,0,42,23,1
2018,8,2018_08_MIA_HOU,MIA,HOU,0,65,370.0,1869,1,23,42,0
2018,8,2018_08_NE_BUF,BUF,NE,1,63,333.0,1690,2,6,25,0
2018,8,2018_08_NE_BUF,NE,BUF,0,73,387.0,1910,0,25,6,1
2018,8,2018_08_NO_MIN,MIN,NO,1,67,423.0,1883,2,20,30,0
2018,8,2018_08_NO_MIN,NO,MIN,0,53,270.0,1717,1,30,20,1
2018,8,2018_08_NYJ_CHI,CHI,NYJ,1,65,395.0,1964,0,24,10,1
2018,8,2018_08_NYJ_CHI,NYJ,CHI,0,54,207.0,1636,0,10,24,0
2018,8,2018_08_PHI_JAX,JAX,PHI,1,63,335.0,1642,1,18,24,0
2018,8,2018_08_PHI_JAX,PHI,JAX,0,62,395.0,1958,2,24,18,1
2018,8,2018_08_SEA_DET,DET,SEA,1,56,331.0,1505,3,14,28,0
2018,8,2018_08_SEA_DET,SEA,DET,0,61,413.0,2095,0,28,14,1
2018,8,2018_08_SF_ARI,ARI,SF,1,65,323.0,1661,2,18,15,1
2018,8,2018_08_SF_ARI,SF,ARI,0,63,267.0,1939,0,15,18,0
2018,8,2018_08_TB_CIN,CIN,TB,1,63,402.0,1441,0,37,34,1
2018,8,2018_08_TB_CIN,TB,CIN,0,84,578.0,2159,4,34,37,0
2018,8,2018_08_WAS_NYG,NYG,WAS,1,68,303.0,1582,2,13,20,0
2018,8,2018_08_WAS_NYG,WAS,NYG,0,65,360.0,2018,1,20,13,1
2018,9,2018_09_ATL_WAS,ATL,WAS,0,64,491.0,1976,1,38,14,1
2018,9,2018_09_ATL_WAS,WAS,ATL,1,64,366.0,1624,1,14,38,0
2018,9,2018_09_CHI_BUF,BUF,CHI,1,82,264.0,2043,4,9,41,0
2018,9,2018_09_CHI_BUF,CHI,BUF,0,46,190.0,1557,1,41,9,1
2018,9,2018_09_DET_MIN,DET,MIN,0,70,209.0,2205,1,9,24,0
2018,9,2018_09_DET_MIN,MIN,DET,1,46,283.0,1395,2,24,9,1
2018,9,2018_09_GB_NE,GB,NE,0,69,367.0,1954,1,17,31,0
2018,9,2018_09_GB_NE,NE,GB,1,69,433.0,1646,0,31,17,1
2018,9,2018_09_HOU_DEN,DEN,HOU,1,64,348.0,1655,1,17,19,0
2018,9,2018_09_HOU_DEN,HOU,DEN,0,61,290.0,1945,0,19,17,1
2018,9,2018_09_KC_CLE,CLE,KC,1,73,388.0,1851,1,21,37,0
2018,9,2018_09_KC_CLE,KC,CLE,0,58,499.0,1749,1,37,21,1
2018,9,2018_09_LAC_SEA,LAC,SEA,0,51,375.0,1459,0,25,17,1
2018,9,2018_09_LAC_SEA,SEA,LAC,1,75,356.0,2141,1,17,25,0
2018,9,2018_09_LA_NO,LA,NO,0,60,485.0,1579,1,35,45,0
2018,9,2018_09_LA_NO,NO,LA,1,70,487.0,2021,1,45,35,1
2018,9,2018_09_NYJ_MIA,MIA,NYJ,1,55,168.0,1706,0,13,6,1
2018,9,2018_09_NYJ_MIA,NYJ,MIA,0,64,282.0,1894,4,6,13,0
2018,9,2018_09_OAK_SF,LV,SF,0,55,242.0,1886,0,3,34,0
2018,9,2018_09_OAK_SF,SF,LV,1,54,405.0,1714,0,34,3,1
2018,9,2018_09_PIT_BAL,BAL,PIT,1,56,266.0,1411,0,16,23,0
2018,9,2018_09_PIT_BAL,PIT,BAL,0,76,395.0,2189,0,23,16,1
2018,9,2018_09_TB_CAR,CAR,TB,1,59,407.0,1860,0,42,28,1
2018,9,2018_09_TB_CAR,TB,CAR,0,65,301.0,1740,2,28,42,0
2018,9,2018_09_TEN_DAL,DAL,TEN,1,56,297.0,1534,2,14,28,0
2018,9,2018_09_TEN_DAL,TEN,DAL,0,69,340.0,2066,2,28,14,1
2018,10,2018_10_ARI_KC,ARI,KC,0,69,260.0,1907,2,14,26,0
2018,10,2018_10_ARI_KC,KC,ARI,1,57,330.0,1693,0,26,14,1
2018,10,2018_10_ATL_CLE,ATL,CLE,0,74,382.0,1883,2,16,28,0
2018,10,2018_10_ATL_CLE,CLE,ATL,1,50,427.0,1717,1,28,16,1
2018,10,2018_10_BUF_NYJ,BUF,NYJ,0,73,451.0,2362,0,41,10,1
2018,10,2018_10_BUF_NYJ,NYJ,BUF,1,55,199.0,1238,2,10,41,0
2018,10,2018_10_CAR_PIT,CAR,PIT,0,56,242.0,1765,2,21,52,0
2018,10,2018_10_CAR_PIT,PIT,CAR,1,58,457.0,1835,0,52,21,1
2018,10,2018_10_DAL_PHI,DAL,PHI,0,68,410.0,2002,0,27,20,1
2018,10,2018_10_DAL_PHI,PHI,DAL,1,62,421.0,1598,1,20,27,0
2018,10,2018_10_DET_CHI,CHI,DET,1,54,404.0,1818,0,34,22,1
2018,10,2018_10_DET_CHI,DET,CHI,0,74,305.0,1920,3,22,34,0
2018,10,2018_10_JAX_IND,IND,JAX,1,53,368.0,1490,1,29,26,1
2018,10,2018_10_JAX_IND,JAX,IND,0,73,415.0,2110,1,26,29,0
2018,10,2018_10_LAC_OAK,LAC,LV,0,53,335.0,1730,1,20,6,1
2018,10,2018_10_LAC_OAK,LV,LAC,1,63,317.0,1870,1,6,20,0
2018,10,2018_10_MIA_GB,GB,MIA,1,55,377.0,1672,0,31,12,1
2018,10,2018_10_MIA_GB,MIA,GB,0,66,294.0,1928,3,12,31,0
2018,10,2018_10_NE_TEN,NE,TEN,0,65,284.0,1623,0,10,34,0
2018,10,2018_10_NE_TEN,TEN,NE,1,63,385.0,1977,0,34,10,1
2018,10,2018_10_NO_CIN,CIN,NO,1,43,284.0,1214,2,14,51,0
2018,10,2018_10_NO_CIN,NO,CIN,0,74,509.0,2386,0,51,14,1
2018,10,2018_10_NYG_SF,NYG,SF,0,55,277.0,1546,0,27,23,1
2018,10,2018_10_NYG_SF,SF,NYG,1,68,374.0,2054,2,23,27,0
2018,10,2018_10_SEA_LA,LA,SEA,1,65,456.0,1763,0,36,31,1
2018,10,2018_10_SEA_LA,SEA,LA,0,64,414.0,1837,1,31,36,0
2018,10,2018_10_WAS_TB,TB,WAS,1,67,501.0,1872,4,3,16,0
2018,10,2018_10_WAS_TB,WAS,TB,0,55,286.0,1728,0,16,3,1
2018,11,2018_11_CAR_DET,CAR,DET,0,58,387.0,1700,1,19,20,0
2018,11,2018_11_CAR_DET,DET,CAR,1,64,309.0,1900,0,20,19,1
2018,11,2018_11_CIN_BAL,BAL,CIN,1,76,405.0,2289,1,24,21,1
2018,11,2018_11_CIN_BAL,CIN,BAL,0,54,255.0,1311,0,21,24,0
2018,11,2018_11_DAL_ATL,ATL,DAL,1,55,354.0,1683,1,19,22,0
2018,11,2018_11_DAL_ATL,DAL,ATL,0,63,323.0,1917,0,22,19,1
2018,11,2018_11_DEN_LAC,DEN,LAC,0,53,325.0,1331,0,23,22,1
2018,11,2018_11_DEN_LAC,LAC,DEN,1,72,479.0,2269,2,22,23,0
2018,11,2018_11_GB_SEA,GB,SEA,0,48,359.0,1542,0,24,27,0
2018,11,2018_11_GB_SEA,SEA,GB,1,69,378.0,2058,1,27,24,1
2018,11,2018_11_HOU_WAS,HOU,WAS,0,58,320.0,1807,3,23,21,1
2018,11,2018_11_HOU_WAS,WAS,HOU,1,73,278.0,1857,2,21,23,0
2018,11,2018_11_KC_LA,KC,LA,0,69,546.0,1777,5,51,54,0
2018,11,2018_11_KC_LA,LA,KC,1,75,455.0,1823,2,54,51,1
2018,11,2018_11_MIN_CHI,CHI,MIN,1,73,312.0,2069,3,25,20,1
2018,11,2018_11_MIN_CHI,MIN,CHI,0,64,270.0,1531,3,20,25,0
2018,11,2018_11_OAK_ARI,ARI,LV,1,52,282.0,1439,2,21,23,0
2018,11,2018_11_OAK_ARI,LV,ARI,0,68,325.0,2161,0,23,21,1
2018,11,2018_11_PHI_NO,NO,PHI,1,69,546.0,2254,0,48,7,1
2018,11,2018_11_PHI_NO,PHI,NO,0,48,196.0,1346,3,7,48,0
2018,11,2018_11_PIT_JAX,JAX,PIT,1,67,243.0,2260,1,16,20,0
2018,11,2018_11_PIT_JAX,PIT,JAX,0,61,323.0,1340,3,20,16,1
2018,11,2018_11_TB_NYG,NYG,TB,1,53,359.0,1673,0,38,35,1
2018,11,2018_11_TB_NYG,TB,NYG,0,68,510.0,1927,4,35,38,0
2018,11,2018_11_TEN_IND,IND,TEN,1,60,397.0,1876,0,38,10,1
2018,11,2018_11_TEN_IND,TEN,IND,0,59,263.0,1724,2,10,38,0
2018,12,2018_12_ARI_LAC,ARI,LAC,0,45,149.0,1482,1,10,45,0
2018,12,2018_12_ARI_LAC,LAC,ARI,1,66,414.0,2118,1,45,10,1
2018,12,2018_12_ATL_NO,ATL,NO,0,69,366.0,1859,4,17,31,0
2018,12,2018_12_ATL_NO,NO,ATL,1,55,312.0,1741,1,31,17,1
2018,12,2018_12_CHI_DET,CHI,DET,0,58,264.0,1634,1,23,16,1
2018,12,2018_12_CHI_DET,DET,CHI,1,65,333.0,1966,2,16,23,0
2018,12,2018_12_CLE_CIN,CIN,CLE,1,67,372.0,1676,2,20,35,0
2018,12,2018_12_CLE_CIN,CLE,CIN,0,61,342.0,1924,0,35,20,1
2018,12,2018_12_GB_MIN,GB,MIN,0,51,254.0,1523,0,17,24,0
2018,12,2018_12_GB_MIN,MIN,GB,1,69,416.0,2077,1,24,17,1
2018,12,2018_12_JAX_BUF,BUF,JAX,1,54,327.0,1638,0,24,21,1
2018,12,2018_12_JAX_BUF,JAX,BUF,0,65,333.0,1962,2,21,24,0
2018,12,2018_12_MIA_IND,IND,MIA,1,65,455.0,1914,3,27,24,1
2018,12,2018_12_MIA_IND,MIA,IND,0,51,314.0,1686,1,24,27,0
2018,12,2018_12_NE_NYJ,NE,NYJ,0,67,498.0,2066,0,27,13,1
2018,12,2018_12_NE_NYJ,NYJ,NE,1,62,338.0,1534,1,13,27,0
2018,12,2018_12_NYG_PHI,NYG,PHI,0,58,402.0,1642,1,22,25,0
2018,12,2018_12_NYG_PHI,PHI,NYG,1,62,345.0,1958,0,25,22,1
2018,12,2018_12_OAK_BAL,BAL,LV,1,69,416.0,2052,2,34,17,1
2018,12,2018_12_OAK_BAL,LV,BAL,0,56,249.0,1548,1,17,34,0
2018,12,2018_12_PIT_DEN,DEN,PIT,1,53,308.0,1500,0,24,17,1
2018,12,2018_12_PIT_DEN,PIT,DEN,0,76,527.0,2100,4,17,24,0
2018,12,2018_12_SEA_CAR,CAR,SEA,1,57,476.0,1774,1,27,30,0
2018,12,2018_12_SEA_CAR,SEA,CAR,0,61,397.0,1826,0,30,27,1
2018,12,2018_12_SF_TB,SF,TB,0,60,342.0,1551,2,9,27,0
2018,12,2018_12_SF_TB,TB,SF,1,70,412.0,2049,0,27,9,1
2018,12,2018_12_TEN_HOU,HOU,TEN,1,62,462.0,1798,0,34,17,1
2018,12,2018_12_TEN_HOU,TEN,HOU,0,52,365.0,1802,1,17,34,0
2018,12,2018_12_WAS_DAL,DAL,WAS,1,69,404.0,2003,0,31,23,1
2018,12,2018_12_WAS_DAL,WAS,DAL,0,61,331.0,1597,3,23,31,0
2018,13,2018_13_ARI_GB,ARI,GB,0,57,315.0,1654,0,20,17,1
2018,13,2018_13_ARI_GB,GB,ARI,1,74,325.0,1946,0,17,20,0
2018,13,2018_13_BAL_ATL,ATL,BAL,1,46,131.0,1221,1,16,26,0
2018,13,2018_13_BAL_ATL,BAL,ATL,0,77,366.0,2379,1,26,16,1
2018,13,2018_13_BUF_MIA,BUF,MIA,0,67,417.0,1977,2,17,21,0
2018,13,2018_13_BUF_MIA,MIA,BUF,1,50,175.0,1623,2,21,17,1
2018,13,2018_13_CAR_TB,CAR,TB,0,65,444.0,1806,4,17,24,0
2018,13,2018_13_CAR_TB,TB,CAR,1,59,315.0,1794,1,24,17,1
2018,13,2018_13_CHI_NYG,CHI,NYG,0,77,376.0,2038,3,27,30,0
2018,13,2018_13_CHI_NYG,NYG,CHI,1,68,338.0,2066,1,30,27,1
2018,13,2018_13_CLE_HOU,CLE,HOU,0,53,428.0,1392,4,13,29,0
2018,13,2018_13_CLE_HOU,HOU,CLE,1,74,384.0,2249,0,29,13,1
2018,13,2018_13_DEN_CIN,CIN,DEN,1,64,313.0,1880,2,10,24,0
2018,13,2018_13_DEN_CIN,DEN,CIN,0,57,361.0,1720,2,24,10,1
2018,13,2018_13_IND_JAX,IND,JAX,0,71,265.0,1827,2,0,6,0
2018,13,2018_13_IND_JAX,JAX,IND,1,54,211.0,1773,1,6,0,1
2018,13,2018_13_KC_OAK,KC,LV,0,68,469.0,1754,1,40,33,1
2018,13,2018_13_KC_OAK,LV,KC,1,70,442.0,1846,3,33,40,0
2018,13,2018_13_LAC_PIT,LAC,PIT,0,62,375.0,1872,0,33,30,1
2018,13,2018_13_LAC_PIT,PIT,LAC,1,63,336.0,1728,1,30,33,0
2018,13,2018_13_LA_DET,DET,LA,1,64,310.0,2058,2,16,30,0
2018,13,2018_13_LA_DET,LA,DET,0,64,344.0,1696,2,30,16,1
2018,13,2018_13_MIN_NE,MIN,NE,0,59,278.0,1599,2,10,24,0
2018,13,2018_13_MIN_NE,NE,MIN,1,71,471.0,2001,1,24,10,1
2018,13,2018_13_NO_DAL,DAL,NO,1,66,308.0,2213,2,13,10,1
2018,13,2018_13_NO_DAL,NO,DAL,0,49,176.0,1387,1,10,13,0
2018,13,2018_13_NYJ_TEN,NYJ,TEN,0,65,280.0,2002,1,22,26,0
2018,13,2018_13_NYJ_TEN,TEN,NYJ,1,60,403.0,1598,1,26,22,1
2018,13,2018_13_SF_SEA,SEA,SF,1,49,331.0,1650,1,43,16,1
2018,13,2018_13_SF_SEA,SF,SEA,0,75,452.0,1950,2,16,43,0
2018,13,2018_13_WAS_PHI,PHI,WAS,1,73,438.0,2359,1,28,13,1
2018,13,2018_13_WAS_PHI,WAS,PHI,0,42,235.0,1241,1,13,28,0
2018,14,2018_14_ATL_GB,ATL,GB,0,68,344.0,1849,2,20,34,0
2018,14,2018_14_ATL_GB,GB,ATL,1,61,300.0,1751,0,34,20,1
2018,14,2018_14_BAL_KC,BAL,KC,0,68,321.0,1887,1,24,27,0
2018,14,2018_14_BAL_KC,KC,BAL,1,83,442.0,2220,1,27,24,1
2018,14,2018_14_CAR_CLE,CAR,CLE,0,69,393.0,2030,1,20,26,0
2018,14,2018_14_CAR_CLE,CLE,CAR,1,45,348.0,1570,2,26,20,1
2018,14,2018_14_CIN_LAC,CIN,LAC,0,64,295.0,1958,0,21,26,0
2018,14,2018_14_CIN_LAC,LAC,CIN,1,56,288.0,1642,0,26,21,1
2018,14,2018_14_DEN_SF,DEN,SF,0,71,274.0,1759,0,14,20,0
2018,14,2018_14_DEN_SF,SF,DEN,1,66,389.0,1668,1,20,14,1
2018,14,2018_14_DET_ARI,ARI,DET,1,65,279.0,1904,1,3,17,0
2018,14,2018_14_DET_ARI,DET,ARI,0,55,218.0,1696,1,17,3,1
2018,14,2018_14_IND_HOU,HOU,IND,1,68,315.0,1917,0,21,24,0
2018,14,2018_14_IND_HOU,IND,HOU,0,66,436.0,1683,1,24,21,1
2018,14,2018_14_JAX_TEN,JAX,TEN,0,67,255.0,1840,1,9,30,0
2018,14,2018_14_JAX_TEN,TEN,JAX,1,57,426.0,1760,1,30,9,1
2018,14,2018_14_LA_CHI,CHI,LA,1,66,294.0,2209,3,15,6,1
2018,14,2018_14_LA_CHI,LA,CHI,0,61,214.0,1391,4,6,15,0
2018,14,2018_14_MIN_SEA,MIN,SEA,0,56,276.0,1691,1,7,21,0
2018,14,2018_14_MIN_SEA,SEA,MIN,1,65,276.0,1909,1,21,7,1
2018,14,2018_14_NE_MIA,MIA,NE,1,45,412.0,1486,0,34,33,1
2018,14,2018_14_NE_MIA,NE,MIA,0,75,421.0,2114,0,33,34,0
2018,14,2018_14_NO_TB,NO,TB,0,63,300.0,1913,2,28,14,1
2018,14,2018_14_NO_TB,TB,NO,1,65,279.0,1687,1,14,28,0
2018,14,2018_14_NYG_WAS,NYG,WAS,0,63,402.0,1809,1,40,16,1
2018,14,2018_14_NYG_WAS,WAS,NYG,1,59,292.0,1791,3,16,40,0
2018,14,2018_14_NYJ_BUF,BUF,NYJ,1,71,368.0,2027,3,23,27,0
2018,14,2018_14_NYJ_BUF,NYJ,BUF,0,52,245.0,1573,2,27,23,1
2018,14,2018_14_PHI_DAL,DAL,PHI,1,93,576.0,2733,3,29,23,1
2018,14,2018_14_PHI_DAL,PHI,DAL,0,48,256.0,1352,1,23,29,0
2018,14,2018_14_PIT_OAK,LV,PIT,1,63,354.0,1956,1,24,21,1
2018,14,2018_14_PIT_OAK,PIT,LV,0,58,340.0,1644,1,21,24,0
2018,15,2018_15_ARI_ATL,ARI,ATL,0,65,253.0,1760,3,14,40,0
2018,15,2018_15_ARI_ATL,ATL,ARI,1,66,435.0,1840,0,40,14,1
2018,15,2018_15_CLE_DEN,CLE,DEN,0,61,309.0,1638,2,17,16,1
2018,15,2018_15_CLE_DEN,DEN,CLE,1,70,270.0,1962,2,16,17,0
2018,15,2018_15_DAL_IND,DAL,IND,0,64,292.0,1692,1,0,23,0
2018,15,2018_15_DAL_IND,IND,DAL,1,66,370.0,1908,1,23,0,1
2018,15,2018_15_DET_BUF,BUF,DET,1,64,312.0,1866,0,14,13,1
2018,15,2018_15_DET_BUF,DET,BUF,0,56,313.0,1734,0,13,14,0
2018,15,2018_15_GB_CHI,CHI,GB,1,58,332.0,1823,1,24,17,1
2018,15,2018_15_GB_CHI,GB,CHI,0,67,325.0,1777,1,17,24,0
2018,15,2018_15_HOU_NYJ,HOU,NYJ,0,51,286.0,1496,0,29,22,1
2018,15,2018_15_HOU_NYJ,NYJ,HOU,1,72,318.0,2104,1,22,29,0
2018,15,2018_15_LAC_KC,KC,LAC,1,53,294.0,1604,0,28,29,0
2018,15,2018_15_LAC_KC,LAC,KC,0,68,409.0,1996,2,29,28,1
2018,15,2018_15_MIA_MIN,MIA,MIN,0,53,193.0,1604,0,17,41,0
2018,15,2018_15_MIA_MIN,MIN,MIA,1,63,418.0,1996,1,41,17,1
2018,15,2018_15_NE_PIT,NE,PIT,0,56,368.0,1751,1,10,17,0
2018,15,2018_15_NE_PIT,PIT,NE,1,61,376.0,1849,2,17,10,1
2018,15,2018_15_NO_CAR,CAR,NO,1,57,247.0,1491,2,9,12,0
2018,15,2018_15_NO_CAR,NO,CAR,0,70,346.0,2109,2,12,9,1
2018,15,2018_15_OAK_CIN,CIN,LV,1,75,294.0,1999,1,30,16,1
2018,15,2018_15_OAK_CIN,LV,CIN,0,59,297.0,1601,2,16,30,0
2018,15,2018_15_PHI_LA,LA,PHI,1,74,407.0,1704,2,23,30,0
2018,15,2018_15_PHI_LA,PHI,LA,0,61,381.0,1896,2,30,23,1
2018,15,2018_15_SEA_SF,SEA,SF,0,69,385.0,2234,0,23,26,0
2018,15,2018_15_SEA_SF,SF,SEA,1,58,351.0,1780,1,26,23,1
2018,15,2018_15_TB_BAL,BAL,TB,1,74,370.0,2230,1,20,12,1
2018,15,2018_15_TB_BAL,TB,BAL,0,48,241.0,1370,2,12,20,0
2018,15,2018_15_TEN_NYG,NYG,TEN,1,63,260.0,1479,2,0,17,0
2018,15,2018_15_TEN_NYG,TEN,NYG,0,67,301.0,2121,0,17,0,1
2018,15,2018_15_WAS_JAX,JAX,WAS,1,49,192.0,1614,2,13,16,0
2018,15,2018_15_WAS_JAX,WAS,JAX,0,61,245.0,1986,0,16,13,1
2018,16,2018_16_ATL_CAR,ATL,CAR,0,48,427.0,1351,2,24,10,1
2018,16,2018_16_ATL_CAR,CAR,ATL,1,84,436.0,2249,4,10,24,0
2018,16,2018_16_BAL_LAC,BAL,LAC,0,61,361.0,1885,1,22,10,1
2018,16,2018_16_BAL_LAC,LAC,BAL,1,57,198.0,1715,3,10,22,0
2018,16,2018_16_BUF_NE,BUF,NE,0,60,289.0,1462,3,12,24,0
2018,16,2018_16_BUF_NE,NE,BUF,1,73,390.0,2138,3,24,12,1
2018,16,2018_16_CHI_SF,CHI,SF,0,60,325.0,2130,2,14,9,1
2018,16,2018_16_CHI_SF,SF,CHI,1,54,279.0,1470,1,9,14,0
2018,16,2018_16_CIN_CLE,CIN,CLE,0,47,211.0,1469,0,18,26,0
2018,16,2018_16_CIN_CLE,CLE,CIN,1,66,493.0,2131,0,26,18,1
2018,16,2018_16_DEN_OAK,DEN,LV,0,62,300.0,1792,2,14,27,0
2018,16,2018_16_DEN_OAK,LV,DEN,1,57,273.0,1808,0,27,14,1
2018,16,2018_16_GB_NYJ,GB,NYJ,0,80,542.0,2059,1,44,38,1
2018,16,2018_16_GB_NYJ,NYJ,GB,1,57,370.0,1758,0,38,44,0
2018,16,2018_16_HOU_PHI,HOU,PHI,0,63,371.0,1575,1,30,32,0
2018,16,2018_16_HOU_PHI,PHI,HOU,1,74,519.0,2025,3,32,30,1
2018,16,2018_16_JAX_MIA,JAX,MIA,0,62,244.0,2085,1,17,7,1
2018,16,2018_16_JAX_MIA,MIA,JAX,1,43,183.0,1515,2,7,17,0
2018,16,2018_16_KC_SEA,KC,SEA,0,61,421.0,1498,2,31,38,0
2018,16,2018_16_KC_SEA,SEA,KC,1,75,464.0,2102,0,38,31,1
2018,16,2018_16_LA_ARI,ARI,LA,1,53,263.0,1376,0,9,31,0
2018,16,2018_16_LA_ARI,LA,ARI,0,67,461.0,2224,1,31,9,1
2018,16,2018_16_MIN_DET,DET,MIN,1,69,223.0,1888,0,9,27,0
2018,16,2018_16_MIN_DET,MIN,DET,0,58,340.0,1712,0,27,9,1
2018,16,2018_16_NYG_IND,IND,NYG,1,64,402.0,1699,1,28,27,1
2018,16,2018_16_NYG_IND,NYG,IND,0,62,392.0,1901,1,27,28,0
2018,16,2018_16_PIT_NO,NO,PIT,1,61,370.0,1720,1,31,28,1
2018,16,2018_16_PIT_NO,PIT,NO,0,72,431.0,1880,2,28,31,0
2018,16,2018_16_TB_DAL,DAL,TB,1,50,232.0,1481,0,27,20,1
2018,16,2018_16_TB_DAL,TB,DAL,0,75,383.0,2119,2,20,27,0
2018,16,2018_16_WAS_TEN,TEN,WAS,1,55,291.0,1617,0,25,16,1
2018,16,2018_16_WAS_TEN,WAS,TEN,0,59,292.0,1983,2,16,25,0
2018,17,2018_17_ARI_SEA,ARI,SEA,0,65,200.0,1851,2,24,27,0
2018,17,2018_17_ARI_SEA,SEA,ARI,1,61,291.0,1749,1,27,24,1
2018,17,2018_17_ATL_TB,ATL,TB,0,76,489.0,2086,1,34,32,1
2018,17,2018_17_ATL_TB,TB,ATL,1,58,433.0,1514,1,32,34,0
2018,17,2018_17_CAR_NO,CAR,NO,0,68,374.0,2006,0,33,14,1
2018,17,2018_17_CAR_NO,NO,CAR,1,51,294.0,1594,1,14,33,0
2018,17,2018_17_CHI_MIN,CHI,MIN,0,64,334.0,2228,0,24,10,1
2018,17,2018_17_CHI_MIN,MIN,CHI,1,52,164.0,1372,0,10,24,0
2018,17,2018_17_CIN_PIT,CIN,PIT,0,46,196.0,1538,0,13,16,0
2018,17,2018_17_CIN_PIT,PIT,CIN,1,66,343.0,2062,1,16,13,1
2018,17,2018_17_CLE_BAL,BAL,CLE,1,73,463.0,2310,1,26,24,1
2018,17,2018_17_CLE_BAL,CLE,BAL,0,56,426.0,1290,3,24,26,0
2018,17,2018_17_DAL_NYG,DAL,NYG,0,70,419.0,1852,1,36,35,1
2018,17,2018_17_DAL_NYG,NYG,DAL,1,68,443.0,1748,2,35,36,0
2018,17,2018_17_DET_GB,DET,GB,0,72,402.0,2214,0,31,0,1
2018,17,2018_17_DET_GB,GB,DET,1,56,175.0,1386,1,0,31,0
2018,17,2018_17_IND_TEN,IND,TEN,0,72,436.0,2413,3,33,17,1
2018,17,2018_17_IND_TEN,TEN,IND,1,45,258.0,1187,2,17,33,0
2018,17,2018_17_JAX_HOU,HOU,JAX,1,74,342.0,2107,1,20,3,1
2018,17,2018_17_JAX_HOU,JAX,HOU,0,47,119.0,1471,2,3,20,0
2018,17,2018_17_LAC_DEN,DEN,LAC,1,75,370.0,1908,5,9,23,0
2018,17,2018_17_LAC_DEN,LAC,DEN,0,55,276.0,1742,3,23,9,1
2018,17,2018_17_MIA_BUF,BUF,MIA,1,60,381.0,1818,1,42,17,1
2018,17,2018_17_MIA_BUF,MIA,BUF,0,61,225.0,1782,4,17,42,0
2018,17,2018_17_NYJ_NE,NE,NYJ,1,64,375.0,1933,0,38,3,1
2018,17,2018_17_NYJ_NE,NYJ,NE,0,55,239.0,1667,3,3,38,0
2018,17,2018_17_OAK_KC,KC,LV,1,54,409.0,1564,1,35,3,1
2018,17,2018_17_OAK_KC,LV,KC,0,65,292.0,2036,4,3,35,0
2018,17,2018_17_PHI_WAS,PHI,WAS,0,71,360.0,2599,1,24,0,1
2018,17,2018_17_PHI_WAS,WAS,PHI,1,44,89.0,1001,1,0,24,0
2018,17,2018_17_SF_LA,LA,SF,1,71,377.0,1910,0,48,32,1
2018,17,2018_17_SF_LA,SF,LA,0,59,393.0,1690,4,32,48,0
2019,1,2019_01_ATL_MIN,ATL,MIN,0,69,345.0,1813,3,12,28,0
2019,1,2019_01_ATL_MIN,MIN,ATL,1,49,269.0,1787,0,28,12,1
2019,1,2019_01_BAL_MIA,BAL,MIA,0,73,643.0,2407,1,59,10,1
2019,1,2019_01_BAL_MIA,MIA,BAL,1,47,200.0,1193,2,10,59,0
2019,1,2019_01_BUF_NYJ,BUF,NYJ,0,63,370.0,1679,4,17,16,1
2019,1,2019_01_BUF_NYJ,NYJ,BUF,1,67,225.0,1921,1,16,17,0
2019,1,2019_01_CIN_SEA,CIN,SEA,0,70,429.0,2150,2,20,21,0
2019,1,2019_01_CIN_SEA,SEA,CIN,1,49,232.0,1450,2,21,20,1
2019,1,2019_01_DEN_OAK,DEN,LV,0,57,344.0,1635,0,16,24,0
2019,1,2019_01_DEN_OAK,LV,DEN,1,54,357.0,1965,0,24,16,1
2019,1,2019_01_DET_ARI,ARI,DET,1,83,389.0,1837,2,27,27,0
2019,1,2019_01_DET_ARI,DET,ARI,0,80,477.0,2363,1,27,27,0
2019,1,2019_01_GB_CHI,CHI,GB,1,65,254.0,1737,1,3,10,0
2019,1,2019_01_GB_CHI,GB,CHI,0,57,213.0,1863,0,10,3,1
2019,1,2019_01_HOU_NO,HOU,NO,0,59,414.0,1787,1,28,30,0
2019,1,2019_01_HOU_NO,NO,HOU,1,65,510.0,1813,1,30,28,1
2019,1,2019_01_IND_LAC,IND,LAC,0,63,378.0,1929,1,24,30,0
2019,1,2019_01_IND_LAC,LAC,IND,1,59,435.0,1970,1,30,24,1
2019,1,2019_01_KC_JAX,JAX,KC,1,51,428.0,1725,2,26,40,0
2019,1,2019_01_KC_JAX,KC,JAX,0,60,491.0,1875,0,40,26,1
2019,1,2019_01_LA_CAR,CAR,LA,1,64,343.0,1604,3,27,30,0
2019,1,2019_01_LA_CAR,LA,CAR,0,72,349.0,1996,1,30,27,1
2019,1,2019_01_NYG_DAL,DAL,NYG,1,62,494.0,1938,0,35,17,1
2019,1,2019_01_NYG_DAL,NYG,DAL,0,66,470.0,1662,2,17,35,0
2019,1,2019_01_PIT_NE,NE,PIT,1,67,465.0,1953,0,33,3,1
2019,1,2019_01_PIT_NE,PIT,NE,0,61,308.0,1647,1,3,33,0
2019,1,2019_01_SF_TB,SF,TB,0,61,258.0,1804,2,31,17,1
2019,1,2019_01_SF_TB,TB,SF,1,65,295.0,1796,4,17,31,0
2019,1,2019_01_TEN_CLE,CLE,TEN,1,63,346.0,1842,3,13,43,0
2019,1,2019_01_TEN_CLE,TEN,CLE,0,56,339.0,1758,0,43,13,1
2019,1,2019_01_WAS_PHI,PHI,WAS,1,72,438.0,2067,0,32,27,1
2019,1,2019_01_WAS_PHI,WAS,PHI,0,58,398.0,1533,0,27,32,0
2019,2,2019_02_ARI_BAL,ARI,BAL,0,55,351.0,1342,0,17,23,0
2019,2,2019_02_ARI_BAL,BAL,ARI,1,72,440.0,2258,0,23,17,1
2019,2,2019_02_BUF_NYG,BUF,NYG,0,67,388.0,1958,0,28,14,1
2019,2,2019_02_BUF_NYG,NYG,BUF,1,66,370.0,1642,2,14,28,0
2019,2,2019_02_CHI_DEN,CHI,DEN,0,56,273.0,1621,0,16,14,1
2019,2,2019_02_CHI_DEN,DEN,CHI,1,77,374.0,1979,1,14,16,0
2019,2,2019_02_CLE_NYJ,CLE,NYJ,0,59,375.0,1781,1,23,3,1
2019,2,2019_02_CLE_NYJ,NYJ,CLE,1,59,262.0,1819,1,3,23,0
2019,2,2019_02_DAL_WAS,DAL,WAS,0,65,474.0,2002,1,31,21,1
2019,2,2019_02_DAL_WAS,WAS,DAL,1,55,255.0,1598,0,21,31,0
2019,2,2019_02_IND_TEN,IND,TEN,0,65,288.0,1914,2,19,17,1
2019,2,2019_02_IND_TEN,TEN,IND,1,56,243.0,1686,0,17,19,0
2019,2,2019_02_JAX_HOU,HOU,JAX,1,63,263.0,1799,0,13,12,1
2019,2,2019_02_JAX_HOU,JAX,HOU,0,59,281.0,1801,1,12,13,0
2019,2,2019_02_KC_OAK,KC,LV,0,68,467.0,1955,1,28,10,1
2019,2,2019_02_KC_OAK,LV,KC,1,60,307.0,1645,2,10,28,0
2019,2,2019_02_LAC_DET,DET,LAC,1,58,339.0,1721,2,13,10,1
2019,2,2019_02_LAC_DET,LAC,DET,0,62,424.0,1879,2,10,13,0
2019,2,2019_02_MIN_GB,GB,MIN,1,69,335.0,2046,2,21,16,1
2019,2,2019_02_MIN_GB,MIN,GB,0,60,421.0,1554,4,16,21,0
2019,2,2019_02_NE_MIA,MIA,NE,1,61,184.0,1410,4,0,43,0
2019,2,2019_02_NE_MIA,NE,MIA,0,65,379.0,2190,1,43,0,1
2019,2,2019_02_NO_LA,LA,NO,1,61,380.0,1821,1,27,9,1
2019,2,2019_02_NO_LA,NO,LA,0,57,244.0,1779,1,9,27,0
2019,2,2019_02_PHI_ATL,ATL,PHI,1,61,367.0,1626,3,24,20,1
2019,2,2019_02_PHI_ATL,PHI,ATL,0,74,288.0,1974,3,20,24,0
2019,2,2019_02_SEA_PIT,PIT,SEA,1,52,261.0,1454,1,26,28,0
2019,2,2019_02_SEA_PIT,SEA,PIT,0,72,425.0,1815,2,28,26,1
2019,2,2019_02_SF_CIN,CIN,SF,1,65,316.0,1661,1,17,41,0
2019,2,2019_02_SF_CIN,SF,CIN,0,68,571.0,1939,1,41,17,1
2019,2,2019_02_TB_CAR,CAR,TB,1,73,352.0,1567,1,14,20,0
2019,2,2019_02_TB_CAR,TB,CAR,0,59,289.0,2033,0,20,14,1
2019,3,2019_03_ATL_IND,ATL,IND,0,54,397.0,1717,1,24,27,0
2019,3,2019_03_ATL_IND,IND,ATL,1,62,379.0,1883,0,27,24,1
2019,3,2019_03_BAL_KC,BAL,KC,0,81,452.0,1964,0,28,33,0
2019,3,2019_03_BAL_KC,KC,BAL,1,63,503.0,1636,0,33,28,1
2019,3,2019_03_CAR_ARI,ARI,CAR,1,73,248.0,1904,2,20,38,0
2019,3,2019_03_CAR_ARI,CAR,ARI,0,59,413.0,1696,1,38,20,1
2019,3,2019_03_CHI_WAS,CHI,WAS,0,58,298.0,1896,1,31,15,1
2019,3,2019_03_CHI_WAS,WAS,CHI,1,70,356.0,1704,5,15,31,0
2019,3,2019_03_CIN_BUF,BUF,CIN,1,74,418.0,2214,2,21,17,1
2019,3,2019_03_CIN_BUF,CIN,BUF,0,57,306.0,1386,4,17,21,0
2019,3,2019_03_DEN_GB,DEN,GB,0,73,310.0,2134,3,16,27,0
2019,3,2019_03_DEN_GB,GB,DEN,1,52,312.0,1466,0,27,16,1
2019,3,2019_03_DET_PHI,DET,PHI,0,60,287.0,1662,0,27,24,1
2019,3,2019_03_DET_PHI,PHI,DET,1,69,373.0,1938,2,24,27,0
2019,3,2019_03_HOU_LAC,HOU,LAC,0,55,376.0,1692,1,27,20,1
2019,3,2019_03_HOU_LAC,LAC,HOU,1,69,366.0,1908,1,20,27,0
2019,3,2019_03_LA_CLE,CLE,LA,1,63,270.0,1897,1,13,20,0
2019,3,2019_03_LA_CLE,LA,CLE,0,64,344.0,1703,3,20,13,1
2019,3,2019_03_MIA_DAL,DAL,MIA,1,67,476.0,1856,1,31,6,1
2019,3,2019_03_MIA_DAL,MIA,DAL,0,68,283.0,1744,1,6,31,0
2019,3,2019_03_NO_SEA,NO,SEA,0,51,265.0,1707,0,33,27,1
2019,3,2019_03_NO_SEA,SEA,NO,1,76,514.0,1893,2,27,33,0
2019,3,2019_03_NYG_TB,NYG,TB,0,61,386.0,1608,2,32,31,1
2019,3,2019_03_NYG_TB,TB,NYG,1,73,499.0,1992,1,31,32,0
2019,3,2019_03_NYJ_NE,NE,NYJ,1,73,381.0,2114,1,30,14,1
2019,3,2019_03_NYJ_NE,NYJ,NE,0,47,105.0,1486,2,14,30,0
2019,3,2019_03_OAK_MIN,LV,MIN,0,58,302.0,1708,1,14,34,0
2019,3,2019_03_OAK_MIN,MIN,LV,1,59,385.0,1892,0,34,14,1
2019,3,2019_03_PIT_SF,PIT,SF,0,51,239.0,1423,2,20,24,0
2019,3,2019_03_PIT_SF,SF,PIT,1,73,436.0,2177,5,24,20,1
2019,3,2019_03_TEN_JAX,JAX,TEN,1,50,292.0,1484,1,20,7,1
2019,3,2019_03_TEN_JAX,TEN,JAX,0,75,340.0,2116,0,7,20,0
2019,4,2019_04_CAR_HOU,CAR,HOU,0,65,297.0,1838,3,16,10,1
2019,4,2019_04_CAR_HOU,HOU,CAR,1,62,264.0,1762,2,10,16,0
2019,4,2019_04_CIN_PIT,CIN,PIT,0,64,175.0,1814,2,3,27,0
2019,4,2019_04_CIN_PIT,PIT,CIN,1,56,326.0,1786,1,27,3,1
2019,4,2019_04_CLE_BAL,BAL,CLE,1,68,397.0,1783,3,25,40,0
2019,4,2019_04_CLE_BAL,CLE,BAL,0,62,530.0,1817,1,40,25,1
2019,4,2019_04_DAL_NO,DAL,NO,0,54,257.0,1436,3,10,12,0
2019,4,2019_04_DAL_NO,NO,DAL,1,62,266.0,2164,1,12,10,1
2019,4,2019_04_JAX_DEN,DEN,JAX,1,54,371.0,1248,1,24,26,0
2019,4,2019_04_JAX_DEN,JAX,DEN,0,76,455.0,2352,0,26,24,1
2019,4,2019_04_KC_DET,DET,KC,1,73,447.0,2035,2,30,34,0
2019,4,2019_04_KC_DET,KC,DET,0,67,438.0,1565,3,34,30,1
2019,4,2019_04_LAC_MIA,LAC,MIA,0,65,390.0,2256,0,30,10,1
2019,4,2019_04_LAC_MIA,MIA,LAC,1,47,233.0,1344,1,10,30,0
2019,4,2019_04_MIN_CHI,CHI,MIN,1,67,269.0,2127,0,16,6,1
2019,4,2019_04_MIN_CHI,MIN,CHI,0,59,222.0,1473,2,6,16,0
2019,4,2019_04_NE_BUF,BUF,NE,1,71,375.0,1960,4,10,16,0
2019,4,2019_04_NE_BUF,NE,BUF,0,62,224.0,1640,1,16,10,1
2019,4,2019_04_OAK_IND,IND,LV,1,69,346.0,1579,2,24,31,0
2019,4,2019_04_OAK_IND,LV,IND,0,64,377.0,2021,1,31,24,1
2019,4,2019_04_PHI_GB,GB,PHI,1,74,491.0,1941,2,27,34,0
2019,4,2019_04_PHI_GB,PHI,GB,0,61,336.0,1659,0,34,27,1
2019,4,2019_04_SEA_ARI,ARI,SEA,1,59,321.0,1596,1,10,27,0
2019,4,2019_04_SEA_ARI,SEA,ARI,0,59,340.0,2004,0,27,10,1
2019,4,2019_04_TB_LA,LA,TB,1,82,518.0,1644,4,40,55,0
2019,4,2019_04_TB_LA,TB,LA,0,73,464.0,1956,1,55,40,1
2019,4,2019_04_TEN_ATL,ATL,TEN,1,75,422.0,1841,1,10,24,0
2019,4,2019_04_TEN_ATL,TEN,ATL,0,61,365.0,1759,0,24,10,1
2019,4,2019_04_WAS_NYG,NYG,WAS,1,68,389.0,2169,4,24,3,1
2019,4,2019_04_WAS_NYG,WAS,NYG,0,48,176.0,1431,4,3,24,0
2019,5,2019_05_ARI_CIN,ARI,CIN,0,71,514.0,1863,0,26,23,1
2019,5,2019_05_ARI_CIN,CIN,ARI,1,62,370.0,1737,0,23,26,0
2019,5,2019_05_ATL_HOU,ATL,HOU,0,69,375.0,1740,2,32,53,0
2019,5,2019_05_ATL_HOU,HOU,ATL,1,67,592.0,1860,0,53,32,1
2019,5,2019_05_BAL_PIT,BAL,PIT,0,73,277.0,2340,3,26,23,1
2019,5,2019_05_BAL_PIT,PIT,BAL,1,51,269.0,1534,2,23,26,0
2019,5,2019_05_BUF_TEN,BUF,TEN,0,63,313.0,2077,1,14,7,1
2019,5,2019_05_BUF_TEN,TEN,BUF,1,54,252.0,1728,0,7,14,0
2019,5,2019_05_CHI_OAK,CHI,LV,0,51,236.0,1517,2,21,24,0
2019,5,2019_05_CHI_OAK,LV,CHI,1,71,398.0,2083,2,24,21,1
2019,5,2019_05_CLE_SF,CLE,SF,0,46,180.0,1337,3,3,31,0
2019,5,2019_05_CLE_SF,SF,CLE,1,71,446.0,2263,1,31,3,1
2019,5,2019_05_DEN_LAC,DEN,LAC,0,55,350.0,1776,2,20,13,1
2019,5,2019_05_DEN_LAC,LAC,DEN,1,64,246.0,1824,3,13,20,0
2019,5,2019_05_GB_DAL,DAL,GB,1,68,563.0,1397,3,24,34,0
2019,5,2019_05_GB_DAL,GB,DAL,0,65,335.0,2203,0,34,24,1
2019,5,2019_05_IND_KC,IND,KC,0,74,331.0,2235,1,19,13,1
2019,5,2019_05_IND_KC,KC,IND,1,57,324.0,1365,1,13,19,0
2019,5,2019_05_JAX_CAR,CAR,JAX,1,61,445.0,1656,0,34,27,1
2019,5,2019_05_JAX_CAR,JAX,CAR,0,77,507.0,1944,3,27,34,0
2019,5,2019_05_LA_SEA,LA,SEA,0,68,477.0,1482,2,29,30,0
2019,5,2019_05_LA_SEA,SEA,LA,1,68,429.0,2118,1,30,29,1
2019,5,2019_05_MIN_NYG,MIN,NYG,0,64,490.0,1960,1,28,10,1
2019,5,2019_05_MIN_NYG,NYG,MIN,1,62,211.0,1640,1,10,28,0
2019,5,2019_05_NE_WAS,NE,WAS,0,74,442.0,1913,1,33,7,1
2019,5,2019_05_NE_WAS,WAS,NE,1,53,223.0,1687,2,7,33,0
2019,5,2019_05_NYJ_PHI,NYJ,PHI,0,56,128.0,1748,4,6,31,0
2019,5,2019_05_NYJ_PHI,PHI,NYJ,1,59,265.0,1852,0,31,6,1
2019,5,2019_05_TB_NO,NO,TB,1,67,457.0,2007,1,31,24,1
2019,5,2019_05_TB_NO,TB,NO,0,55,252.0,1593,0,24,31,0
2019,6,2019_06_ATL_ARI,ARI,ATL,1,66,442.0,1633,0,34,33,1
2019,6,2019_06_ATL_ARI,ATL,ARI,0,63,444.0,1967,0,33,34,0
2019,6,2019_06_CAR_TB,CAR,TB,0,63,268.0,1870,1,37,26,1
2019,6,2019_06_CAR_TB,TB,CAR,1,77,411.0,1730,7,26,37,0
2019,6,2019_06_CIN_BAL,BAL,CIN,1,77,497.0,2382,1,23,17,1
2019,6,2019_06_CIN_BAL,CIN,BAL,0,55,250.0,1218,1,17,23,0
2019,6,2019_06_DAL_NYJ,DAL,NYJ,0,76,399.0,1923,0,22,24,0
2019,6,2019_06_DAL_NYJ,NYJ,DAL,1,54,382.0,1677,1,24,22,1
2019,6,2019_06_DET_GB,DET,GB,0,55,299.0,1616,1,22,23,0
2019,6,2019_06_DET_GB,GB,DET,1,69,447.0,1984,2,23,22,1
2019,6,2019_06_HOU_KC,HOU,KC,0,84,474.0,2388,3,31,24,1
2019,6,2019_06_HOU_KC,KC,HOU,1,47,309.0,1212,2,24,31,0
2019,6,2019_06_NO_JAX,JAX,NO,1,55,226.0,1611,1,6,13,0
2019,6,2019_06_NO_JAX,NO,JAX,0,65,326.0,1989,0,13,6,1
2019,6,2019_06_NYG_NE,NE,NYG,1,78,427.0,2376,2,35,14,1
2019,6,2019_06_NYG_NE,NYG,NE,0,48,213.0,1224,4,14,35,0
2019,6,2019_06_PHI_MIN,MIN,PHI,1,65,447.0,2013,2,38,20,1
2019,6,2019_06_PHI_MIN,PHI,MIN,0,65,400.0,1676,3,20,38,0
2019,6,2019_06_PIT_LAC,LAC,PIT,1,59,348.0,1555,3,17,24,0
2019,6,2019_06_PIT_LAC,PIT,LAC,0,56,256.0,2045,1,24,17,1
2019,6,2019_06_SEA_CLE,CLE,SEA,1,61,406.0,1579,4,28,32,0
2019,6,2019_06_SEA_CLE,SEA,CLE,0,75,454.0,2021,1,32,28,1
2019,6,2019_06_SF_LA,LA,SF,1,50,157.0,1268,1,7,20,0
2019,6,2019_06_SF_LA,SF,LA,0,76,331.0,2332,2,20,7,1
2019,6,2019_06_TEN_DEN,DEN,TEN,1,59,270.0,1786,1,16,0,1
2019,6,2019_06_TEN_DEN,TEN,DEN,0,62,204.0,1814,3,0,16,0
2019,6,2019_06_WAS_MIA,MIA,WAS,1,70,271.0,1959,2,16,17,0
2019,6,2019_06_WAS_MIA,WAS,MIA,0,58,311.0,1641,0,17,16,1
2019,7,2019_07_ARI_NYG,ARI,NYG,0,61,245.0,1799,0,27,21,1
2019,7,2019_07_ARI_NYG,NYG,ARI,1,65,263.0,1801,3,21,27,0
2019,7,2019_07_BAL_SEA,BAL,SEA,0,56,340.0,1794,0,30,16,1
2019,7,2019_07_BAL_SEA,SEA,BAL,1,68,347.0,1806,2,16,30,0
2019,7,2019_07_HOU_IND,HOU,IND,0,61,391.0,1628,2,23,30,0
2019,7,2019_07_HOU_IND,IND,HOU,1,67,383.0,1972,1,30,23,1
2019,7,2019_07_JAX_CIN,CIN,JAX,1,65,291.0,1303,4,17,27,0
2019,7,2019_07_JAX_CIN,JAX,CIN,0,79,462.0,2297,0,27,17,1
2019,7,2019_07_KC_DEN,DEN,KC,1,65,205.0,1667,1,6,30,0
2019,7,2019_07_KC_DEN,KC,DEN,0,58,271.0,1933,0,30,6,1
2019,7,2019_07_LAC_TEN,LAC,TEN,0,60,365.0,1665,1,20,23,0
2019,7,2019_07_LAC_TEN,TEN,LAC,1,61,403.0,1935,1,23,20,1
2019,7,2019_07_LA_ATL,ATL,LA,1,53,224.0,1371,2,10,37,0
2019,7,2019_07_LA_ATL,LA,ATL,0,74,381.0,2229,1,37,10,1
2019,7,2019_07_MIA_BUF,BUF,MIA,1,52,307.0,1589,0,31,21,1
2019,7,2019_07_MIA_BUF,MIA,BUF,0,66,381.0,2011,2,21,31,0
2019,7,2019_07_MIN_DET,DET,MIN,1,68,433.0,1670,1,30,42,0
2019,7,2019_07_MIN_DET,MIN,DET,0,71,504.0,1930,0,42,30,1
2019,7,2019_07_NE_NYJ,NE,NYJ,0,79,323.0,2307,2,33,0,1
2019,7,2019_07_NE_NYJ,NYJ,NE,1,53,154.0,1293,5,0,33,0
2019,7,2019_07_NO_CHI,CHI,NO,1,64,254.0,1354,2,25,36,0
2019,7,2019_07_NO_CHI,NO,CHI,0,74,424.0,2349,0,36,25,1
2019,7,2019_07_OAK_GB,GB,LV,1,55,481.0,1824,0,42,24,1
2019,7,2019_07_OAK_GB,LV,GB,0,62,484.0,1776,2,24,42,0
2019,7,2019_07_PHI_DAL,DAL,PHI,1,66,402.0,1942,1,37,10,1
2019,7,2019_07_PHI_DAL,PHI,DAL,0,57,283.0,1658,4,10,37,0
2019,7,2019_07_SF_WAS,SF,WAS,0,62,283.0,2004,1,9,0,1
2019,7,2019_07_SF_WAS,WAS,SF,1,41,154.0,1596,1,0,9,0
2019,8,2019_08_ARI_NO,ARI,NO,0,49,237.0,1321,0,9,31,0
2019,8,2019_08_ARI_NO,NO,ARI,1,72,510.0,2159,1,31,9,1
2019,8,2019_08_CAR_SF,CAR,SF,0,64,232.0,1619,3,13,51,0
2019,8,2019_08_CAR_SF,SF,CAR,1,64,388.0,1981,1,51,13,1
2019,8,2019_08_CIN_LA,CIN,LA,0,79,401.0,1963,0,10,24,0
2019,8,2019_08_CIN_LA,LA,CIN,1,57,470.0,1637,0,24,10,1
2019,8,2019_08_CLE_NE,CLE,NE,0,58,310.0,1665,3,13,27,0
2019,8,2019_08_CLE_NE,NE,CLE,1,66,318.0,1935,0,27,13,1
2019,8,2019_08_DEN_IND,DEN,IND,0,63,279.0,1844,0,13,15,0
2019,8,2019_08_DEN_IND,IND,DEN,1,60,318.0,1756,1,15,13,1
2019,8,2019_08_GB_KC,GB,KC,0,64,374.0,1993,0,31,24,1
2019,8,2019_08_GB_KC,KC,GB,1,58,337.0,1607,1,24,31,0
2019,8,2019_08_LAC_CHI,CHI,LAC,1,77,388.0,2280,2,16,17,0
2019,8,2019_08_LAC_CHI,LAC,CHI,0,42,231.0,1320,1,17,16,1
2019,8,2019_08_MIA_PIT,MIA,PIT,0,57,230.0,1482,4,14,27,0
2019,8,2019_08_MIA_PIT,PIT,MIA,1,67,394.0,2118,1,27,14,1
2019,8,2019_08_NYG_DET,DET,NYG,1,61,375.0,1753,2,31,26,1
2019,8,2019_08_NYG_DET,NYG,DET,0,69,370.0,1847,1,26,31,0
2019,8,2019_08_NYJ_JAX,JAX,NYJ,1,70,389.0,2001,1,29,15,1
2019,8,2019_08_NYJ_JAX,NYJ,JAX,0,53,215.0,1599,3,15,29,0
2019,8,2019_08_OAK_HOU,HOU,LV,1,74,388.0,2153,0,27,24,1
2019,8,2019_08_OAK_HOU,LV,HOU,0,53,378.0,1447,0,24,27,0
2019,8,2019_08_PHI_BUF,BUF,PHI,1,58,253.0,1443,2,13,31,0
2019,8,2019_08_PHI_BUF,PHI,BUF,0,68,371.0,2157,0,31,13,1
2019,8,2019_08_SEA_ATL,ATL,SEA,1,73,512.0,1847,3,20,27,0
2019,8,2019_08_SEA_ATL,SEA,ATL,0,55,322.0,1753,0,27,20,1
2019,8,2019_08_TB_TEN,TB,TEN,0,78,391.0,1894,4,23,27,0
2019,8,2019_08_TB_TEN,TEN,TB,1,57,246.0,1706,1,27,23,1
2019,8,2019_08_WAS_MIN,MIN,WAS,1,67,434.0,2196,1,19,9,1
2019,8,2019_08_WAS_MIN,WAS,MIN,0,41,216.0,1404,2,9,19,0
2019,9,2019_09_CHI_PHI,CHI,PHI,0,42,164.0,1207,1,14,22,0
2019,9,2019_09_CHI_PHI,PHI,CHI,1,78,373.0,2418,0,22,14,1
2019,9,2019_09_CLE_DEN,CLE,DEN,0,73,351.0,2130,0,19,24,0
2019,9,2019_09_CLE_DEN,DEN,CLE,1,43,302.0,1470,1,24,19,1
2019,9,2019_09_DAL_NYG,DAL,NYG,0,65,429.0,1684,2,37,18,1
2019,9,2019_09_DAL_NYG,NYG,DAL,1,68,271.0,1916,3,18,37,0
2019,9,2019_09_DET_OAK,DET,LV,0,62,473.0,1630,2,24,31,0
2019,9,2019_09_DET_OAK,LV,DET,1,68,450.0,1970,0,31,24,1
2019,9,2019_09_GB_LAC,GB,LAC,0,50,186.0,1449,0,11,26,0
2019,9,2019_09_GB_LAC,LAC,GB,1,68,442.0,2151,0,26,11,1
2019,9,2019_09_HOU_JAX,HOU,JAX,0,63,410.0,1953,1,26,3,1
2019,9,2019_09_HOU_JAX,JAX,HOU,1,66,356.0,1647,4,3,26,0
2019,9,2019_09_IND_PIT,IND,PIT,0,66,328.0,1832,3,24,26,0
2019,9,2019_09_IND_PIT,PIT,IND,1,61,273.0,1768,2,26,24,1
2019,9,2019_09_MIN_KC,KC,MIN,1,58,377.0,1908,1,26,23,1
2019,9,2019_09_MIN_KC,MIN,KC,0,66,308.0,1692,0,23,26,0
2019,9,2019_09_NE_BAL,BAL,NE,1,65,372.0,2221,1,37,20,1
2019,9,2019_09_NE_BAL,NE,BAL,0,65,342.0,1379,3,20,37,0
2019,9,2019_09_NYJ_MIA,MIA,NYJ,1,64,316.0,1874,0,26,18,1
2019,9,2019_09_NYJ_MIA,NYJ,MIA,0,63,321.0,1726,1,18,26,0
2019,9,2019_09_SF_ARI,ARI,SF,1,51,359.0,1529,0,25,28,0
2019,9,2019_09_SF_ARI,SF,ARI,0,69,411.0,2071,0,28,25,1
2019,9,2019_09_TB_SEA,SEA,TB,1,69,494.0,1693,1,40,34,1
2019,9,2019_09_TB_SEA,TB,SEA,0,72,418.0,2125,1,34,40,0
2019,9,2019_09_TEN_CAR,CAR,TEN,1,68,370.0,1997,1,30,20,1
2019,9,2019_09_TEN_CAR,TEN,CAR,0,65,431.0,1603,3,20,30,0
2019,9,2019_09_WAS_BUF,BUF,WAS,1,61,268.0,1907,0,24,9,1
2019,9,2019_09_WAS_BUF,WAS,BUF,0,49,243.0,1693,0,9,24,0
2019,10,2019_10_ARI_TB,ARI,TB,0,65,417.0,1437,2,27,30,0
2019,10,2019_10_ARI_TB,TB,ARI,1,78,457.0,2163,3,30,27,1
2019,10,2019_10_ATL_NO,ATL,NO,0,70,317.0,2026,1,26,9,1
2019,10,2019_10_ATL_NO,NO,ATL,1,63,310.0,1574,0,9,26,0
2019,10,2019_10_BAL_CIN,BAL,CIN,0,46,379.0,1429,1,49,13,1
2019,10,2019_10_BAL_CIN,CIN,BAL,1,72,307.0,2171,3,13,49,0
2019,10,2019_10_BUF_CLE,BUF,CLE,0,62,344.0,1694,0,16,19,0
2019,10,2019_10_BUF_CLE,CLE,BUF,1,66,368.0,1906,0,19,16,1
2019,10,2019_10_CAR_GB,CAR,GB,0,70,401.0,1718,2,16,24,0
2019,10,2019_10_CAR_GB,GB,CAR,1,58,388.0,1882,0,24,16,1
2019,10,2019_10_DET_CHI,CHI,DET,1,52,226.0,1686,0,20,13,1
2019,10,2019_10_DET_CHI,DET,CHI,0,75,357.0,1914,1,13,20,0
2019,10,2019_10_KC_TEN,KC,TEN,0,78,530.0,2272,1,32,35,0
2019,10,2019_10_KC_TEN,TEN,KC,1,50,373.0,1328,1,35,32,1
2019,10,2019_10_LAC_OAK,LAC,LV,0,66,315.0,2050,3,24,26,0
2019,10,2019_10_LAC_OAK,LV,LAC,1,55,278.0,1550,0,26,24,1
2019,10,2019_10_LA_PIT,LA,PIT,0,69,306.0,1700,4,12,17,0
2019,10,2019_10_LA_PIT,PIT,LA,1,68,273.0,1900,2,17,12,1
2019,10,2019_10_MIA_IND,IND,MIA,1,69,300.0,1712,3,12,16,0
2019,10,2019_10_MIA_IND,MIA,IND,0,62,229.0,1888,2,16,12,1
2019,10,2019_10_MIN_DAL,DAL,MIN,1,70,443.0,1593,1,24,28,0
2019,10,2019_10_MIN_DAL,MIN,DAL,0,70,366.0,2007,0,28,24,1
2019,10,2019_10_NYG_NYJ,NYG,NYJ,0,65,283.0,1756,2,27,34,0
2019,10,2019_10_NYG_NYJ,NYJ,NYG,1,61,294.0,1844,0,34,27,1
2019,10,2019_10_SEA_SF,SEA,SF,0,73,336.0,2119,4,27,24,1
2019,10,2019_10_SEA_SF,SF,SEA,1,79,304.0,2081,3,24,27,0
2019,11,2019_11_ARI_SF,ARI,SF,0,62,266.0,1883,2,26,36,0
2019,11,2019_11_ARI_SF,SF,ARI,1,67,442.0,1717,2,36,26,1
2019,11,2019_11_ATL_CAR,ATL,CAR,0,62,349.0,1886,0,29,3,1
2019,11,2019_11_ATL_CAR,CAR,ATL,1,70,347.0,1714,4,3,29,0
2019,11,2019_11_BUF_MIA,BUF,MIA,0,67,424.0,1815,0,37,20,1
2019,11,2019_11_BUF_MIA,MIA,BUF,1,66,303.0,1791,1,20,37,0
2019,11,2019_11_CHI_LA,CHI,LA,0,74,267.0,1964,1,7,17,0
2019,11,2019_11_CHI_LA,LA,CHI,1,52,283.0,1636,2,17,7,1
2019,11,2019_11_CIN_OAK,CIN,LV,0,58,246.0,1478,2,10,17,0
2019,11,2019_11_CIN_OAK,LV,CIN,1,66,386.0,2122,2,17,10,1
2019,11,2019_11_DAL_DET,DAL,DET,0,72,511.0,1854,1,35,27,1
2019,11,2019_11_DAL_DET,DET,DAL,1,58,312.0,1746,0,27,35,0
2019,11,2019_11_DEN_MIN,DEN,MIN,0,75,394.0,2203,1,23,27,0
2019,11,2019_11_DEN_MIN,MIN,DEN,1,59,321.0,1397,2,27,23,1
2019,11,2019_11_HOU_BAL,BAL,HOU,1,64,491.0,2179,0,41,7,1
2019,11,2019_11_HOU_BAL,HOU,BAL,0,57,232.0,1421,2,7,41,0
2019,11,2019_11_JAX_IND,IND,JAX,1,63,389.0,2032,1,33,13,1
2019,11,2019_11_JAX_IND,JAX,IND,0,59,308.0,1568,2,13,33,0
2019,11,2019_11_KC_LAC,KC,LAC,0,60,310.0,1738,1,24,17,1
2019,11,2019_11_KC_LAC,LAC,KC,1,74,440.0,1862,4,17,24,0
2019,11,2019_11_NE_PHI,NE,PHI,0,72,300.0,1705,0,17,10,1
2019,11,2019_11_NE_PHI,PHI,NE,1,66,255.0,1895,1,10,17,0
2019,11,2019_11_NO_TB,NO,TB,0,64,328.0,2220,0,34,17,1
2019,11,2019_11_NO_TB,TB,NO,1,61,334.0,1380,4,17,34,0
2019,11,2019_11_NYJ_WAS,NYJ,WAS,0,66,400.0,1939,2,34,17,1
2019,11,2019_11_NYJ_WAS,WAS,NYJ,1,63,227.0,1661,1,17,34,0
2019,11,2019_11_PIT_CLE,CLE,PIT,1,68,293.0,2038,0,21,7,1
2019,11,2019_11_PIT_CLE,PIT,CLE,0,64,236.0,1562,4,7,21,0
2019,12,2019_12_BAL_LA,BAL,LA,0,74,480.0,2396,0,45,6,1
2019,12,2019_12_BAL_LA,LA,BAL,1,48,221.0,1204,2,6,45,0
2019,12,2019_12_CAR_NO,CAR,NO,0,70,351.0,1893,0,31,34,0
2019,12,2019_12_CAR_NO,NO,CAR,1,59,418.0,1707,2,34,31,1
2019,12,2019_12_DAL_NE,DAL,NE,0,59,321.0,1822,1,9,13,0
2019,12,2019_12_DAL_NE,NE,DAL,1,66,282.0,1778,0,13,9,1
2019,12,2019_12_DEN_BUF,BUF,DEN,1,73,424.0,2104,1,20,3,1
2019,12,2019_12_DEN_BUF,DEN,BUF,0,46,134.0,1496,1,3,20,0
2019,12,2019_12_DET_WAS,DET,WAS,0,71,364.0,2010,4,16,19,0
2019,12,2019_12_DET_WAS,WAS,DET,1,57,230.0,1590,2,19,16,1
2019,12,2019_12_GB_SF,GB,SF,0,71,200.0,2116,1,8,37,0
2019,12,2019_12_GB_SF,SF,GB,1,45,339.0,1484,0,37,8,1
2019,12,2019_12_IND_HOU,HOU,IND,1,55,396.0,1603,1,20,17,1
2019,12,2019_12_IND_HOU,IND,HOU,0,65,296.0,1997,0,17,20,0
2019,12,2019_12_JAX_TEN,JAX,TEN,0,80,371.0,2216,1,20,42,0
2019,12,2019_12_JAX_TEN,TEN,JAX,1,52,471.0,1384,2,42,20,1
2019,12,2019_12_MIA_CLE,CLE,MIA,1,67,467.0,2166,1,41,24,1
2019,12,2019_12_MIA_CLE,MIA,CLE,0,63,284.0,1434,2,24,41,0
2019,12,2019_12_NYG_CHI,CHI,NYG,1,69,335.0,1991,2,19,14,1
2019,12,2019_12_NYG_CHI,NYG,CHI,0,58,243.0,1609,1,14,19,0
2019,12,2019_12_OAK_NYJ,LV,NYJ,0,57,208.0,1710,2,3,34,0
2019,12,2019_12_OAK_NYJ,NYJ,LV,1,60,401.0,1890,0,34,3,1
2019,12,2019_12_PIT_CIN,CIN,PIT,1,51,244.0,1520,2,10,16,0
2019,12,2019_12_PIT_CIN,PIT,CIN,0,68,338.0,2080,1,16,10,1
2019,12,2019_12_SEA_PHI,PHI,SEA,1,72,344.0,1915,5,9,17,0
2019,12,2019_12_SEA_PHI,SEA,PHI,0,57,348.0,1685,2,17,9,1
2019,12,2019_12_TB_ATL,ATL,TB,1,81,337.0,1898,2,22,35,0
2019,12,2019_12_TB_ATL,TB,ATL,0,62,446.0,1702,2,35,22,1
2019,13,2019_13_BUF_DAL,BUF,DAL,0,63,356.0,1998,0,26,15,1
2019,13,2019_13_BUF_DAL,DAL,BUF,1,73,428.0,1602,2,15,26,0
2019,13,2019_13_CHI_DET,CHI,DET,0,62,419.0,1945,1,24,20,1
2019,13,2019_13_CHI_DET,DET,CHI,1,67,364.0,1750,1,20,24,0
2019,13,2019_13_CLE_PIT,CLE,PIT,0,63,279.0,1926,2,13,20,0
2019,13,2019_13_CLE_PIT,PIT,CLE,1,54,323.0,1674,1,20,13,1
2019,13,2019_13_GB_NYG,GB,NYG,0,59,322.0,1723,0,31,13,1
2019,13,2019_13_GB_NYG,NYG,GB,1,64,335.0,1877,3,13,31,0
2019,13,2019_13_LAC_DEN,DEN,LAC,1,53,218.0,1671,2,23,20,1
2019,13,2019_13_LAC_DEN,LAC,DEN,0,61,359.0,1929,1,20,23,0
2019,13,2019_13_LA_ARI,ARI,LA,1,61,198.0,1523,1,7,34,0
2019,13,2019_13_LA_ARI,LA,ARI,0,76,549.0,2077,0,34,7,1
2019,13,2019_13_MIN_SEA,MIN,SEA,0,52,354.0,1215,3,30,37,0
2019,13,2019_13_MIN_SEA,SEA,MIN,1,76,444.0,2385,2,37,30,1
2019,13,2019_13_NE_HOU,HOU,NE,1,52,276.0,1525,0,28,22,1
2019,13,2019_13_NE_HOU,NE,HOU,0,80,448.0,2075,1,22,28,0
2019,13,2019_13_NO_ATL,ATL,NO,1,86,348.0,2137,3,18,26,0
2019,13,2019_13_NO_ATL,NO,ATL,0,49,279.0,1721,0,26,18,1
2019,13,2019_13_NYJ_CIN,CIN,NYJ,1,63,277.0,1901,0,22,6,1
2019,13,2019_13_NYJ_CIN,NYJ,CIN,0,69,271.0,1699,0,6,22,0
2019,13,2019_13_OAK_KC,KC,LV,1,59,259.0,1699,0,40,9,1
2019,13,2019_13_OAK_KC,LV,KC,0,57,332.0,1901,3,9,40,0
2019,13,2019_13_PHI_MIA,MIA,PHI,1,65,411.0,1878,1,37,31,1
2019,13,2019_13_PHI_MIA,PHI,MIA,0,67,386.0,1722,1,31,37,0
2019,13,2019_13_SF_BAL,BAL,SF,1,62,283.0,1946,1,20,17,1
2019,13,2019_13_SF_BAL,SF,BAL,0,52,331.0,1654,1,17,20,0
2019,13,2019_13_TB_JAX,JAX,TB,1,64,244.0,1588,4,11,28,0
2019,13,2019_13_TB_JAX,TB,JAX,0,69,317.0,2012,1,28,11,1
2019,13,2019_13_TEN_IND,IND,TEN,1,67,391.0,1951,3,17,31,0
2019,13,2019_13_TEN_IND,TEN,IND,0,58,292.0,1649,2,31,17,1
2019,13,2019_13_WAS_CAR,CAR,WAS,1,73,278.0,1763,2,21,29,0
2019,13,2019_13_WAS_CAR,WAS,CAR,0,61,362.0,1934,0,29,21,1
2019,14,2019_14_BAL_BUF,BAL,BUF,0,59,257.0,1969,1,24,17,1
2019,14,2019_14_BAL_BUF,BUF,BAL,1,69,211.0,1631,1,17,24,0
2019,14,2019_14_CAR_ATL,ATL,CAR,1,67,461.0,1904,0,40,20,1
2019,14,2019_14_CAR_ATL,CAR,ATL,0,68,345.0,1696,4,20,40,0
2019,14,2019_14_CIN_CLE,CIN,CLE,0,72,451.0,2071,1,19,27,0
2019,14,2019_14_CIN_CLE,CLE,CIN,1,52,333.0,1529,2,27,19,1
2019,14,2019_14_DAL_CHI,CHI,DAL,1,67,382.0,1938,2,31,24,1
2019,14,2019_14_DAL_CHI,DAL,CHI,0,73,408.0,1662,0,24,31,0
2019,14,2019_14_DEN_HOU,DEN,HOU,0,55,391.0,1898,1,38,24,1
2019,14,2019_14_DEN_HOU,HOU,DEN,1,75,414.0,1715,3,24,38,0
2019,14,2019_14_DET_MIN,DET,MIN,0,67,231.0,1577,2,7,20,0
2019,14,2019_14_DET_MIN,MIN,DET,1,70,354.0,2023,0,20,7,1
2019,14,2019_14_IND_TB,IND,TB,0,60,311.0,1545,1,35,38,0
2019,14,2019_14_IND_TB,TB,IND,1,78,542.0,2055,4,38,35,1
2019,14,2019_14_KC_NE,KC,NE,0,70,346.0,2061,2,23,16,1
2019,14,2019_14_KC_NE,NE,KC,1,63,278.0,1539,1,16,23,0
2019,14,2019_14_LAC_JAX,JAX,LAC,1,63,252.0,1837,0,10,45,0
2019,14,2019_14_LAC_JAX,LAC,JAX,0,58,525.0,1763,0,45,10,1
2019,14,2019_14_MIA_NYJ,MIA,NYJ,0,65,362.0,1806,1,21,22,0
2019,14,2019_14_MIA_NYJ,NYJ,MIA,1,69,374.0,1794,1,22,21,1
2019,14,2019_14_NYG_PHI,NYG,PHI,0,52,255.0,1319,0,17,23,0
2019,14,2019_14_NYG_PHI,PHI,NYG,1,85,418.0,2571,1,23,17,1
2019,14,2019_14_PIT_ARI,ARI,PIT,1,57,236.0,1686,3,17,23,0
2019,14,2019_14_PIT_ARI,PIT,ARI,0,57,275.0,1914,2,23,17,1
2019,14,2019_14_SEA_LA,LA,SEA,1,67,455.0,1864,2,28,12,1
2019,14,2019_14_SEA_LA,SEA,LA,0,62,308.0,1736,1,12,28,0
2019,14,2019_14_SF_NO,NO,SF,1,70,465.0,1883,1,46,48,0
2019,14,2019_14_SF_NO,SF,NO,0,63,516.0,1717,1,48,46,1
2019,14,2019_14_TEN_OAK,LV,TEN,1,60,355.0,1848,1,21,42,0
2019,14,2019_14_TEN_OAK,TEN,LV,0,59,552.0,1752,1,42,21,1
2019,14,2019_14_WAS_GB,GB,WAS,1,60,341.0,1824,1,20,15,1
2019,14,2019_14_WAS_GB,WAS,GB,0,60,262.0,1776,1,15,20,0
2019,15,2019_15_ATL_SF,ATL,SF,0,62,290.0,1752,0,29,22,1
2019,15,2019_15_ATL_SF,SF,ATL,1,62,313.0,1848,3,22,29,0
2019,15,2019_15_BUF_PIT,BUF,PIT,0,64,261.0,1940,2,17,10,1
2019,15,2019_15_BUF_PIT,PIT,BUF,1,56,229.0,1660,5,10,17,0
2019,15,2019_15_CHI_GB,CHI,GB,0,83,415.0,2062,3,13,21,0
2019,15,2019_15_CHI_GB,GB,CHI,1,58,292.0,1538,0,21,13,1
2019,15,2019_15_CLE_ARI,ARI,CLE,1,60,445.0,1751,1,38,24,1
2019,15,2019_15_CLE_ARI,CLE,ARI,0,67,393.0,1849,2,24,38,0
2019,15,2019_15_DEN_KC,DEN,KC,0,57,251.0,1587,1,3,23,0
2019,15,2019_15_DEN_KC,KC,DEN,1,64,421.0,2013,1,23,3,1
2019,15,2019_15_HOU_TEN,HOU,TEN,0,63,374.0,1880,2,24,21,1
2019,15,2019_15_HOU_TEN,TEN,HOU,1,67,432.0,1720,1,21,24,0
2019,15,2019_15_IND_NO,IND,NO,0,52,205.0,1418,0,7,34,0
2019,15,2019_15_IND_NO,NO,IND,1,63,424.0,2182,0,34,7,1
2019,15,2019_15_JAX_OAK,JAX,LV,0,53,262.0,1548,0,20,16,1
2019,15,2019_15_JAX_OAK,LV,JAX,1,72,364.0,2052,0,16,20,0
2019,15,2019_15_LA_DAL,DAL,LA,1,68,475.0,2166,0,44,21,1
2019,15,2019_15_LA_DAL,LA,DAL,0,70,291.0,1434,1,21,44,0
2019,15,2019_15_MIA_NYG,MIA,NYG,0,69,384.0,1733,1,20,36,0
2019,15,2019_15_MIA_NYG,NYG,MIA,1,63,412.0,1867,3,36,20,1
2019,15,2019_15_MIN_LAC,LAC,MIN,1,61,345.0,1659,7,10,39,0
2019,15,2019_15_MIN_LAC,MIN,LAC,0,62,344.0,1941,1,39,10,1
2019,15,2019_15_NE_CIN,CIN,NE,1,63,315.0,1971,4,13,34,0
2019,15,2019_15_NE_CIN,NE,CIN,0,63,291.0,1629,1,34,13,1
2019,15,2019_15_NYJ_BAL,BAL,NYJ,1,60,432.0,1898,0,42,21,1
2019,15,2019_15_NYJ_BAL,NYJ,BAL,0,58,312.0,1702,2,21,42,0
2019,15,2019_15_PHI_WAS,PHI,WAS,0,73,415.0,2217,1,37,27,1
2019,15,2019_15_PHI_WAS,WAS,PHI,1,51,352.0,1383,1,27,37,0
2019,15,2019_15_SEA_CAR,CAR,SEA,1,72,414.0,1722,3,24,30,0
2019,15,2019_15_SEA_CAR,SEA,CAR,0,63,428.0,1878,1,30,24,1
2019,15,2019_15_TB_DET,DET,TB,1,63,295.0,1601,3,17,38,0
2019,15,2019_15_TB_DET,TB,DET,0,73,495.0,1999,1,38,17,1
2019,16,2019_16_ARI_SEA,ARI,SEA,0,69,412.0,2093,0,27,13,1
2019,16,2019_16_ARI_SEA,SEA,ARI,1,56,224.0,1507,1,13,27,0
2019,16,2019_16_BAL_CLE,BAL,CLE,0,71,481.0,2059,1,31,15,1
2019,16,2019_16_BAL_CLE,CLE,BAL,1,54,241.0,1541,1,15,31,0
2019,16,2019_16_BUF_NE,BUF,NE,0,53,268.0,1268,0,17,24,0
2019,16,2019_16_BUF_NE,NE,BUF,1,69,416.0,2332,1,24,17,1
2019,16,2019_16_CAR_IND,CAR,IND,0,71,286.0,1941,3,6,38,0
2019,16,2019_16_CAR_IND,IND,CAR,1,62,324.0,1659,0,38,6,1
2019,16,2019_16_CIN_MIA,CIN,MIA,0,88,434.0,2016,1,35,38,0
2019,16,2019_16_CIN_MIA,MIA,CIN,1,88,502.0,2213,1,38,35,1
2019,16,2019_16_DAL_PHI,DAL,PHI,0,62,311.0,1428,1,9,17,0
2019,16,2019_16_DAL_PHI,PHI,DAL,1,71,431.0,2172,0,17,9,1
2019,16,2019_16_DET_DEN,DEN,DET,1,67,348.0,2168,0,27,17,1
2019,16,2019_16_DET_DEN,DET,DEN,0,49,191.0,1432,0,17,27,0
2019,16,2019_16_GB_MIN,GB,MIN,0,76,385.0,2252,3,23,10,1
2019,16,2019_16_GB_MIN,MIN,GB,1,53,139.0,1348,1,10,23,0
2019,16,2019_16_HOU_TB,HOU,TB,0,63,229.0,1772,2,23,20,1
2019,16,2019_16_HOU_TB,TB,HOU,1,72,435.0,1828,5,20,23,0
2019,16,2019_16_JAX_ATL,ATL,JAX,1,73,518.0,1987,2,24,12,1
2019,16,2019_16_JAX_ATL,JAX,ATL,0,60,288.0,1613,1,12,24,0
2019,16,2019_16_KC_CHI,CHI,KC,1,59,234.0,1596,0,3,26,0
2019,16,2019_16_KC_CHI,KC,CHI,0,63,350.0,2004,0,26,3,1
2019,16,2019_16_LA_SF,LA,SF,0,70,395.0,1941,1,31,34,0
2019,16,2019_16_LA_SF,SF,LA,1,56,334.0,1659,2,34,31,1
2019,16,2019_16_NO_TEN,NO,TEN,0,66,377.0,1864,0,38,28,1
2019,16,2019_16_NO_TEN,TEN,NO,1,58,397.0,1736,1,28,38,0
2019,16,2019_16_NYG_WAS,NYG,WAS,0,69,552.0,1917,0,41,35,1
2019,16,2019_16_NYG_WAS,WAS,NYG,1,67,361.0,2028,0,35,41,0
2019,16,2019_16_OAK_LAC,LAC,LV,1,56,284.0,1596,0,17,24,0
2019,16,2019_16_OAK_LAC,LV,LAC,0,62,366.0,2004,0,24,17,1
2019,16,2019_16_PIT_NYJ,NYJ,PIT,1,60,259.0,1708,1,16,10,1
2019,16,2019_16_PIT_NYJ,PIT,NYJ,0,66,260.0,1892,2,10,16,0
2019,17,2019_17_ARI_LA,ARI,LA,0,61,393.0,1382,5,24,31,0
2019,17,2019_17_ARI_LA,LA,ARI,1,79,424.0,2218,0,31,24,1
2019,17,2019_17_ATL_TB,ATL,TB,0,87,373.0,2182,1,28,22,1
2019,17,2019_17_ATL_TB,TB,ATL,1,47,331.0,1425,3,22,28,0
2019,17,2019_17_CHI_MIN,CHI,MIN,0,75,337.0,2260,1,21,19,1
2019,17,2019_17_CHI_MIN,MIN,CHI,1,47,300.0,1340,3,19,21,0
2019,17,2019_17_CLE_CIN,CIN,CLE,1,68,361.0,2081,1,33,23,1
2019,17,2019_17_CLE_CIN,CLE,CIN,0,53,313.0,1519,3,23,33,0
2019,17,2019_17_GB_DET,DET,GB,1,56,305.0,1504,1,20,23,0
2019,17,2019_17_GB_DET,GB,DET,0,86,432.0,2096,1,23,20,1
2019,17,2019_17_IND_JAX,IND,JAX,0,55,275.0,1567,2,20,38,0
2019,17,2019_17_IND_JAX,JAX,IND,1,67,355.0,2033,1,38,20,1
2019,17,2019_17_LAC_KC,KC,LAC,1,48,336.0,1436,1,31,21,1
2019,17,2019_17_LAC_KC,LAC,KC,0,74,366.0,2164,2,21,31,0
2019,17,2019_17_MIA_NE,MIA,NE,0,68,389.0,2031,0,27,24,1
2019,17,2019_17_MIA_NE,NE,MIA,1,57,352.0,1569,2,24,27,0
2019,17,2019_17_NO_CAR,CAR,NO,1,69,329.0,1460,3,10,42,0
2019,17,2019_17_NO_CAR,NO,CAR,0,67,379.0,2140,0,42,10,1
2019,17,2019_17_NYJ_BUF,BUF,NYJ,1,61,309.0,1719,3,6,13,0
2019,17,2019_17_NYJ_BUF,NYJ,BUF,0,65,271.0,1881,1,13,6,1
2019,17,2019_17_OAK_DEN,DEN,LV,1,57,238.0,1620,1,16,15,1
2019,17,2019_17_OAK_DEN,LV,DEN,0,71,477.0,1980,1,15,16,0
2019,17,2019_17_PHI_NYG,NYG,PHI,1,72,397.0,1715,2,17,34,0
2019,17,2019_17_PHI_NYG,PHI,NYG,0,72,400.0,1885,0,34,17,1
2019,17,2019_17_PIT_BAL,BAL,PIT,1,68,304.0,2367,2,28,10,1
2019,17,2019_17_PIT_BAL,PIT,BAL,0,50,168.0,1236,2,10,28,0
2019,17,2019_17_SF_SEA,SEA,SF,1,71,348.0,1976,0,21,26,0
2019,17,2019_17_SF_SEA,SF,SEA,0,49,398.0,1624,0,26,21,1
2019,17,2019_17_TEN_HOU,HOU,TEN,1,65,301.0,1899,1,14,35,0
2019,17,2019_17_TEN_HOU,TEN,HOU,0,60,467.0,1701,0,35,14,1
2019,17,2019_17_WAS_DAL,DAL,WAS,1,72,517.0,2055,1,47,16,1
2019,17,2019_17_WAS_DAL,WAS,DAL,0,59,271.0,1545,2,16,47,0
2020,1,2020_01_ARI_SF,ARI,SF,0,78,404.0,1886,1,24,20,1
2020,1,2020_01_ARI_SF,SF,ARI,1,61,366.0,1714,0,20,24,0
2020,1,2020_01_CHI_DET,CHI,DET,0,65,363.0,1644,0,27,23,1
2020,1,2020_01_CHI_DET,DET,CHI,1,72,426.0,1855,1,23,27,0
2020,1,2020_01_CLE_BAL,BAL,CLE,1,58,381.0,1798,1,38,6,1
2020,1,2020_01_CLE_BAL,CLE,BAL,0,68,306.0,1802,3,6,38,0
2020,1,2020_01_DAL_LA,DAL,LA,0,69,380.0,1462,0,17,20,0
2020,1,2020_01_DAL_LA,LA,DAL,1,72,422.0,2138,1,20,17,1
2020,1,2020_01_GB_MIN,GB,MIN,0,76,522.0,2476,0,43,34,1
2020,1,2020_01_GB_MIN,MIN,GB,1,52,388.0,1124,1,34,43,0
2020,1,2020_01_HOU_KC,HOU,KC,0,59,360.0,1513,1,20,34,0
2020,1,2020_01_HOU_KC,KC,HOU,1,67,369.0,2087,0,34,20,1
2020,1,2020_01_IND_JAX,IND,JAX,0,69,445.0,2003,2,20,27,0
2020,1,2020_01_IND_JAX,JAX,IND,1,47,241.0,1597,0,27,20,1
2020,1,2020_01_LAC_CIN,CIN,LAC,1,67,295.0,1790,2,13,16,0
2020,1,2020_01_LAC_CIN,LAC,CIN,0,71,362.0,1810,0,16,13,1
2020,1,2020_01_LV_CAR,CAR,LV,1,66,390.0,1728,0,30,34,0
2020,1,2020_01_LV_CAR,LV,CAR,0,61,372.0,1872,0,34,30,1
2020,1,2020_01_MIA_NE,MIA,NE,0,59,271.0,1511,3,11,21,0
2020,1,2020_01_MIA_NE,NE,MIA,1,63,357.0,2089,1,21,11,1
2020,1,2020_01_NYJ_BUF,BUF,NYJ,1,81,404.0,2477,2,27,17,1
2020,1,2020_01_NYJ_BUF,NYJ,BUF,0,53,254.0,1123,2,17,27,0
2020,1,2020_01_PHI_WAS,PHI,WAS,0,67,265.0,1839,3,17,27,0
2020,1,2020_01_PHI_WAS,WAS,PHI,1,70,239.0,1761,0,27,17,1
2020,1,2020_01_PIT_NYG,NYG,PIT,1,65,291.0,1696,3,16,26,0
2020,1,2020_01_PIT_NYG,PIT,NYG,0,64,349.0,1904,0,26,16,1
2020,1,2020_01_SEA_ATL,ATL,SEA,1,78,506.0,1764,2,25,38,0
2020,1,2020_01_SEA_ATL,SEA,ATL,0,58,383.0,1850,0,38,25,1
2020,1,2020_01_TB_NO,NO,TB,1,66,271.0,1688,0,34,23,1
2020,1,2020_01_TB_NO,TB,NO,0,66,310.0,1934,3,23,34,0
2020,1,2020_01_TEN_DEN,DEN,TEN,1,59,323.0,1640,1,14,16,0
2020,1,2020_01_TEN_DEN,TEN,DEN,0,78,377.0,1960,0,16,14,1
2020,2,2020_02_ATL_DAL,ATL,DAL,0,73,380.0,2137,0,39,40,0
2020,2,2020_02_ATL_DAL,DAL,ATL,1,82,570.0,1572,3,40,39,1
2020,2,2020_02_BAL_HOU,BAL,HOU,0,65,407.0,2091,0,33,16,1
2020,2,2020_02_BAL_HOU,HOU,BAL,1,57,304.0,1509,2,16,33,0
2020,2,2020_02_BUF_MIA,BUF,MIA,0,59,523.0,1735,1,31,28,1
2020,2,2020_02_BUF_MIA,MIA,BUF,1,73,412.0,1865,0,28,31,0
2020,2,2020_02_CAR_TB,CAR,TB,0,71,427.0,2072,4,17,31,0
2020,2,2020_02_CAR_TB,TB,CAR,1,57,339.0,1528,2,31,17,1
2020,2,2020_02_CIN_CLE,CIN,CLE,0,88,353.0,2019,1,30,35,0
2020,2,2020_02_CIN_CLE,CLE,CIN,1,58,434.0,1581,1,35,30,1
2020,2,2020_02_DEN_PIT,DEN,PIT,0,73,321.0,1831,2,21,26,0
2020,2,2020_02_DEN_PIT,PIT,DEN,1,64,410.0,1769,2,26,21,1
2020,2,2020_02_DET_GB,DET,GB,0,58,307.0,1514,1,21,42,0
2020,2,2020_02_DET_GB,GB,DET,1,67,490.0,2086,0,42,21,1
2020,2,2020_02_JAX_TEN,JAX,TEN,0,74,480.0,2002,2,30,33,0
2020,2,2020_02_JAX_TEN,TEN,JAX,1,59,354.0,1598,0,33,30,1
2020,2,2020_02_KC_LAC,KC,LAC,0,71,416.0,1718,0,23,20,1
2020,2,2020_02_KC_LAC,LAC,KC,1,79,479.0,2367,1,20,23,0
2020,2,2020_02_LA_PHI,LA,PHI,0,67,449.0,1873,0,37,19,1
2020,2,2020_02_LA_PHI,PHI,LA,1,70,363.0,1727,4,19,37,0
2020,2,2020_02_MIN_IND,IND,MIN,1,67,354.0,2305,1,28,11,1
2020,2,2020_02_MIN_IND,MIN,IND,0,48,177.0,1295,3,11,28,0
2020,2,2020_02_NE_SEA,NE,SEA,0,71,464.0,1721,1,30,35,0
2020,2,2020_02_NE_SEA,SEA,NE,1,60,429.0,1879,1,35,30,1
2020,2,2020_02_NO_LV,LV,NO,1,76,377.0,2178,1,34,24,1
2020,2,2020_02_NO_LV,NO,LV,0,57,424.0,1422,1,24,34,0
2020,2,2020_02_NYG_CHI,CHI,NYG,1,64,304.0,2069,2,17,13,1
2020,2,2020_02_NYG_CHI,NYG,CHI,0,62,295.0,1531,2,13,17,0
2020,2,2020_02_SF_NYJ,NYJ,SF,1,62,277.0,1667,0,13,31,0
2020,2,2020_02_SF_NYJ,SF,NYJ,0,59,359.0,1933,1,31,13,1
2020,2,2020_02_WAS_ARI,ARI,WAS,1,73,438.0,2025,2,30,15,1
2020,2,2020_02_WAS_ARI,WAS,ARI,0,62,316.0,1575,1,15,30,0
2020,3,2020_03_CAR_LAC,CAR,LAC,0,51,302.0,1729,0,21,16,1
2020,3,2020_03_CAR_LAC,LAC,CAR,1,75,436.0,1871,4,16,21,0
2020,3,2020_03_CHI_ATL,ATL,CHI,1,65,371.0,1510,1,26,30,0
2020,3,2020_03_CHI_ATL,CHI,ATL,0,79,437.0,2090,2,30,26,1
2020,3,2020_03_CIN_PHI,CIN,PHI,0,70,304.0,1936,0,23,23,0
2020,3,2020_03_CIN_PHI,PHI,CIN,1,86,378.0,2264,2,23,23,0
2020,3,2020_03_DAL_SEA,DAL,SEA,0,81,522.0,1646,3,31,38,0
2020,3,2020_03_DAL_SEA,SEA,DAL,1,71,414.0,1954,1,38,31,1
2020,3,2020_03_DET_ARI,ARI,DET,1,63,377.0,1630,3,23,26,0
2020,3,2020_03_DET_ARI,DET,ARI,0,62,322.0,1970,0,26,23,1
2020,3,2020_03_GB_NO,GB,NO,0,59,369.0,1900,0,37,30,1
2020,3,2020_03_GB_NO,NO,GB,1,58,397.0,1700,1,30,37,0
2020,3,2020_03_HOU_PIT,HOU,PIT,0,47,260.0,1389,1,21,28,0
2020,3,2020_03_HOU_PIT,PIT,HOU,1,77,389.0,2211,0,28,21,1
2020,3,2020_03_KC_BAL,BAL,KC,1,53,228.0,1564,1,20,34,0
2020,3,2020_03_KC_BAL,KC,BAL,0,73,517.0,2036,1,34,20,1
2020,3,2020_03_LA_BUF,BUF,LA,1,58,375.0,1668,2,35,32,1
2020,3,2020_03_LA_BUF,LA,BUF,0,67,480.0,1932,2,32,35,0
2020,3,2020_03_LV_NE,LV,NE,0,56,375.0,1521,3,20,36,0
2020,3,2020_03_LV_NE,NE,LV,1,68,406.0,2079,1,36,20,1
2020,3,2020_03_MIA_JAX,JAX,MIA,1,63,318.0,1538,2,13,31,0
2020,3,2020_03_MIA_JAX,MIA,JAX,0,57,294.0,2062,0,31,13,1
2020,3,2020_03_NYJ_IND,IND,NYJ,1,56,353.0,1808,0,36,7,1
2020,3,2020_03_NYJ_IND,NYJ,IND,0,60,260.0,1792,3,7,36,0
2020,3,2020_03_SF_NYG,NYG,SF,1,49,231.0,1216,3,9,36,0
2020,3,2020_03_SF_NYG,SF,NYG,0,74,420.0,2384,0,36,9,1
2020,3,2020_03_TB_DEN,DEN,TB,1,59,226.0,1618,2,10,28,0
2020,3,2020_03_TB_DEN,TB,DEN,0,65,353.0,1982,0,28,10,1
2020,3,2020_03_TEN_MIN,MIN,TEN,1,63,464.0,1708,3,30,31,0
2020,3,2020_03_TEN_MIN,TEN,MIN,0,74,444.0,1892,1,31,30,1
2020,3,2020_03_WAS_CLE,CLE,WAS,1,62,300.0,2017,0,34,20,1
2020,3,2020_03_WAS_CLE,WAS,CLE,0,62,309.0,1583,5,20,34,0
2020,4,2020_04_ARI_CAR,ARI,CAR,0,55,262.0,1372,1,21,31,0
2020,4,2020_04_ARI_CAR,CAR,ARI,1,72,444.0,2228,1,31,21,1
2020,4,2020_04_ATL_GB,ATL,GB,0,68,327.0,1822,0,16,30,0
2020,4,2020_04_ATL_GB,GB,ATL,1,60,403.0,1778,0,30,16,1
2020,4,2020_04_BAL_WAS,BAL,WAS,0,56,350.0,1762,2,31,17,1
2020,4,2020_04_BAL_WAS,WAS,BAL,1,70,343.0,1838,1,17,31,0
2020,4,2020_04_BUF_LV,BUF,LV,0,59,337.0,1698,0,30,23,1
2020,4,2020_04_BUF_LV,LV,BUF,1,69,383.0,1902,2,23,30,0
2020,4,2020_04_CLE_DAL,CLE,DAL,0,74,510.0,2012,0,49,38,1
2020,4,2020_04_CLE_DAL,DAL,CLE,1,82,572.0,1588,3,38,49,0
2020,4,2020_04_DEN_NYJ,DEN,NYJ,0,63,359.0,1899,3,37,28,1
2020,4,2020_04_DEN_NYJ,NYJ,DEN,1,75,321.0,1701,0,28,37,0
2020,4,2020_04_IND_CHI,CHI,IND,1,60,271.0,1652,1,11,19,0
2020,4,2020_04_IND_CHI,IND,CHI,0,68,289.0,1948,0,19,11,1
2020,4,2020_04_JAX_CIN,CIN,JAX,1,71,505.0,1991,1,33,25,1
2020,4,2020_04_JAX_CIN,JAX,CIN,0,64,429.0,1609,1,25,33,0
2020,4,2020_04_LAC_TB,LAC,TB,0,50,324.0,1505,2,31,38,0
2020,4,2020_04_LAC_TB,TB,LAC,1,73,484.0,2449,1,38,31,1
2020,4,2020_04_MIN_HOU,HOU,MIN,1,62,386.0,1409,0,23,31,0
2020,4,2020_04_MIN_HOU,MIN,HOU,0,65,410.0,2191,1,31,23,1
2020,4,2020_04_NE_KC,KC,NE,1,55,323.0,1706,1,26,10,1
2020,4,2020_04_NE_KC,NE,KC,0,74,357.0,1894,4,10,26,0
2020,4,2020_04_NO_DET,DET,NO,1,57,283.0,1394,1,29,35,0
2020,4,2020_04_NO_DET,NO,DET,0,69,392.0,2206,1,35,29,1
2020,4,2020_04_NYG_LA,LA,NYG,1,57,240.0,1602,1,17,9,1
2020,4,2020_04_NYG_LA,NYG,LA,0,66,295.0,1998,1,9,17,0
2020,4,2020_04_PHI_SF,PHI,SF,0,60,269.0,1769,1,25,20,1
2020,4,2020_04_PHI_SF,SF,PHI,1,71,417.0,1831,3,20,25,0
2020,4,2020_04_SEA_MIA,MIA,SEA,1,69,417.0,1989,2,23,31,0
2020,4,2020_04_SEA_MIA,SEA,MIA,0,62,441.0,1611,1,31,23,1
2020,5,2020_05_ARI_NYJ,ARI,NYJ,0,69,496.0,1935,1,30,10,1
2020,5,2020_05_ARI_NYJ,NYJ,ARI,1,64,285.0,1665,0,10,30,0
2020,5,2020_05_BUF_TEN,BUF,TEN,0,70,370.0,1944,3,16,42,0
2020,5,2020_05_BUF_TEN,TEN,BUF,1,62,334.0,1656,0,42,16,1
2020,5,2020_05_CAR_ATL,ATL,CAR,1,63,373.0,1615,1,16,23,0
2020,5,2020_05_CAR_ATL,CAR,ATL,0,63,437.0,1985,0,23,16,1
2020,5,2020_05_CIN_BAL,BAL,CIN,1,62,332.0,1521,1,27,3,1
2020,5,2020_05_CIN_BAL,CIN,BAL,0,65,205.0,2079,3,3,27,0
2020,5,2020_05_IND_CLE,CLE,IND,1,72,385.0,2085,2,32,23,1
2020,5,2020_05_IND_CLE,IND,CLE,0,52,308.0,1515,2,23,32,0
2020,5,2020_05_JAX_HOU,HOU,JAX,1,58,486.0,1681,2,30,14,1
2020,5,2020_05_JAX_HOU,JAX,HOU,0,73,364.0,1919,2,14,30,0
2020,5,2020_05_LAC_NO,LAC,NO,0,69,350.0,1842,0,27,30,0
2020,5,2020_05_LAC_NO,NO,LAC,1,75,408.0,2101,1,30,27,1
2020,5,2020_05_LA_WAS,LA,WAS,0,66,429.0,2135,1,30,10,1
2020,5,2020_05_LA_WAS,WAS,LA,1,52,108.0,1465,0,10,30,0
2020,5,2020_05_LV_KC,KC,LV,1,67,415.0,1482,1,32,40,0
2020,5,2020_05_LV_KC,LV,KC,0,67,490.0,2118,1,40,32,1
2020,5,2020_05_MIA_SF,MIA,SF,0,63,436.0,2213,0,43,17,1
2020,5,2020_05_MIA_SF,SF,MIA,1,59,259.0,1387,3,17,43,0
2020,5,2020_05_MIN_SEA,MIN,SEA,0,84,449.0,2368,2,26,27,0
2020,5,2020_05_MIN_SEA,SEA,MIN,1,53,314.0,1232,1,27,26,1
2020,5,2020_05_NYG_DAL,DAL,NYG,1,64,402.0,1658,2,37,34,1
2020,5,2020_05_NYG_DAL,NYG,DAL,0,63,302.0,1942,1,34,37,0
2020,5,2020_05_PHI_PIT,PHI,PIT,0,58,338.0,1517,2,29,38,0
2020,5,2020_05_PHI_PIT,PIT,PHI,1,67,367.0,2083,1,38,29,1
2020,5,2020_05_TB_CHI,CHI,TB,1,59,243.0,1708,1,20,19,1
2020,5,2020_05_TB_CHI,TB,CHI,0,64,339.0,1892,1,19,20,0
2020,6,2020_06_ARI_DAL,ARI,DAL,0,60,438.0,1583,0,38,10,1
2020,6,2020_06_ARI_DAL,DAL,ARI,1,84,344.0,2017,4,10,38,0
2020,6,2020_06_ATL_MIN,ATL,MIN,0,79,462.0,2407,1,40,23,1
2020,6,2020_06_ATL_MIN,MIN,ATL,1,52,369.0,1193,3,23,40,0
2020,6,2020_06_BAL_PHI,BAL,PHI,0,67,355.0,2190,0,30,28,1
2020,6,2020_06_BAL_PHI,PHI,BAL,1,68,368.0,1410,1,28,30,0
2020,6,2020_06_CHI_CAR,CAR,CHI,1,62,303.0,1866,3,16,23,0
2020,6,2020_06_CHI_CAR,CHI,CAR,0,64,261.0,1734,1,23,16,1
2020,6,2020_06_CIN_IND,CIN,IND,0,73,398.0,2068,1,27,31,0
2020,6,2020_06_CIN_IND,IND,CIN,1,60,430.0,1532,2,31,27,1
2020,6,2020_06_CLE_PIT,CLE,PIT,0,54,220.0,1554,2,7,38,0
2020,6,2020_06_CLE_PIT,PIT,CLE,1,62,277.0,2046,0,38,7,1
2020,6,2020_06_DEN_NE,DEN,NE,0,63,299.0,1951,2,18,12,1
2020,6,2020_06_DEN_NE,NE,DEN,1,57,288.0,1649,3,12,18,0
2020,6,2020_06_DET_JAX,DET,JAX,0,70,403.0,2157,1,34,16,1
2020,6,2020_06_DET_JAX,JAX,DET,1,62,275.0,1443,2,16,34,0
2020,6,2020_06_GB_TB,GB,TB,0,61,201.0,1897,2,10,38,0
2020,6,2020_06_GB_TB,TB,GB,1,63,324.0,1703,0,38,10,1
2020,6,2020_06_HOU_TEN,HOU,TEN,0,68,412.0,1900,0,36,42,0
2020,6,2020_06_HOU_TEN,TEN,HOU,1,71,609.0,1910,2,42,36,1
2020,6,2020_06_KC_BUF,BUF,KC,1,50,206.0,1335,1,17,26,0
2020,6,2020_06_KC_BUF,KC,BUF,0,73,466.0,2265,1,26,17,1
2020,6,2020_06_LA_SF,LA,SF,0,57,311.0,1325,1,16,24,0
2020,6,2020_06_LA_SF,SF,LA,1,70,390.0,2275,0,24,16,1
2020,6,2020_06_NYJ_MIA,MIA,NYJ,1,56,302.0,1685,2,24,0,1
2020,6,2020_06_NYJ_MIA,NYJ,MIA,0,69,263.0,1915,1,0,24,0
2020,6,2020_06_WAS_NYG,NYG,WAS,1,46,240.0,1590,1,20,19,1
2020,6,2020_06_WAS_NYG,WAS,NYG,0,70,337.0,2010,2,19,20,0
2020,7,2020_07_BUF_NYJ,BUF,NYJ,0,72,422.0,2073,1,18,10,1
2020,7,2020_07_BUF_NYJ,NYJ,BUF,1,51,191.0,1527,2,10,18,0
2020,7,2020_07_CAR_NO,CAR,NO,0,43,283.0,1519,0,24,27,0
2020,7,2020_07_CAR_NO,NO,CAR,1,67,415.0,2081,1,27,24,1
2020,7,2020_07_CHI_LA,CHI,LA,0,61,279.0,1645,2,10,24,0
2020,7,2020_07_CHI_LA,LA,CHI,1,68,371.0,1955,1,24,10,1
2020,7,2020_07_CLE_CIN,CIN,CLE,1,73,468.0,1977,2,34,37,0
2020,7,2020_07_CLE_CIN,CLE,CIN,0,51,398.0,1623,1,37,34,1
2020,7,2020_07_DAL_WAS,DAL,WAS,0,54,142.0,1416,1,3,25,0
2020,7,2020_07_DAL_WAS,WAS,DAL,1,67,397.0,2184,0,25,3,1
2020,7,2020_07_DET_ATL,ATL,DET,1,71,390.0,1845,1,22,23,0
2020,7,2020_07_DET_ATL,DET,ATL,0,59,386.0,1755,0,23,22,1
2020,7,2020_07_GB_HOU,GB,HOU,0,61,379.0,1745,0,35,20,1
2020,7,2020_07_GB_HOU,HOU,GB,1,64,365.0,1866,1,20,35,0
2020,7,2020_07_JAX_LAC,JAX,LAC,0,62,298.0,1529,1,29,39,0
2020,7,2020_07_JAX_LAC,LAC,JAX,1,78,484.0,2071,0,39,29,1
2020,7,2020_07_KC_DEN,DEN,KC,1,76,411.0,2004,4,16,43,0
2020,7,2020_07_KC_DEN,KC,DEN,0,51,286.0,1596,1,43,16,1
2020,7,2020_07_NYG_PHI,NYG,PHI,0,55,325.0,1642,3,21,22,0
2020,7,2020_07_NYG_PHI,PHI,NYG,1,74,442.0,1958,1,22,21,1
2020,7,2020_07_PIT_TEN,PIT,TEN,0,74,362.0,2197,3,27,24,1
2020,7,2020_07_PIT_TEN,TEN,PIT,1,56,292.0,1403,0,24,27,0
2020,7,2020_07_SEA_ARI,ARI,SEA,1,81,519.0,1813,2,37,34,1
2020,7,2020_07_SEA_ARI,SEA,ARI,0,82,572.0,2372,3,34,37,0
2020,7,2020_07_SF_NE,NE,SF,1,49,241.0,1297,4,6,33,0
2020,7,2020_07_SF_NE,SF,NE,0,63,467.0,2303,2,33,6,1
2020,7,2020_07_TB_LV,LV,TB,1,63,347.0,1864,1,20,45,0
2020,7,2020_07_TB_LV,TB,LV,0,70,454.0,1736,0,45,20,1
2020,8,2020_08_ATL_CAR,ATL,CAR,0,68,401.0,2190,1,25,17,1
2020,8,2020_08_ATL_CAR,CAR,ATL,1,52,304.0,1410,1,17,25,0
2020,8,2020_08_DAL_PHI,DAL,PHI,0,79,265.0,1970,2,9,23,0
2020,8,2020_08_DAL_PHI,PHI,DAL,1,60,224.0,1630,4,23,9,1
2020,8,2020_08_IND_DET,DET,IND,1,60,326.0,1334,2,21,41,0
2020,8,2020_08_IND_DET,IND,DET,0,76,368.0,2266,0,41,21,1
2020,8,2020_08_LAC_DEN,DEN,LAC,1,59,351.0,1447,1,31,30,1
2020,8,2020_08_LAC_DEN,LAC,DEN,0,84,485.0,2153,2,30,31,0
2020,8,2020_08_LA_MIA,LA,MIA,0,92,471.0,2190,4,17,28,0
2020,8,2020_08_LA_MIA,MIA,LA,1,48,145.0,1410,2,28,17,1
2020,8,2020_08_LV_CLE,CLE,LV,1,47,223.0,1337,1,6,16,0
2020,8,2020_08_LV_CLE,LV,CLE,0,71,309.0,2263,0,16,6,1
2020,8,2020_08_MIN_GB,GB,MIN,1,67,402.0,1932,1,22,28,0
2020,8,2020_08_MIN_GB,MIN,GB,0,49,324.0,1668,0,28,22,1
2020,8,2020_08_NE_BUF,BUF,NE,1,57,339.0,1754,1,24,21,1
2020,8,2020_08_NE_BUF,NE,BUF,0,62,351.0,1846,1,21,24,0
2020,8,2020_08_NO_CHI,CHI,NO,1,69,329.0,1989,1,23,26,0
2020,8,2020_08_NO_CHI,NO,CHI,0,72,394.0,2115,0,26,23,1
2020,8,2020_08_NYJ_KC,KC,NYJ,1,67,496.0,1890,0,35,9,1
2020,8,2020_08_NYJ_KC,NYJ,KC,0,56,221.0,1710,1,9,35,0
2020,8,2020_08_PIT_BAL,BAL,PIT,1,79,457.0,2122,4,24,28,0
2020,8,2020_08_PIT_BAL,PIT,BAL,0,50,221.0,1478,1,28,24,1
2020,8,2020_08_SF_SEA,SEA,SF,1,67,350.0,1858,0,37,27,1
2020,8,2020_08_SF_SEA,SF,SEA,0,67,351.0,1742,2,27,37,0
2020,8,2020_08_TB_NYG,NYG,TB,1,70,357.0,1790,2,23,25,0
2020,8,2020_08_TB_NYG,TB,NYG,0,67,344.0,1810,1,25,23,1
2020,8,2020_08_TEN_CIN,CIN,TEN,1,69,367.0,2157,0,31,20,1
2020,8,2020_08_TEN_CIN,TEN,CIN,0,61,441.0,1443,1,20,31,0
2020,9,2020_09_BAL_IND,BAL,IND,0,63,266.0,2006,1,24,10,1
2020,9,2020_09_BAL_IND,IND,BAL,1,65,339.0,1594,2,10,24,0
2020,9,2020_09_CAR_KC,CAR,KC,0,76,435.0,1961,0,31,33,0
2020,9,2020_09_CAR_KC,KC,CAR,1,58,397.0,1319,1,33,31,1
2020,9,2020_09_CHI_TEN,CHI,TEN,0,75,375.0,2034,2,17,24,0
2020,9,2020_09_CHI_TEN,TEN,CHI,1,55,228.0,1566,0,24,17,1
2020,9,2020_09_DEN_ATL,ATL,DEN,1,69,363.0,2007,1,34,27,1
2020,9,2020_09_DEN_ATL,DEN,ATL,0,71,405.0,1593,1,27,34,0
2020,9,2020_09_DET_MIN,DET,MIN,0,74,421.0,1969,3,20,34,0
2020,9,2020_09_DET_MIN,MIN,DET,1,55,487.0,1631,0,34,20,1
2020,9,2020_09_GB_SF,GB,SF,0,63,405.0,2190,0,34,17,1
2020,9,2020_09_GB_SF,SF,GB,1,53,337.0,1410,2,17,34,0
2020,9,2020_09_HOU_JAX,HOU,JAX,0,62,374.0,1673,1,27,25,1
2020,9,2020_09_HOU_JAX,JAX,HOU,1,68,403.0,1927,1,25,27,0
2020,9,2020_09_LV_LAC,LAC,LV,1,76,440.0,2084,0,26,31,0
2020,9,2020_09_LV_LAC,LV,LAC,0,50,320.0,1516,2,31,26,1
2020,9,2020_09_MIA_ARI,ARI,MIA,1,64,442.0,1863,1,31,34,0
2020,9,2020_09_MIA_ARI,MIA,ARI,0,56,312.0,1737,0,34,31,1
2020,9,2020_09_NE_NYJ,NE,NYJ,0,76,433.0,2218,0,30,27,1
2020,9,2020_09_NE_NYJ,NYJ,NE,1,44,322.0,1382,1,27,30,0
2020,9,2020_09_NO_TB,NO,TB,0,73,420.0,2404,2,38,3,1
2020,9,2020_09_NO_TB,TB,NO,1,46,194.0,1301,3,3,38,0
2020,9,2020_09_NYG_WAS,NYG,WAS,0,74,350.0,2187,1,23,20,1
2020,9,2020_09_NYG_WAS,WAS,NYG,1,50,402.0,1413,4,20,23,0
2020,9,2020_09_PIT_DAL,DAL,PIT,1,71,364.0,2004,2,19,24,0
2020,9,2020_09_PIT_DAL,PIT,DAL,0,64,355.0,1596,0,24,19,1
2020,9,2020_09_SEA_BUF,BUF,SEA,1,64,420.0,1921,0,44,34,1
2020,9,2020_09_SEA_BUF,SEA,BUF,0,63,419.0,1679,4,34,44,0
2020,10,2020_10_BAL_NE,BAL,NE,0,64,357.0,1954,1,17,23,0
2020,10,2020_10_BAL_NE,NE,BAL,1,58,308.0,1646,0,23,17,1
2020,10,2020_10_BUF_ARI,ARI,BUF,1,71,453.0,1780,2,32,30,1
2020,10,2020_10_BUF_ARI,BUF,ARI,0,68,369.0,1820,2,30,32,0
2020,10,2020_10_CIN_PIT,CIN,PIT,0,65,324.0,1772,1,10,36,0
2020,10,2020_10_CIN_PIT,PIT,CIN,1,67,377.0,1828,1,36,10,1
2020,10,2020_10_DEN_LV,DEN,LV,0,69,313.0,1402,5,12,37,0
2020,10,2020_10_DEN_LV,LV,DEN,1,66,357.0,2198,0,37,12,1
2020,10,2020_10_HOU_CLE,CLE,HOU,1,62,356.0,2000,0,10,7,1
2020,10,2020_10_HOU_CLE,HOU,CLE,0,54,243.0,1600,0,7,10,0
2020,10,2020_10_IND_TEN,IND,TEN,0,69,430.0,1878,0,34,17,1
2020,10,2020_10_IND_TEN,TEN,IND,1,60,294.0,1722,0,17,34,0
2020,10,2020_10_JAX_GB,GB,JAX,1,60,395.0,1901,2,24,20,1
2020,10,2020_10_JAX_GB,JAX,GB,0,61,260.0,1699,1,20,24,0
2020,10,2020_10_LAC_MIA,LAC,MIA,0,63,273.0,1794,1,21,29,0
2020,10,2020_10_LAC_MIA,MIA,LAC,1,58,280.0,1806,1,29,21,1
2020,10,2020_10_MIN_CHI,CHI,MIN,1,50,149.0,1450,1,13,19,0
2020,10,2020_10_MIN_CHI,MIN,CHI,0,71,385.0,2150,3,19,13,1
2020,10,2020_10_PHI_NYG,NYG,PHI,1,67,382.0,1903,0,27,17,1
2020,10,2020_10_PHI_NYG,PHI,NYG,0,65,348.0,1697,0,17,27,0
2020,10,2020_10_SEA_LA,LA,SEA,1,69,389.0,2016,1,23,16,1
2020,10,2020_10_SEA_LA,SEA,LA,0,65,333.0,1584,3,16,23,0
2020,10,2020_10_SF_NO,NO,SF,1,56,237.0,1626,3,27,13,1
2020,10,2020_10_SF_NO,SF,NO,0,66,281.0,1974,3,13,27,0
2020,10,2020_10_TB_CAR,CAR,TB,1,48,187.0,1435,1,23,46,0
2020,10,2020_10_TB_CAR,TB,CAR,0,77,544.0,2165,1,46,23,1
2020,10,2020_10_WAS_DET,DET,WAS,1,55,372.0,1457,0,30,27,1
2020,10,2020_10_WAS_DET,WAS,DET,0,83,464.0,2143,1,27,30,0
2020,11,2020_11_ARI_SEA,ARI,SEA,0,63,314.0,1493,0,21,28,0
2020,11,2020_11_ARI_SEA,SEA,ARI,1,62,347.0,2107,0,28,21,1
2020,11,2020_11_ATL_NO,ATL,NO,0,59,248.0,1579,2,9,24,0
2020,11,2020_11_ATL_NO,NO,ATL,1,62,376.0,2021,1,24,9,1
2020,11,2020_11_CIN_WAS,CIN,WAS,0,66,272.0,1754,2,9,20,0
2020,11,2020_11_CIN_WAS,WAS,CIN,1,61,325.0,1846,1,20,9,1
2020,11,2020_11_DAL_MIN,DAL,MIN,0,65,378.0,1691,1,31,28,1
2020,11,2020_11_DAL_MIN,MIN,DAL,1,61,430.0,1909,2,28,31,0
2020,11,2020_11_DET_CAR,CAR,DET,1,70,374.0,2208,2,20,0,1
2020,11,2020_11_DET_CAR,DET,CAR,0,55,185.0,1392,1,0,20,0
2020,11,2020_11_GB_IND,GB,IND,0,57,367.0,1669,4,31,34,0
2020,11,2020_11_GB_IND,IND,GB,1,75,422.0,2101,2,34,31,1
2020,11,2020_11_KC_LV,KC,LV,0,73,460.0,1925,1,35,31,1
2020,11,2020_11_KC_LV,LV,KC,1,57,364.0,1675,1,31,35,0
2020,11,2020_11_LA_TB,LA,TB,0,71,413.0,1993,2,27,24,1
2020,11,2020_11_LA_TB,TB,LA,1,67,251.0,1607,2,24,27,0
2020,11,2020_11_MIA_DEN,DEN,MIA,1,63,459.0,1819,2,20,13,1
2020,11,2020_11_MIA_DEN,MIA,DEN,0,61,223.0,1781,1,13,20,0
2020,11,2020_11_NE_HOU,HOU,NE,1,56,399.0,1662,0,27,20,1
2020,11,2020_11_NE_HOU,NE,HOU,0,66,435.0,1938,0,20,27,0
2020,11,2020_11_NYJ_LAC,LAC,NYJ,1,78,376.0,2188,1,34,28,1
2020,11,2020_11_NYJ_LAC,NYJ,LAC,0,55,292.0,1412,1,28,34,0
2020,11,2020_11_PHI_CLE,CLE,PHI,1,65,324.0,1904,1,22,17,1
2020,11,2020_11_PHI_CLE,PHI,CLE,0,65,315.0,1696,3,17,22,0
2020,11,2020_11_PIT_JAX,JAX,PIT,1,56,206.0,1411,4,3,27,0
2020,11,2020_11_PIT_JAX,PIT,JAX,0,73,373.0,2189,1,27,3,1
2020,11,2020_11_TEN_BAL,BAL,TEN,1,64,308.0,1866,1,24,30,0
2020,11,2020_11_TEN_BAL,TEN,BAL,0,69,425.0,2013,1,30,24,1
2020,12,2020_12_ARI_NE,ARI,NE,0,70,298.0,2048,1,17,20,0
2020,12,2020_12_ARI_NE,NE,ARI,1,51,179.0,1552,2,20,17,1
2020,12,2020_12_BAL_PIT,BAL,PIT,0,49,219.0,1769,3,14,19,0
2020,12,2020_12_BAL_PIT,PIT,BAL,1,71,334.0,2019,1,19,14,1
2020,12,2020_12_CAR_MIN,CAR,MIN,0,64,374.0,1727,2,27,28,0
2020,12,2020_12_CAR_MIN,MIN,CAR,1,72,389.0,1873,2,28,27,1
2020,12,2020_12_CHI_GB,CHI,GB,0,66,352.0,1336,3,25,41,0
2020,12,2020_12_CHI_GB,GB,CHI,1,68,393.0,2264,0,41,25,1
2020,12,2020_12_CLE_JAX,CLE,JAX,0,64,459.0,1961,1,27,25,1
2020,12,2020_12_CLE_JAX,JAX,CLE,1,62,375.0,1639,0,25,27,0
2020,12,2020_12_HOU_DET,DET,HOU,1,77,390.0,2024,3,25,41,0
2020,12,2020_12_HOU_DET,HOU,DET,0,51,386.0,1576,1,41,25,1
2020,12,2020_12_KC_TB,KC,TB,0,72,543.0,2207,1,27,24,1
2020,12,2020_12_KC_TB,TB,KC,1,55,417.0,1393,2,24,27,0
2020,12,2020_12_LAC_BUF,BUF,LAC,1,58,332.0,1796,3,27,17,1
2020,12,2020_12_LAC_BUF,LAC,BUF,0,80,369.0,1804,1,17,27,0
2020,12,2020_12_LV_ATL,ATL,LV,1,72,304.0,2098,1,43,6,1
2020,12,2020_12_LV_ATL,LV,ATL,0,58,243.0,1502,5,6,43,0
2020,12,2020_12_MIA_NYJ,MIA,NYJ,0,68,345.0,1957,2,20,3,1
2020,12,2020_12_MIA_NYJ,NYJ,MIA,1,53,260.0,1643,2,3,20,0
2020,12,2020_12_NO_DEN,DEN,NO,1,43,112.0,1454,3,3,31,0
2020,12,2020_12_NO_DEN,NO,DEN,0,63,292.0,2146,1,31,3,1
2020,12,2020_12_NYG_CIN,CIN,NYG,1,46,155.0,1354,3,17,19,0
2020,12,2020_12_NYG_CIN,NYG,CIN,0,80,386.0,2246,1,19,17,1
2020,12,2020_12_SEA_PHI,PHI,SEA,1,67,252.0,1623,1,17,23,0
2020,12,2020_12_SEA_PHI,SEA,PHI,0,63,301.0,1977,0,23,17,1
2020,12,2020_12_SF_LA,LA,SF,1,61,308.0,1557,4,20,23,0
2020,12,2020_12_SF_LA,SF,LA,0,70,345.0,2043,3,23,20,1
2020,12,2020_12_TEN_IND,IND,TEN,1,69,336.0,1467,1,26,45,0
2020,12,2020_12_TEN_IND,TEN,IND,0,68,449.0,2133,0,45,26,1
2020,12,2020_12_WAS_DAL,DAL,WAS,1,57,247.0,1444,2,16,41,0
2020,12,2020_12_WAS_DAL,WAS,DAL,0,66,338.0,2156,1,41,16,1
2020,13,2020_13_BUF_SF,BUF,SF,0,68,449.0,2098,1,34,24,1
2020,13,2020_13_BUF_SF,SF,BUF,1,60,402.0,1502,2,24,34,0
2020,13,2020_13_CIN_MIA,CIN,MIA,0,50,196.0,1664,2,7,19,0
2020,13,2020_13_CIN_MIA,MIA,CIN,1,67,406.0,1936,1,19,7,1
2020,13,2020_13_CLE_TEN,CLE,TEN,0,70,458.0,2206,1,41,35,1
2020,13,2020_13_CLE_TEN,TEN,CLE,1,68,433.0,1394,3,35,41,0
2020,13,2020_13_DAL_BAL,BAL,DAL,1,54,401.0,1654,1,34,17,1
2020,13,2020_13_DAL_BAL,DAL,BAL,0,77,388.0,1946,1,17,34,0
2020,13,2020_13_DEN_KC,DEN,KC,0,62,330.0,1831,2,16,22,0
2020,13,2020_13_DEN_KC,KC,DEN,1,63,447.0,1769,0,22,16,1
2020,13,2020_13_DET_CHI,CHI,DET,1,67,389.0,1938,1,30,34,0
2020,13,2020_13_DET_CHI,DET,CHI,0,66,460.0,1662,1,34,30,1
2020,13,2020_13_IND_HOU,HOU,IND,1,62,398.0,1588,2,20,26,0
2020,13,2020_13_IND_HOU,IND,HOU,0,67,371.0,2012,0,26,20,1
2020,13,2020_13_JAX_MIN,JAX,MIN,0,70,392.0,1838,4,24,27,0
2020,13,2020_13_JAX_MIN,MIN,JAX,1,85,420.0,2253,2,27,24,1
2020,13,2020_13_LA_ARI,ARI,LA,1,62,232.0,1267,3,28,38,0
2020,13,2020_13_LA_ARI,LA,ARI,0,79,463.0,2333,0,38,28,1
2020,13,2020_13_LV_NYJ,LV,NYJ,0,74,440.0,1861,2,31,28,1
2020,13,2020_13_LV_NYJ,NYJ,LV,1,61,378.0,1739,3,28,31,0
2020,13,2020_13_NE_LAC,LAC,NE,1,71,258.0,1579,2,0,45,0
2020,13,2020_13_NE_LAC,NE,LAC,0,66,291.0,2021,0,45,0,1
2020,13,2020_13_NO_ATL,ATL,NO,1,63,332.0,1386,1,16,21,0
2020,13,2020_13_NO_ATL,NO,ATL,0,75,424.0,2214,1,21,16,1
2020,13,2020_13_NYG_SEA,NYG,SEA,0,56,292.0,1789,1,17,12,1
2020,13,2020_13_NYG_SEA,SEA,NYG,1,70,327.0,1811,2,12,17,0
2020,13,2020_13_PHI_GB,GB,PHI,1,61,437.0,1899,0,30,16,1
2020,13,2020_13_PHI_GB,PHI,GB,0,59,278.0,1701,1,16,30,0
2020,13,2020_13_WAS_PIT,PIT,WAS,1,67,326.0,1774,1,17,23,0
2020,13,2020_13_WAS_PIT,WAS,PIT,0,70,318.0,1826,0,23,17,1
2020,14,2020_14_ARI_NYG,ARI,NYG,0,79,390.0,2273,0,26,7,1
2020,14,2020_14_ARI_NYG,NYG,ARI,1,49,159.0,1327,3,7,26,0
2020,14,2020_14_ATL_LAC,ATL,LAC,0,55,319.0,1545,3,17,20,0
2020,14,2020_14_ATL_LAC,LAC,ATL,1,71,345.0,2055,1,20,17,1
2020,14,2020_14_BAL_CLE,BAL,CLE,0,58,387.0,1683,0,47,42,1
2020,14,2020_14_BAL_CLE,CLE,BAL,1,77,495.0,1917,1,42,47,0
2020,14,2020_14_DAL_CIN,CIN,DAL,1,70,309.0,2081,3,7,30,0
2020,14,2020_14_DAL_CIN,DAL,CIN,0,50,272.0,1519,0,30,7,1
2020,14,2020_14_DEN_CAR,CAR,DEN,1,65,370.0,1828,0,27,32,0
2020,14,2020_14_DEN_CAR,DEN,CAR,0,59,365.0,1772,1,32,27,1
2020,14,2020_14_GB_DET,DET,GB,1,59,293.0,1470,0,24,31,0
2020,14,2020_14_GB_DET,GB,DET,0,64,410.0,2130,0,31,24,1
2020,14,2020_14_HOU_CHI,CHI,HOU,1,59,410.0,1774,1,36,7,1
2020,14,2020_14_HOU_CHI,HOU,CHI,0,64,263.0,1826,1,7,36,0
2020,14,2020_14_IND_LV,IND,LV,0,59,456.0,1715,0,44,27,1
2020,14,2020_14_IND_LV,LV,IND,1,68,424.0,1885,3,27,44,0
2020,14,2020_14_KC_MIA,KC,MIA,0,61,448.0,1710,4,33,27,1
2020,14,2020_14_KC_MIA,MIA,KC,1,77,367.0,1890,1,27,33,0
2020,14,2020_14_MIN_TB,MIN,TB,0,77,337.0,2343,1,14,26,0
2020,14,2020_14_MIN_TB,TB,MIN,1,49,303.0,1257,0,26,14,1
2020,14,2020_14_NE_LA,LA,NE,1,62,318.0,1906,1,24,3,1
2020,14,2020_14_NE_LA,NE,LA,0,58,220.0,1694,1,3,24,0
2020,14,2020_14_NO_PHI,NO,PHI,0,63,358.0,1784,2,21,24,0
2020,14,2020_14_NO_PHI,PHI,NO,1,66,413.0,1816,1,24,21,1
2020,14,2020_14_NYJ_SEA,NYJ,SEA,0,52,185.0,1532,1,3,40,0
2020,14,2020_14_NYJ_SEA,SEA,NYJ,1,69,410.0,2068,1,40,3,1
2020,14,2020_14_PIT_BUF,BUF,PIT,1,71,334.0,2115,2,26,15,1
2020,14,2020_14_PIT_BUF,PIT,BUF,0,56,226.0,1485,2,15,26,0
2020,14,2020_14_TEN_JAX,JAX,TEN,1,69,354.0,1697,1,10,31,0
2020,14,2020_14_TEN_JAX,TEN,JAX,0,65,454.0,1903,1,31,10,1
2020,14,2020_14_WAS_SF,SF,WAS,1,77,346.0,1931,3,15,23,0
2020,14,2020_14_WAS_SF,WAS,SF,0,62,193.0,1669,1,23,15,1
2020,15,2020_15_BUF_DEN,BUF,DEN,0,65,534.0,2030,0,48,19,1
2020,15,2020_15_BUF_DEN,DEN,BUF,1,63,255.0,1570,2,19,48,0
2020,15,2020_15_CAR_GB,CAR,GB,0,65,364.0,1851,1,16,24,0
2020,15,2020_15_CAR_GB,GB,CAR,1,61,291.0,1749,0,24,16,1
2020,15,2020_15_CHI_MIN,CHI,MIN,0,64,397.0,1979,1,33,27,1
2020,15,2020_15_CHI_MIN,MIN,CHI,1,66,407.0,1621,1,27,33,0
2020,15,2020_15_CLE_NYG,CLE,NYG,0,63,392.0,2043,0,20,6,1
2020,15,2020_15_CLE_NYG,NYG,CLE,1,54,288.0,1557,0,6,20,0
2020,15,2020_15_DET_TEN,DET,TEN,0,65,430.0,1898,3,25,46,0
2020,15,2020_15_DET_TEN,TEN,DET,1,67,465.0,1702,0,46,25,1
2020,15,2020_15_HOU_IND,HOU,IND,0,67,425.0,1850,2,20,27,0
2020,15,2020_15_HOU_IND,IND,HOU,1,53,350.0,1750,0,27,20,1
2020,15,2020_15_JAX_BAL,BAL,JAX,1,64,409.0,1908,1,40,14,1
2020,15,2020_15_JAX_BAL,JAX,BAL,0,56,267.0,1692,1,14,40,0
2020,15,2020_15_KC_NO,KC,NO,0,93,413.0,2474,1,32,29,1
2020,15,2020_15_KC_NO,NO,KC,1,53,285.0,1126,1,29,32,0
2020,15,2020_15_LAC_LV,LAC,LV,0,62,402.0,1860,0,30,27,1
2020,15,2020_15_LAC_LV,LV,LAC,1,75,449.0,2251,1,27,30,0
2020,15,2020_15_NE_MIA,MIA,NE,1,71,385.0,2246,1,22,12,1
2020,15,2020_15_NE_MIA,NE,MIA,0,52,303.0,1354,1,12,22,0
2020,15,2020_15_NYJ_LA,LA,NYJ,1,56,303.0,1545,1,20,23,0
2020,15,2020_15_NYJ_LA,NYJ,LA,0,64,289.0,2055,0,23,20,1
2020,15,2020_15_PHI_ARI,ARI,PHI,1,68,526.0,1667,3,33,26,1
2020,15,2020_15_PHI_ARI,PHI,ARI,0,81,422.0,1933,0,26,33,0
2020,15,2020_15_PIT_CIN,CIN,PIT,1,56,230.0,1923,0,27,17,1
2020,15,2020_15_PIT_CIN,PIT,CIN,0,62,244.0,1677,3,17,27,0
2020,15,2020_15_SEA_WAS,SEA,WAS,0,53,302.0,1664,1,20,15,1
2020,15,2020_15_SEA_WAS,WAS,SEA,1,80,353.0,1936,2,15,20,0
2020,15,2020_15_SF_DAL,DAL,SF,1,58,291.0,1504,1,41,33,1
2020,15,2020_15_SF_DAL,SF,DAL,0,81,458.0,2096,3,33,41,0
2020,15,2020_15_TB_ATL,ATL,TB,1,65,369.0,1691,0,27,31,0
2020,15,2020_15_TB_ATL,TB,ATL,0,66,416.0,1909,0,31,27,1
2020,16,2020_16_ATL_KC,ATL,KC,0,62,367.0,1992,1,14,17,0
2020,16,2020_16_ATL_KC,KC,ATL,1,66,395.0,1608,2,17,14,1
2020,16,2020_16_BUF_NE,BUF,NE,0,71,474.0,2381,0,38,9,1
2020,16,2020_16_BUF_NE,NE,BUF,1,48,201.0,1219,0,9,38,0
2020,16,2020_16_CAR_WAS,CAR,WAS,0,67,280.0,2136,3,20,13,1
2020,16,2020_16_CAR_WAS,WAS,CAR,1,69,386.0,1464,3,13,20,0
2020,16,2020_16_CHI_JAX,CHI,JAX,0,70,391.0,1980,1,41,17,1
2020,16,2020_16_CHI_JAX,JAX,CHI,1,54,279.0,1620,2,17,41,0
2020,16,2020_16_CIN_HOU,CIN,HOU,0,71,540.0,2170,0,37,31,1
2020,16,2020_16_CIN_HOU,HOU,CIN,1,51,488.0,1430,1,31,37,0
2020,16,2020_16_CLE_NYJ,CLE,NYJ,0,75,299.0,1692,2,16,23,0
2020,16,2020_16_CLE_NYJ,NYJ,CLE,1,69,333.0,1908,0,23,16,1
2020,16,2020_16_DEN_LAC,DEN,LAC,0,77,396.0,1989,2,16,19,0
2020,16,2020_16_DEN_LAC,LAC,DEN,1,55,316.0,1611,0,19,16,1
2020,16,2020_16_IND_PIT,IND,PIT,0,67,365.0,1948,2,24,28,0
2020,16,2020_16_IND_PIT,PIT,IND,1,64,354.0,1652,0,28,24,1
2020,16,2020_16_LA_SEA,LA,SEA,0,75,334.0,1970,1,9,20,0
2020,16,2020_16_LA_SEA,SEA,LA,1,61,292.0,1630,0,20,9,1
2020,16,2020_16_MIA_LV,LV,MIA,1,61,418.0,1619,1,25,26,0
2020,16,2020_16_MIA_LV,MIA,LV,0,63,383.0,1981,0,26,25,1
2020,16,2020_16_MIN_NO,MIN,NO,0,61,364.0,1393,0,33,52,0
2020,16,2020_16_MIN_NO,NO,MIN,1,73,583.0,2207,2,52,33,1
2020,16,2020_16_NYG_BAL,BAL,NYG,1,66,432.0,2109,1,27,13,1
2020,16,2020_16_NYG_BAL,NYG,BAL,0,59,269.0,1491,0,13,27,0
2020,16,2020_16_PHI_DAL,DAL,PHI,1,66,513.0,1838,1,37,17,1
2020,16,2020_16_PHI_DAL,PHI,DAL,0,71,477.0,1762,3,17,37,0
2020,16,2020_16_SF_ARI,ARI,SF,1,81,350.0,1936,2,12,20,0
2020,16,2020_16_SF_ARI,SF,ARI,0,55,398.0,1664,1,20,12,1
2020,16,2020_16_TB_DET,DET,TB,1,50,186.0,1447,2,7,47,0
2020,16,2020_16_TB_DET,TB,DET,0,70,588.0,2153,0,47,7,1
2020,16,2020_16_TEN_GB,GB,TEN,1,64,448.0,2197,1,40,14,1
2020,16,2020_16_TEN_GB,TEN,GB,0,55,260.0,1403,2,14,40,0
2020,17,2020_17_ARI_LA,ARI,LA,0,49,214.0,1329,1,7,18,0
2020,17,2020_17_ARI_LA,LA,ARI,1,70,333.0,2271,2,18,7,1
2020,17,2020_17_ATL_TB,ATL,TB,0,71,385.0,1992,2,27,44,0
2020,17,2020_17_ATL_TB,TB,ATL,1,64,485.0,1608,1,44,27,1
2020,17,2020_17_BAL_CIN,BAL,CIN,0,73,525.0,2431,1,38,3,1
2020,17,2020_17_BAL_CIN,CIN,BAL,1,40,195.0,1169,2,3,38,0
2020,17,2020_17_DAL_NYG,DAL,NYG,0,80,307.0,1953,1,19,23,0
2020,17,2020_17_DAL_NYG,NYG,DAL,1,55,336.0,1647,2,23,19,1
2020,17,2020_17_GB_CHI,CHI,GB,1,74,356.0,2128,3,16,35,0
2020,17,2020_17_GB_CHI,GB,CHI,0,44,316.0,1472,0,35,16,1
2020,17,2020_17_JAX_IND,IND,JAX,1,65,439.0,2018,1,28,14,1
2020,17,2020_17_JAX_IND,JAX,IND,0,65,283.0,1582,1,14,28,0
2020,17,2020_17_LAC_KC,KC,LAC,1,50,268.0,1511,0,21,38,0
2020,17,2020_17_LAC_KC,LAC,KC,0,70,418.0,2089,1,38,21,1
2020,17,2020_17_LV_DEN,DEN,LV,1,76,448.0,2000,0,31,32,0
2020,17,2020_17_LV_DEN,LV,DEN,0,65,467.0,1600,4,32,31,1
2020,17,2020_17_MIA_BUF,BUF,MIA,1,64,455.0,1642,2,56,26,1
2020,17,2020_17_MIA_BUF,MIA,BUF,0,81,454.0,1958,4,26,56,0
2020,17,2020_17_MIN_DET,DET,MIN,1,56,417.0,1487,1,35,37,0
2020,17,2020_17_MIN_DET,MIN,DET,0,74,508.0,2113,1,37,35,1
2020,17,2020_17_NO_CAR,CAR,NO,1,60,320.0,1746,5,7,33,0
2020,17,2020_17_NO_CAR,NO,CAR,0,64,347.0,1854,0,33,7,1
2020,17,2020_17_NYJ_NE,NE,NYJ,1,63,404.0,1588,0,28,14,1
2020,17,2020_17_NYJ_NE,NYJ,NE,0,62,350.0,2012,2,14,28,0
2020,17,2020_17_PIT_CLE,CLE,PIT,1,62,358.0,1930,0,24,22,1
2020,17,2020_17_PIT_CLE,PIT,CLE,0,66,394.0,1670,1,22,24,0
2020,17,2020_17_SEA_SF,SEA,SF,0,65,280.0,1660,0,26,23,1
2020,17,2020_17_SEA_SF,SF,SEA,1,64,328.0,1940,1,23,26,0
2020,17,2020_17_TEN_HOU,HOU,TEN,1,62,457.0,1736,1,38,41,0
2020,17,2020_17_TEN_HOU,TEN,HOU,0,70,492.0,1864,1,41,38,1
2020,17,2020_17_WAS_PHI,PHI,WAS,1,65,216.0,1752,3,14,20,0
2020,17,2020_17_WAS_PHI,WAS,PHI,0,62,248.0,1848,2,20,14,1
2021,1,2021_01_ARI_TEN,ARI,TEN,0,67,416.0,2001,1,38,13,1
2021,1,2021_01_ARI_TEN,TEN,ARI,1,64,248.0,1599,3,13,38,0
2021,1,2021_01_BAL_LV,BAL,LV,0,67,406.0,1934,2,27,33,0
2021,1,2021_01_BAL_LV,LV,BAL,1,80,491.0,2048,1,33,27,1
2021,1,2021_01_CHI_LA,CHI,LA,0,69,322.0,2114,2,14,34,0
2021,1,2021_01_CHI_LA,LA,CHI,1,50,386.0,1486,0,34,14,1
2021,1,2021_01_CLE_KC,CLE,KC,0,57,459.0,1633,2,29,33,0
2021,1,2021_01_CLE_KC,KC,CLE,1,62,397.0,1967,0,33,29,1
2021,1,2021_01_DAL_TB,DAL,TB,0,77,451.0,2067,1,29,31,0
2021,1,2021_01_DAL_TB,TB,DAL,1,64,431.0,1533,4,31,29,1
2021,1,2021_01_DEN_NYG,DEN,NYG,0,66,420.0,2108,1,27,13,1
2021,1,2021_01_DEN_NYG,NYG,DEN,1,59,314.0,1492,1,13,27,0
2021,1,2021_01_GB_NO,GB,NO,0,52,229.0,1524,3,3,38,0
2021,1,2021_01_GB_NO,NO,GB,1,60,322.0,2076,0,38,3,1
2021,1,2021_01_JAX_HOU,HOU,JAX,1,75,449.0,2104,0,37,21,1
2021,1,2021_01_JAX_HOU,JAX,HOU,0,68,395.0,1496,3,21,37,0
2021,1,2021_01_LAC_WAS,LAC,WAS,0,78,424.0,2163,2,20,16,1
2021,1,2021_01_LAC_WAS,WAS,LAC,1,49,259.0,1437,1,16,20,0
2021,1,2021_01_MIA_NE,MIA,NE,0,52,259.0,1397,1,17,16,1
2021,1,2021_01_MIA_NE,NE,MIA,1,70,393.0,2203,2,16,17,0
2021,1,2021_01_MIN_CIN,CIN,MIN,1,68,366.0,2091,0,27,24,1
2021,1,2021_01_MIN_CIN,MIN,CIN,0,75,403.0,2109,1,24,27,0
2021,1,2021_01_NYJ_CAR,CAR,NYJ,1,63,381.0,1880,1,19,14,1
2021,1,2021_01_NYJ_CAR,NYJ,CAR,0,62,254.0,1720,1,14,19,0
2021,1,2021_01_PHI_ATL,ATL,PHI,1,64,260.0,1738,0,6,32,0
2021,1,2021_01_PHI_ATL,PHI,ATL,0,68,436.0,1862,0,32,6,1
2021,1,2021_01_PIT_BUF,BUF,PIT,1,79,371.0,1997,1,16,23,0
2021,1,2021_01_PIT_BUF,PIT,BUF,0,55,252.0,1603,0,23,16,1
2021,1,2021_01_SEA_IND,IND,SEA,1,72,336.0,2147,1,16,28,0
2021,1,2021_01_SEA_IND,SEA,IND,0,53,381.0,1453,1,28,16,1
2021,1,2021_01_SF_DET,DET,SF,1,86,434.0,2007,1,33,41,0
2021,1,2021_01_SF_DET,SF,DET,0,55,442.0,1639,2,41,33,1
2021,2,2021_02_ATL_TB,ATL,TB,0,70,350.0,2011,3,25,48,0
2021,2,2021_02_ATL_TB,TB,ATL,1,60,341.0,1589,1,48,25,1
2021,2,2021_02_BUF_MIA,BUF,MIA,0,64,314.0,1706,3,35,0,1
2021,2,2021_02_BUF_MIA,MIA,BUF,1,70,216.0,1894,2,0,35,0
2021,2,2021_02_CIN_CHI,CHI,CIN,1,61,206.0,1881,1,20,17,1
2021,2,2021_02_CIN_CHI,CIN,CHI,0,55,248.0,1719,4,17,20,0
2021,2,2021_02_DAL_LAC,DAL,LAC,0,60,419.0,1743,1,20,17,1
2021,2,2021_02_DAL_LAC,LAC,DAL,1,63,410.0,1857,2,17,20,0
2021,2,2021_02_DEN_JAX,DEN,JAX,0,67,398.0,2332,0,23,13,1
2021,2,2021_02_DEN_JAX,JAX,DEN,1,51,189.0,1413,2,13,23,0
2021,2,2021_02_DET_GB,DET,GB,0,56,344.0,1595,2,17,35,0
2021,2,2021_02_DET_GB,GB,DET,1,61,323.0,2005,0,35,17,1
2021,2,2021_02_HOU_CLE,CLE,HOU,1,57,355.0,2105,3,31,21,1
2021,2,2021_02_HOU_CLE,HOU,CLE,0,58,302.0,1495,1,21,31,0
2021,2,2021_02_KC_BAL,BAL,KC,1,70,481.0,2159,2,36,35,1
2021,2,2021_02_KC_BAL,KC,BAL,0,49,405.0,1441,2,35,36,0
2021,2,2021_02_LA_IND,IND,LA,1,66,356.0,1892,2,24,27,0
2021,2,2021_02_LA_IND,LA,IND,0,60,371.0,1708,2,27,24,1
2021,2,2021_02_LV_PIT,LV,PIT,0,64,425.0,2062,0,26,17,1
2021,2,2021_02_LV_PIT,PIT,LV,1,56,331.0,1538,1,17,26,0
2021,2,2021_02_MIN_ARI,ARI,MIN,1,60,474.0,1912,2,34,33,1
2021,2,2021_02_MIN_ARI,MIN,ARI,0,60,419.0,1688,0,33,34,0
2021,2,2021_02_NE_NYJ,NE,NYJ,0,57,260.0,1672,0,25,6,1
2021,2,2021_02_NE_NYJ,NYJ,NE,1,68,336.0,1928,4,6,25,0
2021,2,2021_02_NO_CAR,CAR,NO,1,73,383.0,2312,1,26,7,1
2021,2,2021_02_NO_CAR,NO,CAR,0,43,128.0,1288,2,7,26,0
2021,2,2021_02_NYG_WAS,NYG,WAS,0,64,391.0,1904,0,29,30,0
2021,2,2021_02_NYG_WAS,WAS,NYG,1,69,407.0,1696,1,30,29,1
2021,2,2021_02_SF_PHI,PHI,SF,1,56,330.0,1506,0,11,17,0
2021,2,2021_02_SF_PHI,SF,PHI,0,68,306.0,2094,0,17,11,1
2021,2,2021_02_TEN_SEA,SEA,TEN,1,52,397.0,1362,0,30,33,0
2021,2,2021_02_TEN_SEA,TEN,SEA,0,83,532.0,2553,1,33,30,1
2021,3,2021_03_ARI_JAX,ARI,JAX,0,64,407.0,1974,1,31,19,1
2021,3,2021_03_ARI_JAX,JAX,ARI,1,66,361.0,1626,4,19,31,0
2021,3,2021_03_ATL_NYG,ATL,NYG,0,59,296.0,1689,1,17,14,1
2021,3,2021_03_ATL_NYG,NYG,ATL,1,65,348.0,1911,1,14,17,0
2021,3,2021_03_BAL_DET,BAL,DET,0,57,387.0,1646,1,19,17,1
2021,3,2021_03_BAL_DET,DET,BAL,1,60,285.0,1954,0,17,19,0
2021,3,2021_03_CAR_HOU,CAR,HOU,0,70,407.0,2145,0,24,9,1
2021,3,2021_03_CAR_HOU,HOU,CAR,1,49,193.0,1455,0,9,24,0
2021,3,2021_03_CHI_CLE,CHI,CLE,0,42,47.0,1226,0,6,26,0
2021,3,2021_03_CHI_CLE,CLE,CHI,1,78,418.0,2374,0,26,6,1
2021,3,2021_03_CIN_PIT,CIN,PIT,0,42,268.0,1478,1,24,10,1
2021,3,2021_03_CIN_PIT,PIT,CIN,1,77,342.0,2122,2,10,24,0
2021,3,2021_03_GB_SF,GB,SF,0,59,353.0,1808,0,30,28,1
2021,3,2021_03_GB_SF,SF,GB,1,65,298.0,1792,2,28,30,0
2021,3,2021_03_IND_TEN,IND,TEN,0,57,265.0,1554,0,16,25,0
2021,3,2021_03_IND_TEN,TEN,IND,1,66,370.0,2046,3,25,16,1
2021,3,2021_03_LAC_KC,KC,LAC,1,76,437.0,1951,4,24,30,0
2021,3,2021_03_LAC_KC,LAC,KC,0,62,354.0,1649,0,30,24,1
2021,3,2021_03_MIA_LV,LV,MIA,1,81,497.0,2327,1,31,28,1
2021,3,2021_03_MIA_LV,MIA,LV,0,79,332.0,1873,0,28,31,0
2021,3,2021_03_NO_NE,NE,NO,1,70,300.0,1632,3,13,28,0
2021,3,2021_03_NO_NE,NO,NE,0,62,252.0,1968,0,28,13,1
2021,3,2021_03_NYJ_DEN,DEN,NYJ,1,64,343.0,2147,1,26,0,1
2021,3,2021_03_NYJ_DEN,NYJ,DEN,0,53,162.0,1453,2,0,26,0
2021,3,2021_03_PHI_DAL,DAL,PHI,1,71,380.0,2098,1,41,21,1
2021,3,2021_03_PHI_DAL,PHI,DAL,0,53,367.0,1502,2,21,41,0
2021,3,2021_03_SEA_MIN,MIN,SEA,1,73,453.0,2153,0,30,17,1
2021,3,2021_03_SEA_MIN,SEA,MIN,0,52,389.0,1447,0,17,30,0
2021,3,2021_03_TB_LA,LA,TB,1,63,407.0,1810,0,34,24,1
2021,3,2021_03_TB_LA,TB,LA,0,71,446.0,1790,0,24,34,0
2021,3,2021_03_WAS_BUF,BUF,WAS,1,78,481.0,2269,0,43,21,1
2021,3,2021_03_WAS_BUF,WAS,BUF,0,50,290.0,1463,3,21,43,0
2021,4,2021_04_ARI_LA,ARI,LA,0,75,465.0,2110,0,37,20,1
2021,4,2021_04_ARI_LA,LA,ARI,1,64,401.0,1490,2,20,37,0
2021,4,2021_04_BAL_DEN,BAL,DEN,0,70,406.0,1987,0,23,7,1
2021,4,2021_04_BAL_DEN,DEN,BAL,1,59,254.0,1613,1,7,23,0
2021,4,2021_04_CAR_DAL,CAR,DAL,0,68,379.0,2016,2,28,36,0
2021,4,2021_04_CAR_DAL,DAL,CAR,1,58,433.0,1584,0,36,28,1
2021,4,2021_04_CLE_MIN,CLE,MIN,0,75,329.0,2132,0,14,7,1
2021,4,2021_04_CLE_MIN,MIN,CLE,1,63,255.0,1468,1,7,14,0
2021,4,2021_04_DET_CHI,CHI,DET,1,57,373.0,1723,1,24,14,1
2021,4,2021_04_DET_CHI,DET,CHI,0,67,351.0,1877,2,14,24,0
2021,4,2021_04_HOU_BUF,BUF,HOU,1,72,450.0,2295,1,40,0,1
2021,4,2021_04_HOU_BUF,HOU,BUF,0,42,109.0,1305,5,0,40,0
2021,4,2021_04_IND_MIA,IND,MIA,0,67,349.0,2229,1,27,17,1
2021,4,2021_04_IND_MIA,MIA,IND,1,49,203.0,1371,2,17,27,0
2021,4,2021_04_JAX_CIN,CIN,JAX,1,55,420.0,1875,0,24,21,1
2021,4,2021_04_JAX_CIN,JAX,CIN,0,55,341.0,1725,0,21,24,0
2021,4,2021_04_KC_PHI,KC,PHI,0,63,471.0,1852,1,42,30,1
2021,4,2021_04_KC_PHI,PHI,KC,1,70,461.0,1748,0,30,42,0
2021,4,2021_04_LV_LAC,LAC,LV,1,75,380.0,2083,0,28,14,1
2021,4,2021_04_LV_LAC,LV,LAC,0,56,213.0,1517,1,14,28,0
2021,4,2021_04_NYG_NO,NO,NYG,1,65,405.0,2251,1,21,27,0
2021,4,2021_04_NYG_NO,NYG,NO,0,61,487.0,1655,1,27,21,1
2021,4,2021_04_PIT_GB,GB,PIT,1,72,367.0,2081,1,27,17,1
2021,4,2021_04_PIT_GB,PIT,GB,0,58,282.0,1519,2,17,27,0
2021,4,2021_04_SEA_SF,SEA,SF,0,54,234.0,1699,0,28,21,1
2021,4,2021_04_SEA_SF,SF,SEA,1,73,459.0,1901,2,21,28,0
2021,4,2021_04_TB_NE,NE,TB,1,54,294.0,1565,2,17,19,0
2021,4,2021_04_TB_NE,TB,NE,0,74,381.0,2035,0,19,17,1
2021,4,2021_04_TEN_NYJ,NYJ,TEN,1,60,355.0,1743,1,27,24,1
2021,4,2021_04_TEN_NYJ,TEN,NYJ,0,94,432.0,2442,0,24,27,0
2021,4,2021_04_WAS_ATL,ATL,WAS,1,72,374.0,1842,0,30,34,0
2021,4,2021_04_WAS_ATL,WAS,ATL,0,64,412.0,1758,0,34,30,1
2021,5,2021_05_BUF_KC,BUF,KC,0,54,436.0,1655,0,38,20,1
2021,5,2021_05_BUF_KC,KC,BUF,1,79,392.0,1945,4,20,38,0
2021,5,2021_05_CHI_LV,CHI,LV,0,60,252.0,1922,0,20,9,1
2021,5,2021_05_CHI_LV,LV,CHI,1,61,259.0,1678,1,9,20,0
2021,5,2021_05_CLE_LAC,CLE,LAC,0,69,533.0,2188,0,42,47,0
2021,5,2021_05_CLE_LAC,LAC,CLE,1,70,495.0,1412,1,47,42,1
2021,5,2021_05_DEN_PIT,DEN,PIT,0,59,374.0,1618,1,19,27,0
2021,5,2021_05_DEN_PIT,PIT,DEN,1,61,391.0,1982,1,27,19,1
2021,5,2021_05_DET_MIN,DET,MIN,0,64,290.0,1674,2,17,19,0
2021,5,2021_05_DET_MIN,MIN,DET,1,64,384.0,1926,2,19,17,1
2021,5,2021_05_GB_CIN,CIN,GB,1,66,369.0,2046,2,22,25,0
2021,5,2021_05_GB_CIN,GB,CIN,0,63,466.0,2039,1,25,22,1
2021,5,2021_05_IND_BAL,BAL,IND,1,73,527.0,2031,1,31,25,1
2021,5,2021_05_IND_BAL,IND,BAL,0,64,513.0,1845,1,25,31,0
2021,5,2021_05_LA_SEA,LA,SEA,0,67,476.0,1983,1,26,17,1
2021,5,2021_05_LA_SEA,SEA,LA,1,60,354.0,1617,2,17,26,0
2021,5,2021_05_MIA_TB,MIA,TB,0,51,301.0,1373,2,17,45,0
2021,5,2021_05_MIA_TB,TB,MIA,1,71,558.0,2227,0,45,17,1
2021,5,2021_05_NE_HOU,HOU,NE,1,56,360.0,1756,1,22,25,0
2021,5,2021_05_NE_HOU,NE,HOU,0,61,352.0,1844,2,25,22,1
2021,5,2021_05_NO_WAS,NO,WAS,0,55,369.0,1414,2,33,22,1
2021,5,2021_05_NO_WAS,WAS,NO,1,77,373.0,2186,2,22,33,0
2021,5,2021_05_NYG_DAL,DAL,NYG,1,74,515.0,1932,2,44,20,1
2021,5,2021_05_NYG_DAL,NYG,DAL,0,64,367.0,1668,2,20,44,0
2021,5,2021_05_NYJ_ATL,ATL,NYJ,1,75,450.0,2154,2,27,20,1
2021,5,2021_05_NYJ_ATL,NYJ,ATL,0,53,232.0,1446,1,20,27,0
2021,5,2021_05_PHI_CAR,CAR,PHI,1,70,267.0,2103,3,18,21,0
2021,5,2021_05_PHI_CAR,PHI,CAR,0,62,275.0,1497,2,21,18,1
2021,5,2021_05_SF_ARI,ARI,SF,1,60,304.0,1686,1,17,10,1
2021,5,2021_05_SF_ARI,SF,ARI,0,59,338.0,1914,1,10,17,0
2021,5,2021_05_TEN_JAX,JAX,TEN,1,67,454.0,1710,2,19,37,0
2021,5,2021_05_TEN_JAX,TEN,JAX,0,61,368.0,1890,0,37,19,1
2021,6,2021_06_ARI_CLE,ARI,CLE,0,69,352.0,2079,0,37,14,1
2021,6,2021_06_ARI_CLE,CLE,ARI,1,55,290.0,1521,3,14,37,0
2021,6,2021_06_BUF_TEN,BUF,TEN,0,74,419.0,1970,1,31,34,0
2021,6,2021_06_BUF_TEN,TEN,BUF,1,51,362.0,1630,1,34,31,1
2021,6,2021_06_CIN_DET,CIN,DET,0,68,398.0,2152,1,34,11,1
2021,6,2021_06_CIN_DET,DET,CIN,1,62,230.0,1448,1,11,34,0
2021,6,2021_06_DAL_NE,DAL,NE,0,83,567.0,2357,2,35,29,1
2021,6,2021_06_DAL_NE,NE,DAL,1,51,337.0,1611,2,29,35,0
2021,6,2021_06_GB_CHI,CHI,GB,1,57,277.0,1663,1,14,24,0
2021,6,2021_06_GB_CHI,GB,CHI,0,57,323.0,1937,0,24,14,1
2021,6,2021_06_HOU_IND,HOU,IND,0,74,353.0,2073,3,3,31,0
2021,6,2021_06_HOU_IND,IND,HOU,1,48,388.0,1527,0,31,3,1
2021,6,2021_06_KC_WAS,KC,WAS,0,78,499.0,2033,3,31,13,1
2021,6,2021_06_KC_WAS,WAS,KC,1,58,276.0,1567,2,13,31,0
2021,6,2021_06_LAC_BAL,BAL,LAC,1,68,327.0,2287,2,34,6,1
2021,6,2021_06_LAC_BAL,LAC,BAL,0,53,208.0,1313,1,6,34,0
2021,6,2021_06_LA_NYG,LA,NYG,0,66,365.0,1942,2,38,11,1
2021,6,2021_06_LA_NYG,NYG,LA,1,74,263.0,1658,4,11,38,0
2021,6,2021_06_LV_DEN,DEN,LV,1,77,421.0,2073,4,24,34,0
2021,6,2021_06_LV_DEN,LV,DEN,0,52,426.0,1575,0,34,24,1
2021,6,2021_06_MIA_JAX,JAX,MIA,1,62,396.0,1640,1,23,20,1
2021,6,2021_06_MIA_JAX,MIA,JAX,0,68,431.0,1960,1,20,23,0
2021,6,2021_06_MIN_CAR,CAR,MIN,1,69,308.0,1594,3,28,34,0
2021,6,2021_06_MIN_CAR,MIN,CAR,0,86,571.0,2258,1,34,28,1
2021,6,2021_06_SEA_PIT,PIT,SEA,1,71,345.0,2253,1,23,20,1
2021,6,2021_06_SEA_PIT,SEA,PIT,0,64,309.0,1777,1,20,23,0
2021,6,2021_06_TB_PHI,PHI,TB,1,48,215.0,1204,1,22,28,0
2021,6,2021_06_TB_PHI,TB,PHI,0,73,399.0,2396,1,28,22,1
2021,7,2021_07_ATL_MIA,ATL,MIA,0,63,397.0,1522,2,30,28,1
2021,7,2021_07_ATL_MIA,MIA,ATL,1,70,413.0,2078,2,28,30,0
2021,7,2021_07_CAR_NYG,CAR,NYG,0,62,173.0,1525,1,3,25,0
2021,7,2021_07_CAR_NYG,NYG,CAR,1,67,302.0,2075,0,25,3,1
2021,7,2021_07_CHI_TB,CHI,TB,0,65,311.0,1735,5,3,38,0
2021,7,2021_07_CHI_TB,TB,CHI,1,70,408.0,1865,1,38,3,1
2021,7,2021_07_CIN_BAL,BAL,CIN,1,71,393.0,1909,0,17,41,0
2021,7,2021_07_CIN_BAL,CIN,BAL,0,63,520.0,1691,1,41,17,1
2021,7,2021_07_DEN_CLE,CLE,DEN,1,67,376.0,2211,0,17,14,1
2021,7,2021_07_DEN_CLE,DEN,CLE,0,49,223.0,1389,1,14,17,0
2021,7,2021_07_DET_LA,DET,LA,0,67,415.0,1960,2,19,28,0
2021,7,2021_07_DET_LA,LA,DET,1,62,376.0,1919,0,28,19,1
2021,7,2021_07_HOU_ARI,ARI,HOU,1,69,397.0,2043,1,31,5,1
2021,7,2021_07_HOU_ARI,HOU,ARI,0,49,160.0,1557,1,5,31,0
2021,7,2021_07_IND_SF,IND,SF,0,61,295.0,2036,2,30,18,1
2021,7,2021_07_IND_SF,SF,IND,1,54,280.0,1564,4,18,30,0
2021,7,2021_07_KC_TEN,KC,TEN,0,68,334.0,1419,3,3,27,0
2021,7,2021_07_KC_TEN,TEN,KC,1,64,369.0,2181,1,27,3,1
2021,7,2021_07_NO_SEA,NO,SEA,0,68,304.0,1969,1,13,10,1
2021,7,2021_07_NO_SEA,SEA,NO,1,55,219.0,1631,0,10,13,0
2021,7,2021_07_NYJ_NE,NE,NYJ,1,74,551.0,1932,0,54,13,1
2021,7,2021_07_NYJ_NE,NYJ,NE,0,62,299.0,1668,3,13,54,0
2021,7,2021_07_PHI_LV,LV,PHI,1,63,442.0,1951,1,33,22,1
2021,7,2021_07_PHI_LV,PHI,LV,0,69,360.0,1649,2,22,33,0
2021,7,2021_07_WAS_GB,GB,WAS,1,53,304.0,1626,1,24,10,1
2021,7,2021_07_WAS_GB,WAS,GB,0,70,430.0,1974,2,10,24,0
2021,8,2021_08_CAR_ATL,ATL,CAR,1,50,213.0,1477,2,13,19,0
2021,8,2021_08_CAR_ATL,CAR,ATL,0,72,332.0,2123,1,19,13,1
2021,8,2021_08_CIN_NYJ,CIN,NYJ,0,54,318.0,1419,1,31,34,0
2021,8,2021_08_CIN_NYJ,NYJ,CIN,1,80,513.0,2181,3,34,31,1
2021,8,2021_08_DAL_MIN,DAL,MIN,0,68,419.0,1952,2,20,16,1
2021,8,2021_08_DAL_MIN,MIN,DAL,1,61,278.0,1648,0,16,20,0
2021,8,2021_08_GB_ARI,ARI,GB,1,55,334.0,1345,2,21,24,0
2021,8,2021_08_GB_ARI,GB,ARI,0,72,335.0,2255,1,24,21,1
2021,8,2021_08_JAX_SEA,JAX,SEA,0,74,309.0,1889,1,7,31,0
2021,8,2021_08_JAX_SEA,SEA,JAX,1,52,229.0,1711,0,31,7,1
2021,8,2021_08_LA_HOU,HOU,LA,1,59,325.0,1585,1,22,38,0
2021,8,2021_08_LA_HOU,LA,HOU,0,66,467.0,2160,0,38,22,1
2021,8,2021_08_MIA_BUF,BUF,MIA,1,67,351.0,1847,0,26,11,1
2021,8,2021_08_MIA_BUF,MIA,BUF,0,65,264.0,1753,2,11,26,0
2021,8,2021_08_NE_LAC,LAC,NE,1,58,369.0,1476,2,24,27,0
2021,8,2021_08_NE_LAC,NE,LAC,0,76,354.0,2124,1,27,24,1
2021,8,2021_08_NYG_KC,KC,NYG,1,77,368.0,2078,2,20,17,1
2021,8,2021_08_NYG_KC,NYG,KC,0,56,300.0,1522,1,17,20,0
2021,8,2021_08_PHI_DET,DET,PHI,1,59,228.0,1500,1,6,44,0
2021,8,2021_08_PHI_DET,PHI,DET,0,62,350.0,2100,0,44,6,1
2021,8,2021_08_PIT_CLE,CLE,PIT,1,58,306.0,1695,1,10,15,0
2021,8,2021_08_PIT_CLE,PIT,CLE,0,71,370.0,1905,0,15,10,1
2021,8,2021_08_SF_CHI,CHI,SF,1,67,324.0,2209,1,22,33,0
2021,8,2021_08_SF_CHI,SF,CHI,0,55,469.0,1391,0,33,22,1
2021,8,2021_08_TB_NO,NO,TB,1,72,361.0,1996,0,36,27,1
2021,8,2021_08_TB_NO,TB,NO,0,59,421.0,1604,3,27,36,0
2021,8,2021_08_TEN_IND,IND,TEN,1,72,307.0,1858,2,31,34,0
2021,8,2021_08_TEN_IND,TEN,IND,0,68,340.0,2099,3,34,31,1
2021,8,2021_08_WAS_DEN,DEN,WAS,1,51,273.0,1690,1,17,10,1
2021,8,2021_08_WAS_DEN,WAS,DEN,0,68,342.0,1910,2,10,17,0
2021,9,2021_09_ARI_SF,ARI,SF,0,68,437.0,2207,0,31,17,1
2021,9,2021_09_ARI_SF,SF,ARI,1,56,337.0,1393,3,17,31,0
2021,9,2021_09_ATL_NO,ATL,NO,0,57,366.0,1659,0,27,25,1
2021,9,2021_09_ATL_NO,NO,ATL,1,71,376.0,1941,1,25,27,0
2021,9,2021_09_BUF_JAX,BUF,JAX,0,65,301.0,1838,3,6,9,0
2021,9,2021_09_BUF_JAX,JAX,BUF,1,57,218.0,1762,1,9,6,1
2021,9,2021_09_CHI_PIT,CHI,PIT,0,58,414.0,1555,3,27,29,0
2021,9,2021_09_CHI_PIT,PIT,CHI,1,66,280.0,2045,0,29,27,1
2021,9,2021_09_CLE_CIN,CIN,CLE,1,71,348.0,2122,3,16,41,0
2021,9,2021_09_CLE_CIN,CLE,CIN,0,46,361.0,1478,0,41,16,1
2021,9,2021_09_DEN_DAL,DAL,DEN,1,59,294.0,1128,1,16,30,0
2021,9,2021_09_DEN_DAL,DEN,DAL,0,74,409.0,2472,1,30,16,1
2021,9,2021_09_GB_KC,GB,KC,0,60,301.0,1893,1,7,13,0
2021,9,2021_09_GB_KC,KC,GB,1,63,237.0,1707,1,13,7,1
2021,9,2021_09_HOU_MIA,HOU,MIA,0,67,272.0,1696,5,9,17,0
2021,9,2021_09_HOU_MIA,MIA,HOU,1,72,262.0,1904,4,17,9,1
2021,9,2021_09_LAC_PHI,LAC,PHI,0,66,447.0,2017,0,27,24,1
2021,9,2021_09_LAC_PHI,PHI,LAC,1,57,331.0,1583,0,24,27,0
2021,9,2021_09_LV_NYG,LV,NYG,0,67,403.0,1789,3,16,23,0
2021,9,2021_09_LV_NYG,NYG,LV,1,54,247.0,1811,1,23,16,1
2021,9,2021_09_MIN_BAL,BAL,MIN,1,89,500.0,2764,2,34,31,1
2021,9,2021_09_MIN_BAL,MIN,BAL,0,52,318.0,1420,0,31,34,0
2021,9,2021_09_NE_CAR,CAR,NE,1,57,240.0,1651,3,6,24,0
2021,9,2021_09_NE_CAR,NE,CAR,0,59,273.0,1949,2,24,6,1
2021,9,2021_09_NYJ_IND,IND,NYJ,1,61,532.0,1827,0,45,30,1
2021,9,2021_09_NYJ_IND,NYJ,IND,0,76,486.0,1773,2,30,45,0
2021,9,2021_09_TEN_LA,LA,TEN,1,74,347.0,1941,2,16,28,0
2021,9,2021_09_TEN_LA,TEN,LA,0,56,194.0,1659,1,28,16,1
2021,10,2021_10_ATL_DAL,ATL,DAL,0,53,214.0,1339,3,3,43,0
2021,10,2021_10_ATL_DAL,DAL,ATL,1,73,433.0,2261,1,43,3,1
2021,10,2021_10_BAL_MIA,BAL,MIA,0,70,304.0,1908,2,10,22,0
2021,10,2021_10_BAL_MIA,MIA,BAL,1,63,350.0,1692,0,22,10,1
2021,10,2021_10_BUF_NYJ,BUF,NYJ,0,54,489.0,1647,2,45,17,1
2021,10,2021_10_BUF_NYJ,NYJ,BUF,1,70,366.0,1953,5,17,45,0
2021,10,2021_10_CAR_ARI,ARI,CAR,1,53,169.0,1338,2,10,34,0
2021,10,2021_10_CAR_ARI,CAR,ARI,0,71,343.0,2262,2,34,10,1
2021,10,2021_10_CLE_NE,CLE,NE,0,58,217.0,1558,1,7,45,0
2021,10,2021_10_CLE_NE,NE,CLE,1,62,452.0,2042,0,45,7,1
2021,10,2021_10_DET_PIT,DET,PIT,0,68,306.0,1992,0,16,16,0
2021,10,2021_10_DET_PIT,PIT,DET,1,81,387.0,2208,3,16,16,0
2021,10,2021_10_JAX_IND,IND,JAX,1,62,295.0,1936,0,23,17,1
2021,10,2021_10_JAX_IND,JAX,IND,0,63,333.0,1664,1,17,23,0
2021,10,2021_10_KC_LV,KC,LV,0,76,516.0,2126,0,41,14,1
2021,10,2021_10_KC_LV,LV,KC,1,51,299.0,1474,3,14,41,0
2021,10,2021_10_LA_SF,LA,SF,0,54,278.0,1257,2,10,31,0
2021,10,2021_10_LA_SF,SF,LA,1,64,335.0,2343,0,31,10,1
2021,10,2021_10_MIN_LAC,LAC,MIN,1,55,253.0,1425,1,20,27,0
2021,10,2021_10_MIN_LAC,MIN,LAC,0,72,381.0,2175,1,27,20,1
2021,10,2021_10_NO_TEN,NO,TEN,0,62,373.0,1713,1,21,23,0
2021,10,2021_10_NO_TEN,TEN,NO,1,58,264.0,1887,0,23,21,1
2021,10,2021_10_PHI_DEN,DEN,PHI,1,55,308.0,1502,1,13,30,0
2021,10,2021_10_PHI_DEN,PHI,DEN,0,64,386.0,2098,1,30,13,1
2021,10,2021_10_SEA_GB,GB,SEA,1,70,393.0,2349,1,17,0,1
2021,10,2021_10_SEA_GB,SEA,GB,0,59,208.0,1251,2,0,17,0
2021,10,2021_10_TB_WAS,TB,WAS,0,47,273.0,1252,2,19,29,0
2021,10,2021_10_TB_WAS,WAS,TB,1,72,320.0,2348,1,29,19,1
2021,11,2021_11_ARI_SEA,ARI,SEA,0,79,413.0,2422,0,23,13,1
2021,11,2021_11_ARI_SEA,SEA,ARI,1,49,266.0,1178,0,13,23,0
2021,11,2021_11_BAL_CHI,BAL,CHI,0,76,299.0,2330,1,16,13,1
2021,11,2021_11_BAL_CHI,CHI,BAL,1,58,353.0,1270,1,13,16,0
2021,11,2021_11_CIN_LV,CIN,LV,0,70,288.0,2240,1,32,13,1
2021,11,2021_11_CIN_LV,LV,CIN,1,47,278.0,1360,2,13,32,0
2021,11,2021_11_DAL_KC,DAL,KC,0,64,276.0,1753,3,9,19,0
2021,11,2021_11_DAL_KC,KC,DAL,1,66,370.0,1847,2,19,9,1
2021,11,2021_11_DET_CLE,CLE,DET,1,66,349.0,2096,2,13,10,1
2021,11,2021_11_DET_CLE,DET,CLE,0,46,245.0,1504,2,10,13,0
2021,11,2021_11_GB_MIN,GB,MIN,0,54,467.0,1739,0,31,34,0
2021,11,2021_11_GB_MIN,MIN,GB,1,67,410.0,1861,0,34,31,1
2021,11,2021_11_HOU_TEN,HOU,TEN,0,62,190.0,1778,1,22,13,1
2021,11,2021_11_HOU_TEN,TEN,HOU,1,79,420.0,1822,4,13,22,0
2021,11,2021_11_IND_BUF,BUF,IND,1,55,313.0,1333,4,15,41,0
2021,11,2021_11_IND_BUF,IND,BUF,0,66,370.0,2267,0,41,15,1
2021,11,2021_11_MIA_NYJ,MIA,NYJ,0,67,388.0,2015,1,24,17,1
2021,11,2021_11_MIA_NYJ,NYJ,MIA,1,59,380.0,1585,1,17,24,0
2021,11,2021_11_NE_ATL,ATL,NE,1,52,165.0,1637,4,0,25,0
2021,11,2021_11_NE_ATL,NE,ATL,0,59,308.0,1963,1,25,0,1
2021,11,2021_11_NO_PHI,NO,PHI,0,63,323.0,1379,3,29,40,0
2021,11,2021_11_NO_PHI,PHI,NO,1,77,380.0,2221,1,40,29,1
2021,11,2021_11_NYG_TB,NYG,TB,0,54,215.0,1461,3,10,30,0
2021,11,2021_11_NYG_TB,TB,NYG,1,76,402.0,2139,1,30,10,1
2021,11,2021_11_PIT_LAC,LAC,PIT,1,69,533.0,1906,1,41,37,1
2021,11,2021_11_PIT_LAC,PIT,LAC,0,65,300.0,1694,0,37,41,0
2021,11,2021_11_SF_JAX,JAX,SF,1,44,200.0,1298,1,10,30,0
2021,11,2021_11_SF_JAX,SF,JAX,0,66,333.0,2302,1,30,10,1
2021,11,2021_11_WAS_CAR,CAR,WAS,1,49,297.0,1447,0,21,27,0
2021,11,2021_11_WAS_CAR,WAS,CAR,0,65,369.0,2153,1,27,21,1
2021,12,2021_12_ATL_JAX,ATL,JAX,0,59,332.0,1852,1,21,14,1
2021,12,2021_12_ATL_JAX,JAX,ATL,1,72,359.0,1748,2,14,21,0
2021,12,2021_12_BUF_NO,BUF,NO,0,62,361.0,2078,2,31,6,1
2021,12,2021_12_BUF_NO,NO,BUF,1,58,190.0,1522,1,6,31,0
2021,12,2021_12_CAR_MIA,CAR,MIA,0,54,198.0,1346,3,10,33,0
2021,12,2021_12_CAR_MIA,MIA,CAR,1,72,315.0,2254,1,33,10,1
2021,12,2021_12_CHI_DET,CHI,DET,0,69,378.0,1976,1,16,14,1
2021,12,2021_12_CHI_DET,DET,CHI,1,45,239.0,1624,1,14,16,0
2021,12,2021_12_CLE_BAL,BAL,CLE,1,77,303.0,2224,4,16,10,1
2021,12,2021_12_CLE_BAL,CLE,BAL,0,57,262.0,1376,2,10,16,0
2021,12,2021_12_LAC_DEN,DEN,LAC,1,59,302.0,1777,1,28,13,1
2021,12,2021_12_LAC_DEN,LAC,DEN,0,65,357.0,1823,2,13,28,0
2021,12,2021_12_LA_GB,GB,LA,1,79,399.0,2380,1,36,28,1
2021,12,2021_12_LA_GB,LA,GB,0,62,355.0,1220,3,28,36,0
2021,12,2021_12_LV_DAL,DAL,LV,1,70,439.0,1590,0,33,36,0
2021,12,2021_12_LV_DAL,LV,DAL,0,77,509.0,2342,0,36,33,1
2021,12,2021_12_MIN_SF,MIN,SF,0,53,323.0,1373,2,26,34,0
2021,12,2021_12_MIN_SF,SF,MIN,1,67,423.0,2227,1,34,26,1
2021,12,2021_12_NYJ_HOU,HOU,NYJ,1,55,202.0,1578,1,14,21,0
2021,12,2021_12_NYJ_HOU,NYJ,HOU,0,63,268.0,2022,1,21,14,1
2021,12,2021_12_PHI_NYG,NYG,PHI,1,58,264.0,1922,0,13,7,1
2021,12,2021_12_PHI_NYG,PHI,NYG,0,65,332.0,1678,4,7,13,0
2021,12,2021_12_PIT_CIN,CIN,PIT,1,65,370.0,2120,1,41,10,1
2021,12,2021_12_PIT_CIN,PIT,CIN,0,59,301.0,1480,3,10,41,0
2021,12,2021_12_SEA_WAS,SEA,WAS,0,46,267.0,1100,1,15,17,0
2021,12,2021_12_SEA_WAS,WAS,SEA,1,80,373.0,2500,1,17,15,1
2021,12,2021_12_TB_IND,IND,TB,1,67,392.0,1801,4,31,38,0
2021,12,2021_12_TB_IND,TB,IND,0,63,359.0,1799,3,38,31,1
2021,12,2021_12_TEN_NE,NE,TEN,1,58,394.0,1738,0,36,13,1
2021,12,2021_12_TEN_NE,TEN,NE,0,62,355.0,1862,4,13,36,0
2021,13,2021_13_ARI_CHI,ARI,CHI,0,52,257.0,1515,0,33,22,1
2021,13,2021_13_ARI_CHI,CHI,ARI,1,72,331.0,2085,4,22,33,0
2021,13,2021_13_BAL_PIT,BAL,PIT,0,70,326.0,2190,1,19,20,0
2021,13,2021_13_BAL_PIT,PIT,BAL,1,58,323.0,1410,0,20,19,1
2021,13,2021_13_DAL_NO,DAL,NO,0,65,377.0,1686,1,27,17,1
2021,13,2021_13_DAL_NO,NO,DAL,1,69,405.0,1914,4,17,27,0
2021,13,2021_13_DEN_KC,DEN,KC,0,73,404.0,2010,2,9,22,0
2021,13,2021_13_DEN_KC,KC,DEN,1,54,267.0,1590,2,22,9,1
2021,13,2021_13_IND_HOU,HOU,IND,1,50,141.0,1105,2,0,31,0
2021,13,2021_13_IND_HOU,IND,HOU,0,71,389.0,2495,1,31,0,1
2021,13,2021_13_JAX_LA,JAX,LA,0,55,197.0,1575,2,7,37,0
2021,13,2021_13_JAX_LA,LA,JAX,1,66,418.0,2025,0,37,7,1
2021,13,2021_13_LAC_CIN,CIN,LAC,1,72,356.0,1874,4,22,41,0
2021,13,2021_13_LAC_CIN,LAC,CIN,0,62,365.0,1726,3,41,22,1
2021,13,2021_13_MIN_DET,DET,MIN,1,71,372.0,1616,2,29,27,1
2021,13,2021_13_MIN_DET,MIN,DET,0,74,426.0,1984,1,27,29,0
2021,13,2021_13_NE_BUF,BUF,NE,1,57,230.0,1679,2,10,14,0
2021,13,2021_13_NE_BUF,NE,BUF,0,50,243.0,1921,0,14,10,1
2021,13,2021_13_NYG_MIA,MIA,NYG,1,68,297.0,1840,0,20,9,1
2021,13,2021_13_NYG_MIA,NYG,MIA,0,64,250.0,1760,1,9,20,0
2021,13,2021_13_PHI_NYJ,NYJ,PHI,1,58,281.0,1464,1,18,33,0
2021,13,2021_13_PHI_NYJ,PHI,NYJ,0,68,418.0,2136,0,33,18,1
2021,13,2021_13_SF_SEA,SEA,SF,1,68,327.0,1992,3,30,23,1
2021,13,2021_13_SF_SEA,SF,SEA,0,56,365.0,1608,3,23,30,0
2021,13,2021_13_TB_ATL,ATL,TB,1,69,380.0,1966,1,17,30,0
2021,13,2021_13_TB_ATL,TB,ATL,0,68,425.0,1634,1,30,17,1
2021,13,2021_13_WAS_LV,LV,WAS,1,57,310.0,1577,0,15,17,0
2021,13,2021_13_WAS_LV,WAS,LV,0,61,298.0,2023,1,17,15,1
2021,14,2021_14_ATL_CAR,ATL,CAR,0,65,318.0,2077,1,29,21,1
2021,14,2021_14_ATL_CAR,CAR,ATL,1,62,334.0,1523,3,21,29,0
2021,14,2021_14_BAL_CLE,BAL,CLE,0,70,389.0,1570,2,22,24,0
2021,14,2021_14_BAL_CLE,CLE,BAL,1,61,290.0,2051,1,24,22,1
2021,14,2021_14_BUF_TB,BUF,TB,0,76,466.0,1941,1,27,33,0
2021,14,2021_14_BUF_TB,TB,BUF,1,77,488.0,1928,0,33,27,1
2021,14,2021_14_CHI_GB,CHI,GB,0,58,347.0,1500,3,30,45,0
2021,14,2021_14_CHI_GB,GB,CHI,1,64,439.0,2136,0,45,30,1
2021,14,2021_14_DAL_WAS,DAL,WAS,0,79,325.0,2069,2,27,20,1
2021,14,2021_14_DAL_WAS,WAS,DAL,1,64,226.0,1531,4,20,27,0
2021,14,2021_14_DET_DEN,DEN,DET,1,65,358.0,1927,0,38,10,1
2021,14,2021_14_DET_DEN,DET,DEN,0,62,316.0,1673,2,10,38,0
2021,14,2021_14_JAX_TEN,JAX,TEN,0,51,192.0,1383,4,0,20,0
2021,14,2021_14_JAX_TEN,TEN,JAX,1,69,263.0,2217,0,20,0,1
2021,14,2021_14_LA_ARI,ARI,LA,1,75,447.0,1856,2,23,30,0
2021,14,2021_14_LA_ARI,LA,ARI,0,54,356.0,1781,0,30,23,1
2021,14,2021_14_LV_KC,KC,LV,1,57,372.0,2015,0,48,9,1
2021,14,2021_14_LV_KC,LV,KC,0,61,290.0,1585,5,9,48,0
2021,14,2021_14_NO_NYJ,NO,NYJ,0,68,344.0,2332,0,30,9,1
2021,14,2021_14_NO_NYJ,NYJ,NO,1,62,256.0,1268,0,9,30,0
2021,14,2021_14_NYG_LAC,LAC,NYG,1,70,423.0,2091,0,37,21,1
2021,14,2021_14_NYG_LAC,NYG,LAC,0,67,318.0,1540,2,21,37,0
2021,14,2021_14_PIT_MIN,MIN,PIT,1,67,458.0,1828,2,36,28,1
2021,14,2021_14_PIT_MIN,PIT,MIN,0,71,377.0,1772,1,28,36,0
2021,14,2021_14_SEA_HOU,HOU,SEA,1,76,380.0,1999,0,13,33,0
2021,14,2021_14_SEA_HOU,SEA,HOU,0,58,455.0,1601,0,33,13,1
2021,14,2021_14_SF_CIN,CIN,SF,1,65,397.0,2057,0,23,26,0
2021,14,2021_14_SF_CIN,SF,CIN,0,69,355.0,2030,2,26,23,1
2021,15,2021_15_ARI_DET,ARI,DET,0,74,398.0,1688,1,12,30,0
2021,15,2021_15_ARI_DET,DET,ARI,1,62,338.0,1912,1,30,12,1
2021,15,2021_15_ATL_SF,ATL,SF,0,58,275.0,1773,1,13,31,0
2021,15,2021_15_ATL_SF,SF,ATL,1,56,397.0,1827,1,31,13,1
2021,15,2021_15_CAR_BUF,BUF,CAR,1,65,312.0,1715,1,31,14,1
2021,15,2021_15_CAR_BUF,CAR,BUF,0,73,277.0,1885,1,14,31,0
2021,15,2021_15_CIN_DEN,CIN,DEN,0,52,249.0,1639,0,15,10,1
2021,15,2021_15_CIN_DEN,DEN,CIN,1,71,292.0,1961,1,10,15,0
2021,15,2021_15_DAL_NYG,DAL,NYG,0,70,328.0,2003,1,21,6,1
2021,15,2021_15_DAL_NYG,NYG,DAL,1,61,302.0,1597,4,6,21,0
2021,15,2021_15_GB_BAL,BAL,GB,1,68,354.0,1730,0,30,31,0
2021,15,2021_15_GB_BAL,GB,BAL,0,59,346.0,1870,0,31,30,1
2021,15,2021_15_HOU_JAX,HOU,JAX,0,57,281.0,1807,1,30,16,1
2021,15,2021_15_HOU_JAX,JAX,HOU,1,66,296.0,1793,0,16,30,0
2021,15,2021_15_KC_LAC,KC,LAC,0,68,496.0,1692,2,34,28,1
2021,15,2021_15_KC_LAC,LAC,KC,1,78,428.0,1983,2,28,34,0
2021,15,2021_15_LV_CLE,CLE,LV,1,54,236.0,1596,0,14,16,0
2021,15,2021_15_LV_CLE,LV,CLE,0,65,328.0,2004,2,16,14,1
2021,15,2021_15_MIN_CHI,CHI,MIN,1,70,370.0,1755,2,9,17,0
2021,15,2021_15_MIN_CHI,MIN,CHI,0,61,193.0,1845,2,17,9,1
2021,15,2021_15_NE_IND,IND,NE,1,52,275.0,1822,1,27,17,1
2021,15,2021_15_NE_IND,NE,IND,0,65,365.0,1778,2,17,27,0
2021,15,2021_15_NO_TB,NO,TB,0,60,212.0,1785,0,9,0,1
2021,15,2021_15_NO_TB,TB,NO,1,73,302.0,1815,2,0,9,0
2021,15,2021_15_NYJ_MIA,MIA,NYJ,1,70,379.0,2062,3,31,24,1
2021,15,2021_15_NYJ_MIA,NYJ,MIA,0,54,228.0,1538,1,24,31,0
2021,15,2021_15_SEA_LA,LA,SEA,1,62,332.0,2106,1,20,10,1
2021,15,2021_15_SEA_LA,SEA,LA,0,53,214.0,1494,1,10,20,0
2021,15,2021_15_TEN_PIT,PIT,TEN,1,45,168.0,1252,0,19,13,1
2021,15,2021_15_TEN_PIT,TEN,PIT,0,78,318.0,2348,4,13,19,0
2021,15,2021_15_WAS_PHI,PHI,WAS,1,70,519.0,2117,2,27,17,1
2021,15,2021_15_WAS_PHI,WAS,PHI,0,54,237.0,1483,0,17,27,0
2021,16,2021_16_BAL_CIN,BAL,CIN,0,57,334.0,1377,1,21,41,0
2021,16,2021_16_BAL_CIN,CIN,BAL,1,70,575.0,2223,0,41,21,1
2021,16,2021_16_BUF_NE,BUF,NE,0,76,428.0,2109,0,33,21,1
2021,16,2021_16_BUF_NE,NE,BUF,1,60,288.0,1491,2,21,33,0
2021,16,2021_16_CHI_SEA,CHI,SEA,0,70,319.0,2305,0,25,24,1
2021,16,2021_16_CHI_SEA,SEA,CHI,1,53,331.0,1295,0,24,25,0
2021,16,2021_16_CLE_GB,CLE,GB,0,67,408.0,1901,4,22,24,0
2021,16,2021_16_CLE_GB,GB,CLE,1,58,311.0,1699,0,24,22,1
2021,16,2021_16_DEN_LV,DEN,LV,0,40,158.0,1403,0,13,17,0
2021,16,2021_16_DEN_LV,LV,DEN,1,67,342.0,2197,3,17,13,1
2021,16,2021_16_DET_ATL,ATL,DET,1,45,254.0,1315,1,20,16,1
2021,16,2021_16_DET_ATL,DET,ATL,0,68,338.0,2285,1,16,20,0
2021,16,2021_16_IND_ARI,ARI,IND,1,64,378.0,1471,0,16,22,0
2021,16,2021_16_IND_ARI,IND,ARI,0,63,346.0,2129,0,22,16,1
2021,16,2021_16_JAX_NYJ,JAX,NYJ,0,73,384.0,1938,1,21,26,0
2021,16,2021_16_JAX_NYJ,NYJ,JAX,1,59,373.0,1662,0,26,21,1
2021,16,2021_16_LAC_HOU,HOU,LAC,1,64,437.0,2092,0,41,29,1
2021,16,2021_16_LAC_HOU,LAC,HOU,0,60,419.0,1508,3,29,41,0
2021,16,2021_16_LA_MIN,LA,MIN,0,70,356.0,1800,3,30,23,1
2021,16,2021_16_LA_MIN,MIN,LA,1,63,361.0,1800,1,23,30,0
2021,16,2021_16_MIA_NO,MIA,NO,0,59,259.0,2036,1,20,3,1
2021,16,2021_16_MIA_NO,NO,MIA,1,51,164.0,1564,2,3,20,0
2021,16,2021_16_NYG_PHI,NYG,PHI,0,73,192.0,1852,2,10,34,0
2021,16,2021_16_NYG_PHI,PHI,NYG,1,60,324.0,1748,0,34,10,1
2021,16,2021_16_PIT_KC,KC,PIT,1,67,381.0,2082,0,36,10,1
2021,16,2021_16_PIT_KC,PIT,KC,0,70,303.0,1518,3,10,36,0
2021,16,2021_16_SF_TEN,SF,TEN,0,58,389.0,1831,2,17,20,0
2021,16,2021_16_SF_TEN,TEN,SF,1,58,278.0,1769,0,20,17,1
2021,16,2021_16_TB_CAR,CAR,TB,1,67,273.0,1596,1,6,32,0
2021,16,2021_16_TB_CAR,TB,CAR,0,63,391.0,2004,0,32,6,1
2021,16,2021_16_WAS_DAL,DAL,WAS,1,73,497.0,1891,0,56,14,1
2021,16,2021_16_WAS_DAL,WAS,DAL,0,57,257.0,1709,2,14,56,0
2021,17,2021_17_ARI_DAL,ARI,DAL,0,73,399.0,2082,0,25,22,1
2021,17,2021_17_ARI_DAL,DAL,ARI,1,58,303.0,1518,1,22,25,0
2021,17,2021_17_ATL_BUF,ATL,BUF,0,50,265.0,1433,1,15,29,0
2021,17,2021_17_ATL_BUF,BUF,ATL,1,72,353.0,2167,3,29,15,1
2021,17,2021_17_CAR_NO,CAR,NO,0,59,178.0,1831,2,10,18,0
2021,17,2021_17_CAR_NO,NO,CAR,1,58,280.0,1769,0,18,10,1
2021,17,2021_17_CLE_PIT,CLE,PIT,0,67,232.0,1505,2,14,26,0
2021,17,2021_17_CLE_PIT,PIT,CLE,1,79,299.0,2095,1,26,14,1
2021,17,2021_17_DEN_LAC,DEN,LAC,0,56,319.0,1784,0,13,34,0
2021,17,2021_17_DEN_LAC,LAC,DEN,1,66,341.0,1816,1,34,13,1
2021,17,2021_17_DET_SEA,DET,SEA,0,60,359.0,1587,3,29,51,0
2021,17,2021_17_DET_SEA,SEA,DET,1,71,497.0,2337,0,51,29,1
2021,17,2021_17_HOU_SF,HOU,SF,0,62,222.0,1831,1,7,23,0
2021,17,2021_17_HOU_SF,SF,HOU,1,61,416.0,1769,1,23,7,1
2021,17,2021_17_JAX_NE,JAX,NE,0,46,253.0,1394,3,10,50,0
2021,17,2021_17_JAX_NE,NE,JAX,1,71,471.0,2206,0,50,10,1
2021,17,2021_17_KC_CIN,CIN,KC,1,63,475.0,1746,0,34,31,1
2021,17,2021_17_KC_CIN,KC,CIN,0,58,414.0,1854,0,31,34,0
2021,17,2021_17_LA_BAL,BAL,LA,1,69,327.0,2019,2,19,20,0
2021,17,2021_17_LA_BAL,LA,BAL,0,57,373.0,1581,3,20,19,1
2021,17,2021_17_LV_IND,IND,LV,1,54,262.0,1737,0,20,23,0
2021,17,2021_17_LV_IND,LV,IND,0,61,326.0,1863,2,23,20,1
2021,17,2021_17_MIA_TEN,MIA,TEN,0,59,256.0,1608,2,3,34,0
2021,17,2021_17_MIA_TEN,TEN,MIA,1,59,308.0,1992,0,34,3,1
2021,17,2021_17_MIN_GB,GB,MIN,1,74,481.0,2313,0,37,10,1
2021,17,2021_17_MIN_GB,MIN,GB,0,52,206.0,1287,0,10,37,0
2021,17,2021_17_NYG_CHI,CHI,NYG,1,65,249.0,1808,2,29,3,1
2021,17,2021_17_NYG_CHI,NYG,CHI,0,55,155.0,1792,4,3,29,0
2021,17,2021_17_PHI_WAS,PHI,WAS,0,61,330.0,1929,0,20,16,1
2021,17,2021_17_PHI_WAS,WAS,PHI,1,61,312.0,1671,1,16,20,0
2021,17,2021_17_TB_NYJ,NYJ,TB,1,60,374.0,1617,1,24,28,0
2021,17,2021_17_TB_NYJ,TB,NYJ,0,73,469.0,1983,1,28,24,1
2021,18,2021_18_CAR_TB,CAR,TB,0,71,317.0,2105,2,17,41,0
2021,18,2021_18_CAR_TB,TB,CAR,1,60,409.0,1495,0,41,17,1
2021,18,2021_18_CHI_MIN,CHI,MIN,0,81,358.0,2207,2,17,31,0
2021,18,2021_18_CHI_MIN,MIN,CHI,1,47,331.0,1393,0,31,17,1
2021,18,2021_18_CIN_CLE,CIN,CLE,0,52,182.0,1581,0,16,21,0
2021,18,2021_18_CIN_CLE,CLE,CIN,1,66,376.0,2019,2,21,16,1
2021,18,2021_18_DAL_PHI,DAL,PHI,0,61,475.0,1657,0,51,26,1
2021,18,2021_18_DAL_PHI,PHI,DAL,1,71,315.0,1943,1,26,51,0
2021,18,2021_18_GB_DET,DET,GB,1,59,404.0,1581,0,37,30,1
2021,18,2021_18_GB_DET,GB,DET,0,68,380.0,2019,3,30,37,0
2021,18,2021_18_IND_JAX,IND,JAX,0,54,235.0,1601,2,11,26,0
2021,18,2021_18_IND_JAX,JAX,IND,1,64,318.0,1999,0,26,11,1
2021,18,2021_18_KC_DEN,DEN,KC,1,54,364.0,1616,1,24,28,0
2021,18,2021_18_KC_DEN,KC,DEN,0,75,392.0,1984,0,28,24,1
2021,18,2021_18_LAC_LV,LAC,LV,0,89,442.0,1879,1,32,35,0
2021,18,2021_18_LAC_LV,LV,LAC,1,75,346.0,2321,1,35,32,1
2021,18,2021_18_NE_MIA,MIA,NE,1,66,298.0,2016,0,33,24,1
2021,18,2021_18_NE_MIA,NE,MIA,0,59,379.0,1584,3,24,33,0
2021,18,2021_18_NO_ATL,ATL,NO,1,48,257.0,1243,3,20,30,0
2021,18,2021_18_NO_ATL,NO,ATL,0,71,369.0,2357,0,30,20,1
2021,18,2021_18_NYJ_BUF,BUF,NYJ,1,79,424.0,2220,0,27,10,1
2021,18,2021_18_NYJ_BUF,NYJ,BUF,0,46,53.0,1380,0,10,27,0
2021,18,2021_18_PIT_BAL,BAL,PIT,1,71,381.0,1876,3,13,16,0
2021,18,2021_18_PIT_BAL,PIT,BAL,0,75,314.0,2208,1,16,13,1
2021,18,2021_18_SEA_ARI,ARI,SEA,1,72,305.0,2148,1,30,38,0
2021,18,2021_18_SEA_ARI,SEA,ARI,0,57,431.0,1452,2,38,30,1
2021,18,2021_18_SF_LA,LA,SF,1,64,265.0,1884,2,24,27,0
2021,18,2021_18_SF_LA,SF,LA,0,67,449.0,2204,2,27,24,1
2021,18,2021_18_TEN_HOU,HOU,TEN,1,57,355.0,1586,0,25,28,0
2021,18,2021_18_TEN_HOU,TEN,HOU,0,65,405.0,2014,0,28,25,1
2021,18,2021_18_WAS_NYG,NYG,WAS,1,59,177.0,1663,3,7,22,0
2021,18,2021_18_WAS_NYG,WAS,NYG,0,59,325.0,1937,0,22,7,1
2022,1,2022_01_BAL_NYJ,BAL,NYJ,0,53,274.0,1650,1,24,9,1
2022,1,2022_01_BAL_NYJ,NYJ,BAL,1,79,380.0,1950,2,9,24,0
2022,1,2022_01_BUF_LA,BUF,LA,0,58,413.0,1874,4,31,10,1
2022,1,2022_01_BUF_LA,LA,BUF,1,66,243.0,1726,3,10,31,0
2022,1,2022_01_CLE_CAR,CAR,CLE,1,50,261.0,1294,1,24,26,0
2022,1,2022_01_CLE_CAR,CLE,CAR,0,74,355.0,2306,0,26,24,1
2022,1,2022_01_DEN_SEA,DEN,SEA,0,64,433.0,2019,2,16,17,0
2022,1,2022_01_DEN_SEA,SEA,DEN,1,49,253.0,1581,1,17,16,1
2022,1,2022_01_GB_MIN,GB,MIN,0,61,338.0,1717,2,7,23,0
2022,1,2022_01_GB_MIN,MIN,GB,1,61,395.0,1883,0,23,7,1
2022,1,2022_01_IND_HOU,HOU,IND,1,68,299.0,1823,1,20,20,0
2022,1,2022_01_IND_HOU,IND,HOU,0,90,517.0,2377,2,20,20,0
2022,1,2022_01_JAX_WAS,JAX,WAS,0,63,383.0,1623,1,22,28,0
2022,1,2022_01_JAX_WAS,WAS,JAX,1,72,392.0,1977,3,28,22,1
2022,1,2022_01_KC_ARI,ARI,KC,1,65,284.0,1518,0,21,44,0
2022,1,2022_01_KC_ARI,KC,ARI,0,66,488.0,2082,1,44,21,1
2022,1,2022_01_LV_LAC,LAC,LV,1,65,355.0,1952,0,24,19,1
2022,1,2022_01_LV_LAC,LV,LAC,0,57,320.0,1648,3,19,24,0
2022,1,2022_01_NE_MIA,MIA,NE,1,59,307.0,1950,0,20,7,1
2022,1,2022_01_NE_MIA,NE,MIA,0,54,271.0,1650,3,7,20,0
2022,1,2022_01_NO_ATL,ATL,NO,1,71,416.0,2024,2,26,27,0
2022,1,2022_01_NO_ATL,NO,ATL,0,59,387.0,1576,1,27,26,1
2022,1,2022_01_NYG_TEN,NYG,TEN,0,60,396.0,1734,3,21,20,1
2022,1,2022_01_NYG_TEN,TEN,NYG,1,60,359.0,1866,0,20,21,0
2022,1,2022_01_PHI_DET,DET,PHI,1,66,386.0,1706,1,35,38,0
2022,1,2022_01_PHI_DET,PHI,DET,0,72,455.0,1894,0,38,35,1
2022,1,2022_01_PIT_CIN,CIN,PIT,1,95,434.0,2622,5,20,23,0
2022,1,2022_01_PIT_CIN,PIT,CIN,0,61,267.0,1578,0,23,20,1
2022,1,2022_01_SF_CHI,CHI,SF,1,56,204.0,1592,1,19,10,1
2022,1,2022_01_SF_CHI,SF,CHI,0,67,331.0,2008,2,10,19,0
2022,1,2022_01_TB_DAL,DAL,TB,1,64,244.0,1638,1,3,19,0
2022,1,2022_01_TB_DAL,TB,DAL,0,62,347.0,1962,1,19,3,1
2022,2,2022_02_ARI_LV,ARI,LV,0,80,417.0,2182,1,29,23,1
2022,2,2022_02_ARI_LV,LV,ARI,1,61,324.0,1787,1,23,29,0
2022,2,2022_02_ATL_LA,ATL,LA,0,57,263.0,1776,3,27,31,0
2022,2,2022_02_ATL_LA,LA,ATL,1,63,337.0,1824,3,31,27,1
2022,2,2022_02_CAR_NYG,CAR,NYG,0,54,275.0,1443,2,16,19,0
2022,2,2022_02_CAR_NYG,NYG,CAR,1,70,265.0,2157,0,19,16,1
2022,2,2022_02_CHI_GB,CHI,GB,0,41,228.0,1365,1,10,27,0
2022,2,2022_02_CHI_GB,GB,CHI,1,66,414.0,2235,1,27,10,1
2022,2,2022_02_CIN_DAL,CIN,DAL,0,68,256.0,2028,0,17,20,0
2022,2,2022_02_CIN_DAL,DAL,CIN,1,59,337.0,1572,1,20,17,1
2022,2,2022_02_HOU_DEN,DEN,HOU,1,65,350.0,1953,1,16,9,1
2022,2,2022_02_HOU_DEN,HOU,DEN,0,59,234.0,1647,0,9,16,0
2022,2,2022_02_IND_JAX,IND,JAX,0,48,218.0,1305,3,0,24,0
2022,2,2022_02_IND_JAX,JAX,IND,1,67,331.0,2295,0,24,0,1
2022,2,2022_02_LAC_KC,KC,LAC,1,54,319.0,1583,0,27,24,1
2022,2,2022_02_LAC_KC,LAC,KC,0,74,401.0,2017,1,24,27,0
2022,2,2022_02_MIA_BAL,BAL,MIA,1,54,473.0,1513,0,38,42,0
2022,2,2022_02_MIA_BAL,MIA,BAL,0,69,547.0,2087,2,42,38,1
2022,2,2022_02_MIN_PHI,MIN,PHI,0,59,264.0,1426,3,7,24,0
2022,2,2022_02_MIN_PHI,PHI,MIN,1,68,486.0,2174,1,24,7,1
2022,2,2022_02_NE_PIT,NE,PIT,0,66,376.0,2016,2,17,14,1
2022,2,2022_02_NE_PIT,PIT,NE,1,59,245.0,1584,1,14,17,0
2022,2,2022_02_NYJ_CLE,CLE,NYJ,1,65,405.0,1994,1,30,31,0
2022,2,2022_02_NYJ_CLE,NYJ,CLE,0,67,402.0,1666,1,31,30,1
2022,2,2022_02_SEA_SF,SEA,SF,0,47,216.0,1300,2,7,27,0
2022,2,2022_02_SEA_SF,SF,SEA,1,70,373.0,2300,1,27,7,1
2022,2,2022_02_TB_NO,NO,TB,1,66,308.0,1818,5,10,20,0
2022,2,2022_02_TB_NO,TB,NO,0,65,260.0,1782,1,20,10,1
2022,2,2022_02_TEN_BUF,BUF,TEN,1,65,414.0,1894,1,41,7,1
2022,2,2022_02_TEN_BUF,TEN,BUF,0,53,187.0,1706,3,7,41,0
2022,2,2022_02_WAS_DET,DET,WAS,1,61,425.0,1677,0,36,27,1
2022,2,2022_02_WAS_DET,WAS,DET,0,74,398.0,1923,1,27,36,0
2022,3,2022_03_ATL_SEA,ATL,SEA,0,54,386.0,1694,2,27,23,1
2022,3,2022_03_ATL_SEA,SEA,ATL,1,69,420.0,1906,1,23,27,0
2022,3,2022_03_BAL_NE,BAL,NE,0,59,394.0,1836,2,37,26,1
2022,3,2022_03_BAL_NE,NE,BAL,1,64,447.0,1764,4,26,37,0
2022,3,2022_03_BUF_MIA,BUF,MIA,0,90,497.0,2440,1,19,21,0
2022,3,2022_03_BUF_MIA,MIA,BUF,1,39,212.0,1160,0,21,19,1
2022,3,2022_03_CIN_NYJ,CIN,NYJ,0,66,330.0,1944,1,27,12,1
2022,3,2022_03_CIN_NYJ,NYJ,CIN,1,76,328.0,1656,4,12,27,0
2022,3,2022_03_DAL_NYG,DAL,NYG,0,61,391.0,1962,0,23,16,1
2022,3,2022_03_DAL_NYG,NYG,DAL,1,67,336.0,1638,1,16,23,0
2022,3,2022_03_DET_MIN,DET,MIN,0,76,416.0,2044,1,24,28,0
2022,3,2022_03_DET_MIN,MIN,DET,1,67,373.0,1556,1,28,24,1
2022,3,2022_03_GB_TB,GB,TB,0,61,315.0,2005,2,14,12,1
2022,3,2022_03_GB_TB,TB,GB,1,60,285.0,1595,2,12,14,0
2022,3,2022_03_HOU_CHI,CHI,HOU,1,62,363.0,1882,2,23,20,1
2022,3,2022_03_HOU_CHI,HOU,CHI,0,57,329.0,1718,2,20,23,0
2022,3,2022_03_JAX_LAC,JAX,LAC,0,76,415.0,2307,0,38,10,1
2022,3,2022_03_JAX_LAC,LAC,JAX,1,58,312.0,1293,2,10,38,0
2022,3,2022_03_KC_IND,IND,KC,1,69,259.0,2012,2,20,17,1
2022,3,2022_03_KC_IND,KC,IND,0,61,317.0,1588,1,17,20,0
2022,3,2022_03_LA_ARI,ARI,LA,1,81,365.0,2036,0,12,20,0
2022,3,2022_03_LA_ARI,LA,ARI,0,46,339.0,1564,1,20,12,1
2022,3,2022_03_LV_TEN,LV,TEN,0,66,396.0,1845,1,22,24,0
2022,3,2022_03_LV_TEN,TEN,LV,1,55,361.0,1755,1,24,22,1
2022,3,2022_03_NO_CAR,CAR,NO,1,60,293.0,1810,0,22,14,1
2022,3,2022_03_NO_CAR,NO,CAR,0,64,426.0,1790,3,14,22,0
2022,3,2022_03_PHI_WAS,PHI,WAS,0,68,400.0,1626,0,24,8,1
2022,3,2022_03_PHI_WAS,WAS,PHI,1,75,240.0,1974,1,8,24,0
2022,3,2022_03_PIT_CLE,CLE,PIT,1,71,376.0,2169,0,29,17,1
2022,3,2022_03_PIT_CLE,PIT,CLE,0,55,308.0,1431,1,17,29,0
2022,3,2022_03_SF_DEN,DEN,SF,1,71,261.0,2069,0,11,10,1
2022,3,2022_03_SF_DEN,SF,DEN,0,52,267.0,1531,3,10,11,0
2022,4,2022_04_ARI_CAR,ARI,CAR,0,71,338.0,2315,1,26,16,1
2022,4,2022_04_ARI_CAR,CAR,ARI,1,52,220.0,1285,3,16,26,0
2022,4,2022_04_BUF_BAL,BAL,BUF,1,64,296.0,2290,2,20,23,0
2022,4,2022_04_BUF_BAL,BUF,BAL,0,62,326.0,1310,2,23,20,1
2022,4,2022_04_CHI_NYG,CHI,NYG,0,60,304.0,1723,3,12,20,0
2022,4,2022_04_CHI_NYG,NYG,CHI,1,61,333.0,1877,2,20,12,1
2022,4,2022_04_CLE_ATL,ATL,CLE,1,55,333.0,1456,1,23,20,1
2022,4,2022_04_CLE_ATL,CLE,ATL,0,71,403.0,2144,2,20,23,0
2022,4,2022_04_DEN_LV,DEN,LV,0,48,299.0,1508,1,23,32,0
2022,4,2022_04_DEN_LV,LV,DEN,1,74,385.0,2092,0,32,23,1
2022,4,2022_04_JAX_PHI,JAX,PHI,0,46,219.0,1209,5,21,29,0
2022,4,2022_04_JAX_PHI,PHI,JAX,1,78,401.0,2391,1,29,21,1
2022,4,2022_04_KC_TB,KC,TB,0,77,417.0,2318,1,41,31,1
2022,4,2022_04_KC_TB,TB,KC,1,59,376.0,1282,2,31,41,0
2022,4,2022_04_LAC_HOU,HOU,LAC,1,53,346.0,1701,2,24,34,0
2022,4,2022_04_LAC_HOU,LAC,HOU,0,67,419.0,1899,1,34,24,1
2022,4,2022_04_LA_SF,LA,SF,0,73,257.0,2074,2,9,24,0
2022,4,2022_04_LA_SF,SF,LA,1,49,327.0,1526,0,24,9,1
2022,4,2022_04_MIA_CIN,CIN,MIA,1,63,371.0,1895,0,27,15,1
2022,4,2022_04_MIA_CIN,MIA,CIN,0,60,378.0,1705,2,15,27,0
2022,4,2022_04_MIN_NO,MIN,NO,0,67,344.0,1933,2,28,25,1
2022,4,2022_04_MIN_NO,NO,MIN,1,58,340.0,1667,1,25,28,0
2022,4,2022_04_NE_GB,GB,NE,1,71,443.0,2209,2,27,24,1
2022,4,2022_04_NE_GB,NE,GB,0,58,271.0,1991,1,24,27,0
2022,4,2022_04_NYJ_PIT,NYJ,PIT,0,67,348.0,1799,2,24,20,1
2022,4,2022_04_NYJ_PIT,PIT,NYJ,1,60,297.0,1801,4,20,24,0
2022,4,2022_04_SEA_DET,DET,SEA,1,68,524.0,1614,3,45,48,0
2022,4,2022_04_SEA_DET,SEA,DET,0,63,555.0,1986,0,48,45,1
2022,4,2022_04_TEN_IND,IND,TEN,1,63,365.0,2037,3,17,24,0
2022,4,2022_04_TEN_IND,TEN,IND,0,52,243.0,1563,0,24,17,1
2022,4,2022_04_WAS_DAL,DAL,WAS,1,57,279.0,1614,0,25,10,1
2022,4,2022_04_WAS_DAL,WAS,DAL,0,71,297.0,1986,2,10,25,0
2022,5,2022_05_ATL_TB,ATL,TB,0,62,263.0,1834,0,15,21,0
2022,5,2022_05_ATL_TB,TB,ATL,1,76,422.0,1766,0,21,15,1
2022,5,2022_05_CHI_MIN,CHI,MIN,0,48,271.0,1396,1,22,29,0
2022,5,2022_05_CHI_MIN,MIN,CHI,1,75,431.0,2204,1,29,22,1
2022,5,2022_05_CIN_BAL,BAL,CIN,1,61,325.0,1799,1,19,17,1
2022,5,2022_05_CIN_BAL,CIN,BAL,0,59,291.0,1801,1,17,19,0
2022,5,2022_05_DAL_LA,DAL,LA,0,54,239.0,1770,0,22,10,1
2022,5,2022_05_DAL_LA,LA,DAL,1,64,323.0,1830,3,10,22,0
2022,5,2022_05_DET_NE,DET,NE,0,64,312.0,1711,2,0,29,0
2022,5,2022_05_DET_NE,NE,DET,1,56,364.0,1889,1,29,0,1
2022,5,2022_05_HOU_JAX,HOU,JAX,0,56,248.0,1907,0,13,6,1
2022,5,2022_05_HOU_JAX,JAX,HOU,1,73,422.0,1693,2,6,13,0
2022,5,2022_05_IND_DEN,DEN,IND,1,71,375.0,1971,2,9,12,0
2022,5,2022_05_IND_DEN,IND,DEN,0,73,306.0,2076,2,12,9,1
2022,5,2022_05_LAC_CLE,CLE,LAC,1,65,443.0,1802,1,28,30,0
2022,5,2022_05_LAC_CLE,LAC,CLE,0,69,465.0,1798,0,30,28,1
2022,5,2022_05_LV_KC,KC,LV,1,70,368.0,1867,0,30,29,1
2022,5,2022_05_LV_KC,LV,KC,0,57,378.0,1733,0,29,30,0
2022,5,2022_05_MIA_NYJ,MIA,NYJ,0,62,295.0,1742,2,17,40,0
2022,5,2022_05_MIA_NYJ,NYJ,MIA,1,56,322.0,1858,0,40,17,1
2022,5,2022_05_NYG_GB,GB,NYG,1,61,301.0,1669,0,22,27,0
2022,5,2022_05_NYG_GB,NYG,GB,0,59,338.0,1931,0,27,22,1
2022,5,2022_05_PHI_ARI,ARI,PHI,1,69,363.0,1521,1,17,20,0
2022,5,2022_05_PHI_ARI,PHI,ARI,0,71,357.0,2079,0,20,17,1
2022,5,2022_05_PIT_BUF,BUF,PIT,1,54,552.0,1432,2,38,3,1
2022,5,2022_05_PIT_BUF,PIT,BUF,0,72,364.0,2288,2,3,38,0
2022,5,2022_05_SEA_NO,NO,SEA,1,75,440.0,2255,2,39,32,1
2022,5,2022_05_SEA_NO,SEA,NO,0,50,396.0,1345,1,32,39,0
2022,5,2022_05_SF_CAR,CAR,SF,1,66,308.0,1782,1,15,37,0
2022,5,2022_05_SF_CAR,SF,CAR,0,61,397.0,1818,1,37,15,1
2022,5,2022_05_TEN_WAS,TEN,WAS,0,62,241.0,1960,0,21,17,1
2022,5,2022_05_TEN_WAS,WAS,TEN,1,58,385.0,1640,1,17,21,0
2022,6,2022_06_ARI_SEA,ARI,SEA,0,71,315.0,1844,2,9,19,0
2022,6,2022_06_ARI_SEA,SEA,ARI,1,66,296.0,1756,1,19,9,1
2022,6,2022_06_BAL_NYG,BAL,NYG,0,58,406.0,1688,2,20,24,0
2022,6,2022_06_BAL_NYG,NYG,BAL,1,62,238.0,1912,1,24,20,1
2022,6,2022_06_BUF_KC,BUF,KC,0,72,443.0,1888,1,24,20,1
2022,6,2022_06_BUF_KC,KC,BUF,1,61,387.0,1712,2,20,24,0
2022,6,2022_06_CAR_LA,CAR,LA,0,44,203.0,1375,1,10,24,0
2022,6,2022_06_CAR_LA,LA,CAR,1,63,360.0,2225,1,24,10,1
2022,6,2022_06_CIN_NO,CIN,NO,0,55,348.0,1666,0,30,26,1
2022,6,2022_06_CIN_NO,NO,CIN,1,71,399.0,1934,1,26,30,0
2022,6,2022_06_DAL_PHI,DAL,PHI,0,64,315.0,1530,3,17,26,0
2022,6,2022_06_DAL_PHI,PHI,DAL,1,69,268.0,2070,0,26,17,1
2022,6,2022_06_DEN_LAC,DEN,LAC,0,55,258.0,1713,0,16,19,0
2022,6,2022_06_DEN_LAC,LAC,DEN,1,83,297.0,2329,2,19,16,1
2022,6,2022_06_JAX_IND,IND,JAX,1,76,436.0,1729,0,34,27,1
2022,6,2022_06_JAX_IND,JAX,IND,0,60,379.0,1871,1,27,34,0
2022,6,2022_06_MIN_MIA,MIA,MIN,1,74,458.0,2129,3,16,24,0
2022,6,2022_06_MIN_MIA,MIN,MIA,0,51,236.0,1471,0,24,16,1
2022,6,2022_06_NE_CLE,CLE,NE,1,68,328.0,1495,3,15,38,0
2022,6,2022_06_NE_CLE,NE,CLE,0,65,399.0,2105,2,38,15,1
2022,6,2022_06_NYJ_GB,GB,NYJ,1,69,278.0,1872,1,10,27,0
2022,6,2022_06_NYJ_GB,NYJ,GB,0,53,278.0,1728,0,27,10,1
2022,6,2022_06_SF_ATL,ATL,SF,1,56,289.0,2005,0,28,14,1
2022,6,2022_06_SF_ATL,SF,ATL,0,57,346.0,1595,3,14,28,0
2022,6,2022_06_TB_PIT,PIT,TB,1,61,270.0,1799,0,20,18,1
2022,6,2022_06_TB_PIT,TB,PIT,0,69,304.0,1801,0,18,20,0
2022,6,2022_06_WAS_CHI,CHI,WAS,1,69,391.0,1932,1,7,12,0
2022,6,2022_06_WAS_CHI,WAS,CHI,0,54,214.0,1668,1,12,7,1
2022,7,2022_07_ATL_CIN,ATL,CIN,0,45,214.0,1615,0,17,35,0
2022,7,2022_07_ATL_CIN,CIN,ATL,1,66,537.0,1985,0,35,17,1
2022,7,2022_07_CHI_NE,CHI,NE,0,70,390.0,2234,1,33,14,1
2022,7,2022_07_CHI_NE,NE,CHI,1,48,260.0,1366,4,14,33,0
2022,7,2022_07_CLE_BAL,BAL,CLE,1,63,254.0,2044,1,23,20,1
2022,7,2022_07_CLE_BAL,CLE,BAL,0,56,336.0,1556,2,20,23,0
2022,7,2022_07_DET_DAL,DAL,DET,1,59,330.0,1726,1,24,6,1
2022,7,2022_07_DET_DAL,DET,DAL,0,56,312.0,1874,5,6,24,0
2022,7,2022_07_GB_WAS,GB,WAS,0,47,232.0,1373,0,21,23,0
2022,7,2022_07_GB_WAS,WAS,GB,1,72,364.0,2227,2,23,21,1
2022,7,2022_07_HOU_LV,HOU,LV,0,65,404.0,1757,1,20,38,0
2022,7,2022_07_HOU_LV,LV,HOU,1,55,400.0,1843,0,38,20,1
2022,7,2022_07_IND_TEN,IND,TEN,0,64,292.0,1707,3,10,19,0
2022,7,2022_07_IND_TEN,TEN,IND,1,57,254.0,1893,1,19,10,1
2022,7,2022_07_KC_SF,KC,SF,0,58,529.0,1575,1,44,23,1
2022,7,2022_07_KC_SF,SF,KC,1,72,444.0,2025,4,23,44,0
2022,7,2022_07_NO_ARI,ARI,NO,1,62,330.0,1858,0,42,34,1
2022,7,2022_07_NO_ARI,NO,ARI,0,71,494.0,1742,3,34,42,0
2022,7,2022_07_NYG_JAX,JAX,NYG,1,66,454.0,1550,1,17,23,0
2022,7,2022_07_NYG_JAX,NYG,JAX,0,70,436.0,2050,0,23,17,1
2022,7,2022_07_NYJ_DEN,DEN,NYJ,1,75,324.0,1943,1,9,16,0
2022,7,2022_07_NYJ_DEN,NYJ,DEN,0,53,260.0,1657,0,16,9,1
2022,7,2022_07_PIT_MIA,MIA,PIT,1,62,372.0,1604,0,16,10,1
2022,7,2022_07_PIT_MIA,PIT,MIA,0,69,341.0,1996,3,10,16,0
2022,7,2022_07_SEA_LAC,LAC,SEA,1,69,329.0,1563,2,23,37,0
2022,7,2022_07_SEA_LAC,SEA,LAC,0,63,404.0,2037,2,37,23,1
2022,7,2022_07_TB_CAR,CAR,TB,1,50,343.0,1764,0,21,3,1
2022,7,2022_07_TB_CAR,TB,CAR,0,66,322.0,1836,0,3,21,0
2022,8,2022_08_ARI_MIN,ARI,MIN,0,71,375.0,1833,2,26,34,0
2022,8,2022_08_ARI_MIN,MIN,ARI,1,68,381.0,1767,2,34,26,1
2022,8,2022_08_BAL_TB,BAL,TB,0,74,453.0,2303,1,27,22,1
2022,8,2022_08_BAL_TB,TB,BAL,1,63,349.0,1297,0,22,27,0
2022,8,2022_08_CAR_ATL,ATL,CAR,1,67,406.0,2194,2,37,34,1
2022,8,2022_08_CAR_ATL,CAR,ATL,0,74,480.0,1891,1,34,37,0
2022,8,2022_08_CHI_DAL,CHI,DAL,0,73,371.0,2164,1,29,49,0
2022,8,2022_08_CHI_DAL,DAL,CHI,1,57,442.0,1436,1,49,29,1
2022,8,2022_08_CIN_CLE,CIN,CLE,0,50,229.0,1395,2,13,32,0
2022,8,2022_08_CIN_CLE,CLE,CIN,1,70,442.0,2205,2,32,13,1
2022,8,2022_08_DEN_JAX,DEN,JAX,0,61,331.0,1556,1,21,17,1
2022,8,2022_08_DEN_JAX,JAX,DEN,1,65,305.0,2044,2,17,21,0
2022,8,2022_08_GB_BUF,BUF,GB,1,54,369.0,1572,2,27,17,1
2022,8,2022_08_GB_BUF,GB,BUF,0,63,398.0,2028,1,17,27,0
2022,8,2022_08_LV_NO,LV,NO,0,56,183.0,1509,1,0,24,0
2022,8,2022_08_LV_NO,NO,LV,1,63,367.0,2091,0,24,0,1
2022,8,2022_08_MIA_DET,DET,MIA,1,57,393.0,1538,0,27,31,0
2022,8,2022_08_MIA_DET,MIA,DET,0,64,476.0,2062,1,31,27,1
2022,8,2022_08_NE_NYJ,NE,NYJ,0,75,288.0,2134,1,22,17,1
2022,8,2022_08_NE_NYJ,NYJ,NE,1,58,387.0,1466,3,17,22,0
2022,8,2022_08_NYG_SEA,NYG,SEA,0,64,225.0,2014,0,13,27,0
2022,8,2022_08_NYG_SEA,SEA,NYG,1,62,277.0,1586,3,27,13,1
2022,8,2022_08_PIT_PHI,PHI,PIT,1,53,401.0,1542,0,35,13,1
2022,8,2022_08_PIT_PHI,PIT,PHI,0,70,302.0,2058,2,13,35,0
2022,8,2022_08_SF_LA,LA,SF,1,56,223.0,1804,0,14,31,0
2022,8,2022_08_SF_LA,SF,LA,0,52,368.0,1796,0,31,14,1
2022,8,2022_08_TEN_HOU,HOU,TEN,1,51,161.0,1512,2,10,17,0
2022,8,2022_08_TEN_HOU,TEN,HOU,0,58,354.0,2088,1,17,10,1
2022,8,2022_08_WAS_IND,IND,WAS,1,54,324.0,1760,2,16,17,0
2022,8,2022_08_WAS_IND,WAS,IND,0,61,362.0,1840,1,17,16,1
2022,9,2022_09_BAL_NO,BAL,NO,0,65,319.0,2267,0,27,13,1
2022,9,2022_09_BAL_NO,NO,BAL,1,49,243.0,1333,1,13,27,0
2022,9,2022_09_BUF_NYJ,BUF,NYJ,0,61,317.0,1636,2,17,20,0
2022,9,2022_09_BUF_NYJ,NYJ,BUF,1,61,310.0,1964,1,20,17,1
2022,9,2022_09_CAR_CIN,CAR,CIN,0,48,228.0,1239,3,21,42,0
2022,9,2022_09_CAR_CIN,CIN,CAR,1,72,464.0,2361,0,42,21,1
2022,9,2022_09_GB_DET,DET,GB,1,58,256.0,1518,1,15,9,1
2022,9,2022_09_GB_DET,GB,DET,0,70,389.0,2082,3,9,15,0
2022,9,2022_09_IND_NE,IND,NE,0,60,121.0,1734,1,3,26,0
2022,9,2022_09_IND_NE,NE,IND,1,62,203.0,1866,1,26,3,1
2022,9,2022_09_LAC_ATL,ATL,LAC,1,60,315.0,1909,1,17,20,0
2022,9,2022_09_LAC_ATL,LAC,ATL,0,67,336.0,1691,2,20,17,1
2022,9,2022_09_LA_TB,LA,TB,0,55,206.0,1724,0,13,16,0
2022,9,2022_09_LA_TB,TB,LA,1,79,323.0,1876,0,16,13,1
2022,9,2022_09_LV_JAX,JAX,LV,1,68,403.0,1945,1,27,20,1
2022,9,2022_09_LV_JAX,LV,JAX,0,57,321.0,1655,1,20,27,0
2022,9,2022_09_MIA_CHI,CHI,MIA,1,71,370.0,2086,0,32,35,0
2022,9,2022_09_MIA_CHI,MIA,CHI,0,53,379.0,1514,0,35,32,1
2022,9,2022_09_MIN_WAS,MIN,WAS,0,65,301.0,1753,1,20,17,1
2022,9,2022_09_MIN_WAS,WAS,MIN,1,61,263.0,1847,1,17,20,0
2022,9,2022_09_PHI_HOU,HOU,PHI,1,57,303.0,1907,2,17,29,0
2022,9,2022_09_PHI_HOU,PHI,HOU,0,63,362.0,1693,1,29,17,1
2022,9,2022_09_SEA_ARI,ARI,SEA,1,61,262.0,1529,1,21,31,0
2022,9,2022_09_SEA_ARI,SEA,ARI,0,70,421.0,2071,1,31,21,1
2022,9,2022_09_TEN_KC,KC,TEN,1,92,501.0,2488,1,20,17,1
2022,9,2022_09_TEN_KC,TEN,KC,0,48,229.0,1583,0,17,20,0
2022,10,2022_10_ARI_LA,ARI,LA,0,65,298.0,1921,0,27,17,1
2022,10,2022_10_ARI_LA,LA,ARI,1,60,256.0,1679,2,17,27,0
2022,10,2022_10_ATL_CAR,ATL,CAR,0,60,291.0,1548,1,15,25,0
2022,10,2022_10_ATL_CAR,CAR,ATL,1,64,333.0,2052,0,25,15,1
2022,10,2022_10_CLE_MIA,CLE,MIA,0,62,297.0,1606,1,17,39,0
2022,10,2022_10_CLE_MIA,MIA,CLE,1,67,491.0,1994,0,39,17,1
2022,10,2022_10_DAL_GB,DAL,GB,0,79,421.0,1859,3,28,31,0
2022,10,2022_10_DAL_GB,GB,DAL,1,61,415.0,2155,1,31,28,1
2022,10,2022_10_DEN_TEN,DEN,TEN,0,73,313.0,2037,1,10,17,0
2022,10,2022_10_DEN_TEN,TEN,DEN,1,60,307.0,1563,1,17,10,1
2022,10,2022_10_DET_CHI,CHI,DET,1,58,408.0,1752,1,30,31,0
2022,10,2022_10_DET_CHI,DET,CHI,0,59,323.0,1848,0,31,30,1
2022,10,2022_10_HOU_NYG,HOU,NYG,0,60,387.0,1600,2,16,24,0
2022,10,2022_10_HOU_NYG,NYG,HOU,1,67,367.0,2000,0,24,16,1
2022,10,2022_10_IND_LV,IND,LV,0,61,415.0,1741,1,25,20,1
2022,10,2022_10_IND_LV,LV,IND,1,65,309.0,1859,0,20,25,0
2022,10,2022_10_JAX_KC,JAX,KC,0,61,315.0,1899,0,17,27,0
2022,10,2022_10_JAX_KC,KC,JAX,1,62,486.0,1832,3,27,17,1
2022,10,2022_10_LAC_SF,LAC,SF,0,56,238.0,1381,1,16,22,0
2022,10,2022_10_LAC_SF,SF,LAC,1,70,387.0,2219,1,22,16,1
2022,10,2022_10_MIN_BUF,BUF,MIN,1,72,486.0,2026,4,30,33,0
2022,10,2022_10_MIN_BUF,MIN,BUF,0,79,481.0,2102,2,33,30,1
2022,10,2022_10_NO_PIT,NO,PIT,0,45,186.0,1264,2,10,20,0
2022,10,2022_10_NO_PIT,PIT,NO,1,79,379.0,2336,0,20,10,1
2022,10,2022_10_SEA_TB,SEA,TB,0,51,283.0,1385,1,16,21,0
2022,10,2022_10_SEA_TB,TB,SEA,1,74,419.0,2215,2,21,16,1
2022,10,2022_10_WAS_PHI,PHI,WAS,1,47,264.0,1176,4,21,32,0
2022,10,2022_10_WAS_PHI,WAS,PHI,0,81,330.0,2424,2,32,21,1
2022,11,2022_11_CAR_BAL,BAL,CAR,1,66,308.0,1994,1,13,3,1
2022,11,2022_11_CAR_BAL,CAR,BAL,0,54,205.0,1606,3,3,13,0
2022,11,2022_11_CHI_ATL,ATL,CHI,1,53,280.0,1490,1,27,24,1
2022,11,2022_11_CHI_ATL,CHI,ATL,0,66,288.0,2110,2,24,27,0
2022,11,2022_11_CIN_PIT,CIN,PIT,0,65,408.0,1896,2,37,30,1
2022,11,2022_11_CIN_PIT,PIT,CIN,1,68,351.0,1704,0,30,37,0
2022,11,2022_11_CLE_BUF,BUF,CLE,1,63,357.0,1718,0,31,23,1
2022,11,2022_11_CLE_BUF,CLE,BUF,0,68,396.0,1882,1,23,31,0
2022,11,2022_11_DAL_MIN,DAL,MIN,0,70,458.0,2244,0,40,3,1
2022,11,2022_11_DAL_MIN,MIN,DAL,1,54,183.0,1356,1,3,40,0
2022,11,2022_11_DET_NYG,DET,NYG,0,63,325.0,1908,0,31,18,1
2022,11,2022_11_DET_NYG,NYG,DET,1,73,413.0,1692,3,18,31,0
2022,11,2022_11_KC_LAC,KC,LAC,0,62,485.0,1661,1,30,27,1
2022,11,2022_11_KC_LAC,LAC,KC,1,65,365.0,1939,2,27,30,0
2022,11,2022_11_LA_NO,LA,NO,0,62,336.0,1733,0,20,27,0
2022,11,2022_11_LA_NO,NO,LA,1,56,323.0,1867,0,27,20,1
2022,11,2022_11_LV_DEN,DEN,LV,1,62,320.0,1737,0,16,22,0
2022,11,2022_11_LV_DEN,LV,DEN,0,62,407.0,1959,0,22,16,1
2022,11,2022_11_NYJ_NE,NE,NYJ,1,59,297.0,2130,0,10,3,1
2022,11,2022_11_NYJ_NE,NYJ,NE,0,49,103.0,1470,0,3,10,0
2022,11,2022_11_PHI_IND,IND,PHI,1,62,284.0,1838,1,16,17,0
2022,11,2022_11_PHI_IND,PHI,IND,0,61,314.0,1762,2,17,16,1
2022,11,2022_11_SF_ARI,ARI,SF,1,71,314.0,1851,2,10,38,0
2022,11,2022_11_SF_ARI,SF,ARI,0,57,387.0,1749,0,38,10,1
2022,11,2022_11_TEN_GB,GB,TEN,1,60,273.0,1652,0,17,27,0
2022,11,2022_11_TEN_GB,TEN,GB,0,64,408.0,1948,1,27,17,1
2022,11,2022_11_WAS_HOU,HOU,WAS,1,54,148.0,1504,2,10,23,0
2022,11,2022_11_WAS_HOU,WAS,HOU,0,67,344.0,2096,0,23,10,1
2022,12,2022_12_ATL_WAS,ATL,WAS,0,55,332.0,1611,1,13,19,0
2022,12,2022_12_ATL_WAS,WAS,ATL,1,60,314.0,1989,1,19,13,1
2022,12,2022_12_BAL_JAX,BAL,JAX,0,69,417.0,1959,2,27,28,0
2022,12,2022_12_BAL_JAX,JAX,BAL,1,62,334.0,1641,1,28,27,1
2022,12,2022_12_BUF_DET,BUF,DET,0,74,401.0,1886,1,28,25,1
2022,12,2022_12_BUF_DET,DET,BUF,1,68,328.0,1714,2,25,28,0
2022,12,2022_12_CHI_NYJ,CHI,NYJ,0,56,292.0,1675,1,10,31,0
2022,12,2022_12_CHI_NYJ,NYJ,CHI,1,62,466.0,1925,0,31,10,1
2022,12,2022_12_CIN_TEN,CIN,TEN,0,66,374.0,1906,0,20,16,1
2022,12,2022_12_CIN_TEN,TEN,CIN,1,56,344.0,1694,0,16,20,0
2022,12,2022_12_DEN_CAR,CAR,DEN,1,65,349.0,2247,0,23,10,1
2022,12,2022_12_DEN_CAR,DEN,CAR,0,57,246.0,1377,3,10,23,0
2022,12,2022_12_GB_PHI,GB,PHI,0,49,342.0,1466,2,33,40,0
2022,12,2022_12_GB_PHI,PHI,GB,1,79,500.0,2134,1,40,33,1
2022,12,2022_12_HOU_MIA,HOU,MIA,0,60,210.0,1653,3,15,30,0
2022,12,2022_12_HOU_MIA,MIA,HOU,1,72,339.0,1947,1,30,15,1
2022,12,2022_12_LAC_ARI,ARI,LAC,1,64,366.0,1835,2,24,25,0
2022,12,2022_12_LAC_ARI,LAC,ARI,0,65,313.0,1765,0,25,24,1
2022,12,2022_12_LA_KC,KC,LA,1,72,437.0,1946,1,26,10,1
2022,12,2022_12_LA_KC,LA,KC,0,55,198.0,1654,3,10,26,0
2022,12,2022_12_LV_SEA,LV,SEA,0,77,576.0,2255,2,40,34,1
2022,12,2022_12_LV_SEA,SEA,LV,1,63,372.0,1685,2,34,40,0
2022,12,2022_12_NE_MIN,MIN,NE,1,66,358.0,2177,1,33,26,1
2022,12,2022_12_NE_MIN,NE,MIN,0,55,409.0,1423,0,26,33,0
2022,12,2022_12_NO_SF,NO,SF,0,53,260.0,1510,2,0,13,0
2022,12,2022_12_NO_SF,SF,NO,1,67,317.0,2090,0,13,0,1
2022,12,2022_12_NYG_DAL,DAL,NYG,1,69,430.0,2049,2,28,20,1
2022,12,2022_12_NYG_DAL,NYG,DAL,0,59,300.0,1551,0,20,28,0
2022,12,2022_12_PIT_IND,IND,PIT,1,62,290.0,1538,2,17,24,0
2022,12,2022_12_PIT_IND,PIT,IND,0,68,325.0,2062,0,24,17,1
2022,12,2022_12_TB_CLE,CLE,TB,1,75,367.0,2344,1,23,17,1
2022,12,2022_12_TB_CLE,TB,CLE,0,66,325.0,1837,0,17,23,0
2022,13,2022_13_BUF_NE,BUF,NE,0,72,355.0,2288,1,24,10,1
2022,13,2022_13_BUF_NE,NE,BUF,1,51,242.0,1312,0,10,24,0
2022,13,2022_13_CLE_HOU,CLE,HOU,0,61,304.0,1936,3,27,14,1
2022,13,2022_13_CLE_HOU,HOU,CLE,1,62,283.0,1664,3,14,27,0
2022,13,2022_13_DEN_BAL,BAL,DEN,1,69,285.0,1949,2,10,9,1
2022,13,2022_13_DEN_BAL,DEN,BAL,0,52,272.0,1651,0,9,10,0
2022,13,2022_13_GB_CHI,CHI,GB,1,50,409.0,1652,3,19,28,0
2022,13,2022_13_GB_CHI,GB,CHI,0,64,359.0,1948,0,28,19,1
2022,13,2022_13_IND_DAL,DAL,IND,1,66,385.0,1721,1,54,19,1
2022,13,2022_13_IND_DAL,IND,DAL,0,71,309.0,1879,5,19,54,0
2022,13,2022_13_JAX_DET,DET,JAX,1,74,437.0,2210,0,40,14,1
2022,13,2022_13_JAX_DET,JAX,DET,0,56,268.0,1390,1,14,40,0
2022,13,2022_13_KC_CIN,CIN,KC,1,66,431.0,1926,0,27,24,1
2022,13,2022_13_KC_CIN,KC,CIN,0,54,349.0,1674,1,24,27,0
2022,13,2022_13_LAC_LV,LAC,LV,0,74,386.0,1844,1,20,27,0
2022,13,2022_13_LAC_LV,LV,LAC,1,59,404.0,1756,2,27,20,1
2022,13,2022_13_MIA_SF,MIA,SF,0,45,308.0,1166,4,17,33,0
2022,13,2022_13_MIA_SF,SF,MIA,1,79,351.0,2434,1,33,17,1
2022,13,2022_13_NO_TB,NO,TB,0,56,298.0,1795,0,16,17,0
2022,13,2022_13_NO_TB,TB,NO,1,75,350.0,1805,2,17,16,1
2022,13,2022_13_NYJ_MIN,MIN,NYJ,1,66,287.0,1702,0,27,22,1
2022,13,2022_13_NYJ_MIN,NYJ,MIN,0,83,486.0,1898,2,22,27,0
2022,13,2022_13_PIT_ATL,ATL,PIT,1,53,306.0,1625,1,16,19,0
2022,13,2022_13_PIT_ATL,PIT,ATL,0,65,351.0,1975,0,19,16,1
2022,13,2022_13_SEA_LA,LA,SEA,1,63,319.0,1747,2,23,27,0
2022,13,2022_13_SEA_LA,SEA,LA,0,65,438.0,1853,2,27,23,1
2022,13,2022_13_TEN_PHI,PHI,TEN,1,67,453.0,1953,0,35,10,1
2022,13,2022_13_TEN_PHI,TEN,PHI,0,53,209.0,1647,0,10,35,0
2022,13,2022_13_WAS_NYG,NYG,WAS,1,65,316.0,1729,1,20,20,0
2022,13,2022_13_WAS_NYG,WAS,NYG,0,82,411.0,2471,1,20,20,0
2022,14,2022_14_BAL_PIT,BAL,PIT,0,61,309.0,1979,0,16,14,1
2022,14,2022_14_BAL_PIT,PIT,BAL,1,53,329.0,1621,3,14,16,0
2022,14,2022_14_CAR_SEA,CAR,SEA,0,72,328.0,2356,0,30,24,1
2022,14,2022_14_CAR_SEA,SEA,CAR,1,53,287.0,1244,2,24,30,0
2022,14,2022_14_CLE_CIN,CIN,CLE,1,61,363.0,1688,1,23,10,1
2022,14,2022_14_CLE_CIN,CLE,CIN,0,70,344.0,1912,1,10,23,0
2022,14,2022_14_HOU_DAL,DAL,HOU,1,71,404.0,1606,2,27,23,1
2022,14,2022_14_HOU_DAL,HOU,DAL,0,64,327.0,1994,3,23,27,0
2022,14,2022_14_JAX_TEN,JAX,TEN,0,68,428.0,1972,0,36,22,1
2022,14,2022_14_JAX_TEN,TEN,JAX,1,63,366.0,1628,4,22,36,0
2022,14,2022_14_KC_DEN,DEN,KC,1,69,320.0,1787,2,28,34,0
2022,14,2022_14_KC_DEN,KC,DEN,0,67,431.0,1813,3,34,28,1
2022,14,2022_14_LV_LA,LA,LV,1,61,282.0,1779,1,17,16,1
2022,14,2022_14_LV_LA,LV,LA,0,58,302.0,1821,2,16,17,0
2022,14,2022_14_MIA_LAC,LAC,MIA,1,78,432.0,2378,0,23,17,1
2022,14,2022_14_MIA_LAC,MIA,LAC,0,49,219.0,1222,0,17,23,0
2022,14,2022_14_MIN_DET,DET,MIN,1,69,464.0,1914,0,34,23,1
2022,14,2022_14_MIN_DET,MIN,DET,0,63,416.0,1686,2,23,34,0
2022,14,2022_14_NE_ARI,ARI,NE,1,69,323.0,2011,2,13,27,0
2022,14,2022_14_NE_ARI,NE,ARI,0,57,328.0,1589,1,27,13,1
2022,14,2022_14_NYJ_BUF,BUF,NYJ,1,54,232.0,1535,0,20,12,1
2022,14,2022_14_NYJ_BUF,NYJ,BUF,0,73,309.0,2065,2,12,20,0
2022,14,2022_14_PHI_NYG,NYG,PHI,1,64,306.0,1650,1,22,48,0
2022,14,2022_14_PHI_NYG,PHI,NYG,0,66,437.0,1950,0,48,22,1
2022,14,2022_14_TB_SF,SF,TB,1,59,404.0,1960,1,35,7,1
2022,14,2022_14_TB_SF,TB,SF,0,74,322.0,1640,3,7,35,0
2022,15,2022_15_ARI_DEN,ARI,DEN,0,60,240.0,1622,3,15,24,0
2022,15,2022_15_ARI_DEN,DEN,ARI,1,67,324.0,1978,2,24,15,1
2022,15,2022_15_ATL_NO,ATL,NO,0,70,322.0,1856,1,18,21,0
2022,15,2022_15_ATL_NO,NO,ATL,1,55,348.0,1744,1,21,18,1
2022,15,2022_15_BAL_CLE,BAL,CLE,0,61,324.0,1612,2,3,13,0
2022,15,2022_15_BAL_CLE,CLE,BAL,1,64,283.0,1988,0,13,3,1
2022,15,2022_15_CIN_TB,CIN,TB,0,64,239.0,1765,1,34,23,1
2022,15,2022_15_CIN_TB,TB,CIN,1,71,396.0,1835,4,23,34,0
2022,15,2022_15_DAL_JAX,DAL,JAX,0,74,397.0,2126,2,34,40,0
2022,15,2022_15_DAL_JAX,JAX,DAL,1,70,503.0,1662,3,40,34,1
2022,15,2022_15_DET_NYJ,DET,NYJ,0,66,359.0,1952,0,20,17,1
2022,15,2022_15_DET_NYJ,NYJ,DET,1,61,337.0,1648,1,17,20,0
2022,15,2022_15_IND_MIN,IND,MIN,0,79,341.0,2197,1,36,39,0
2022,15,2022_15_IND_MIN,MIN,IND,1,87,520.0,2000,3,39,36,1
2022,15,2022_15_KC_HOU,HOU,KC,1,58,219.0,1645,1,24,30,0
2022,15,2022_15_KC_HOU,KC,HOU,0,77,504.0,2242,2,30,24,1
2022,15,2022_15_LA_GB,GB,LA,1,68,345.0,2239,2,24,12,1
2022,15,2022_15_LA_GB,LA,GB,0,43,156.0,1361,1,12,24,0
2022,15,2022_15_MIA_BUF,BUF,MIA,1,72,448.0,1793,1,32,29,1
2022,15,2022_15_MIA_BUF,MIA,BUF,0,58,405.0,1807,0,29,32,0
2022,15,2022_15_NE_LV,LV,NE,1,64,308.0,1996,1,30,24,1
2022,15,2022_15_NE_LV,NE,LV,0,64,320.0,1604,1,24,30,0
2022,15,2022_15_NYG_WAS,NYG,WAS,0,62,288.0,1830,0,20,12,1
2022,15,2022_15_NYG_WAS,WAS,NYG,1,58,387.0,1770,2,12,20,0
2022,15,2022_15_PHI_CHI,CHI,PHI,1,58,248.0,1807,1,20,25,0
2022,15,2022_15_PHI_CHI,PHI,CHI,0,72,423.0,1793,3,25,20,1
2022,15,2022_15_PIT_CAR,CAR,PIT,1,43,209.0,1429,0,16,24,0
2022,15,2022_15_PIT_CAR,PIT,CAR,0,68,325.0,2171,0,24,16,1
2022,15,2022_15_SF_SEA,SEA,SF,1,61,277.0,1619,1,13,21,0
2022,15,2022_15_SF_SEA,SF,SEA,0,61,381.0,1981,0,21,13,1
2022,15,2022_15_TEN_LAC,LAC,TEN,1,69,365.0,1788,2,17,14,1
2022,15,2022_15_TEN_LAC,TEN,LAC,0,57,284.0,1812,1,14,17,0
2022,16,2022_16_ATL_BAL,ATL,BAL,0,68,327.0,1964,1,9,17,0
2022,16,2022_16_ATL_BAL,BAL,ATL,1,52,301.0,1636,0,17,9,1
2022,16,2022_16_BUF_CHI,BUF,CHI,0,59,428.0,1728,3,35,13,1
2022,16,2022_16_BUF_CHI,CHI,BUF,1,59,209.0,1872,2,13,35,0
2022,16,2022_16_CIN_NE,CIN,NE,0,79,442.0,2208,3,22,18,1
2022,16,2022_16_CIN_NE,NE,CIN,1,54,285.0,1392,1,18,22,0
2022,16,2022_16_DEN_LA,DEN,LA,0,62,325.0,1405,4,14,51,0
2022,16,2022_16_DEN_LA,LA,DEN,1,64,388.0,2195,0,51,14,1
2022,16,2022_16_DET_CAR,CAR,DET,1,65,570.0,2113,0,37,23,1
2022,16,2022_16_DET_CAR,DET,CAR,0,62,381.0,1487,1,23,37,0
2022,16,2022_16_GB_MIA,GB,MIA,0,65,301.0,1920,1,26,20,1
2022,16,2022_16_GB_MIA,MIA,GB,1,45,376.0,1680,4,20,26,0
2022,16,2022_16_HOU_TEN,HOU,TEN,0,64,285.0,1983,1,19,14,1
2022,16,2022_16_HOU_TEN,TEN,HOU,1,58,272.0,1617,3,14,19,0
2022,16,2022_16_JAX_NYJ,JAX,NYJ,0,71,365.0,2092,1,19,3,1
2022,16,2022_16_JAX_NYJ,NYJ,JAX,1,56,227.0,1508,2,3,19,0
2022,16,2022_16_LAC_IND,IND,LAC,1,50,174.0,1566,3,3,20,0
2022,16,2022_16_LAC_IND,LAC,IND,0,67,314.0,2034,2,20,3,1
2022,16,2022_16_LV_PIT,LV,PIT,0,52,201.0,1641,3,10,13,0
2022,16,2022_16_LV_PIT,PIT,LV,1,66,350.0,1959,1,13,10,1
2022,16,2022_16_NO_CLE,CLE,NO,1,67,249.0,1846,1,10,17,0
2022,16,2022_16_NO_CLE,NO,CLE,0,54,244.0,1754,1,17,10,1
2022,16,2022_16_NYG_MIN,MIN,NYG,1,71,353.0,1847,0,27,24,1
2022,16,2022_16_NYG_MIN,NYG,MIN,0,67,447.0,1753,2,24,27,0
2022,16,2022_16_PHI_DAL,DAL,PHI,1,72,419.0,1938,1,40,34,1
2022,16,2022_16_PHI_DAL,PHI,DAL,0,69,442.0,1662,4,34,40,0
2022,16,2022_16_SEA_KC,KC,SEA,1,51,297.0,1498,0,24,10,1
2022,16,2022_16_SEA_KC,SEA,KC,0,73,333.0,2102,1,10,24,0
2022,16,2022_16_TB_ARI,ARI,TB,1,74,325.0,1762,3,16,19,0
2022,16,2022_16_TB_ARI,TB,ARI,0,78,396.0,2217,2,19,16,1
2022,16,2022_16_WAS_SF,SF,WAS,1,51,371.0,1585,1,37,20,1
2022,16,2022_16_WAS_SF,WAS,SF,0,70,349.0,2015,2,20,37,0
2022,17,2022_17_ARI_ATL,ARI,ATL,0,69,339.0,1656,0,19,20,0
2022,17,2022_17_ARI_ATL,ATL,ARI,1,61,298.0,1944,1,20,19,1
2022,17,2022_17_CAR_TB,CAR,TB,0,61,400.0,1610,3,24,30,0
2022,17,2022_17_CAR_TB,TB,CAR,1,75,480.0,1990,1,30,24,1
2022,17,2022_17_CHI_DET,CHI,DET,0,50,230.0,1457,2,10,41,0
2022,17,2022_17_CHI_DET,DET,CHI,1,70,504.0,2143,0,41,10,1
2022,17,2022_17_CLE_WAS,CLE,WAS,0,53,301.0,1588,0,24,10,1
2022,17,2022_17_CLE_WAS,WAS,CLE,1,68,260.0,2012,3,10,24,0
2022,17,2022_17_DAL_TEN,DAL,TEN,0,74,361.0,2006,3,27,13,1
2022,17,2022_17_DAL_TEN,TEN,DAL,1,65,317.0,1594,2,13,27,0
2022,17,2022_17_DEN_KC,DEN,KC,0,66,307.0,1986,3,24,27,0
2022,17,2022_17_DEN_KC,KC,DEN,1,59,374.0,1614,1,27,24,1
2022,17,2022_17_IND_NYG,IND,NYG,0,56,252.0,1704,1,10,38,0
2022,17,2022_17_IND_NYG,NYG,IND,1,61,394.0,1896,1,38,10,1
2022,17,2022_17_JAX_HOU,HOU,JAX,1,67,277.0,1830,1,3,31,0
2022,17,2022_17_JAX_HOU,JAX,HOU,0,60,337.0,1770,2,31,3,1
2022,17,2022_17_LA_LAC,LA,LAC,0,48,277.0,1688,1,10,31,0
2022,17,2022_17_LA_LAC,LAC,LA,1,62,431.0,1912,0,31,10,1
2022,17,2022_17_MIA_NE,MIA,NE,0,69,333.0,2028,2,21,23,0
2022,17,2022_17_MIA_NE,NE,MIA,1,57,249.0,1572,0,23,21,1
2022,17,2022_17_MIN_GB,GB,MIN,1,61,315.0,2044,0,41,17,1
2022,17,2022_17_MIN_GB,MIN,GB,0,57,346.0,1556,4,17,41,0
2022,17,2022_17_NO_PHI,NO,PHI,0,66,313.0,2224,1,20,10,1
2022,17,2022_17_NO_PHI,PHI,NO,1,53,313.0,1376,1,10,20,0
2022,17,2022_17_NYJ_SEA,NYJ,SEA,0,67,279.0,1582,3,6,23,0
2022,17,2022_17_NYJ_SEA,SEA,NYJ,1,71,346.0,2018,0,23,6,1
2022,17,2022_17_PIT_BAL,BAL,PIT,1,50,240.0,1546,1,13,16,0
2022,17,2022_17_PIT_BAL,PIT,BAL,0,70,351.0,2054,0,16,13,1
2022,17,2022_17_SF_LV,LV,SF,1,66,500.0,1920,2,34,37,0
2022,17,2022_17_SF_LV,SF,LV,0,62,454.0,1867,1,37,34,1
2022,18,2022_18_ARI_SF,ARI,SF,0,50,255.0,1546,4,13,38,0
2022,18,2022_18_ARI_SF,SF,ARI,1,61,311.0,2054,0,38,13,1
2022,18,2022_18_BAL_CIN,BAL,CIN,0,75,386.0,1721,4,16,27,0
2022,18,2022_18_BAL_CIN,CIN,BAL,1,64,257.0,1879,1,27,16,1
2022,18,2022_18_CAR_NO,CAR,NO,0,58,203.0,1855,2,10,7,1
2022,18,2022_18_CAR_NO,NO,CAR,1,58,304.0,1745,1,7,10,0
2022,18,2022_18_CLE_PIT,CLE,PIT,0,58,307.0,1744,2,14,28,0
2022,18,2022_18_CLE_PIT,PIT,CLE,1,68,335.0,1856,1,28,14,1
2022,18,2022_18_DAL_WAS,DAL,WAS,0,66,182.0,1428,1,6,26,0
2022,18,2022_18_DAL_WAS,WAS,DAL,1,63,309.0,2172,2,26,6,1
2022,18,2022_18_DET_GB,DET,GB,0,60,323.0,1665,0,20,16,1
2022,18,2022_18_DET_GB,GB,DET,1,57,291.0,1935,2,16,20,0
2022,18,2022_18_HOU_IND,HOU,IND,0,65,362.0,1567,3,32,31,1
2022,18,2022_18_HOU_IND,IND,HOU,1,70,398.0,2033,3,31,32,0
2022,18,2022_18_KC_LV,KC,LV,0,56,349.0,1547,0,31,13,1
2022,18,2022_18_KC_LV,LV,KC,1,67,279.0,2053,2,13,31,0
2022,18,2022_18_LAC_DEN,DEN,LAC,1,62,471.0,1863,1,31,28,1
2022,18,2022_18_LAC_DEN,LAC,DEN,0,68,354.0,1737,3,28,31,0
2022,18,2022_18_LA_SEA,LA,SEA,0,59,269.0,1795,1,16,19,0
2022,18,2022_18_LA_SEA,SEA,LA,1,70,402.0,2131,2,19,16,1
2022,18,2022_18_MIN_CHI,CHI,MIN,1,51,259.0,1404,2,13,29,0
2022,18,2022_18_MIN_CHI,MIN,CHI,0,71,482.0,2196,2,29,13,1
2022,18,2022_18_NE_BUF,BUF,NE,1,58,327.0,1643,2,35,23,1
2022,18,2022_18_NE_BUF,NE,BUF,0,65,341.0,1957,4,23,35,0
2022,18,2022_18_NYG_PHI,NYG,PHI,0,64,284.0,1714,0,16,22,0
2022,18,2022_18_NYG_PHI,PHI,NYG,1,72,342.0,1886,1,22,16,1
2022,18,2022_18_NYJ_MIA,MIA,NYJ,1,64,302.0,2125,0,11,6,1
2022,18,2022_18_NYJ_MIA,NYJ,MIA,0,53,187.0,1475,0,6,11,0
2022,18,2022_18_TB_ATL,ATL,TB,1,67,382.0,2089,1,30,17,1
2022,18,2022_18_TB_ATL,TB,ATL,0,54,222.0,1511,1,17,30,0
2022,18,2022_18_TEN_JAX,JAX,TEN,1,47,222.0,1428,1,20,16,1
2022,18,2022_18_TEN_JAX,TEN,JAX,0,72,312.0,2172,2,16,20,0
2023,1,2023_01_ARI_WAS,ARI,WAS,0,58,210.0,1716,2,16,20,0
2023,1,2023_01_ARI_WAS,WAS,ARI,1,65,248.0,1884,3,20,16,1
2023,1,2023_01_BUF_NYJ,BUF,NYJ,0,68,314.0,1988,4,16,22,0
2023,1,2023_01_BUF_NYJ,NYJ,BUF,1,53,289.0,1670,1,22,16,1
2023,1,2023_01_CAR_ATL,ATL,CAR,1,48,221.0,1519,0,24,10,1
2023,1,2023_01_CAR_ATL,CAR,ATL,0,72,281.0,2081,3,10,24,0
2023,1,2023_01_CIN_CLE,CIN,CLE,0,54,142.0,1450,0,3,24,0
2023,1,2023_01_CIN_CLE,CLE,CIN,1,73,352.0,2150,2,24,3,1
2023,1,2023_01_DAL_NYG,DAL,NYG,0,55,265.0,1592,0,40,0,1
2023,1,2023_01_DAL_NYG,NYG,DAL,1,65,171.0,2008,3,0,40,0
2023,1,2023_01_DET_KC,DET,KC,0,70,368.0,1958,1,21,20,1
2023,1,2023_01_DET_KC,KC,DET,1,62,316.0,1642,1,20,21,0
2023,1,2023_01_GB_CHI,CHI,GB,1,72,313.0,1843,2,20,38,0
2023,1,2023_01_GB_CHI,GB,CHI,0,60,329.0,1757,0,38,20,1
2023,1,2023_01_HOU_BAL,BAL,HOU,1,59,267.0,1855,2,25,9,1
2023,1,2023_01_HOU_BAL,HOU,BAL,0,72,268.0,1745,1,9,25,0
2023,1,2023_01_JAX_IND,IND,JAX,1,69,280.0,1583,3,21,31,0
2023,1,2023_01_JAX_IND,JAX,IND,0,69,342.0,2017,2,31,21,1
2023,1,2023_01_LA_SEA,LA,SEA,0,78,426.0,2363,0,30,13,1
2023,1,2023_01_LA_SEA,SEA,LA,1,46,180.0,1237,0,13,30,0
2023,1,2023_01_LV_DEN,DEN,LV,1,58,260.0,1928,0,16,17,0
2023,1,2023_01_LV_DEN,LV,DEN,0,55,261.0,1672,1,17,16,1
2023,1,2023_01_MIA_LAC,LAC,MIA,1,76,433.0,1961,0,34,36,0
2023,1,2023_01_MIA_LAC,MIA,LAC,0,65,536.0,1639,2,36,34,1
2023,1,2023_01_PHI_NE,NE,PHI,1,79,382.0,1752,2,20,25,0
2023,1,2023_01_PHI_NE,PHI,NE,0,61,251.0,1848,1,25,20,1
2023,1,2023_01_SF_PIT,PIT,SF,1,61,239.0,1357,2,7,30,0
2023,1,2023_01_SF_PIT,SF,PIT,0,66,391.0,2243,1,30,7,1
2023,1,2023_01_TB_MIN,MIN,TB,1,63,369.0,1761,3,17,20,0
2023,1,2023_01_TB_MIN,TB,MIN,0,68,242.0,1839,0,20,17,1
2023,1,2023_01_TEN_NO,NO,TEN,1,64,351.0,1720,2,16,15,1
2023,1,2023_01_TEN_NO,TEN,NO,0,59,285.0,1880,3,15,16,0
2023,2,2023_02_BAL_CIN,BAL,CIN,0,70,415.0,1984,0,27,24,1
2023,2,2023_02_BAL_CIN,CIN,BAL,1,57,282.0,1616,1,24,27,0
2023,2,2023_02_CHI_TB,CHI,TB,0,51,236.0,1444,2,17,27,0
2023,2,2023_02_CHI_TB,TB,CHI,1,68,437.0,2156,0,27,17,1
2023,2,2023_02_CLE_PIT,CLE,PIT,0,83,412.0,2128,4,22,26,0
2023,2,2023_02_CLE_PIT,PIT,CLE,1,54,255.0,1472,2,26,22,1
2023,2,2023_02_GB_ATL,ATL,GB,1,78,446.0,2175,1,25,24,1
2023,2,2023_02_GB_ATL,GB,ATL,0,47,224.0,1425,0,24,25,0
2023,2,2023_02_IND_HOU,HOU,IND,1,79,389.0,2098,1,20,31,0
2023,2,2023_02_IND_HOU,IND,HOU,0,56,353.0,1502,0,31,20,1
2023,2,2023_02_KC_JAX,JAX,KC,1,64,271.0,1691,2,9,17,0
2023,2,2023_02_KC_JAX,KC,JAX,0,64,399.0,1909,2,17,9,1
2023,2,2023_02_LAC_TEN,LAC,TEN,0,66,344.0,1689,0,24,27,0
2023,2,2023_02_LAC_TEN,TEN,LAC,1,63,341.0,2209,0,27,24,1
2023,2,2023_02_LV_BUF,BUF,LV,1,74,450.0,2404,0,38,10,1
2023,2,2023_02_LV_BUF,LV,BUF,0,39,240.0,1196,3,10,38,0
2023,2,2023_02_MIA_NE,MIA,NE,0,61,389.0,1819,1,24,17,1
2023,2,2023_02_MIA_NE,NE,MIA,1,71,288.0,1781,2,17,24,0
2023,2,2023_02_MIN_PHI,MIN,PHI,0,55,374.0,1232,3,28,34,0
2023,2,2023_02_MIN_PHI,PHI,MIN,1,75,430.0,2368,2,34,28,1
2023,2,2023_02_NO_CAR,CAR,NO,1,57,241.0,1631,1,17,20,0
2023,2,2023_02_NO_CAR,NO,CAR,0,74,341.0,1969,1,20,17,1
2023,2,2023_02_NYG_ARI,ARI,NYG,1,61,381.0,1837,0,28,31,0
2023,2,2023_02_NYG_ARI,NYG,ARI,0,67,439.0,1763,1,31,28,1
2023,2,2023_02_NYJ_DAL,DAL,NYJ,1,84,384.0,2535,0,30,10,1
2023,2,2023_02_NYJ_DAL,NYJ,DAL,0,46,215.0,1065,4,10,30,0
2023,2,2023_02_SEA_DET,DET,SEA,1,64,418.0,1848,3,31,37,0
2023,2,2023_02_SEA_DET,SEA,DET,0,67,393.0,2011,0,37,31,1
2023,2,2023_02_SF_LA,LA,SF,1,78,386.0,1991,2,23,30,0
2023,2,2023_02_SF_LA,SF,LA,0,54,365.0,1609,0,30,23,1
2023,2,2023_02_WAS_DEN,DEN,WAS,1,63,399.0,1575,2,33,35,0
2023,2,2023_02_WAS_DEN,WAS,DEN,0,67,390.0,2025,0,35,33,1
2023,3,2023_03_ATL_DET,ATL,DET,0,65,183.0,1623,1,6,20,0
2023,3,2023_03_ATL_DET,DET,ATL,1,64,358.0,1977,1,20,6,1
2023,3,2023_03_BUF_WAS,BUF,WAS,0,65,386.0,2079,1,37,3,1
2023,3,2023_03_BUF_WAS,WAS,BUF,1,51,230.0,1521,5,3,37,0
2023,3,2023_03_CAR_SEA,CAR,SEA,0,75,378.0,1772,0,27,37,0
2023,3,2023_03_CAR_SEA,SEA,CAR,1,72,427.0,1828,1,37,27,1
2023,3,2023_03_CHI_KC,CHI,KC,0,51,203.0,1427,2,10,41,0
2023,3,2023_03_CHI_KC,KC,CHI,1,75,456.0,2173,2,41,10,1
2023,3,2023_03_DAL_ARI,ARI,DAL,1,55,400.0,1527,0,28,16,1
2023,3,2023_03_DAL_ARI,DAL,ARI,0,75,416.0,2073,1,16,28,0
2023,3,2023_03_DEN_MIA,DEN,MIA,0,59,363.0,1599,3,20,70,0
2023,3,2023_03_DEN_MIA,MIA,DEN,1,71,726.0,2001,0,70,20,1
2023,3,2023_03_HOU_JAX,HOU,JAX,0,56,366.0,1677,0,37,17,1
2023,3,2023_03_HOU_JAX,JAX,HOU,1,69,404.0,1923,2,17,37,0
2023,3,2023_03_IND_BAL,BAL,IND,1,72,364.0,1938,2,19,22,0
2023,3,2023_03_IND_BAL,IND,BAL,0,84,327.0,2193,0,22,19,1
2023,3,2023_03_LAC_MIN,LAC,MIN,0,64,475.0,1607,1,28,24,1
2023,3,2023_03_LAC_MIN,MIN,LAC,1,78,475.0,1993,2,24,28,0
2023,3,2023_03_LA_CIN,CIN,LA,1,74,309.0,2160,1,19,16,1
2023,3,2023_03_LA_CIN,LA,CIN,0,52,292.0,1440,2,16,19,0
2023,3,2023_03_NE_NYJ,NE,NYJ,0,69,358.0,1912,0,15,10,1
2023,3,2023_03_NE_NYJ,NYJ,NE,1,61,171.0,1688,0,10,15,0
2023,3,2023_03_NO_GB,GB,NO,1,72,342.0,1955,1,18,17,1
2023,3,2023_03_NO_GB,NO,GB,0,60,252.0,1645,0,17,18,0
2023,3,2023_03_NYG_SF,NYG,SF,0,47,150.0,1250,1,12,30,0
2023,3,2023_03_NYG_SF,SF,NYG,1,78,441.0,2350,0,30,12,1
2023,3,2023_03_PHI_TB,PHI,TB,0,78,472.0,2335,2,25,11,1
2023,3,2023_03_PHI_TB,TB,PHI,1,45,176.0,1265,2,11,25,0
2023,3,2023_03_PIT_LV,LV,PIT,1,68,364.0,1797,3,18,23,0
2023,3,2023_03_PIT_LV,PIT,LV,0,60,333.0,1803,0,23,18,1
2023,3,2023_03_TEN_CLE,CLE,TEN,1,67,341.0,2309,1,27,3,1
2023,3,2023_03_TEN_CLE,TEN,CLE,0,45,94.0,1291,0,3,27,0
2023,4,2023_04_ARI_SF,ARI,SF,0,68,362.0,1846,0,16,35,0
2023,4,2023_04_ARI_SF,SF,ARI,1,53,395.0,1754,0,35,16,1
2023,4,2023_04_ATL_JAX,ATL,JAX,0,57,287.0,1629,3,7,23,0
2023,4,2023_04_ATL_JAX,JAX,ATL,1,64,300.0,1971,0,23,7,1
2023,4,2023_04_BAL_CLE,BAL,CLE,0,55,296.0,1790,1,28,3,1
2023,4,2023_04_BAL_CLE,CLE,BAL,1,65,166.0,1810,3,3,28,0
2023,4,2023_04_CIN_TEN,CIN,TEN,0,51,211.0,1515,1,3,27,0
2023,4,2023_04_CIN_TEN,TEN,CIN,1,62,400.0,2085,1,27,3,1
2023,4,2023_04_DEN_CHI,CHI,DEN,1,70,471.0,2029,2,28,31,0
2023,4,2023_04_DEN_CHI,DEN,CHI,0,48,311.0,1571,0,31,28,1
2023,4,2023_04_DET_GB,DET,GB,0,73,401.0,2278,1,34,20,1
2023,4,2023_04_DET_GB,GB,DET,1,55,232.0,1322,2,20,34,0
2023,4,2023_04_KC_NYJ,KC,NYJ,0,66,401.0,1929,2,23,20,1
2023,4,2023_04_KC_NYJ,NYJ,KC,1,58,338.0,1671,1,20,23,0
2023,4,2023_04_LA_IND,IND,LA,1,60,333.0,1465,1,23,29,0
2023,4,2023_04_LA_IND,LA,IND,0,78,467.0,2386,1,29,23,1
2023,4,2023_04_LV_LAC,LAC,LV,1,63,305.0,1629,1,24,17,1
2023,4,2023_04_LV_LAC,LV,LAC,0,69,264.0,1971,3,17,24,0
2023,4,2023_04_MIA_BUF,BUF,MIA,1,56,414.0,1822,0,48,20,1
2023,4,2023_04_MIA_BUF,MIA,BUF,0,59,393.0,1778,2,20,48,0
2023,4,2023_04_MIN_CAR,CAR,MIN,1,68,232.0,2309,1,13,21,0
2023,4,2023_04_MIN_CAR,MIN,CAR,0,44,265.0,1291,2,21,13,1
2023,4,2023_04_NE_DAL,DAL,NE,1,70,379.0,2109,0,38,3,1
2023,4,2023_04_NE_DAL,NE,DAL,0,55,253.0,1491,3,3,38,0
2023,4,2023_04_PIT_HOU,HOU,PIT,1,69,451.0,1955,0,30,6,1
2023,4,2023_04_PIT_HOU,PIT,HOU,0,56,225.0,1645,1,6,30,0
2023,4,2023_04_SEA_NYG,NYG,SEA,1,74,248.0,2160,3,3,24,0
2023,4,2023_04_SEA_NYG,SEA,NYG,0,51,281.0,1440,0,24,3,1
2023,4,2023_04_TB_NO,NO,TB,1,61,197.0,1729,3,9,26,0
2023,4,2023_04_TB_NO,TB,NO,0,68,353.0,1871,1,26,9,1
2023,4,2023_04_WAS_PHI,PHI,WAS,1,68,417.0,1855,0,34,31,1
2023,4,2023_04_WAS_PHI,WAS,PHI,0,74,365.0,2107,0,31,34,0
2023,5,2023_05_BAL_PIT,BAL,PIT,0,67,335.0,1814,4,10,17,0
2023,5,2023_05_BAL_PIT,PIT,BAL,1,66,289.0,1786,0,17,10,1
2023,5,2023_05_CAR_DET,CAR,DET,0,65,342.0,1725,3,24,42,0
2023,5,2023_05_CAR_DET,DET,CAR,1,60,377.0,1875,0,42,24,1
2023,5,2023_05_CHI_WAS,CHI,WAS,0,64,451.0,1804,0,40,20,1
2023,5,2023_05_CHI_WAS,WAS,CHI,1,68,390.0,1796,2,20,40,0
2023,5,2023_05_CIN_ARI,ARI,CIN,1,57,294.0,1310,3,20,34,0
2023,5,2023_05_CIN_ARI,CIN,ARI,0,79,380.0,2290,1,34,20,1
2023,5,2023_05_DAL_SF,DAL,SF,0,49,197.0,1375,4,10,42,0
2023,5,2023_05_DAL_SF,SF,DAL,1,67,421.0,2225,1,42,10,1
2023,5,2023_05_GB_LV,GB,LV,0,57,285.0,1646,3,13,17,0
2023,5,2023_05_GB_LV,LV,GB,1,64,279.0,1954,1,17,13,1
2023,5,2023_05_HOU_ATL,ATL,HOU,1,75,449.0,2132,2,21,19,1
2023,5,2023_05_HOU_ATL,HOU,ATL,0,58,313.0,1468,0,19,21,0
2023,5,2023_05_JAX_BUF,BUF,JAX,1,55,388.0,1308,2,20,25,0
2023,5,2023_05_JAX_BUF,JAX,BUF,0,83,476.0,2292,2,25,20,1
2023,5,2023_05_KC_MIN,KC,MIN,0,64,333.0,1919,0,27,20,1
2023,5,2023_05_KC_MIN,MIN,KC,1,68,329.0,1681,1,20,27,0
2023,5,2023_05_NO_NE,NE,NO,1,51,156.0,1226,3,0,34,0
2023,5,2023_05_NO_NE,NO,NE,0,70,304.0,2374,0,34,0,1
2023,5,2023_05_NYG_MIA,MIA,NYG,1,54,524.0,1441,3,31,16,1
2023,5,2023_05_NYG_MIA,NYG,MIA,0,68,268.0,2159,0,16,31,0
2023,5,2023_05_NYJ_DEN,DEN,NYJ,1,58,310.0,1524,3,21,31,0
2023,5,2023_05_NYJ_DEN,NYJ,DEN,0,62,407.0,2076,2,31,21,1
2023,5,2023_05_PHI_LA,LA,PHI,1,55,249.0,1325,0,14,23,0
2023,5,2023_05_PHI_LA,PHI,LA,0,78,454.0,2275,1,23,14,1
2023,5,2023_05_TEN_IND,IND,TEN,1,61,429.0,1863,0,23,16,1
2023,5,2023_05_TEN_IND,TEN,IND,0,58,348.0,1737,1,16,23,0
2023,6,2023_06_ARI_LA,ARI,LA,0,73,345.0,1830,3,9,26,0
2023,6,2023_06_ARI_LA,LA,ARI,1,55,382.0,1770,0,26,9,1
2023,6,2023_06_BAL_TEN,BAL,TEN,0,70,360.0,2142,2,24,16,1
2023,6,2023_06_BAL_TEN,TEN,BAL,1,46,233.0,1458,1,16,24,0
2023,6,2023_06_CAR_MIA,CAR,MIA,0,68,296.0,1844,0,21,42,0
2023,6,2023_06_CAR_MIA,MIA,CAR,1,65,424.0,1756,1,42,21,1
2023,6,2023_06_DAL_LAC,DAL,LAC,0,61,342.0,1792,0,20,17,1
2023,6,2023_06_DAL_LAC,LAC,DAL,1,61,272.0,1808,2,17,20,0
2023,6,2023_06_DEN_KC,DEN,KC,0,50,199.0,1451,3,8,19,0
2023,6,2023_06_DEN_KC,KC,DEN,1,70,389.0,2149,1,19,8,1
2023,6,2023_06_DET_TB,DET,TB,0,69,380.0,2190,0,20,6,1
2023,6,2023_06_DET_TB,TB,DET,1,54,251.0,1410,1,6,20,0
2023,6,2023_06_IND_JAX,IND,JAX,0,75,354.0,1879,4,20,37,0
2023,6,2023_06_IND_JAX,JAX,IND,1,62,233.0,1721,1,37,20,1
2023,6,2023_06_MIN_CHI,CHI,MIN,1,65,275.0,2111,3,13,19,0
2023,6,2023_06_MIN_CHI,MIN,CHI,0,55,220.0,1489,1,19,13,1
2023,6,2023_06_NE_LV,LV,NE,1,65,348.0,1932,1,21,17,1
2023,6,2023_06_NE_LV,NE,LV,0,56,259.0,1668,1,17,21,0
2023,6,2023_06_NO_HOU,HOU,NO,1,60,297.0,1707,2,20,13,1
2023,6,2023_06_NO_HOU,NO,HOU,0,78,430.0,1893,1,13,20,0
2023,6,2023_06_NYG_BUF,BUF,NYG,1,59,297.0,1716,2,14,9,1
2023,6,2023_06_NYG_BUF,NYG,BUF,0,73,317.0,1884,0,9,14,0
2023,6,2023_06_PHI_NYJ,NYJ,PHI,1,60,246.0,1756,0,20,14,1
2023,6,2023_06_PHI_NYJ,PHI,NYJ,0,69,348.0,1844,4,14,20,0
2023,6,2023_06_SEA_CIN,CIN,SEA,1,53,214.0,1559,1,17,13,1
2023,6,2023_06_SEA_CIN,SEA,CIN,0,70,384.0,2041,2,13,17,0
2023,6,2023_06_SF_CLE,CLE,SF,1,70,334.0,1983,2,19,17,1
2023,6,2023_06_SF_CLE,SF,CLE,0,55,215.0,1617,1,17,19,0
2023,6,2023_06_WAS_ATL,ATL,WAS,1,80,402.0,2183,3,16,24,0
2023,6,2023_06_WAS_ATL,WAS,ATL,0,50,193.0,1417,0,24,16,1
2023,7,2023_07_ARI_SEA,ARI,SEA,0,63,249.0,1768,1,10,20,0
2023,7,2023_07_ARI_SEA,SEA,ARI,1,58,318.0,1832,2,20,10,1
2023,7,2023_07_ATL_TB,ATL,TB,0,64,401.0,1799,3,16,13,1
2023,7,2023_07_ATL_TB,TB,ATL,1,65,329.0,1801,2,13,16,0
2023,7,2023_07_BUF_NE,BUF,NE,0,66,339.0,1934,2,25,29,0
2023,7,2023_07_BUF_NE,NE,BUF,1,56,364.0,1666,1,29,25,1
2023,7,2023_07_CLE_IND,CLE,IND,0,73,316.0,1649,2,39,38,1
2023,7,2023_07_CLE_IND,IND,CLE,1,67,456.0,1951,4,38,39,0
2023,7,2023_07_DET_BAL,BAL,DET,1,55,503.0,1822,1,38,6,1
2023,7,2023_07_DET_BAL,DET,BAL,0,73,337.0,1778,1,6,38,0
2023,7,2023_07_GB_DEN,DEN,GB,1,55,339.0,1703,0,19,17,1
2023,7,2023_07_GB_DEN,GB,DEN,0,61,331.0,1897,1,17,19,0
2023,7,2023_07_JAX_NO,JAX,NO,0,56,330.0,1430,1,31,24,1
2023,7,2023_07_JAX_NO,NO,JAX,1,88,409.0,2170,2,24,31,0
2023,7,2023_07_LAC_KC,KC,LAC,1,64,483.0,1900,2,31,17,1
2023,7,2023_07_LAC_KC,LAC,KC,0,61,358.0,1700,2,17,31,0
2023,7,2023_07_LV_CHI,CHI,LV,1,69,323.0,2046,0,30,12,1
2023,7,2023_07_LV_CHI,LV,CHI,0,61,235.0,1554,3,12,30,0
2023,7,2023_07_MIA_PHI,MIA,PHI,0,48,244.0,1397,1,17,31,0
2023,7,2023_07_MIA_PHI,PHI,MIA,1,68,355.0,2203,2,31,17,1
2023,7,2023_07_PIT_LA,LA,PIT,1,63,356.0,1906,1,17,24,0
2023,7,2023_07_PIT_LA,PIT,LA,0,56,300.0,1694,0,24,17,1
2023,7,2023_07_SF_MIN,MIN,SF,1,66,452.0,2096,1,22,17,1
2023,7,2023_07_SF_MIN,SF,MIN,0,53,325.0,1504,3,17,22,0
2023,7,2023_07_WAS_NYG,NYG,WAS,1,65,356.0,1726,1,14,7,1
2023,7,2023_07_WAS_NYG,WAS,NYG,0,67,273.0,1874,2,7,14,0
2023,8,2023_08_ATL_TEN,ATL,TEN,0,66,342.0,1621,1,23,28,0
2023,8,2023_08_ATL_TEN,TEN,ATL,1,67,375.0,1979,1,28,23,1
2023,8,2023_08_BAL_ARI,ARI,BAL,1,73,312.0,1821,2,24,31,0
2023,8,2023_08_BAL_ARI,BAL,ARI,0,60,268.0,1827,0,31,24,1
2023,8,2023_08_CHI_LAC,CHI,LAC,0,64,295.0,1712,2,13,30,0
2023,8,2023_08_CHI_LAC,LAC,CHI,1,65,352.0,1888,1,30,13,1
2023,8,2023_08_CIN_SF,CIN,SF,0,62,400.0,1883,1,31,17,1
2023,8,2023_08_CIN_SF,SF,CIN,1,56,460.0,1717,3,17,31,0
2023,8,2023_08_CLE_SEA,CLE,SEA,0,75,385.0,2200,3,20,24,0
2023,8,2023_08_CLE_SEA,SEA,CLE,1,55,362.0,1400,2,24,20,1
2023,8,2023_08_HOU_CAR,CAR,HOU,1,61,224.0,1829,0,15,13,1
2023,8,2023_08_HOU_CAR,HOU,CAR,0,57,229.0,1771,1,13,15,0
2023,8,2023_08_JAX_PIT,JAX,PIT,0,66,379.0,2056,3,20,10,1
2023,8,2023_08_JAX_PIT,PIT,JAX,1,64,261.0,1544,2,10,20,0
2023,8,2023_08_KC_DEN,DEN,KC,1,65,240.0,2027,2,24,9,1
2023,8,2023_08_KC_DEN,KC,DEN,0,57,274.0,1573,4,9,24,0
2023,8,2023_08_LA_DAL,DAL,LA,1,63,387.0,2128,1,43,20,1
2023,8,2023_08_LA_DAL,LA,DAL,0,60,282.0,1472,1,20,43,0
2023,8,2023_08_LV_DET,DET,LV,1,81,486.0,2373,3,26,14,1
2023,8,2023_08_LV_DET,LV,DET,0,45,157.0,1227,1,14,26,0
2023,8,2023_08_MIN_GB,GB,MIN,1,62,270.0,1418,1,10,24,0
2023,8,2023_08_MIN_GB,MIN,GB,0,69,346.0,2182,1,24,10,1
2023,8,2023_08_NE_MIA,MIA,NE,1,73,390.0,2155,2,31,17,1
2023,8,2023_08_NE_MIA,NE,MIA,0,51,218.0,1445,1,17,31,0
2023,8,2023_08_NO_IND,IND,NO,1,67,371.0,1791,1,27,38,0
2023,8,2023_08_NO_IND,NO,IND,0,66,511.0,1809,1,38,27,1
2023,8,2023_08_NYJ_NYG,NYG,NYJ,1,70,194.0,2293,0,10,13,0
2023,8,2023_08_NYJ_NYG,NYJ,NYG,0,62,251.0,1538,2,13,10,1
2023,8,2023_08_PHI_WAS,PHI,WAS,0,62,374.0,1711,2,38,31,1
2023,8,2023_08_PHI_WAS,WAS,PHI,1,69,472.0,1889,1,31,38,0
2023,8,2023_08_TB_BUF,BUF,TB,1,68,427.0,1917,1,24,18,1
2023,8,2023_08_TB_BUF,TB,BUF,0,62,302.0,1683,0,18,24,0
2023,9,2023_09_ARI_CLE,ARI,CLE,0,48,58.0,1415,3,0,27,0
2023,9,2023_09_ARI_CLE,CLE,ARI,1,71,326.0,2185,0,27,0,1
2023,9,2023_09_BUF_CIN,BUF,CIN,0,56,319.0,1402,2,18,24,0
2023,9,2023_09_BUF_CIN,CIN,BUF,1,67,397.0,2198,0,24,18,1
2023,9,2023_09_CHI_NO,CHI,NO,0,64,368.0,1840,5,17,24,0
2023,9,2023_09_CHI_NO,NO,CHI,1,62,301.0,1760,0,24,17,1
2023,9,2023_09_DAL_PHI,DAL,PHI,0,71,406.0,1782,1,23,28,0
2023,9,2023_09_DAL_PHI,PHI,DAL,1,59,292.0,1818,0,28,23,1
2023,9,2023_09_IND_CAR,CAR,IND,1,71,275.0,1869,4,13,27,0
2023,9,2023_09_IND_CAR,IND,CAR,0,57,198.0,1731,0,27,13,1
2023,9,2023_09_LAC_NYJ,LAC,NYJ,0,56,191.0,1533,0,27,6,1
2023,9,2023_09_LAC_NYJ,NYJ,LAC,1,77,270.0,2067,3,6,27,0
2023,9,2023_09_LA_GB,GB,LA,1,68,391.0,2116,2,20,3,1
2023,9,2023_09_LA_GB,LA,GB,0,55,187.0,1484,2,3,20,0
2023,9,2023_09_MIA_KC,KC,MIA,1,56,267.0,1776,1,21,14,1
2023,9,2023_09_MIA_KC,MIA,KC,0,58,292.0,1824,1,14,21,0
2023,9,2023_09_MIN_ATL,ATL,MIN,1,67,370.0,1708,2,28,31,0
2023,9,2023_09_MIN_ATL,MIN,ATL,0,74,365.0,1892,2,31,28,1
2023,9,2023_09_NYG_LV,LV,NYG,1,59,334.0,1736,0,30,6,1
2023,9,2023_09_NYG_LV,NYG,LV,0,63,277.0,1864,2,6,30,0
2023,9,2023_09_SEA_BAL,BAL,SEA,1,75,515.0,2404,2,37,3,1
2023,9,2023_09_SEA_BAL,SEA,BAL,0,47,151.0,1196,2,3,37,0
2023,9,2023_09_TB_HOU,HOU,TB,1,65,498.0,1720,1,39,37,1
2023,9,2023_09_TB_HOU,TB,HOU,0,63,332.0,1880,1,37,39,0
2023,9,2023_09_TEN_PIT,PIT,TEN,1,60,326.0,1731,0,20,16,1
2023,9,2023_09_TEN_PIT,TEN,PIT,0,68,340.0,1869,1,16,20,0
2023,9,2023_09_WAS_NE,NE,WAS,1,63,327.0,1370,1,17,20,0
2023,9,2023_09_WAS_NE,WAS,NE,0,77,432.0,2230,2,20,17,1
2023,10,2023_10_ATL_ARI,ARI,ATL,1,61,352.0,1698,1,25,23,1
2023,10,2023_10_ATL_ARI,ATL,ARI,0,66,254.0,1902,0,23,25,0
2023,10,2023_10_CAR_CHI,CAR,CHI,0,57,213.0,1589,0,13,16,0
2023,10,2023_10_CAR_CHI,CHI,CAR,1,70,295.0,2011,0,16,13,1
2023,10,2023_10_CLE_BAL,BAL,CLE,1,50,306.0,1545,3,31,33,0
2023,10,2023_10_CLE_BAL,CLE,BAL,0,76,375.0,2055,1,33,31,1
2023,10,2023_10_DEN_BUF,BUF,DEN,1,53,371.0,1359,4,22,24,0
2023,10,2023_10_DEN_BUF,DEN,BUF,0,72,300.0,2237,1,24,22,1
2023,10,2023_10_DET_LAC,DET,LAC,0,64,533.0,1834,0,41,38,1
2023,10,2023_10_DET_LAC,LAC,DET,1,68,421.0,1766,1,38,41,0
2023,10,2023_10_GB_PIT,GB,PIT,0,65,399.0,1767,2,19,23,0
2023,10,2023_10_GB_PIT,PIT,GB,1,60,324.0,1833,0,23,19,1
2023,10,2023_10_HOU_CIN,CIN,HOU,1,60,380.0,1710,2,27,30,0
2023,10,2023_10_HOU_CIN,HOU,CIN,0,74,544.0,1890,3,30,27,1
2023,10,2023_10_IND_NE,IND,NE,0,54,264.0,1535,1,10,6,1
2023,10,2023_10_IND_NE,NE,IND,1,68,340.0,2065,2,6,10,0
2023,10,2023_10_NO_MIN,MIN,NO,1,68,388.0,1986,0,27,19,1
2023,10,2023_10_NO_MIN,NO,MIN,0,63,284.0,1614,2,19,27,0
2023,10,2023_10_NYG_DAL,DAL,NYG,1,77,640.0,2241,2,49,17,1
2023,10,2023_10_NYG_DAL,NYG,DAL,0,55,172.0,1359,1,17,49,0
2023,10,2023_10_NYJ_LV,LV,NYJ,1,62,274.0,1818,2,16,12,1
2023,10,2023_10_NYJ_LV,NYJ,LV,0,63,365.0,1782,1,12,16,0
2023,10,2023_10_SF_JAX,JAX,SF,1,54,221.0,1609,4,3,34,0
2023,10,2023_10_SF_JAX,SF,JAX,0,60,437.0,1991,0,34,3,1
2023,10,2023_10_TEN_TB,TB,TEN,1,61,340.0,1900,1,20,6,1
2023,10,2023_10_TEN_TB,TEN,TB,0,59,209.0,1700,1,6,20,0
2023,10,2023_10_WAS_SEA,SEA,WAS,1,74,489.0,1827,0,29,26,1
2023,10,2023_10_WAS_SEA,WAS,SEA,0,61,356.0,1773,1,26,29,0
2023,11,2023_11_ARI_HOU,ARI,HOU,0,59,319.0,1725,1,16,21,0
2023,11,2023_11_ARI_HOU,HOU,ARI,1,67,419.0,1875,4,21,16,1
2023,11,2023_11_CHI_DET,CHI,DET,0,71,334.0,2424,1,26,31,0
2023,11,2023_11_CHI_DET,DET,CHI,1,60,340.0,1176,4,31,26,1
2023,11,2023_11_CIN_BAL,BAL,CIN,1,60,405.0,1837,0,34,20,1
2023,11,2023_11_CIN_BAL,CIN,BAL,0,59,272.0,1763,0,20,34,0
2023,11,2023_11_DAL_CAR,CAR,DAL,1,59,187.0,1719,2,10,33,0
2023,11,2023_11_DAL_CAR,DAL,CAR,0,68,311.0,1881,0,33,10,1
2023,11,2023_11_LAC_GB,GB,LAC,1,71,397.0,1918,0,23,20,1
2023,11,2023_11_LAC_GB,LAC,GB,0,62,394.0,1682,1,20,23,0
2023,11,2023_11_LV_MIA,LV,MIA,0,59,296.0,1665,3,13,20,0
2023,11,2023_11_LV_MIA,MIA,LV,1,68,422.0,1935,3,20,13,1
2023,11,2023_11_MIN_DEN,DEN,MIN,1,53,295.0,1502,0,21,20,1
2023,11,2023_11_MIN_DEN,MIN,DEN,0,70,385.0,2098,3,20,21,0
2023,11,2023_11_NYG_WAS,NYG,WAS,0,54,292.0,1509,0,31,19,1
2023,11,2023_11_NYG_WAS,WAS,NYG,1,77,404.0,2091,6,19,31,0
2023,11,2023_11_NYJ_BUF,BUF,NYJ,1,71,393.0,2211,1,32,6,1
2023,11,2023_11_NYJ_BUF,NYJ,BUF,0,55,155.0,1389,4,6,32,0
2023,11,2023_11_PHI_KC,KC,PHI,1,74,336.0,1921,2,17,21,0
2023,11,2023_11_PHI_KC,PHI,KC,0,54,238.0,1679,1,21,17,1
2023,11,2023_11_PIT_CLE,CLE,PIT,1,73,259.0,1887,1,13,10,1
2023,11,2023_11_PIT_CLE,PIT,CLE,0,57,249.0,1713,0,10,13,0
2023,11,2023_11_SEA_LA,LA,SEA,1,59,267.0,1674,1,17,16,1
2023,11,2023_11_SEA_LA,SEA,LA,0,63,291.0,1926,1,16,17,0
2023,11,2023_11_TB_SF,SF,TB,1,59,420.0,1851,0,27,14,1
2023,11,2023_11_TB_SF,TB,SF,0,67,287.0,1749,2,14,27,0
2023,11,2023_11_TEN_JAX,JAX,TEN,1,69,389.0,2186,1,34,14,1
2023,11,2023_11_TEN_JAX,TEN,JAX,0,38,235.0,1414,1,14,34,0
2023,12,2023_12_BAL_LAC,BAL,LAC,0,69,361.0,2003,0,20,10,1
2023,12,2023_12_BAL_LAC,LAC,BAL,1,66,279.0,1597,4,10,20,0
2023,12,2023_12_BUF_PHI,BUF,PHI,0,92,505.0,2430,1,34,37,0
2023,12,2023_12_BUF_PHI,PHI,BUF,1,65,378.0,1613,2,37,34,1
2023,12,2023_12_CAR_TEN,CAR,TEN,0,67,258.0,2029,1,10,17,0
2023,12,2023_12_CAR_TEN,TEN,CAR,1,53,264.0,1571,0,17,10,1
2023,12,2023_12_CHI_MIN,CHI,MIN,0,68,317.0,2150,2,12,10,1
2023,12,2023_12_CHI_MIN,MIN,CHI,1,51,242.0,1450,4,10,12,0
2023,12,2023_12_CLE_DEN,CLE,DEN,0,71,269.0,1632,3,12,29,0
2023,12,2023_12_CLE_DEN,DEN,CLE,1,62,294.0,1968,1,29,12,1
2023,12,2023_12_GB_DET,DET,GB,1,79,466.0,1916,3,22,29,0
2023,12,2023_12_GB_DET,GB,DET,0,55,377.0,1684,0,29,22,1
2023,12,2023_12_JAX_HOU,HOU,JAX,1,58,352.0,1566,0,21,24,0
2023,12,2023_12_JAX_HOU,JAX,HOU,0,69,447.0,2034,1,24,21,1
2023,12,2023_12_KC_LV,KC,LV,0,58,360.0,1845,0,31,17,1
2023,12,2023_12_KC_LV,LV,KC,1,58,358.0,1755,0,17,31,0
2023,12,2023_12_LA_ARI,ARI,LA,1,66,294.0,1508,0,14,37,0
2023,12,2023_12_LA_ARI,LA,ARI,0,66,457.0,2092,1,37,14,1
2023,12,2023_12_MIA_NYJ,MIA,NYJ,0,69,395.0,2141,3,34,13,1
2023,12,2023_12_MIA_NYJ,NYJ,MIA,1,55,159.0,1459,2,13,34,0
2023,12,2023_12_NE_NYG,NE,NYG,0,68,283.0,2046,3,7,10,0
2023,12,2023_12_NE_NYG,NYG,NE,1,50,220.0,1554,1,10,7,1
2023,12,2023_12_NO_ATL,ATL,NO,1,62,396.0,1706,2,24,15,1
2023,12,2023_12_NO_ATL,NO,ATL,0,67,444.0,1894,2,15,24,0
2023,12,2023_12_PIT_CIN,CIN,PIT,1,41,222.0,1363,1,10,16,0
2023,12,2023_12_PIT_CIN,PIT,CIN,0,68,421.0,2237,1,16,10,1
2023,12,2023_12_SF_SEA,SEA,SF,1,54,220.0,1470,1,13,31,0
2023,12,2023_12_SF_SEA,SF,SEA,0,65,377.0,2130,2,31,13,1
2023,12,2023_12_TB_IND,IND,TB,1,70,394.0,1881,1,27,20,1
2023,12,2023_12_TB_IND,TB,IND,0,56,298.0,1719,2,20,27,0
2023,12,2023_12_WAS_DAL,DAL,WAS,1,51,433.0,1386,0,45,10,1
2023,12,2023_12_WAS_DAL,WAS,DAL,0,75,376.0,2214,1,10,45,0
2023,13,2023_13_ARI_PIT,ARI,PIT,0,63,282.0,1757,0,24,10,1
2023,13,2023_13_ARI_PIT,PIT,ARI,1,58,317.0,1843,1,10,24,0
2023,13,2023_13_ATL_NYJ,ATL,NYJ,0,64,194.0,1774,0,13,8,1
2023,13,2023_13_ATL_NYJ,NYJ,ATL,1,67,259.0,1826,3,8,13,0
2023,13,2023_13_CAR_TB,CAR,TB,0,70,284.0,2022,1,18,21,0
2023,13,2023_13_CAR_TB,TB,CAR,1,58,322.0,1578,1,21,18,1
2023,13,2023_13_CIN_JAX,CIN,JAX,0,72,491.0,2043,1,34,31,1
2023,13,2023_13_CIN_JAX,JAX,CIN,1,68,376.0,2052,0,31,34,0
2023,13,2023_13_CLE_LA,CLE,LA,0,69,327.0,2043,1,19,36,0
2023,13,2023_13_CLE_LA,LA,CLE,1,62,399.0,1557,0,36,19,1
2023,13,2023_13_DEN_HOU,DEN,HOU,0,59,282.0,1616,3,17,22,0
2023,13,2023_13_DEN_HOU,HOU,DEN,1,64,353.0,1984,0,22,17,1
2023,13,2023_13_DET_NO,DET,NO,0,57,347.0,1670,0,33,28,1
2023,13,2023_13_DET_NO,NO,DET,1,67,362.0,1930,2,28,33,0
2023,13,2023_13_IND_TEN,IND,TEN,0,69,355.0,1743,1,31,28,1
2023,13,2023_13_IND_TEN,TEN,IND,1,81,381.0,2306,2,28,31,0
2023,13,2023_13_KC_GB,GB,KC,1,63,382.0,1832,0,27,19,1
2023,13,2023_13_KC_GB,KC,GB,0,62,337.0,1768,1,19,27,0
2023,13,2023_13_LAC_NE,LAC,NE,0,61,241.0,1730,0,6,0,1
2023,13,2023_13_LAC_NE,NE,LAC,1,62,257.0,1870,1,0,6,0
2023,13,2023_13_MIA_WAS,MIA,WAS,0,59,406.0,1936,0,45,15,1
2023,13,2023_13_MIA_WAS,WAS,MIA,1,55,247.0,1664,1,15,45,0
2023,13,2023_13_SEA_DAL,DAL,SEA,1,80,413.0,2187,0,41,35,1
2023,13,2023_13_SEA_DAL,SEA,DAL,0,64,406.0,1413,1,35,41,0
2023,13,2023_13_SF_PHI,PHI,SF,1,70,333.0,1899,0,19,42,0
2023,13,2023_13_SF_PHI,SF,PHI,0,57,456.0,1701,0,42,19,1
2023,14,2023_14_BUF_KC,BUF,KC,0,73,327.0,2121,1,20,17,1
2023,14,2023_14_BUF_KC,KC,BUF,1,62,346.0,1479,2,17,20,0
2023,14,2023_14_CAR_NO,CAR,NO,0,79,303.0,2090,2,6,28,0
2023,14,2023_14_CAR_NO,NO,CAR,1,52,207.0,1510,1,28,6,1
2023,14,2023_14_DEN_LAC,DEN,LAC,0,66,322.0,2009,1,24,7,1
2023,14,2023_14_DEN_LAC,LAC,DEN,1,67,283.0,1591,2,7,24,0
2023,14,2023_14_DET_CHI,CHI,DET,1,67,336.0,1999,0,28,13,1
2023,14,2023_14_DET_CHI,DET,CHI,0,63,267.0,1601,3,13,28,0
2023,14,2023_14_GB_NYG,GB,NYG,0,67,326.0,1866,3,22,24,0
2023,14,2023_14_GB_NYG,NYG,GB,1,55,367.0,1734,2,24,22,1
2023,14,2023_14_HOU_NYJ,HOU,NYJ,0,52,135.0,1375,0,6,30,0
2023,14,2023_14_HOU_NYJ,NYJ,HOU,1,66,347.0,2225,1,30,6,1
2023,14,2023_14_IND_CIN,CIN,IND,1,57,385.0,1912,2,34,14,1
2023,14,2023_14_IND_CIN,IND,CIN,0,61,274.0,1688,1,14,34,0
2023,14,2023_14_JAX_CLE,CLE,JAX,1,74,389.0,1909,3,31,27,1
2023,14,2023_14_JAX_CLE,JAX,CLE,0,75,293.0,1691,4,27,31,0
2023,14,2023_14_LA_BAL,BAL,LA,1,72,451.0,1663,1,37,31,1
2023,14,2023_14_LA_BAL,LA,BAL,0,74,410.0,2075,0,31,37,0
2023,14,2023_14_MIN_LV,LV,MIN,1,53,202.0,1669,3,0,3,0
2023,14,2023_14_MIN_LV,MIN,LV,0,71,231.0,1931,0,3,0,1
2023,14,2023_14_NE_PIT,NE,PIT,0,55,303.0,1661,1,21,18,1
2023,14,2023_14_NE_PIT,PIT,NE,1,67,266.0,1939,1,18,21,0
2023,14,2023_14_PHI_DAL,DAL,PHI,1,74,394.0,2196,1,33,13,1
2023,14,2023_14_PHI_DAL,PHI,DAL,0,52,324.0,1404,3,13,33,0
2023,14,2023_14_SEA_SF,SEA,SF,0,56,324.0,1845,2,16,28,0
2023,14,2023_14_SEA_SF,SF,SEA,1,53,527.0,1755,2,28,16,1
2023,14,2023_14_TB_ATL,ATL,TB,1,70,436.0,1700,1,25,29,0
2023,14,2023_14_TB_ATL,TB,ATL,0,67,290.0,1900,0,29,25,1
2023,14,2023_14_TEN_MIA,MIA,TEN,1,69,366.0,1944,2,27,28,0
2023,14,2023_14_TEN_MIA,TEN,MIA,0,69,405.0,1656,2,28,27,1
2023,15,2023_15_ATL_CAR,ATL,CAR,0,51,204.0,1564,2,7,9,0
2023,15,2023_15_ATL_CAR,CAR,ATL,1,63,283.0,2036,0,9,7,1
2023,15,2023_15_BAL_JAX,BAL,JAX,0,69,396.0,2059,1,23,7,1
2023,15,2023_15_BAL_JAX,JAX,BAL,1,61,333.0,1541,2,7,23,0
2023,15,2023_15_CHI_CLE,CHI,CLE,0,70,236.0,1740,2,17,20,0
2023,15,2023_15_CHI_CLE,CLE,CHI,1,67,377.0,1860,4,20,17,1
2023,15,2023_15_DAL_BUF,BUF,DAL,1,65,351.0,2105,0,31,10,1
2023,15,2023_15_DAL_BUF,DAL,BUF,0,57,195.0,1495,1,10,31,0
2023,15,2023_15_DEN_DET,DEN,DET,0,62,287.0,1722,1,17,42,0
2023,15,2023_15_DEN_DET,DET,DEN,1,64,448.0,1878,0,42,17,1
2023,15,2023_15_HOU_TEN,HOU,TEN,0,72,340.0,2192,1,19,16,1
2023,15,2023_15_HOU_TEN,TEN,HOU,1,63,204.0,2008,1,16,19,0
2023,15,2023_15_KC_NE,KC,NE,0,61,326.0,1874,2,27,17,1
2023,15,2023_15_KC_NE,NE,KC,1,51,206.0,1726,1,17,27,0
2023,15,2023_15_LAC_LV,LAC,LV,0,63,326.0,1809,4,21,63,0
2023,15,2023_15_LAC_LV,LV,LAC,1,63,378.0,1791,1,63,21,1
2023,15,2023_15_MIN_CIN,CIN,MIN,1,69,378.0,1988,1,27,24,1
2023,15,2023_15_MIN_CIN,MIN,CIN,0,67,424.0,2021,2,24,27,0
2023,15,2023_15_NYG_NO,NO,NYG,1,58,296.0,2007,0,24,6,1
2023,15,2023_15_NYG_NO,NYG,NO,0,61,193.0,1593,0,6,24,0
2023,15,2023_15_NYJ_MIA,MIA,NYJ,1,57,290.0,2181,0,30,0,1
2023,15,2023_15_NYJ_MIA,NYJ,MIA,0,55,103.0,1419,4,0,30,0
2023,15,2023_15_PHI_SEA,PHI,SEA,0,69,321.0,1978,2,17,20,0
2023,15,2023_15_PHI_SEA,SEA,PHI,1,59,297.0,1622,0,20,17,1
2023,15,2023_15_PIT_IND,IND,PIT,1,65,372.0,2000,0,30,13,1
2023,15,2023_15_PIT_IND,PIT,IND,0,54,216.0,1600,3,13,30,0
2023,15,2023_15_SF_ARI,ARI,SF,1,73,436.0,2051,2,29,45,0
2023,15,2023_15_SF_ARI,SF,ARI,0,54,406.0,1549,0,45,29,1
2023,15,2023_15_TB_GB,GB,TB,1,58,321.0,1853,1,20,34,0
2023,15,2023_15_TB_GB,TB,GB,0,60,452.0,1747,1,34,20,1
2023,15,2023_15_WAS_LA,LA,WAS,1,74,447.0,2153,2,28,20,1
2023,15,2023_15_WAS_LA,WAS,LA,0,58,297.0,1447,1,20,28,0
2023,16,2023_16_ARI_CHI,ARI,CHI,0,61,306.0,1528,0,16,27,0
2023,16,2023_16_ARI_CHI,CHI,ARI,1,67,420.0,2072,1,27,16,1
2023,16,2023_16_BAL_SF,BAL,SF,0,63,343.0,1874,0,33,19,1
2023,16,2023_16_BAL_SF,SF,BAL,1,68,429.0,1726,5,19,33,0
2023,16,2023_16_BUF_LAC,BUF,LAC,0,52,335.0,1616,2,24,22,1
2023,16,2023_16_BUF_LAC,LAC,BUF,1,65,270.0,1984,1,22,24,0
2023,16,2023_16_CIN_PIT,CIN,PIT,0,62,370.0,1909,3,11,34,0
2023,16,2023_16_CIN_PIT,PIT,CIN,1,58,397.0,1691,0,34,11,1
2023,16,2023_16_CLE_HOU,CLE,HOU,0,78,422.0,2130,2,36,22,1
2023,16,2023_16_CLE_HOU,HOU,CLE,1,68,250.0,1586,2,22,36,0
2023,16,2023_16_DAL_MIA,DAL,MIA,0,61,339.0,1862,1,20,22,0
2023,16,2023_16_DAL_MIA,MIA,DAL,1,64,375.0,1738,0,22,20,1
2023,16,2023_16_DET_MIN,DET,MIN,0,77,389.0,2302,1,30,24,1
2023,16,2023_16_DET_MIN,MIN,DET,1,51,390.0,1298,4,24,30,0
2023,16,2023_16_GB_CAR,CAR,GB,1,64,396.0,1881,0,30,33,0
2023,16,2023_16_GB_CAR,GB,CAR,0,63,369.0,1719,0,33,30,1
2023,16,2023_16_IND_ATL,ATL,IND,1,64,406.0,1764,0,29,10,1
2023,16,2023_16_IND_ATL,IND,ATL,0,68,262.0,1836,1,10,29,0
2023,16,2023_16_JAX_TB,JAX,TB,0,63,305.0,1373,4,12,30,0
2023,16,2023_16_JAX_TB,TB,JAX,1,73,335.0,2227,0,30,12,1
2023,16,2023_16_LV_KC,KC,LV,1,74,308.0,2058,2,14,20,0
2023,16,2023_16_LV_KC,LV,KC,0,54,207.0,1542,0,20,14,1
2023,16,2023_16_NE_DEN,DEN,NE,1,67,280.0,1878,2,23,26,0
2023,16,2023_16_NE_DEN,NE,DEN,0,56,289.0,1722,1,26,23,1
2023,16,2023_16_NO_LA,LA,NO,1,67,458.0,2058,0,30,22,1
2023,16,2023_16_NO_LA,NO,LA,0,59,341.0,1542,1,22,30,0
2023,16,2023_16_NYG_PHI,NYG,PHI,0,60,294.0,1522,1,25,33,0
2023,16,2023_16_NYG_PHI,PHI,NYG,1,74,465.0,2078,2,33,25,1
2023,16,2023_16_SEA_TEN,SEA,TEN,0,59,273.0,1569,0,20,17,1
2023,16,2023_16_SEA_TEN,TEN,SEA,1,64,287.0,2031,0,17,20,0
2023,16,2023_16_WAS_NYJ,NYJ,WAS,1,85,381.0,2176,3,30,28,1
2023,16,2023_16_WAS_NYJ,WAS,NYJ,0,58,245.0,1424,2,28,30,0
2023,17,2023_17_ARI_PHI,ARI,PHI,0,72,449.0,2379,1,35,31,1
2023,17,2023_17_ARI_PHI,PHI,ARI,1,47,275.0,1221,1,31,35,0
2023,17,2023_17_ATL_CHI,ATL,CHI,0,59,307.0,1366,4,17,37,0
2023,17,2023_17_ATL_CHI,CHI,ATL,1,72,432.0,2234,0,37,17,1
2023,17,2023_17_CAR_JAX,CAR,JAX,0,53,124.0,1591,1,0,26,0
2023,17,2023_17_CAR_JAX,JAX,CAR,1,62,317.0,2009,0,26,0,1
2023,17,2023_17_CIN_KC,CIN,KC,0,71,263.0,2057,0,17,25,0
2023,17,2023_17_CIN_KC,KC,CIN,1,53,373.0,1543,1,25,17,1
2023,17,2023_17_DET_DAL,DAL,DET,1,62,384.0,1764,2,20,19,1
2023,17,2023_17_DET_DAL,DET,DAL,0,68,420.0,1836,2,19,20,0
2023,17,2023_17_GB_MIN,GB,MIN,0,73,470.0,2252,0,33,10,1
2023,17,2023_17_GB_MIN,MIN,GB,1,52,211.0,1348,3,10,33,0
2023,17,2023_17_LAC_DEN,DEN,LAC,1,67,313.0,2026,0,16,9,1
2023,17,2023_17_LAC_DEN,LAC,DEN,0,63,301.0,1574,1,9,16,0
2023,17,2023_17_LA_NYG,LA,NYG,0,61,391.0,1811,3,26,25,1
2023,17,2023_17_LA_NYG,NYG,LA,1,68,389.0,1789,1,25,26,0
2023,17,2023_17_LV_IND,IND,LV,1,53,349.0,1576,0,23,20,1
2023,17,2023_17_LV_IND,LV,IND,0,74,370.0,2024,0,20,23,0
2023,17,2023_17_MIA_BAL,BAL,MIA,1,55,491.0,1823,1,56,19,1
2023,17,2023_17_MIA_BAL,MIA,BAL,0,67,375.0,1777,3,19,56,0
2023,17,2023_17_NE_BUF,BUF,NE,1,68,281.0,1972,1,27,21,1
2023,17,2023_17_NE_BUF,NE,BUF,0,53,294.0,1628,4,21,27,0
2023,17,2023_17_NO_TB,NO,TB,0,70,310.0,2198,0,23,13,1
2023,17,2023_17_NO_TB,TB,NO,1,51,349.0,1402,4,13,23,0
2023,17,2023_17_NYJ_CLE,CLE,NYJ,1,58,428.0,1689,3,37,20,1
2023,17,2023_17_NYJ_CLE,NYJ,CLE,0,68,360.0,1911,2,20,37,0
2023,17,2023_17_PIT_SEA,PIT,SEA,0,71,468.0,2253,0,30,23,1
2023,17,2023_17_PIT_SEA,SEA,PIT,1,49,369.0,1347,1,23,30,0
2023,17,2023_17_SF_WAS,SF,WAS,0,68,408.0,2293,0,27,10,1
2023,17,2023_17_SF_WAS,WAS,SF,1,43,225.0,1307,2,10,27,0
2023,17,2023_17_TEN_HOU,HOU,TEN,1,61,312.0,1991,0,26,3,1
2023,17,2023_17_TEN_HOU,TEN,HOU,0,53,187.0,1609,1,3,26,0
2023,18,2023_18_ATL_NO,ATL,NO,0,60,389.0,1570,3,17,48,0
2023,18,2023_18_ATL_NO,NO,ATL,1,66,400.0,2030,0,48,17,1
2023,18,2023_18_BUF_MIA,BUF,MIA,0,77,473.0,2287,3,21,14,1
2023,18,2023_18_BUF_MIA,MIA,BUF,1,48,275.0,1313,2,14,21,0
2023,18,2023_18_CHI_GB,CHI,GB,0,46,192.0,1716,0,9,17,0
2023,18,2023_18_CHI_GB,GB,CHI,1,60,432.0,1884,1,17,9,1
2023,18,2023_18_CLE_CIN,CIN,CLE,1,61,328.0,2146,1,31,14,1
2023,18,2023_18_CLE_CIN,CLE,CIN,0,53,244.0,1454,2,14,31,0
2023,18,2023_18_DAL_WAS,DAL,WAS,0,69,440.0,2035,1,38,10,1
2023,18,2023_18_DAL_WAS,WAS,DAL,1,49,180.0,1565,3,10,38,0
2023,18,2023_18_DEN_LV,DEN,LV,0,59,286.0,1764,1,14,27,0
2023,18,2023_18_DEN_LV,LV,DEN,1,66,359.0,1836,0,27,14,1
2023,18,2023_18_HOU_IND,HOU,IND,0,56,306.0,1758,0,23,19,1
2023,18,2023_18_HOU_IND,IND,HOU,1,63,362.0,1842,1,19,23,0
2023,18,2023_18_JAX_TEN,JAX,TEN,0,66,362.0,1937,2,20,28,0
2023,18,2023_18_JAX_TEN,TEN,JAX,1,55,327.0,1663,1,28,20,1
2023,18,2023_18_KC_LAC,KC,LAC,0,59,268.0,1625,1,13,12,1
2023,18,2023_18_KC_LAC,LAC,KC,1,80,353.0,1975,1,12,13,0
2023,18,2023_18_LA_SF,LA,SF,0,63,260.0,1860,1,21,20,1
2023,18,2023_18_LA_SF,SF,LA,1,58,300.0,1740,1,20,21,0
2023,18,2023_18_MIN_DET,DET,MIN,1,56,381.0,1501,0,30,20,1
2023,18,2023_18_MIN_DET,MIN,DET,0,70,448.0,2099,2,20,30,0
2023,18,2023_18_NYJ_NE,NE,NYJ,1,58,119.0,1578,3,3,17,0
2023,18,2023_18_NYJ_NE,NYJ,NE,0,64,256.0,2022,0,17,3,1
2023,18,2023_18_PHI_NYG,NYG,PHI,1,66,415.0,1977,1,27,10,1
2023,18,2023_18_PHI_NYG,PHI,NYG,0,65,299.0,1623,4,10,27,0
2023,18,2023_18_PIT_BAL,BAL,PIT,1,57,224.0,1506,2,10,17,0
2023,18,2023_18_PIT_BAL,PIT,BAL,0,62,289.0,2094,2,17,10,1
2023,18,2023_18_SEA_ARI,ARI,SEA,1,69,466.0,2163,0,20,21,0
2023,18,2023_18_SEA_ARI,SEA,ARI,0,54,329.0,1437,0,21,20,1
2023,18,2023_18_TB_CAR,CAR,TB,1,50,199.0,1716,2,0,9,0
2023,18,2023_18_TB_CAR,TB,CAR,0,64,228.0,1884,0,9,0,1
2024,1,2024_01_ARI_BUF,ARI,BUF,0,61,272.0,1770,1,28,34,0
2024,1,2024_01_ARI_BUF,BUF,ARI,1,58,352.0,1830,1,34,28,1
2024,1,2024_01_BAL_KC,BAL,KC,0,74,452.0,2023,1,20,27,0
2024,1,2024_01_BAL_KC,KC,BAL,1,50,353.0,1577,1,27,20,1
2024,1,2024_01_CAR_NO,CAR,NO,0,55,193.0,1401,4,10,47,0
2024,1,2024_01_CAR_NO,NO,CAR,1,62,379.0,2199,0,47,10,1
2024,1,2024_01_DAL_CLE,CLE,DAL,1,70,230.0,1854,2,17,33,0
2024,1,2024_01_DAL_CLE,DAL,CLE,0,60,265.0,1746,0,33,17,1
2024,1,2024_01_DEN_SEA,DEN,SEA,0,69,231.0,1874,4,20,26,0
2024,1,2024_01_DEN_SEA,SEA,DEN,1,61,304.0,1726,1,26,20,1
2024,1,2024_01_GB_PHI,GB,PHI,0,59,414.0,1633,1,29,34,0
2024,1,2024_01_GB_PHI,PHI,GB,1,74,410.0,1967,3,34,29,1
2024,1,2024_01_HOU_IND,HOU,IND,0,77,417.0,2400,0,29,27,1
2024,1,2024_01_HOU_IND,IND,HOU,1,44,303.0,1200,1,27,29,0
2024,1,2024_01_JAX_MIA,JAX,MIA,0,50,267.0,1610,1,17,20,0
2024,1,2024_01_JAX_MIA,MIA,JAX,1,65,400.0,1990,0,20,17,1
2024,1,2024_01_LA_DET,DET,LA,1,61,363.0,1785,1,26,20,1
2024,1,2024_01_LA_DET,LA,DET,0,74,387.0,2096,1,20,26,0
2024,1,2024_01_LV_LAC,LAC,LV,1,55,316.0,1696,0,22,10,1
2024,1,2024_01_LV_LAC,LV,LAC,0,59,296.0,1904,3,10,22,0
2024,1,2024_01_MIN_NYG,MIN,NYG,0,51,312.0,1654,2,28,6,1
2024,1,2024_01_MIN_NYG,NYG,MIN,1,68,240.0,1946,2,6,28,0
2024,1,2024_01_NE_CIN,CIN,NE,1,48,224.0,1557,1,10,16,0
2024,1,2024_01_NE_CIN,NE,CIN,0,64,290.0,2043,1,16,10,1
2024,1,2024_01_NYJ_SF,NYJ,SF,0,51,266.0,1280,2,19,32,0
2024,1,2024_01_NYJ_SF,SF,NYJ,1,70,401.0,2320,0,32,19,1
2024,1,2024_01_PIT_ATL,ATL,PIT,1,50,226.0,1464,3,10,18,0
2024,1,2024_01_PIT_ATL,PIT,ATL,0,66,270.0,2136,0,18,10,1
2024,1,2024_01_TEN_CHI,CHI,TEN,1,54,150.0,1601,1,24,17,1
2024,1,2024_01_TEN_CHI,TEN,CHI,0,61,244.0,2094,3,17,24,0
2024,1,2024_01_WAS_TB,TB,WAS,1,61,392.0,2021,0,37,20,1
2024,1,2024_01_WAS_TB,WAS,TB,0,57,299.0,1579,0,20,37,0
2024,2,2024_02_ATL_PHI,ATL,PHI,0,59,385.0,1461,0,22,21,1
2024,2,2024_02_ATL_PHI,PHI,ATL,1,69,367.0,2139,1,21,22,0
2024,2,2024_02_BUF_MIA,BUF,MIA,0,45,247.0,1421,0,31,10,1
2024,2,2024_02_BUF_MIA,MIA,BUF,1,75,351.0,2179,3,10,31,0
2024,2,2024_02_CHI_HOU,CHI,HOU,0,66,205.0,1873,2,13,19,0
2024,2,2024_02_CHI_HOU,HOU,CHI,1,61,310.0,1727,1,19,13,1
2024,2,2024_02_CIN_KC,CIN,KC,0,61,320.0,1889,1,25,26,0
2024,2,2024_02_CIN_KC,KC,CIN,1,60,286.0,1711,3,26,25,1
2024,2,2024_02_CLE_JAX,CLE,JAX,0,65,297.0,2063,0,18,13,1
2024,2,2024_02_CLE_JAX,JAX,CLE,1,55,323.0,1537,0,13,18,0
2024,2,2024_02_IND_GB,GB,IND,1,67,383.0,2411,1,16,10,1
2024,2,2024_02_IND_GB,IND,GB,0,53,338.0,1189,3,10,16,0
2024,2,2024_02_LAC_CAR,CAR,LAC,1,46,159.0,1422,1,3,26,0
2024,2,2024_02_LAC_CAR,LAC,CAR,0,65,349.0,2178,2,26,3,1
2024,2,2024_02_LA_ARI,ARI,LA,1,62,489.0,2214,1,41,10,1
2024,2,2024_02_LA_ARI,LA,ARI,0,52,245.0,1386,1,10,41,0
2024,2,2024_02_LV_BAL,BAL,LV,1,63,358.0,1757,1,23,26,0
2024,2,2024_02_LV_BAL,LV,BAL,0,60,260.0,1843,1,26,23,1
2024,2,2024_02_NO_DAL,DAL,NO,1,66,353.0,1769,2,19,44,0
2024,2,2024_02_NO_DAL,NO,DAL,0,56,432.0,1831,1,44,19,1
2024,2,2024_02_NYG_WAS,NYG,WAS,0,53,304.0,1348,1,18,21,0
2024,2,2024_02_NYG_WAS,WAS,NYG,1,69,425.0,2252,0,21,18,1
2024,2,2024_02_NYJ_TEN,NYJ,TEN,0,56,265.0,1803,0,24,17,1
2024,2,2024_02_NYJ_TEN,TEN,NYJ,1,60,300.0,1797,2,17,24,0
2024,2,2024_02_PIT_DEN,DEN,PIT,1,56,295.0,1661,2,6,13,0
2024,2,2024_02_PIT_DEN,PIT,DEN,0,58,251.0,1939,0,13,6,1
2024,2,2024_02_SEA_NE,NE,SEA,1,66,310.0,2142,0,20,23,0
2024,2,2024_02_SEA_NE,SEA,NE,0,66,358.0,1781,0,23,20,1
2024,2,2024_02_SF_MIN,MIN,SF,1,54,403.0,1512,2,23,17,1
2024,2,2024_02_SF_MIN,SF,MIN,0,67,396.0,2088,2,17,23,0
2024,2,2024_02_TB_DET,DET,TB,1,83,463.0,2033,2,16,20,0
2024,2,2024_02_TB_DET,TB,DET,0,47,216.0,1567,1,20,16,1
2024,3,2024_03_BAL_DAL,BAL,DAL,0,60,456.0,2191,0,28,25,1
2024,3,2024_03_BAL_DAL,DAL,BAL,1,72,412.0,1515,1,25,28,0
2024,3,2024_03_CAR_LV,CAR,LV,0,71,437.0,2162,0,36,22,1
2024,3,2024_03_CAR_LV,LV,CAR,1,60,333.0,1438,1,22,36,0
2024,3,2024_03_CHI_IND,CHI,IND,0,85,395.0,2101,3,16,21,0
2024,3,2024_03_CHI_IND,IND,CHI,1,54,306.0,1499,2,21,16,1
2024,3,2024_03_DEN_TB,DEN,TB,0,64,352.0,1928,1,26,7,1
2024,3,2024_03_DEN_TB,TB,DEN,1,56,223.0,1672,2,7,26,0
2024,3,2024_03_DET_ARI,ARI,DET,1,53,277.0,1391,1,13,20,0
2024,3,2024_03_DET_ARI,DET,ARI,0,68,373.0,2209,1,20,13,1
2024,3,2024_03_GB_TEN,GB,TEN,0,59,378.0,1948,0,30,14,1
2024,3,2024_03_GB_TEN,TEN,GB,1,53,237.0,1652,3,14,30,0
2024,3,2024_03_HOU_MIN,HOU,MIN,0,63,296.0,1842,2,7,34,0
2024,3,2024_03_HOU_MIN,MIN,HOU,1,60,274.0,1758,0,34,7,1
2024,3,2024_03_JAX_BUF,BUF,JAX,1,60,388.0,1900,0,47,10,1
2024,3,2024_03_JAX_BUF,JAX,BUF,0,68,239.0,1700,2,10,47,0
2024,3,2024_03_KC_ATL,ATL,KC,1,56,311.0,1503,1,17,22,0
2024,3,2024_03_KC_ATL,KC,ATL,0,72,345.0,2097,1,22,17,1
2024,3,2024_03_LAC_PIT,LAC,PIT,0,45,166.0,1569,0,10,20,0
2024,3,2024_03_LAC_PIT,PIT,LAC,1,65,346.0,2031,1,20,10,1
2024,3,2024_03_MIA_SEA,MIA,SEA,0,56,205.0,1712,0,3,24,0
2024,3,2024_03_MIA_SEA,SEA,MIA,1,60,370.0,1888,2,24,3,1
2024,3,2024_03_NE_NYJ,NE,NYJ,0,48,139.0,1196,1,3,24,0
2024,3,2024_03_NE_NYJ,NYJ,NE,1,70,400.0,2404,0,24,3,1
2024,3,2024_03_NYG_CLE,CLE,NYG,1,64,219.0,1564,2,15,21,0
2024,3,2024_03_NYG_CLE,NYG,CLE,0,69,340.0,2036,2,21,15,1
2024,3,2024_03_PHI_NO,NO,PHI,1,56,219.0,1665,1,12,15,0
2024,3,2024_03_PHI_NO,PHI,NO,0,68,462.0,1935,2,15,12,1
2024,3,2024_03_SF_LA,LA,SF,1,55,296.0,1593,0,27,24,1
2024,3,2024_03_SF_LA,SF,LA,0,65,425.0,2007,1,24,27,0
2024,3,2024_03_WAS_CIN,CIN,WAS,1,61,436.0,1614,0,33,38,0
2024,3,2024_03_WAS_CIN,WAS,CIN,0,57,356.0,1986,0,38,33,1
2024,4,2024_04_BUF_BAL,BAL,BUF,1,54,427.0,1863,1,35,10,1
2024,4,2024_04_BUF_BAL,BUF,BAL,0,57,236.0,1737,1,10,35,0
2024,4,2024_04_CIN_CAR,CAR,CIN,1,70,375.0,1862,1,24,34,0
2024,4,2024_04_CIN_CAR,CIN,CAR,0,62,373.0,1738,1,34,24,1
2024,4,2024_04_CLE_LV,CLE,LV,0,57,241.0,1842,1,16,20,0
2024,4,2024_04_CLE_LV,LV,CLE,1,55,268.0,1758,1,20,16,1
2024,4,2024_04_DAL_NYG,DAL,NYG,0,51,293.0,1463,0,20,15,1
2024,4,2024_04_DAL_NYG,NYG,DAL,1,65,303.0,2137,1,15,20,0
2024,4,2024_04_DEN_NYJ,DEN,NYJ,0,56,186.0,1696,1,10,9,1
2024,4,2024_04_DEN_NYJ,NYJ,DEN,1,70,248.0,1904,1,9,10,0
2024,4,2024_04_JAX_HOU,HOU,JAX,1,68,435.0,1997,0,24,20,1
2024,4,2024_04_JAX_HOU,JAX,HOU,0,58,313.0,1603,1,20,24,0
2024,4,2024_04_KC_LAC,KC,LAC,0,58,329.0,1748,2,17,10,1
2024,4,2024_04_KC_LAC,LAC,KC,1,53,224.0,1852,0,10,17,0
2024,4,2024_04_LA_CHI,CHI,LA,1,54,264.0,1738,0,24,18,1
2024,4,2024_04_LA_CHI,LA,CHI,0,59,322.0,1862,2,18,24,0
2024,4,2024_04_MIN_GB,GB,MIN,1,75,467.0,1665,5,29,31,0
2024,4,2024_04_MIN_GB,MIN,GB,0,64,374.0,1935,2,31,29,1
2024,4,2024_04_NE_SF,NE,SF,0,62,213.0,1705,3,13,30,0
2024,4,2024_04_NE_SF,SF,NE,1,60,431.0,1895,2,30,13,1
2024,4,2024_04_NO_ATL,ATL,NO,1,51,315.0,1458,2,26,24,1
2024,4,2024_04_NO_ATL,NO,ATL,0,70,366.0,2142,1,24,26,0
2024,4,2024_04_PHI_TB,PHI,TB,0,56,227.0,1423,1,16,33,0
2024,4,2024_04_PHI_TB,TB,PHI,1,74,445.0,2177,1,33,16,1
2024,4,2024_04_PIT_IND,IND,PIT,1,64,358.0,1733,0,27,24,1
2024,4,2024_04_PIT_IND,PIT,IND,0,68,404.0,1867,2,24,27,0
2024,4,2024_04_SEA_DET,DET,SEA,1,50,389.0,1556,0,42,29,1
2024,4,2024_04_SEA_DET,SEA,DET,0,79,516.0,2044,2,29,42,0
2024,4,2024_04_TEN_MIA,MIA,TEN,1,55,184.0,1508,1,12,31,0
2024,4,2024_04_TEN_MIA,TEN,MIA,0,62,244.0,2092,1,31,12,1
2024,4,2024_04_WAS_ARI,ARI,WAS,1,58,296.0,1598,1,14,42,0
2024,4,2024_04_WAS_ARI,WAS,ARI,0,68,451.0,2002,1,42,14,1
2024,5,2024_05_ARI_SF,ARI,SF,0,58,360.0,1622,1,24,23,1
2024,5,2024_05_ARI_SF,SF,ARI,1,63,384.0,1978,3,23,24,0
2024,5,2024_05_BAL_CIN,BAL,CIN,0,77,520.0,2025,1,41,38,1
2024,5,2024_05_BAL_CIN,CIN,BAL,1,66,444.0,1962,1,38,41,0
2024,5,2024_05_BUF_HOU,BUF,HOU,0,59,276.0,1610,0,20,23,0
2024,5,2024_05_BUF_HOU,HOU,BUF,1,67,425.0,1990,2,23,20,1
2024,5,2024_05_CAR_CHI,CAR,CHI,0,58,292.0,1572,3,10,36,0
2024,5,2024_05_CAR_CHI,CHI,CAR,1,70,424.0,2028,0,36,10,1
2024,5,2024_05_CLE_WAS,CLE,WAS,0,59,212.0,1722,1,13,34,0
2024,5,2024_05_CLE_WAS,WAS,CLE,1,65,434.0,1878,2,34,13,1
2024,5,2024_05_DAL_PIT,DAL,PIT,0,75,445.0,1949,3,20,17,1
2024,5,2024_05_DAL_PIT,PIT,DAL,1,57,226.0,1651,1,17,20,0
2024,5,2024_05_GB_LA,GB,LA,0,58,328.0,1639,1,24,19,1
2024,5,2024_05_GB_LA,LA,GB,1,77,370.0,1961,2,19,24,0
2024,5,2024_05_IND_JAX,IND,JAX,0,69,447.0,1892,1,34,37,0
2024,5,2024_05_IND_JAX,JAX,IND,1,57,497.0,1708,2,37,34,1
2024,5,2024_05_LV_DEN,DEN,LV,1,58,289.0,1717,0,34,18,1
2024,5,2024_05_LV_DEN,LV,DEN,0,66,332.0,1883,3,18,34,0
2024,5,2024_05_MIA_NE,MIA,NE,0,76,372.0,2060,2,15,10,1
2024,5,2024_05_MIA_NE,NE,MIA,1,55,299.0,1540,0,10,15,0
2024,5,2024_05_NO_KC,KC,NO,1,80,460.0,2396,1,26,13,1
2024,5,2024_05_NO_KC,NO,KC,0,51,220.0,1204,1,13,26,0
2024,5,2024_05_NYG_SEA,NYG,SEA,0,72,420.0,2242,1,29,20,1
2024,5,2024_05_NYG_SEA,SEA,NYG,1,58,333.0,1358,1,20,29,0
2024,5,2024_05_NYJ_MIN,MIN,NYJ,1,66,253.0,1837,2,23,17,1
2024,5,2024_05_NYJ_MIN,NYJ,MIN,0,71,254.0,1763,3,17,23,0
2024,5,2024_05_TB_ATL,ATL,TB,1,81,550.0,2017,1,36,30,1
2024,5,2024_05_TB_ATL,TB,ATL,0,51,333.0,1658,1,30,36,0
2024,6,2024_06_ARI_GB,ARI,GB,0,55,303.0,1405,3,13,34,0
2024,6,2024_06_ARI_GB,GB,ARI,1,70,437.0,2195,1,34,13,1
2024,6,2024_06_ATL_CAR,ATL,CAR,0,69,425.0,1840,1,38,20,1
2024,6,2024_06_ATL_CAR,CAR,ATL,1,62,335.0,1760,2,20,38,0
2024,6,2024_06_BUF_NYJ,BUF,NYJ,0,60,359.0,1774,0,23,20,1
2024,6,2024_06_BUF_NYJ,NYJ,BUF,1,59,393.0,1826,1,20,23,0
2024,6,2024_06_CIN_NYG,CIN,NYG,0,52,304.0,1553,1,17,7,1
2024,6,2024_06_CIN_NYG,NYG,CIN,1,74,309.0,2047,1,7,17,0
2024,6,2024_06_CLE_PHI,CLE,PHI,0,53,244.0,1887,0,16,20,0
2024,6,2024_06_CLE_PHI,PHI,CLE,1,62,372.0,1713,0,20,16,1
2024,6,2024_06_DET_DAL,DAL,DET,1,65,251.0,1517,5,9,47,0
2024,6,2024_06_DET_DAL,DET,DAL,0,66,492.0,2083,0,47,9,1
2024,6,2024_06_HOU_NE,HOU,NE,0,62,368.0,1847,1,41,21,1
2024,6,2024_06_HOU_NE,NE,HOU,1,63,291.0,1753,4,21,41,0
2024,6,2024_06_IND_TEN,IND,TEN,0,66,269.0,1768,1,20,17,1
2024,6,2024_06_IND_TEN,TEN,IND,1,55,241.0,1832,1,17,20,0
2024,6,2024_06_JAX_CHI,CHI,JAX,1,61,373.0,1840,1,35,16,1
2024,6,2024_06_JAX_CHI,JAX,CHI,0,61,278.0,1760,2,16,35,0
2024,6,2024_06_LAC_DEN,DEN,LAC,1,54,316.0,1357,2,16,23,0
2024,6,2024_06_LAC_DEN,LAC,DEN,0,75,350.0,2243,0,23,16,1
2024,6,2024_06_PIT_LV,LV,PIT,1,61,275.0,1689,3,13,32,0
2024,6,2024_06_PIT_LV,PIT,LV,0,63,293.0,1911,0,32,13,1
2024,6,2024_06_SF_SEA,SEA,SF,1,73,358.0,1617,3,24,36,0
2024,6,2024_06_SF_SEA,SF,SEA,0,62,483.0,1983,0,36,24,1
2024,6,2024_06_TB_NO,NO,TB,1,66,303.0,1558,3,27,51,0
2024,6,2024_06_TB_NO,TB,NO,0,73,594.0,2042,3,51,27,1
2024,6,2024_06_WAS_BAL,BAL,WAS,1,65,484.0,2168,1,30,23,1
2024,6,2024_06_WAS_BAL,WAS,BAL,0,56,305.0,1432,0,23,30,0
2024,7,2024_07_BAL_TB,BAL,TB,0,54,508.0,1603,1,41,31,1
2024,7,2024_07_BAL_TB,TB,BAL,1,80,483.0,2105,2,31,41,0
2024,7,2024_07_CAR_WAS,CAR,WAS,0,43,180.0,1495,2,7,40,0
2024,7,2024_07_CAR_WAS,WAS,CAR,1,63,421.0,2105,0,40,7,1
2024,7,2024_07_CIN_CLE,CIN,CLE,0,53,223.0,1531,0,21,14,1
2024,7,2024_07_CIN_CLE,CLE,CIN,1,78,338.0,2069,2,14,21,0
2024,7,2024_07_DEN_NO,DEN,NO,0,61,389.0,1996,1,33,10,1
2024,7,2024_07_DEN_NO,NO,DEN,1,66,271.0,1604,2,10,33,0
2024,7,2024_07_DET_MIN,DET,MIN,0,56,391.0,1743,1,31,29,1
2024,7,2024_07_DET_MIN,MIN,DET,1,53,383.0,1857,1,29,31,0
2024,7,2024_07_HOU_GB,GB,HOU,1,56,277.0,1723,2,24,22,1
2024,7,2024_07_HOU_GB,HOU,GB,0,59,197.0,1877,1,22,24,0
2024,7,2024_07_KC_SF,KC,SF,0,68,329.0,2104,2,28,18,1
2024,7,2024_07_KC_SF,SF,KC,1,57,310.0,1496,3,18,28,0
2024,7,2024_07_LAC_ARI,ARI,LAC,1,55,326.0,1546,2,17,15,1
2024,7,2024_07_LAC_ARI,LAC,ARI,0,64,395.0,2054,1,15,17,0
2024,7,2024_07_LV_LA,LA,LV,1,52,259.0,1572,1,20,15,1
2024,7,2024_07_LV_LA,LV,LA,0,75,317.0,2028,4,15,20,0
2024,7,2024_07_MIA_IND,IND,MIA,1,61,284.0,1729,1,16,10,1
2024,7,2024_07_MIA_IND,MIA,IND,0,68,337.0,1871,2,10,16,0
2024,7,2024_07_NE_JAX,JAX,NE,1,60,366.0,1995,0,32,16,1
2024,7,2024_07_NE_JAX,NE,JAX,0,55,295.0,1605,0,16,32,0
2024,7,2024_07_NYJ_PIT,NYJ,PIT,0,56,325.0,1671,2,15,37,0
2024,7,2024_07_NYJ_PIT,PIT,NYJ,1,66,409.0,1929,0,37,15,1
2024,7,2024_07_PHI_NYG,NYG,PHI,1,55,119.0,1480,0,3,28,0
2024,7,2024_07_PHI_NYG,PHI,NYG,0,65,339.0,2120,0,28,3,1
2024,7,2024_07_SEA_ATL,ATL,SEA,1,71,369.0,1868,3,14,34,0
2024,7,2024_07_SEA_ATL,SEA,ATL,0,56,339.0,1732,0,34,14,1
2024,7,2024_07_TEN_BUF,BUF,TEN,1,54,389.0,1634,0,34,10,1
2024,7,2024_07_TEN_BUF,TEN,BUF,0,67,289.0,1966,2,10,34,0
2024,8,2024_08_ARI_MIA,ARI,MIA,0,63,389.0,1769,0,28,27,1
2024,8,2024_08_ARI_MIA,MIA,ARI,1,64,377.0,1831,0,27,28,0
2024,8,2024_08_ATL_TB,ATL,TB,0,60,394.0,1646,0,31,26,1
2024,8,2024_08_ATL_TB,TB,ATL,1,72,432.0,1954,3,26,31,0
2024,8,2024_08_BAL_CLE,BAL,CLE,0,62,387.0,1734,0,24,29,0
2024,8,2024_08_BAL_CLE,CLE,BAL,1,67,401.0,1866,1,29,24,1
2024,8,2024_08_BUF_SEA,BUF,SEA,0,69,445.0,2283,2,31,10,1
2024,8,2024_08_BUF_SEA,SEA,BUF,1,47,233.0,1317,1,10,31,0
2024,8,2024_08_CAR_DEN,CAR,DEN,0,60,284.0,1610,2,14,28,0
2024,8,2024_08_CAR_DEN,DEN,CAR,1,73,400.0,1990,2,28,14,1
2024,8,2024_08_CHI_WAS,CHI,WAS,0,61,309.0,1664,1,15,18,0
2024,8,2024_08_CHI_WAS,WAS,CHI,1,72,481.0,1936,0,18,15,1
2024,8,2024_08_DAL_SF,DAL,SF,0,59,292.0,1608,2,24,30,0
2024,8,2024_08_DAL_SF,SF,DAL,1,64,469.0,1992,0,30,24,1
2024,8,2024_08_GB_JAX,GB,JAX,0,67,422.0,2049,1,30,27,1
2024,8,2024_08_GB_JAX,JAX,GB,1,56,390.0,1551,2,27,30,0
2024,8,2024_08_IND_HOU,HOU,IND,1,68,363.0,2120,1,23,20,1
2024,8,2024_08_IND_HOU,IND,HOU,0,63,303.0,1480,2,20,23,0
2024,8,2024_08_KC_LV,KC,LV,0,68,334.0,1950,1,27,20,1
2024,8,2024_08_KC_LV,LV,KC,1,56,228.0,1650,1,20,27,0
2024,8,2024_08_MIN_LA,LA,MIN,1,66,386.0,2017,1,30,20,1
2024,8,2024_08_MIN_LA,MIN,LA,0,50,276.0,1583,0,20,30,0
2024,8,2024_08_NO_LAC,LAC,NO,1,64,378.0,1868,0,26,8,1
2024,8,2024_08_NO_LAC,NO,LAC,0,68,366.0,1732,0,8,26,0
2024,8,2024_08_NYG_PIT,NYG,PIT,0,68,394.0,1842,2,18,26,0
2024,8,2024_08_NYG_PIT,PIT,NYG,1,63,426.0,1758,1,26,18,1
2024,8,2024_08_NYJ_NE,NE,NYJ,1,64,250.0,1826,0,25,22,1
2024,8,2024_08_NYJ_NE,NYJ,NE,0,58,336.0,1774,0,22,25,0
2024,8,2024_08_PHI_CIN,CIN,PHI,1,58,280.0,1692,2,17,37,0
2024,8,2024_08_PHI_CIN,PHI,CIN,0,59,397.0,1908,0,37,17,1
2024,8,2024_08_TEN_DET,DET,TEN,1,47,225.0,1463,0,52,14,1
2024,8,2024_08_TEN_DET,TEN,DET,0,71,416.0,2137,4,14,52,0
2024,9,2024_09_CHI_ARI,ARI,CHI,1,57,350.0,1739,2,29,9,1
2024,9,2024_09_CHI_ARI,CHI,ARI,0,70,241.0,1861,0,9,29,0
2024,9,2024_09_DAL_ATL,ATL,DAL,1,57,310.0,1760,1,27,21,1
2024,9,2024_09_DAL_ATL,DAL,ATL,0,75,380.0,1840,0,21,27,0
2024,9,2024_09_DEN_BAL,BAL,DEN,1,54,396.0,1911,0,41,10,1
2024,9,2024_09_DEN_BAL,DEN,BAL,0,68,319.0,1689,1,10,41,0
2024,9,2024_09_DET_GB,DET,GB,0,55,261.0,1871,0,24,14,1
2024,9,2024_09_DET_GB,GB,DET,1,63,413.0,1729,1,14,24,0
2024,9,2024_09_HOU_NYJ,HOU,NYJ,0,75,322.0,2022,1,13,21,0
2024,9,2024_09_HOU_NYJ,NYJ,HOU,1,55,293.0,1578,1,21,13,1
2024,9,2024_09_IND_MIN,IND,MIN,0,49,227.0,1386,2,13,21,0
2024,9,2024_09_IND_MIN,MIN,IND,1,71,415.0,2214,3,21,13,1
2024,9,2024_09_JAX_PHI,JAX,PHI,0,53,219.0,1308,2,23,28,0
2024,9,2024_09_JAX_PHI,PHI,JAX,1,76,447.0,2292,2,28,23,1
2024,9,2024_09_LAC_CLE,CLE,LAC,1,76,292.0,2049,3,10,27,0
2024,9,2024_09_LAC_CLE,LAC,CLE,0,56,342.0,1551,0,27,10,1
2024,9,2024_09_LA_SEA,LA,SEA,0,68,366.0,1930,1,26,20,1
2024,9,2024_09_LA_SEA,SEA,LA,1,74,424.0,1973,3,20,26,0
2024,9,2024_09_LV_CIN,CIN,LV,1,71,373.0,2114,1,41,24,1
2024,9,2024_09_LV_CIN,LV,CIN,0,59,217.0,1486,2,24,41,0
2024,9,2024_09_MIA_BUF,BUF,MIA,1,60,327.0,1687,1,30,27,1
2024,9,2024_09_MIA_BUF,MIA,BUF,0,60,373.0,1913,1,27,30,0
2024,9,2024_09_NE_TEN,NE,TEN,0,65,295.0,1749,3,17,20,0
2024,9,2024_09_NE_TEN,TEN,NE,1,73,400.0,2324,1,20,17,1
2024,9,2024_09_NO_CAR,CAR,NO,1,51,246.0,1541,1,23,22,1
2024,9,2024_09_NO_CAR,NO,CAR,0,75,427.0,2059,0,22,23,0
2024,9,2024_09_TB_KC,KC,TB,1,83,384.0,2442,1,30,24,1
2024,9,2024_09_TB_KC,TB,KC,0,52,284.0,1510,0,24,30,0
2024,9,2024_09_WAS_NYG,NYG,WAS,1,61,326.0,1920,1,22,27,0
2024,9,2024_09_WAS_NYG,WAS,NYG,0,60,358.0,1680,0,27,22,1
2024,10,2024_10_ATL_NO,ATL,NO,0,73,468.0,2107,1,17,20,0
2024,10,2024_10_ATL_NO,NO,ATL,1,52,365.0,1493,0,20,17,1
2024,10,2024_10_BUF_IND,BUF,IND,0,70,415.0,1928,2,30,20,1
2024,10,2024_10_BUF_IND,IND,BUF,1,61,361.0,1672,4,20,30,0
2024,10,2024_10_CIN_BAL,BAL,CIN,1,59,391.0,1705,0,35,34,1
2024,10,2024_10_CIN_BAL,CIN,BAL,0,76,470.0,1895,1,34,35,0
2024,10,2024_10_DEN_KC,DEN,KC,0,55,260.0,1599,0,14,16,0
2024,10,2024_10_DEN_KC,KC,DEN,1,65,300.0,2001,0,16,14,1
2024,10,2024_10_DET_HOU,DET,HOU,0,63,345.0,1652,5,26,23,1
2024,10,2024_10_DET_HOU,HOU,DET,1,65,248.0,1948,2,23,26,0
2024,10,2024_10_MIA_LA,LA,MIA,1,68,327.0,1812,2,15,23,0
2024,10,2024_10_MIA_LA,MIA,LA,0,53,238.0,1788,2,23,15,1
2024,10,2024_10_MIN_JAX,JAX,MIN,1,43,143.0,1061,3,7,12,0
2024,10,2024_10_MIN_JAX,MIN,JAX,0,82,402.0,2539,3,12,7,1
2024,10,2024_10_NE_CHI,CHI,NE,1,59,142.0,1652,0,3,19,0
2024,10,2024_10_NE_CHI,NE,CHI,0,61,328.0,1948,1,19,3,1
2024,10,2024_10_NYG_CAR,CAR,NYG,1,58,306.0,1658,1,20,17,1
2024,10,2024_10_NYG_CAR,NYG,CAR,0,73,342.0,2069,3,17,20,0
2024,10,2024_10_NYJ_ARI,ARI,NYJ,1,57,406.0,1962,0,31,6,1
2024,10,2024_10_NYJ_ARI,NYJ,ARI,0,55,207.0,1638,1,6,31,0
2024,10,2024_10_PHI_DAL,DAL,PHI,1,56,146.0,1559,5,6,34,0
2024,10,2024_10_PHI_DAL,PHI,DAL,0,65,348.0,2041,2,34,6,1
2024,10,2024_10_PIT_WAS,PIT,WAS,0,75,312.0,2171,3,28,27,1
2024,10,2024_10_PIT_WAS,WAS,PIT,1,59,242.0,1429,0,27,28,0
2024,10,2024_10_SF_TB,SF,TB,0,61,413.0,1908,0,23,20,1
2024,10,2024_10_SF_TB,TB,SF,1,58,215.0,1692,1,20,23,0
2024,10,2024_10_TEN_LAC,LAC,TEN,1,57,309.0,1859,0,27,17,1
2024,10,2024_10_TEN_LAC,TEN,LAC,0,51,289.0,1741,0,17,27,0
2024,11,2024_11_ATL_DEN,ATL,DEN,0,56,226.0,1795,1,6,38,0
2024,11,2024_11_ATL_DEN,DEN,ATL,1,60,400.0,1805,0,38,6,1
2024,11,2024_11_BAL_PIT,BAL,PIT,0,55,329.0,1418,3,16,18,0
2024,11,2024_11_BAL_PIT,PIT,BAL,1,74,303.0,2182,1,18,16,1
2024,11,2024_11_CIN_LAC,CIN,LAC,0,78,452.0,2048,0,27,34,0
2024,11,2024_11_CIN_LAC,LAC,CIN,1,63,435.0,1552,1,34,27,1
2024,11,2024_11_CLE_NO,CLE,NO,0,72,445.0,1762,0,14,35,0
2024,11,2024_11_CLE_NO,NO,CLE,1,58,473.0,1838,2,35,14,1
2024,11,2024_11_GB_CHI,CHI,GB,1,69,391.0,2181,0,19,20,0
2024,11,2024_11_GB_CHI,GB,CHI,0,44,366.0,1419,1,20,19,1
2024,11,2024_11_HOU_DAL,DAL,HOU,1,79,388.0,1763,2,10,34,0
2024,11,2024_11_HOU_DAL,HOU,DAL,0,60,391.0,1837,1,34,10,1
2024,11,2024_11_IND_NYJ,IND,NYJ,0,69,332.0,2057,1,28,27,1
2024,11,2024_11_IND_NYJ,NYJ,IND,1,52,253.0,1543,0,27,28,0
2024,11,2024_11_JAX_DET,DET,JAX,1,76,645.0,2346,0,52,6,1
2024,11,2024_11_JAX_DET,JAX,DET,0,47,170.0,1254,1,6,52,0
2024,11,2024_11_KC_BUF,BUF,KC,1,71,366.0,2043,1,30,21,1
2024,11,2024_11_KC_BUF,KC,BUF,0,52,259.0,1557,2,21,30,0
2024,11,2024_11_LA_NE,LA,NE,0,51,402.0,1360,0,28,22,1
2024,11,2024_11_LA_NE,NE,LA,1,72,382.0,2240,2,22,28,0
2024,11,2024_11_LV_MIA,LV,MIA,0,63,328.0,1608,1,19,34,0
2024,11,2024_11_LV_MIA,MIA,LV,1,64,353.0,1992,0,34,19,1
2024,11,2024_11_MIN_TEN,MIN,TEN,0,67,318.0,1951,1,23,13,1
2024,11,2024_11_MIN_TEN,TEN,MIN,1,55,294.0,1649,1,13,23,0
2024,11,2024_11_SEA_SF,SEA,SF,0,59,289.0,1595,1,20,17,1
2024,11,2024_11_SEA_SF,SF,SEA,1,57,277.0,2005,1,17,20,0
2024,11,2024_11_WAS_PHI,PHI,WAS,1,70,434.0,1984,0,26,18,1
2024,11,2024_11_WAS_PHI,WAS,PHI,0,64,266.0,1616,1,18,26,0
2024,12,2024_12_ARI_SEA,ARI,SEA,0,56,298.0,1607,1,6,16,0
2024,12,2024_12_ARI_SEA,SEA,ARI,1,61,285.0,1993,1,16,6,1
2024,12,2024_12_BAL_LAC,BAL,LAC,0,61,389.0,1857,0,30,23,1
2024,12,2024_12_BAL_LAC,LAC,BAL,1,60,285.0,1743,0,23,30,0
2024,12,2024_12_DAL_WAS,DAL,WAS,0,61,332.0,2112,1,34,26,1
2024,12,2024_12_DAL_WAS,WAS,DAL,1,68,414.0,1488,3,26,34,0
2024,12,2024_12_DEN_LV,DEN,LV,0,65,325.0,1871,0,29,19,1
2024,12,2024_12_DEN_LV,LV,DEN,1,74,369.0,1729,2,19,29,0
2024,12,2024_12_DET_IND,DET,IND,0,72,390.0,2221,0,24,6,1
2024,12,2024_12_DET_IND,IND,DET,1,49,268.0,1379,0,6,24,0
2024,12,2024_12_KC_CAR,CAR,KC,1,59,336.0,1664,0,27,30,0
2024,12,2024_12_KC_CAR,KC,CAR,0,68,391.0,1936,0,30,27,1
2024,12,2024_12_MIN_CHI,CHI,MIN,1,75,400.0,2064,0,27,30,0
2024,12,2024_12_MIN_CHI,MIN,CHI,0,65,452.0,2028,2,30,27,1
2024,12,2024_12_NE_MIA,MIA,NE,1,66,373.0,1924,1,34,15,1
2024,12,2024_12_NE_MIA,NE,MIA,0,64,271.0,1676,2,15,34,0
2024,12,2024_12_PHI_LA,LA,PHI,1,60,290.0,1579,1,20,37,0
2024,12,2024_12_PHI_LA,PHI,LA,0,68,481.0,2021,0,37,20,1
2024,12,2024_12_PIT_CLE,CLE,PIT,1,57,306.0,1498,3,24,19,1
2024,12,2024_12_PIT_CLE,PIT,CLE,0,68,368.0,2102,1,19,24,0
2024,12,2024_12_SF_GB,GB,SF,1,67,325.0,2203,0,38,10,1
2024,12,2024_12_SF_GB,SF,GB,0,47,241.0,1397,3,10,38,0
2024,12,2024_12_TB_NYG,NYG,TB,1,56,245.0,1561,1,7,30,0
2024,12,2024_12_TB_NYG,TB,NYG,0,62,451.0,2039,1,30,7,1
2024,12,2024_12_TEN_HOU,HOU,TEN,1,54,260.0,1531,3,27,32,0
2024,12,2024_12_TEN_HOU,TEN,HOU,0,66,369.0,2069,2,32,27,1
2024,13,2024_13_ARI_MIN,ARI,MIN,0,77,406.0,2149,2,22,23,0
2024,13,2024_13_ARI_MIN,MIN,ARI,1,51,273.0,1451,1,23,22,1
2024,13,2024_13_CHI_DET,CHI,DET,0,60,301.0,1486,0,20,23,0
2024,13,2024_13_CHI_DET,DET,CHI,1,69,405.0,2114,1,23,20,1
2024,13,2024_13_CLE_DEN,CLE,DEN,0,85,554.0,1930,3,32,41,0
2024,13,2024_13_CLE_DEN,DEN,CLE,1,61,400.0,1670,2,41,32,1
2024,13,2024_13_HOU_JAX,HOU,JAX,0,61,326.0,1937,0,23,20,1
2024,13,2024_13_HOU_JAX,JAX,HOU,1,69,375.0,1663,1,20,23,0
2024,13,2024_13_IND_NE,IND,NE,0,59,255.0,1548,2,25,24,1
2024,13,2024_13_IND_NE,NE,IND,1,66,424.0,2052,1,24,25,0
2024,13,2024_13_LAC_ATL,ATL,LAC,1,77,350.0,2155,4,13,17,0
2024,13,2024_13_LAC_ATL,LAC,ATL,0,47,189.0,1445,1,17,13,1
2024,13,2024_13_LA_NO,LA,NO,0,55,322.0,1643,0,21,14,1
2024,13,2024_13_LA_NO,NO,LA,1,69,329.0,1957,0,14,21,0
2024,13,2024_13_LV_KC,KC,LV,1,67,329.0,1728,0,19,17,1
2024,13,2024_13_LV_KC,LV,KC,0,63,434.0,1872,1,17,19,0
2024,13,2024_13_MIA_GB,GB,MIA,1,53,388.0,1616,1,30,17,1
2024,13,2024_13_MIA_GB,MIA,GB,0,67,377.0,1984,0,17,30,0
2024,13,2024_13_NYG_DAL,DAL,NYG,1,68,317.0,1896,0,27,20,1
2024,13,2024_13_NYG_DAL,NYG,DAL,0,59,247.0,1704,2,20,27,0
2024,13,2024_13_PHI_BAL,BAL,PHI,1,71,372.0,2031,0,19,24,0
2024,13,2024_13_PHI_BAL,PHI,BAL,0,54,252.0,1569,0,24,19,1
2024,13,2024_13_PIT_CIN,CIN,PIT,1,57,375.0,1731,3,38,44,0
2024,13,2024_13_PIT_CIN,PIT,CIN,0,66,520.0,1869,1,44,38,1
2024,13,2024_13_SEA_NYJ,NYJ,SEA,1,63,260.0,1719,2,21,26,0
2024,13,2024_13_SEA_NYJ,SEA,NYJ,0,57,259.0,1881,2,26,21,1
2024,13,2024_13_SF_BUF,BUF,SF,1,56,372.0,2007,0,35,10,1
2024,13,2024_13_SF_BUF,SF,BUF,0,47,239.0,1593,3,10,35,0
2024,13,2024_13_TB_CAR,CAR,TB,1,68,367.0,1659,1,23,26,0
2024,13,2024_13_TB_CAR,TB,CAR,0,77,445.0,2371,2,26,23,1
2024,13,2024_13_TEN_WAS,TEN,WAS,0,51,245.0,1187,2,19,42,0
2024,13,2024_13_TEN_WAS,WAS,TEN,1,77,463.0,2413,1,42,19,1
2024,14,2024_14_ATL_MIN,ATL,MIN,0,71,498.0,1895,3,21,42,0
2024,14,2024_14_ATL_MIN,MIN,ATL,1,56,433.0,1705,0,42,21,1
2024,14,2024_14_BUF_LA,BUF,LA,0,54,445.0,1290,0,42,44,0
2024,14,2024_14_BUF_LA,LA,BUF,1,72,457.0,2310,0,44,42,1
2024,14,2024_14_CAR_PHI,CAR,PHI,0,69,302.0,2013,1,16,22,0
2024,14,2024_14_CAR_PHI,PHI,CAR,1,57,294.0,1587,0,22,16,1
2024,14,2024_14_CHI_SF,CHI,SF,0,53,162.0,1692,1,13,38,0
2024,14,2024_14_CHI_SF,SF,CHI,1,61,452.0,1908,1,38,13,1
2024,14,2024_14_CIN_DAL,CIN,DAL,0,65,433.0,1991,2,27,20,1
2024,14,2024_14_CIN_DAL,DAL,CIN,1,59,322.0,1609,1,20,27,0
2024,14,2024_14_CLE_PIT,CLE,PIT,0,69,300.0,1800,2,14,27,0
2024,14,2024_14_CLE_PIT,PIT,CLE,1,62,267.0,1800,2,27,14,1
2024,14,2024_14_GB_DET,DET,GB,1,76,391.0,2166,1,34,31,1
2024,14,2024_14_GB_DET,GB,DET,0,45,298.0,1434,1,31,34,0
2024,14,2024_14_JAX_TEN,JAX,TEN,0,58,291.0,1696,2,10,6,1
2024,14,2024_14_JAX_TEN,TEN,JAX,1,62,272.0,1904,0,6,10,0
2024,14,2024_14_LAC_KC,KC,LAC,1,65,298.0,1747,0,19,17,1
2024,14,2024_14_LAC_KC,LAC,KC,0,57,288.0,1853,0,17,19,0
2024,14,2024_14_LV_TB,LV,TB,0,64,286.0,1890,2,13,28,0
2024,14,2024_14_LV_TB,TB,LV,1,59,420.0,1710,3,28,13,1
2024,14,2024_14_NO_NYG,NO,NYG,0,66,292.0,1909,1,14,11,1
2024,14,2024_14_NO_NYG,NYG,NO,1,75,327.0,1691,1,11,14,0
2024,14,2024_14_NYJ_MIA,MIA,NYJ,1,67,377.0,1973,0,32,26,1
2024,14,2024_14_NYJ_MIA,NYJ,MIA,0,63,402.0,1862,0,26,32,0
2024,14,2024_14_SEA_ARI,ARI,SEA,1,64,358.0,1618,2,18,30,0
2024,14,2024_14_SEA_ARI,SEA,ARI,0,61,409.0,1982,0,30,18,1
2024,15,2024_15_ATL_LV,ATL,LV,0,57,261.0,2032,1,15,9,1
2024,15,2024_15_ATL_LV,LV,ATL,1,65,249.0,1568,3,9,15,0
2024,15,2024_15_BAL_NYG,BAL,NYG,0,59,445.0,1738,1,35,14,1
2024,15,2024_15_BAL_NYG,NYG,BAL,1,60,236.0,1862,1,14,35,0
2024,15,2024_15_BUF_DET,BUF,DET,0,68,559.0,1962,0,48,42,1
2024,15,2024_15_BUF_DET,DET,BUF,1,77,521.0,1638,1,42,48,0
2024,15,2024_15_CHI_MIN,CHI,MIN,0,64,284.0,1806,1,12,30,0
2024,15,2024_15_CHI_MIN,MIN,CHI,1,71,329.0,1794,1,30,12,1
2024,15,2024_15_CIN_TEN,CIN,TEN,0,64,370.0,1711,3,37,27,1
2024,15,2024_15_CIN_TEN,TEN,CIN,1,65,374.0,1889,6,27,37,0
2024,15,2024_15_DAL_CAR,CAR,DAL,1,50,235.0,1574,4,14,30,0
2024,15,2024_15_DAL_CAR,DAL,CAR,0,70,410.0,2026,1,30,14,1
2024,15,2024_15_GB_SEA,GB,SEA,0,61,369.0,1978,1,30,13,1
2024,15,2024_15_GB_SEA,SEA,GB,1,56,208.0,1622,2,13,30,0
2024,15,2024_15_IND_DEN,DEN,IND,1,61,193.0,1708,3,31,13,1
2024,15,2024_15_IND_DEN,IND,DEN,0,72,310.0,1892,5,13,31,0
2024,15,2024_15_KC_CLE,CLE,KC,1,60,266.0,1703,5,7,21,0
2024,15,2024_15_KC_CLE,KC,CLE,0,75,311.0,1897,1,21,7,1
2024,15,2024_15_LA_SF,LA,SF,0,65,302.0,2104,0,12,6,1
2024,15,2024_15_LA_SF,SF,LA,1,53,191.0,1496,1,6,12,0
2024,15,2024_15_MIA_HOU,HOU,MIA,1,49,146.0,1596,1,20,12,1
2024,15,2024_15_MIA_HOU,MIA,HOU,0,62,224.0,2004,4,12,20,0
2024,15,2024_15_NE_ARI,ARI,NE,1,64,395.0,2048,0,30,17,1
2024,15,2024_15_NE_ARI,NE,ARI,0,49,311.0,1552,1,17,30,0
2024,15,2024_15_NYJ_JAX,JAX,NYJ,1,78,421.0,2064,2,25,32,0
2024,15,2024_15_NYJ_JAX,NYJ,JAX,0,55,402.0,1536,0,32,25,1
2024,15,2024_15_PIT_PHI,PHI,PIT,1,77,401.0,2392,1,27,13,1
2024,15,2024_15_PIT_PHI,PIT,PHI,0,41,163.0,1208,2,13,27,0
2024,15,2024_15_TB_LAC,LAC,TB,1,48,206.0,1392,2,17,40,0
2024,15,2024_15_TB_LAC,TB,LAC,0,67,506.0,2208,2,40,17,1
2024,15,2024_15_WAS_NO,NO,WAS,1,52,245.0,1150,1,19,20,0
2024,15,2024_15_WAS_NO,WAS,NO,0,74,326.0,2450,0,20,19,1
2024,16,2024_16_ARI_CAR,ARI,CAR,0,64,382.0,2004,2,30,36,0
2024,16,2024_16_ARI_CAR,CAR,ARI,1,65,392.0,1998,0,36,30,1
2024,16,2024_16_CLE_CIN,CIN,CLE,1,56,326.0,1848,1,24,6,1
2024,16,2024_16_CLE_CIN,CLE,CIN,0,63,273.0,1752,3,6,24,0
2024,16,2024_16_DEN_LAC,DEN,LAC,0,63,355.0,1943,0,27,34,0
2024,16,2024_16_DEN_LAC,LAC,DEN,1,63,382.0,1657,1,34,27,1
2024,16,2024_16_DET_CHI,CHI,DET,1,59,382.0,1711,2,17,34,0
2024,16,2024_16_DET_CHI,DET,CHI,0,65,475.0,1889,0,34,17,1
2024,16,2024_16_HOU_KC,HOU,KC,0,58,311.0,1568,2,19,27,0
2024,16,2024_16_HOU_KC,KC,HOU,1,70,375.0,2032,0,27,19,1
2024,16,2024_16_JAX_LV,JAX,LV,0,61,308.0,1542,2,14,19,0
2024,16,2024_16_JAX_LV,LV,JAX,1,68,314.0,2058,0,19,14,1
2024,16,2024_16_LA_NYJ,LA,NYJ,0,50,242.0,1675,2,19,9,1
2024,16,2024_16_LA_NYJ,NYJ,LA,1,63,321.0,1925,1,9,19,0
2024,16,2024_16_MIN_SEA,MIN,SEA,0,62,298.0,1841,0,27,24,1
2024,16,2024_16_MIN_SEA,SEA,MIN,1,60,361.0,1759,2,24,27,0
2024,16,2024_16_NE_BUF,BUF,NE,1,58,324.0,1743,1,24,21,1
2024,16,2024_16_NE_BUF,NE,BUF,0,68,379.0,1857,3,21,24,0
2024,16,2024_16_NO_GB,GB,NO,1,69,404.0,2233,0,34,0,1
2024,16,2024_16_NO_GB,NO,GB,0,53,196.0,1367,2,0,34,0
2024,16,2024_16_NYG_ATL,ATL,NYG,1,65,329.0,2068,1,34,7,1
2024,16,2024_16_NYG_ATL,NYG,ATL,0,55,234.0,1532,3,7,34,0
2024,16,2024_16_PHI_WAS,PHI,WAS,0,71,338.0,2178,2,33,36,0
2024,16,2024_16_PHI_WAS,WAS,PHI,1,65,370.0,1422,5,36,33,1
2024,16,2024_16_PIT_BAL,BAL,PIT,1,62,418.0,1945,1,34,17,1
2024,16,2024_16_PIT_BAL,PIT,BAL,0,60,315.0,1655,2,17,34,0
2024,16,2024_16_SF_MIA,MIA,SF,1,64,381.0,1986,0,29,17,1
2024,16,2024_16_SF_MIA,SF,MIA,0,61,374.0,1614,1,17,29,0
2024,16,2024_16_TB_DAL,DAL,TB,1,56,317.0,1632,0,26,24,1
2024,16,2024_16_TB_DAL,TB,DAL,0,70,410.0,1968,2,24,26,0
2024,16,2024_16_TEN_IND,IND,TEN,1,62,458.0,1981,1,38,30,1
2024,16,2024_16_TEN_IND,TEN,IND,0,59,311.0,1619,3,30,38,0
2024,17,2024_17_ARI_LA,ARI,LA,0,74,396.0,2215,2,9,13,0
2024,17,2024_17_ARI_LA,LA,ARI,1,54,257.0,1385,0,13,9,1
2024,17,2024_17_ATL_WAS,ATL,WAS,0,60,337.0,1546,1,24,30,0
2024,17,2024_17_ATL_WAS,WAS,ATL,1,77,412.0,2492,1,30,24,1
2024,17,2024_17_BAL_HOU,BAL,HOU,0,61,432.0,2121,0,31,2,1
2024,17,2024_17_BAL_HOU,HOU,BAL,1,54,211.0,1479,1,2,31,0
2024,17,2024_17_CAR_TB,CAR,TB,0,46,204.0,1129,0,14,48,0
2024,17,2024_17_CAR_TB,TB,CAR,1,74,551.0,2471,0,48,14,1
2024,17,2024_17_DAL_PHI,DAL,PHI,0,60,268.0,1631,4,7,41,0
2024,17,2024_17_DAL_PHI,PHI,DAL,1,61,376.0,1969,0,41,7,1
2024,17,2024_17_DEN_CIN,CIN,DEN,1,84,499.0,2516,1,30,24,1
2024,17,2024_17_DEN_CIN,DEN,CIN,0,60,329.0,1617,1,24,30,0
2024,17,2024_17_DET_SF,DET,SF,0,70,441.0,2092,0,40,34,1
2024,17,2024_17_DET_SF,SF,DET,1,60,475.0,1508,2,34,40,0
2024,17,2024_17_GB_MIN,GB,MIN,0,58,273.0,1470,1,25,27,0
2024,17,2024_17_GB_MIN,MIN,GB,1,70,441.0,2130,1,27,25,1
2024,17,2024_17_IND_NYG,IND,NYG,0,74,446.0,2003,3,33,45,0
2024,17,2024_17_IND_NYG,NYG,IND,1,53,389.0,1597,0,45,33,1
2024,17,2024_17_KC_PIT,KC,PIT,0,59,389.0,1718,0,29,10,1
2024,17,2024_17_KC_PIT,PIT,KC,1,73,364.0,1882,2,10,29,0
2024,17,2024_17_LAC_NE,LAC,NE,0,77,428.0,2434,0,40,7,1
2024,17,2024_17_LAC_NE,NE,LAC,1,48,181.0,1166,1,7,40,0
2024,17,2024_17_LV_NO,LV,NO,0,74,388.0,2270,0,25,10,1
2024,17,2024_17_LV_NO,NO,LV,1,53,269.0,1330,2,10,25,0
2024,17,2024_17_MIA_CLE,CLE,MIA,1,76,276.0,1759,2,3,20,0
2024,17,2024_17_MIA_CLE,MIA,CLE,0,57,280.0,1841,0,20,3,1
2024,17,2024_17_NYJ_BUF,BUF,NYJ,1,62,348.0,1877,0,40,14,1
2024,17,2024_17_NYJ_BUF,NYJ,BUF,0,59,283.0,1723,3,14,40,0
2024,17,2024_17_SEA_CHI,CHI,SEA,1,58,179.0,1820,1,3,6,0
2024,17,2024_17_SEA_CHI,SEA,CHI,0,51,265.0,1780,1,6,3,1
2024,17,2024_17_TEN_JAX,JAX,TEN,1,57,295.0,1760,0,20,13,1
2024,17,2024_17_TEN_JAX,TEN,JAX,0,64,337.0,1840,1,13,20,0
2024,18,2024_18_BUF_NE,BUF,NE,0,65,259.0,1726,0,16,23,0
2024,18,2024_18_BUF_NE,NE,BUF,1,61,309.0,1874,1,23,16,1
2024,18,2024_18_CAR_ATL,ATL,CAR,1,77,537.0,1961,1,38,44,0
2024,18,2024_18_CAR_ATL,CAR,ATL,0,65,425.0,2045,0,44,38,1
2024,18,2024_18_CHI_GB,CHI,GB,0,57,224.0,1744,2,24,22,1
2024,18,2024_18_CHI_GB,GB,CHI,1,62,367.0,1856,2,22,24,0
2024,18,2024_18_CIN_PIT,CIN,PIT,0,71,314.0,2280,2,19,17,1
2024,18,2024_18_CIN_PIT,PIT,CIN,1,58,193.0,1320,1,17,19,0
2024,18,2024_18_CLE_BAL,BAL,CLE,1,67,437.0,1900,0,35,10,1
2024,18,2024_18_CLE_BAL,CLE,BAL,0,55,230.0,1700,2,10,35,0
2024,18,2024_18_HOU_TEN,HOU,TEN,0,58,374.0,1801,1,23,14,1
2024,18,2024_18_HOU_TEN,TEN,HOU,1,61,316.0,1799,1,14,23,0
2024,18,2024_18_JAX_IND,IND,JAX,1,77,429.0,2158,0,26,23,1
2024,18,2024_18_JAX_IND,JAX,IND,0,68,319.0,1851,1,23,26,0
2024,18,2024_18_KC_DEN,DEN,KC,1,72,479.0,2509,0,38,0,1
2024,18,2024_18_KC_DEN,KC,DEN,0,33,98.0,1091,0,0,38,0
2024,18,2024_18_LAC_LV,LAC,LV,0,73,475.0,2338,0,34,20,1
2024,18,2024_18_LAC_LV,LV,LAC,1,48,264.0,1262,1,20,34,0
2024,18,2024_18_MIA_NYJ,MIA,NYJ,0,68,334.0,1924,4,20,32,0
2024,18,2024_18_MIA_NYJ,NYJ,MIA,1,63,377.0,1676,1,32,20,1
2024,18,2024_18_MIN_DET,DET,MIN,1,66,394.0,2172,2,31,9,1
2024,18,2024_18_MIN_DET,MIN,DET,0,62,262.0,1428,0,9,31,0
2024,18,2024_18_NO_TB,NO,TB,0,63,292.0,1664,0,19,27,0
2024,18,2024_18_NO_TB,TB,NO,1,64,395.0,1936,1,27,19,1
2024,18,2024_18_NYG_PHI,NYG,PHI,0,54,238.0,1812,1,13,20,0
2024,18,2024_18_NYG_PHI,PHI,NYG,1,68,303.0,1788,0,20,13,1
2024,18,2024_18_SEA_LA,LA,SEA,1,66,403.0,1870,1,25,30,0
2024,18,2024_18_SEA_LA,SEA,LA,0,54,336.0,1730,0,30,25,1
2024,18,2024_18_SF_ARI,ARI,SF,1,63,393.0,1689,0,47,24,1
2024,18,2024_18_SF_ARI,SF,ARI,0,73,436.0,1911,3,24,47,0
2024,18,2024_18_WAS_DAL,DAL,WAS,1,75,378.0,2223,1,19,23,0
2024,18,2024_18_WAS_DAL,WAS,DAL,0,56,269.0,1377,0,23,19,1
2025,1,2025_01_ARI_NO,ARI,NO,0,61,276.0,2026,0,20,13,1
2025,1,2025_01_ARI_NO,NO,ARI,1,69,315.0,1574,0,13,20,0
2025,1,2025_01_BAL_BUF,BAL,BUF,0,50,432.0,1511,1,40,41,0
2025,1,2025_01_BAL_BUF,BUF,BAL,1,81,497.0,2089,0,41,40,1
2025,1,2025_01_CAR_JAX,CAR,JAX,0,61,255.0,1740,3,10,26,0
2025,1,2025_01_CAR_JAX,JAX,CAR,1,63,378.0,1860,1,26,10,1
2025,1,2025_01_CIN_CLE,CIN,CLE,0,49,141.0,1451,0,17,16,1
2025,1,2025_01_CIN_CLE,CLE,CIN,1,71,327.0,2149,2,16,17,0
2025,1,2025_01_DAL_PHI,DAL,PHI,0,56,307.0,1508,1,20,24,0
2025,1,2025_01_DAL_PHI,PHI,DAL,1,62,302.0,2092,0,24,20,1
2025,1,2025_01_DET_GB,DET,GB,0,65,246.0,2125,1,13,27,0
2025,1,2025_01_DET_GB,GB,DET,1,47,266.0,1475,0,27,13,1
2025,1,2025_01_HOU_LA,HOU,LA,0,57,265.0,1885,2,9,14,0
2025,1,2025_01_HOU_LA,LA,HOU,1,57,296.0,1715,1,14,9,1
2025,1,2025_01_KC_LAC,KC,LAC,0,59,347.0,1636,0,21,27,0
2025,1,2025_01_KC_LAC,LAC,KC,1,62,394.0,1964,0,27,21,1
2025,1,2025_01_LV_NE,LV,NE,0,62,389.0,1795,1,20,13,1
2025,1,2025_01_LV_NE,NE,LV,1,68,336.0,1805,1,13,20,0
2025,1,2025_01_MIA_IND,IND,MIA,1,70,418.0,2323,0,33,8,1
2025,1,2025_01_MIA_IND,MIA,IND,0,47,213.0,1277,3,8,33,0
2025,1,2025_01_MIN_CHI,CHI,MIN,1,63,317.0,1973,1,24,27,0
2025,1,2025_01_MIN_CHI,MIN,CHI,0,51,256.0,1627,1,27,24,1
2025,1,2025_01_NYG_WAS,NYG,WAS,0,62,231.0,1832,0,6,21,0
2025,1,2025_01_NYG_WAS,WAS,NYG,1,65,432.0,1768,0,21,6,1
2025,1,2025_01_PIT_NYJ,NYJ,PIT,1,64,394.0,2083,1,32,34,0
2025,1,2025_01_PIT_NYJ,PIT,NYJ,0,54,271.0,1517,0,34,32,1
2025,1,2025_01_SF_SEA,SEA,SF,1,50,230.0,1322,2,13,17,0
2025,1,2025_01_SF_SEA,SF,SEA,0,72,384.0,2278,2,17,13,1
2025,1,2025_01_TB_ATL,ATL,TB,1,71,358.0,2112,0,20,23,0
2025,1,2025_01_TB_ATL,TB,ATL,0,56,260.0,1488,0,23,20,1
2025,1,2025_01_TEN_DEN,DEN,TEN,1,71,317.0,1916,3,20,12,1
2025,1,2025_01_TEN_DEN,TEN,DEN,0,55,133.0,1684,3,12,20,0
2025,2,2025_02_ATL_MIN,ATL,MIN,0,63,326.0,2192,2,22,6,1
2025,2,2025_02_ATL_MIN,MIN,ATL,1,46,198.0,1408,3,6,22,0
2025,2,2025_02_BUF_NYJ,BUF,NYJ,0,71,403.0,2301,0,30,10,1
2025,2,2025_02_BUF_NYJ,NYJ,BUF,1,47,154.0,1299,1,10,30,0
2025,2,2025_02_CAR_ARI,ARI,CAR,1,48,293.0,1697,1,27,22,1
2025,2,2025_02_CAR_ARI,CAR,ARI,0,79,352.0,1995,2,22,27,0
2025,2,2025_02_CHI_DET,CHI,DET,0,64,339.0,1780,2,21,52,0
2025,2,2025_02_CHI_DET,DET,CHI,1,58,511.0,1820,0,52,21,1
2025,2,2025_02_CLE_BAL,BAL,CLE,1,53,242.0,1691,0,41,17,1
2025,2,2025_02_CLE_BAL,CLE,BAL,0,72,322.0,1909,2,17,41,0
2025,2,2025_02_DEN_IND,DEN,IND,0,54,324.0,1673,1,28,29,0
2025,2,2025_02_DEN_IND,IND,DEN,1,67,473.0,1927,0,29,28,1
2025,2,2025_02_JAX_CIN,CIN,JAX,1,65,350.0,1609,3,31,27,1
2025,2,2025_02_JAX_CIN,JAX,CIN,0,70,400.0,1991,2,27,31,0
2025,2,2025_02_LAC_LV,LAC,LV,0,55,317.0,1697,1,20,9,1
2025,2,2025_02_LAC_LV,LV,LAC,1,65,218.0,1903,3,9,20,0
2025,2,2025_02_LA_TEN,LA,TEN,0,59,439.0,1793,1,33,19,1
2025,2,2025_02_LA_TEN,TEN,LA,1,64,252.0,1807,1,19,33,0
2025,2,2025_02_NE_MIA,MIA,NE,1,52,358.0,1575,1,27,33,0
2025,2,2025_02_NE_MIA,NE,MIA,0,56,335.0,2025,0,33,27,1
2025,2,2025_02_NYG_DAL,DAL,NYG,1,83,478.0,2241,1,40,37,1
2025,2,2025_02_NYG_DAL,NYG,DAL,0,65,506.0,1959,1,37,40,0
2025,2,2025_02_PHI_KC,KC,PHI,1,57,294.0,1646,1,17,20,0
2025,2,2025_02_PHI_KC,PHI,KC,0,58,216.0,1954,0,20,17,1
2025,2,2025_02_SEA_PIT,PIT,SEA,1,59,269.0,1723,2,17,31,0
2025,2,2025_02_SEA_PIT,SEA,PIT,0,64,395.0,1877,2,31,17,1
2025,2,2025_02_SF_NO,NO,SF,1,67,307.0,1755,1,21,26,0
2025,2,2025_02_SF_NO,SF,NO,0,68,344.0,1845,1,26,21,1
2025,2,2025_02_TB_HOU,HOU,TB,1,47,266.0,1371,0,19,20,0
2025,2,2025_02_TB_HOU,TB,HOU,0,73,360.0,2229,0,20,19,1
2025,2,2025_02_WAS_GB,GB,WAS,1,63,404.0,1946,0,27,18,1
2025,2,2025_02_WAS_GB,WAS,GB,0,66,232.0,1654,0,18,27,0
2025,3,2025_03_ARI_SF,ARI,SF,0,64,260.0,2079,0,15,16,0
2025,3,2025_03_ARI_SF,SF,ARI,1,62,355.0,1521,1,16,15,1
2025,3,2025_03_ATL_CAR,ATL,CAR,0,66,332.0,1682,4,0,30,0
2025,3,2025_03_ATL_CAR,CAR,ATL,1,55,224.0,1918,0,30,0,1
2025,3,2025_03_CIN_MIN,CIN,MIN,0,52,171.0,1744,5,10,48,0
2025,3,2025_03_CIN_MIN,MIN,CIN,1,58,352.0,1856,0,48,10,1
2025,3,2025_03_DAL_CHI,CHI,DAL,1,57,385.0,1622,0,31,14,1
2025,3,2025_03_DAL_CHI,DAL,CHI,0,68,398.0,1978,4,14,31,0
2025,3,2025_03_DEN_LAC,DEN,LAC,0,48,265.0,1420,0,20,23,0
2025,3,2025_03_DEN_LAC,LAC,DEN,1,80,376.0,2180,2,23,20,1
2025,3,2025_03_DET_BAL,BAL,DET,1,55,318.0,1602,1,30,38,0
2025,3,2025_03_DET_BAL,DET,BAL,0,66,426.0,1998,0,38,30,1
2025,3,2025_03_GB_CLE,CLE,GB,1,57,221.0,1546,1,13,10,1
2025,3,2025_03_GB_CLE,GB,CLE,0,61,230.0,2054,1,10,13,0
2025,3,2025_03_HOU_JAX,HOU,JAX,0,59,271.0,1722,3,10,17,0
2025,3,2025_03_HOU_JAX,JAX,HOU,1,66,291.0,1878,1,17,10,1
2025,3,2025_03_IND_TEN,IND,TEN,0,53,365.0,1721,0,41,20,1
2025,3,2025_03_IND_TEN,TEN,IND,1,65,282.0,1879,1,20,41,0
2025,3,2025_03_KC_NYG,KC,NYG,0,67,306.0,1910,0,22,9,1
2025,3,2025_03_KC_NYG,NYG,KC,1,61,281.0,1690,2,9,22,0
2025,3,2025_03_LA_PHI,LA,PHI,0,65,356.0,1765,1,26,33,0
2025,3,2025_03_LA_PHI,PHI,LA,1,64,288.0,1835,1,33,26,1
2025,3,2025_03_LV_WAS,LV,WAS,0,64,356.0,1913,0,24,41,0
2025,3,2025_03_LV_WAS,WAS,LV,1,54,400.0,1687,1,41,24,1
2025,3,2025_03_MIA_BUF,BUF,MIA,1,57,360.0,1907,0,31,21,1
2025,3,2025_03_MIA_BUF,MIA,BUF,0,59,276.0,1693,1,21,31,0
2025,3,2025_03_NO_SEA,NO,SEA,0,70,284.0,1935,1,13,44,0
2025,3,2025_03_NO_SEA,SEA,NO,1,54,320.0,1665,1,44,13,1
2025,3,2025_03_NYJ_TB,NYJ,TB,0,63,267.0,1669,2,27,29,0
2025,3,2025_03_NYJ_TB,TB,NYJ,1,64,347.0,1931,0,29,27,1
2025,3,2025_03_PIT_NE,NE,PIT,1,71,369.0,2000,5,14,21,0
2025,3,2025_03_PIT_NE,PIT,NE,0,49,203.0,1600,1,21,14,1
2025,4,2025_04_BAL_KC,BAL,KC,0,53,360.0,1515,2,20,37,0
2025,4,2025_04_BAL_KC,KC,BAL,1,70,382.0,2085,0,37,20,1
2025,4,2025_04_CAR_NE,CAR,NE,0,65,326.0,2114,0,13,42,0
2025,4,2025_04_CAR_NE,NE,CAR,1,48,307.0,1486,0,42,13,1
2025,4,2025_04_CHI_LV,CHI,LV,0,65,271.0,1990,1,25,24,1
2025,4,2025_04_CHI_LV,LV,CHI,1,52,357.0,1610,4,24,25,0
2025,4,2025_04_CIN_DEN,CIN,DEN,0,43,159.0,1322,0,3,28,0
2025,4,2025_04_CIN_DEN,DEN,CIN,1,80,512.0,2278,1,28,3,1
2025,4,2025_04_CLE_DET,CLE,DET,0,65,249.0,1904,3,10,34,0
2025,4,2025_04_CLE_DET,DET,CLE,1,56,277.0,1696,1,34,10,1
2025,4,2025_04_GB_DAL,DAL,GB,1,67,436.0,2067,0,40,40,0
2025,4,2025_04_GB_DAL,GB,DAL,0,79,489.0,2133,1,40,40,0
2025,4,2025_04_IND_LA,IND,LA,0,56,333.0,1696,3,20,27,0
2025,4,2025_04_IND_LA,LA,IND,1,70,462.0,1904,1,27,20,1
2025,4,2025_04_JAX_SF,JAX,SF,0,64,325.0,1951,0,26,21,1
2025,4,2025_04_JAX_SF,SF,JAX,1,64,391.0,1649,4,21,26,0
2025,4,2025_04_LAC_NYG,LAC,NYG,0,57,340.0,1472,2,18,21,0
2025,4,2025_04_LAC_NYG,NYG,LAC,1,70,252.0,2128,0,21,18,1
2025,4,2025_04_MIN_PIT,MIN,PIT,0,73,374.0,2014,2,21,24,0
2025,4,2025_04_MIN_PIT,PIT,MIN,1,53,313.0,1586,0,24,21,1
2025,4,2025_04_NO_BUF,BUF,NO,1,57,356.0,1881,1,31,19,1
2025,4,2025_04_NO_BUF,NO,BUF,0,66,298.0,1719,1,19,31,0
2025,4,2025_04_NYJ_MIA,MIA,NYJ,1,56,300.0,1848,0,27,21,1
2025,4,2025_04_NYJ_MIA,NYJ,MIA,0,58,389.0,1752,3,21,27,0
2025,4,2025_04_PHI_TB,PHI,TB,0,58,200.0,1688,0,31,25,1
2025,4,2025_04_PHI_TB,TB,PHI,1,68,376.0,1912,2,25,31,0
2025,4,2025_04_SEA_ARI,ARI,SEA,1,64,253.0,1656,3,20,23,0
2025,4,2025_04_SEA_ARI,SEA,ARI,0,64,384.0,1944,0,23,20,1
2025,4,2025_04_TEN_HOU,HOU,TEN,1,66,353.0,2301,0,26,0,1
2025,4,2025_04_TEN_HOU,TEN,HOU,0,46,175.0,1299,1,0,26,0
2025,4,2025_04_WAS_ATL,ATL,WAS,1,64,435.0,2055,1,34,27,1
2025,4,2025_04_WAS_ATL,WAS,ATL,0,52,296.0,1545,1,27,34,0
2025,5,2025_05_DAL_NYJ,DAL,NYJ,0,59,416.0,1524,0,37,22,1
2025,5,2025_05_DAL_NYJ,NYJ,DAL,1,75,382.0,2076,1,22,37,0
2025,5,2025_05_DEN_PHI,DEN,PHI,0,71,360.0,2057,0,21,17,1
2025,5,2025_05_DEN_PHI,PHI,DEN,1,55,302.0,1543,0,17,21,0
2025,5,2025_05_DET_CIN,CIN,DET,1,58,322.0,1539,3,24,37,0
2025,5,2025_05_DET_CIN,DET,CIN,0,61,365.0,2061,1,37,24,1
2025,5,2025_05_HOU_BAL,BAL,HOU,1,40,207.0,1407,3,10,44,0
2025,5,2025_05_HOU_BAL,HOU,BAL,0,66,417.0,2193,0,44,10,1
2025,5,2025_05_KC_JAX,JAX,KC,1,54,319.0,1681,2,31,28,1
2025,5,2025_05_KC_JAX,KC,JAX,0,63,476.0,1919,1,28,31,0
2025,5,2025_05_LV_IND,IND,LV,1,61,319.0,1595,0,40,6,1
2025,5,2025_05_LV_IND,LV,IND,0,65,296.0,2005,2,6,40,0
2025,5,2025_05_MIA_CAR,CAR,MIA,1,65,418.0,1874,2,27,24,1
2025,5,2025_05_MIA_CAR,MIA,CAR,0,53,248.0,1726,0,24,27,0
2025,5,2025_05_MIN_CLE,CLE,MIN,1,67,322.0,1829,0,17,21,0
2025,5,2025_05_MIN_CLE,MIN,CLE,0,61,349.0,1771,2,21,17,1
2025,5,2025_05_NE_BUF,BUF,NE,1,61,363.0,2071,3,20,23,0
2025,5,2025_05_NE_BUF,NE,BUF,0,56,338.0,1529,1,23,20,1
2025,5,2025_05_NYG_NO,NO,NYG,1,62,332.0,1690,0,26,14,1
2025,5,2025_05_NYG_NO,NYG,NO,0,70,335.0,1910,5,14,26,0
2025,5,2025_05_SF_LA,LA,SF,1,64,456.0,1580,2,23,26,0
2025,5,2025_05_SF_LA,SF,LA,0,83,407.0,2404,0,26,23,1
2025,5,2025_05_TB_SEA,SEA,TB,1,54,463.0,1608,2,35,38,0
2025,5,2025_05_TB_SEA,TB,SEA,0,59,428.0,1992,0,38,35,1
2025,5,2025_05_TEN_ARI,ARI,TEN,1,64,360.0,1960,2,21,22,0
2025,5,2025_05_TEN_ARI,TEN,ARI,0,65,327.0,1640,3,22,21,1
2025,5,2025_05_WAS_LAC,LAC,WAS,1,65,336.0,2059,2,10,27,0
2025,5,2025_05_WAS_LAC,WAS,LAC,0,55,389.0,1541,1,27,10,1
2025,6,2025_06_ARI_IND,ARI,IND,0,70,400.0,1925,1,27,31,0
2025,6,2025_06_ARI_IND,IND,ARI,1,58,355.0,1675,1,31,27,1
2025,6,2025_06_BUF_ATL,ATL,BUF,1,66,443.0,1899,0,24,14,1
2025,6,2025_06_BUF_ATL,BUF,ATL,0,54,291.0,1701,2,14,24,0
2025,6,2025_06_CHI_WAS,CHI,WAS,0,60,386.0,1706,0,25,24,1
2025,6,2025_06_CHI_WAS,WAS,CHI,1,60,329.0,1894,3,24,25,0
2025,6,2025_06_CIN_GB,CIN,GB,0,63,270.0,1636,0,18,27,0
2025,6,2025_06_CIN_GB,GB,CIN,1,60,409.0,1964,1,27,18,1
2025,6,2025_06_CLE_PIT,CLE,PIT,0,75,248.0,1688,0,9,23,0
2025,6,2025_06_CLE_PIT,PIT,CLE,1,58,335.0,1912,0,23,9,1
2025,6,2025_06_DAL_CAR,CAR,DAL,1,64,410.0,1922,1,30,27,1
2025,6,2025_06_DAL_CAR,DAL,CAR,0,53,292.0,1678,0,27,30,0
2025,6,2025_06_DEN_NYJ,DEN,NYJ,0,57,246.0,1868,1,13,11,1
2025,6,2025_06_DEN_NYJ,NYJ,DEN,1,57,82.0,1732,0,11,13,0
2025,6,2025_06_DET_KC,DET,KC,0,53,297.0,1763,0,17,30,0
2025,6,2025_06_DET_KC,KC,DET,1,62,355.0,1837,0,30,17,1
2025,6,2025_06_LAC_MIA,LAC,MIA,0,64,403.0,2059,1,29,27,1
2025,6,2025_06_LAC_MIA,MIA,LAC,1,56,341.0,1541,3,27,29,0
2025,6,2025_06_LA_BAL,BAL,LA,1,75,296.0,2275,3,3,17,0
2025,6,2025_06_LA_BAL,LA,BAL,0,51,241.0,1325,1,17,3,1
2025,6,2025_06_NE_NO,NE,NO,0,59,335.0,1904,0,25,19,1
2025,6,2025_06_NE_NO,NO,NE,1,51,296.0,1696,1,19,25,0
2025,6,2025_06_PHI_NYG,NYG,PHI,1,67,366.0,1859,0,34,17,1
2025,6,2025_06_PHI_NYG,PHI,NYG,0,56,339.0,1741,2,17,34,0
2025,6,2025_06_SEA_JAX,JAX,SEA,1,69,273.0,2001,0,12,20,0
2025,6,2025_06_SEA_JAX,SEA,JAX,0,54,346.0,1599,0,20,12,1
2025,6,2025_06_SF_TB,SF,TB,0,67,363.0,1955,2,19,30,0
2025,6,2025_06_SF_TB,TB,SF,1,51,352.0,1645,0,30,19,1
2025,6,2025_06_TEN_LV,LV,TEN,1,57,226.0,1946,1,20,10,1
2025,6,2025_06_TEN_LV,TEN,LV,0,59,225.0,1654,3,10,20,0
2025,7,2025_07_ATL_SF,ATL,SF,0,60,292.0,1670,1,10,20,0
2025,7,2025_07_ATL_SF,SF,ATL,1,66,324.0,1930,1,20,10,1
2025,7,2025_07_CAR_NYJ,CAR,NYJ,0,70,302.0,2105,0,13,6,1
2025,7,2025_07_CAR_NYJ,NYJ,CAR,1,60,220.0,1495,2,6,13,0
2025,7,2025_07_GB_ARI,ARI,GB,1,70,330.0,2050,1,23,27,0
2025,7,2025_07_GB_ARI,GB,ARI,0,53,262.0,1550,0,27,23,1
2025,7,2025_07_HOU_SEA,HOU,SEA,0,70,254.0,1663,1,19,27,0
2025,7,2025_07_HOU_SEA,SEA,HOU,1,67,316.0,1937,4,27,19,1
2025,7,2025_07_IND_LAC,IND,LAC,0,59,403.0,1533,0,38,24,1
2025,7,2025_07_IND_LAC,LAC,IND,1,74,445.0,2067,2,24,38,0
2025,7,2025_07_LA_JAX,JAX,LA,1,74,358.0,1694,0,7,35,0
2025,7,2025_07_LA_JAX,LA,JAX,0,62,271.0,1906,0,35,7,1
2025,7,2025_07_LV_KC,KC,LV,1,77,434.0,2528,0,31,0,1
2025,7,2025_07_LV_KC,LV,KC,0,30,95.0,1072,1,0,31,0
2025,7,2025_07_MIA_CLE,CLE,MIA,1,53,206.0,1905,0,31,6,1
2025,7,2025_07_MIA_CLE,MIA,CLE,0,57,219.0,1695,4,6,31,0
2025,7,2025_07_NE_TEN,NE,TEN,0,64,387.0,2232,0,31,13,1
2025,7,2025_07_NE_TEN,TEN,NE,1,51,255.0,1368,2,13,31,0
2025,7,2025_07_NO_CHI,CHI,NO,1,67,386.0,2179,1,26,14,1
2025,7,2025_07_NO_CHI,NO,CHI,0,53,253.0,1421,4,14,26,0
2025,7,2025_07_NYG_DEN,DEN,NYG,1,78,411.0,1789,0,33,32,1
2025,7,2025_07_NYG_DEN,NYG,DEN,0,70,387.0,1811,1,32,33,0
2025,7,2025_07_PHI_MIN,MIN,PHI,1,67,387.0,2042,2,22,28,0
2025,7,2025_07_PHI_MIN,PHI,MIN,0,49,361.0,1558,0,28,22,1
2025,7,2025_07_PIT_CIN,CIN,PIT,1,72,470.0,2072,0,33,31,1
2025,7,2025_07_PIT_CIN,PIT,CIN,0,54,396.0,1528,2,31,33,0
2025,7,2025_07_TB_DET,DET,TB,1,65,379.0,1899,2,24,9,1
2025,7,2025_07_TB_DET,TB,DET,0,67,251.0,1701,2,9,24,0
2025,7,2025_07_WAS_DAL,DAL,WAS,1,62,409.0,1881,0,44,22,1
2025,7,2025_07_WAS_DAL,WAS,DAL,0,65,341.0,1719,2,22,44,0
2025,8,2025_08_BUF_CAR,BUF,CAR,0,60,410.0,2012,0,40,9,1
2025,8,2025_08_BUF_CAR,CAR,BUF,1,59,244.0,1588,3,9,40,0
2025,8,2025_08_CHI_BAL,BAL,CHI,1,59,355.0,1830,0,30,16,1
2025,8,2025_08_CHI_BAL,CHI,BAL,0,62,372.0,1770,1,16,30,0
2025,8,2025_08_CLE_NE,CLE,NE,0,53,213.0,1428,2,13,32,0
2025,8,2025_08_CLE_NE,NE,CLE,1,65,422.0,2220,2,32,13,1
2025,8,2025_08_DAL_DEN,DAL,DEN,0,68,339.0,2012,2,24,44,0
2025,8,2025_08_DAL_DEN,DEN,DAL,1,58,426.0,1588,1,44,24,1
2025,8,2025_08_GB_PIT,GB,PIT,0,64,456.0,1908,0,35,25,1
2025,8,2025_08_GB_PIT,PIT,GB,1,58,295.0,1692,1,25,35,0
2025,8,2025_08_MIA_ATL,ATL,MIA,1,49,213.0,1322,1,10,34,0
2025,8,2025_08_MIA_ATL,MIA,ATL,0,65,338.0,2278,0,34,10,1
2025,8,2025_08_MIN_LAC,LAC,MIN,1,70,419.0,2344,1,37,10,1
2025,8,2025_08_MIN_LAC,MIN,LAC,0,47,164.0,1256,1,10,37,0
2025,8,2025_08_NYG_PHI,NYG,PHI,0,50,246.0,1605,0,20,38,0
2025,8,2025_08_NYG_PHI,PHI,NYG,1,57,427.0,1995,0,38,20,1
2025,8,2025_08_NYJ_CIN,CIN,NYJ,1,58,398.0,1580,0,38,39,0
2025,8,2025_08_NYJ_CIN,NYJ,CIN,0,72,506.0,2020,0,39,38,1
2025,8,2025_08_SF_HOU,HOU,SF,1,75,475.0,2482,1,26,15,1
2025,8,2025_08_SF_HOU,SF,HOU,0,45,225.0,1118,1,15,26,0
2025,8,2025_08_TB_NO,NO,TB,1,71,275.0,1624,4,3,23,0
2025,8,2025_08_TB_NO,TB,NO,0,56,212.0,1976,1,23,3,1
2025,8,2025_08_TEN_IND,IND,TEN,1,52,420.0,1539,0,38,14,1
2025,8,2025_08_TEN_IND,TEN,IND,0,67,341.0,2061,1,14,38,0
2025,8,2025_08_WAS_KC,KC,WAS,1,67,432.0,2043,2,28,7,1
2025,8,2025_08_WAS_KC,WAS,KC,0,52,260.0,1557,2,7,28,0
2025,9,2025_09_ARI_DAL,ARI,DAL,0,65,340.0,2000,0,27,17,1
2025,9,2025_09_ARI_DAL,DAL,ARI,1,65,333.0,1600,3,17,27,0
2025,9,2025_09_ATL_NE,ATL,NE,0,54,288.0,1555,0,23,24,0
2025,9,2025_09_ATL_NE,NE,ATL,1,68,331.0,2045,2,24,23,1
2025,9,2025_09_BAL_MIA,BAL,MIA,0,56,338.0,1903,0,28,6,1
2025,9,2025_09_BAL_MIA,MIA,BAL,1,62,332.0,1697,3,6,28,0
2025,9,2025_09_CAR_GB,CAR,GB,0,54,265.0,1790,1,16,13,1
2025,9,2025_09_CAR_GB,GB,CAR,1,63,369.0,1810,2,13,16,0
2025,9,2025_09_CHI_CIN,CHI,CIN,0,77,576.0,2119,0,47,42,1
2025,9,2025_09_CHI_CIN,CIN,CHI,1,66,497.0,1530,3,42,47,0
2025,9,2025_09_DEN_HOU,DEN,HOU,0,62,273.0,1524,1,18,15,1
2025,9,2025_09_DEN_HOU,HOU,DEN,1,72,268.0,2076,1,15,18,0
2025,9,2025_09_IND_PIT,IND,PIT,0,74,368.0,1915,5,20,27,0
2025,9,2025_09_IND_PIT,PIT,IND,1,61,225.0,1685,2,27,20,1
2025,9,2025_09_JAX_LV,JAX,LV,0,77,367.0,2577,1,30,29,1
2025,9,2025_09_JAX_LV,LV,JAX,1,61,331.0,1607,1,29,30,0
2025,9,2025_09_KC_BUF,BUF,KC,1,64,404.0,2085,0,28,21,1
2025,9,2025_09_KC_BUF,KC,BUF,0,58,307.0,1515,1,21,28,0
2025,9,2025_09_LAC_TEN,LAC,TEN,0,65,343.0,2060,1,27,20,1
2025,9,2025_09_LAC_TEN,TEN,LAC,1,44,206.0,1540,0,20,27,0
2025,9,2025_09_MIN_DET,DET,MIN,1,62,305.0,1868,1,24,27,0
2025,9,2025_09_MIN_DET,MIN,DET,0,59,258.0,1732,1,27,24,1
2025,9,2025_09_NO_LA,LA,NO,1,77,438.0,2633,0,34,10,1
2025,9,2025_09_NO_LA,NO,LA,0,40,224.0,967,2,10,34,0
2025,9,2025_09_SEA_WAS,SEA,WAS,0,48,418.0,1638,1,38,14,1
2025,9,2025_09_SEA_WAS,WAS,SEA,1,62,290.0,1962,2,14,38,0
2025,9,2025_09_SF_NYG,NYG,SF,1,56,296.0,1609,0,24,34,0
2025,9,2025_09_SF_NYG,SF,NYG,0,65,380.0,1991,1,34,24,1
2025,10,2025_10_ARI_SEA,ARI,SEA,0,74,337.0,1580,2,22,44,0
2025,10,2025_10_ARI_SEA,SEA,ARI,1,59,372.0,2020,3,44,22,1
2025,10,2025_10_ATL_IND,ATL,IND,0,61,292.0,1569,1,25,31,0
2025,10,2025_10_ATL_IND,IND,ATL,1,75,519.0,2420,2,31,25,1
2025,10,2025_10_BAL_MIN,BAL,MIN,0,67,323.0,1955,0,27,19,1
2025,10,2025_10_BAL_MIN,MIN,BAL,1,62,365.0,1645,3,19,27,0
2025,10,2025_10_BUF_MIA,BUF,MIA,0,66,376.0,1883,3,13,30,0
2025,10,2025_10_BUF_MIA,MIA,BUF,1,53,370.0,1717,2,30,13,1
2025,10,2025_10_CLE_NYJ,CLE,NYJ,0,70,278.0,2044,0,20,27,0
2025,10,2025_10_CLE_NYJ,NYJ,CLE,1,47,169.0,1556,1,27,20,1
2025,10,2025_10_DET_WAS,DET,WAS,0,69,548.0,1956,0,44,22,1
2025,10,2025_10_DET_WAS,WAS,DET,1,53,288.0,1644,0,22,44,0
2025,10,2025_10_JAX_HOU,HOU,JAX,1,72,414.0,1860,2,36,29,1
2025,10,2025_10_JAX_HOU,JAX,HOU,0,56,213.0,1740,2,29,36,0
2025,10,2025_10_LA_SF,LA,SF,0,67,401.0,1952,0,42,26,1
2025,10,2025_10_LA_SF,SF,LA,1,61,393.0,1648,2,26,42,0
2025,10,2025_10_LV_DEN,DEN,LV,1,57,220.0,1846,2,10,7,1
2025,10,2025_10_LV_DEN,LV,DEN,0,58,188.0,1754,1,7,10,0
2025,10,2025_10_NE_TB,NE,TB,0,59,435.0,1655,1,28,23,1
2025,10,2025_10_NE_TB,TB,NE,1,67,371.0,1945,0,23,28,0
2025,10,2025_10_NO_CAR,CAR,NO,1,50,175.0,1907,3,7,17,0
2025,10,2025_10_NO_CAR,NO,CAR,0,67,388.0,2001,0,17,7,1
2025,10,2025_10_NYG_CHI,CHI,NYG,1,64,391.0,1722,0,24,20,1
2025,10,2025_10_NYG_CHI,NYG,CHI,0,70,431.0,1878,1,20,24,0
2025,10,2025_10_PHI_GB,GB,PHI,1,66,261.0,1675,2,7,10,0
2025,10,2025_10_PHI_GB,PHI,GB,0,60,294.0,1925,1,10,7,1
2025,10,2025_10_PIT_LAC,LAC,PIT,1,69,314.0,2255,1,25,10,1
2025,10,2025_10_PIT_LAC,PIT,LAC,0,50,221.0,1345,2,10,25,0
2025,11,2025_11_BAL_CLE,BAL,CLE,0,60,351.0,1979,2,23,16,1
2025,11,2025_11_BAL_CLE,CLE,BAL,1,54,187.0,1621,2,16,23,0
2025,11,2025_11_CAR_ATL,ATL,CAR,1,58,348.0,1663,1,27,30,0
2025,11,2025_11_CAR_ATL,CAR,ATL,0,77,488.0,2227,0,30,27,1
2025,11,2025_11_CHI_MIN,CHI,MIN,0,73,320.0,2219,0,19,17,1
2025,11,2025_11_CHI_MIN,MIN,CHI,1,54,265.0,1381,2,17,19,0
2025,11,2025_11_CIN_PIT,CIN,PIT,0,64,297.0,1795,2,12,34,0
2025,11,2025_11_CIN_PIT,PIT,CIN,1,60,343.0,1805,0,34,12,1
2025,11,2025_11_DAL_LV,DAL,LV,0,65,381.0,2016,1,33,16,1
2025,11,2025_11_DAL_LV,LV,DAL,1,58,236.0,1584,1,16,33,0
2025,11,2025_11_DET_PHI,DET,PHI,0,60,317.0,1452,1,9,16,0
2025,11,2025_11_DET_PHI,PHI,DET,1,69,272.0,2148,0,16,9,1
2025,11,2025_11_GB_NYG,GB,NYG,0,52,298.0,1444,0,27,20,1
2025,11,2025_11_GB_NYG,NYG,GB,1,69,336.0,2156,2,20,27,0
2025,11,2025_11_HOU_TEN,HOU,TEN,0,68,315.0,1863,0,16,13,1
2025,11,2025_11_HOU_TEN,TEN,HOU,1,57,229.0,1737,1,13,16,0
2025,11,2025_11_KC_DEN,DEN,KC,1,61,342.0,1769,0,22,19,1
2025,11,2025_11_KC_DEN,KC,DEN,0,62,311.0,1831,1,19,22,0
2025,11,2025_11_LAC_JAX,JAX,LAC,1,69,345.0,2275,1,35,6,1
2025,11,2025_11_LAC_JAX,LAC,JAX,0,45,135.0,1325,1,6,35,0
2025,11,2025_11_NYJ_NE,NE,NYJ,1,62,336.0,1916,0,27,14,1
2025,11,2025_11_NYJ_NE,NYJ,NE,0,57,245.0,1684,1,14,27,0
2025,11,2025_11_SEA_LA,LA,SEA,1,50,249.0,1331,1,21,19,1
2025,11,2025_11_SEA_LA,SEA,LA,0,79,414.0,2269,4,19,21,0
2025,11,2025_11_SF_ARI,ARI,SF,1,73,488.0,2055,3,22,41,0
2025,11,2025_11_SF_ARI,SF,ARI,0,53,281.0,1545,0,41,22,1
2025,11,2025_11_TB_BUF,BUF,TB,1,54,414.0,1493,2,44,32,1
2025,11,2025_11_TB_BUF,TB,BUF,0,70,367.0,2107,3,32,44,0
2025,11,2025_11_WAS_MIA,MIA,WAS,1,54,311.0,1791,1,16,13,1
2025,11,2025_11_WAS_MIA,WAS,MIA,0,64,379.0,1956,1,13,16,0
2025,12,2025_12_ATL_NO,ATL,NO,0,56,304.0,1629,1,24,10,1
2025,12,2025_12_ATL_NO,NO,ATL,1,78,293.0,1971,2,10,24,0
2025,12,2025_12_BUF_HOU,BUF,HOU,0,66,326.0,1942,3,19,23,0
2025,12,2025_12_BUF_HOU,HOU,BUF,1,56,261.0,1658,0,23,19,1
2025,12,2025_12_CAR_SF,CAR,SF,0,44,230.0,1338,2,9,20,0
2025,12,2025_12_CAR_SF,SF,CAR,1,70,340.0,2262,3,20,9,1
2025,12,2025_12_CLE_LV,CLE,LV,0,48,270.0,1414,2,24,10,1
2025,12,2025_12_CLE_LV,LV,CLE,1,75,268.0,2186,1,10,24,0
2025,12,2025_12_IND_KC,IND,KC,0,50,255.0,1528,0,20,23,0
2025,12,2025_12_IND_KC,KC,IND,1,92,496.0,2555,2,23,20,1
2025,12,2025_12_JAX_ARI,ARI,JAX,1,76,326.0,2246,0,24,27,0
2025,12,2025_12_JAX_ARI,JAX,ARI,0,61,371.0,1713,4,27,24,1
2025,12,2025_12_MIN_GB,GB,MIN,1,65,288.0,2235,1,23,6,1
2025,12,2025_12_MIN_GB,MIN,GB,0,44,145.0,1365,2,6,23,0
2025,12,2025_12_NE_CIN,CIN,NE,1,62,307.0,1606,1,20,26,0
2025,12,2025_12_NE_CIN,NE,CIN,0,67,392.0,1994,1,26,20,1
2025,12,2025_12_NYG_DET,DET,NYG,1,65,494.0,1710,1,34,27,1
2025,12,2025_12_NYG_DET,NYG,DET,0,77,517.0,2231,1,27,34,0
2025,12,2025_12_NYJ_BAL,BAL,NYJ,1,58,241.0,1907,0,23,10,1
2025,12,2025_12_NYJ_BAL,NYJ,BAL,0,57,282.0,1693,2,10,23,0
2025,12,2025_12_PHI_DAL,DAL,PHI,1,68,473.0,1742,3,24,21,1
2025,12,2025_12_PHI_DAL,PHI,DAL,0,58,339.0,1858,1,21,24,0
2025,12,2025_12_PIT_CHI,CHI,PIT,1,61,328.0,1611,2,31,28,1
2025,12,2025_12_PIT_CHI,PIT,CHI,0,69,345.0,1989,2,28,31,0
2025,12,2025_12_SEA_TEN,SEA,TEN,0,47,353.0,1355,0,30,24,1
2025,12,2025_12_SEA_TEN,TEN,SEA,1,68,296.0,2245,0,24,30,0
2025,12,2025_12_TB_LA,LA,TB,1,55,333.0,1692,0,34,7,1
2025,12,2025_12_TB_LA,TB,LA,0,67,193.0,1908,2,7,34,0
2025,13,2025_13_ARI_TB,ARI,TB,0,61,386.0,1774,2,17,20,0
2025,13,2025_13_ARI_TB,TB,ARI,1,57,279.0,1826,0,20,17,1
2025,13,2025_13_ATL_NYJ,ATL,NYJ,0,67,389.0,1975,0,24,27,0
2025,13,2025_13_ATL_NYJ,NYJ,ATL,1,63,269.0,1625,1,27,24,1
2025,13,2025_13_BUF_PIT,BUF,PIT,0,74,372.0,2519,2,26,7,1
2025,13,2025_13_BUF_PIT,PIT,BUF,1,43,166.0,1081,2,7,26,0
2025,13,2025_13_CHI_PHI,CHI,PHI,0,85,425.0,2358,1,24,15,1
2025,13,2025_13_CHI_PHI,PHI,CHI,1,52,317.0,1242,2,15,24,0
2025,13,2025_13_CIN_BAL,BAL,CIN,1,57,346.0,1274,5,14,32,0
2025,13,2025_13_CIN_BAL,CIN,BAL,0,80,382.0,2326,1,32,14,1
2025,13,2025_13_DEN_WAS,DEN,WAS,0,69,402.0,1933,1,27,26,1
2025,13,2025_13_DEN_WAS,WAS,DEN,1,86,419.0,2100,1,26,27,0
2025,13,2025_13_GB_DET,DET,GB,1,60,352.0,1866,0,24,31,0
2025,13,2025_13_GB_DET,GB,DET,0,60,359.0,1734,0,31,24,1
2025,13,2025_13_HOU_IND,HOU,IND,0,71,364.0,2098,1,20,16,1
2025,13,2025_13_HOU_IND,IND,HOU,1,51,281.0,1502,0,16,20,0
2025,13,2025_13_JAX_TEN,JAX,TEN,0,58,274.0,1886,0,25,3,1
2025,13,2025_13_JAX_TEN,TEN,JAX,1,55,188.0,1714,2,3,25,0
2025,13,2025_13_KC_DAL,DAL,KC,1,66,459.0,1854,1,31,28,1
2025,13,2025_13_KC_DAL,KC,DAL,0,60,362.0,1746,0,28,31,0
2025,13,2025_13_LA_CAR,CAR,LA,1,62,358.0,2116,0,31,28,1
2025,13,2025_13_LA_CAR,LA,CAR,0,51,379.0,1484,3,28,31,0
2025,13,2025_13_LV_LAC,LAC,LV,1,67,341.0,2148,1,31,14,1
2025,13,2025_13_LV_LAC,LV,LAC,0,46,156.0,1452,1,14,31,0
2025,13,2025_13_MIN_SEA,MIN,SEA,0,50,162.0,1539,6,0,26,0
2025,13,2025_13_MIN_SEA,SEA,MIN,1,62,219.0,2061,1,26,0,1
2025,13,2025_13_NO_MIA,MIA,NO,1,59,298.0,1856,1,21,17,1
2025,13,2025_13_NO_MIA,NO,MIA,0,71,296.0,1792,2,17,21,0
2025,13,2025_13_NYG_NE,NE,NYG,1,63,395.0,2006,0,33,15,1
2025,13,2025_13_NYG_NE,NYG,NE,0,54,241.0,1594,1,15,33,0
2025,13,2025_13_SF_CLE,CLE,SF,1,61,255.0,1790,1,8,26,0
2025,13,2025_13_SF_CLE,SF,CLE,0,65,252.0,1810,1,26,8,1
2025,14,2025_14_CHI_GB,CHI,GB,0,69,317.0,2009,1,21,28,0
2025,14,2025_14_CHI_GB,GB,CHI,1,52,337.0,1591,1,28,21,1
2025,14,2025_14_CIN_BUF,BUF,CIN,1,61,418.0,1908,1,39,34,1
2025,14,2025_14_CIN_BUF,CIN,BUF,0,57,338.0,1692,2,34,39,0
2025,14,2025_14_DAL_DET,DAL,DET,0,77,419.0,1883,3,30,44,0
2025,14,2025_14_DAL_DET,DET,DAL,1,57,408.0,1717,0,44,30,1
2025,14,2025_14_DEN_LV,DEN,LV,0,72,356.0,2343,0,24,17,1
2025,14,2025_14_DEN_LV,LV,DEN,1,48,229.0,1257,0,17,24,0
2025,14,2025_14_HOU_KC,HOU,KC,0,65,268.0,1918,0,20,10,1
2025,14,2025_14_HOU_KC,KC,HOU,1,64,274.0,1682,3,10,20,0
2025,14,2025_14_IND_JAX,IND,JAX,0,64,285.0,1795,3,19,36,0
2025,14,2025_14_IND_JAX,JAX,IND,1,63,350.0,1805,1,36,19,1
2025,14,2025_14_LA_ARI,ARI,LA,1,61,314.0,1496,1,17,45,0
2025,14,2025_14_LA_ARI,LA,ARI,0,67,530.0,2104,0,45,17,1
2025,14,2025_14_MIA_NYJ,MIA,NYJ,0,63,358.0,2167,0,34,10,1
2025,14,2025_14_MIA_NYJ,NYJ,MIA,1,57,207.0,1433,3,10,34,0
2025,14,2025_14_NO_TB,NO,TB,0,55,260.0,1668,1,24,20,1
2025,14,2025_14_NO_TB,TB,NO,1,69,301.0,1932,1,20,24,0
2025,14,2025_14_PHI_LAC,LAC,PHI,1,71,275.0,2285,2,22,19,1
2025,14,2025_14_PHI_LAC,PHI,LAC,0,66,365.0,1766,5,19,22,0
2025,14,2025_14_PIT_BAL,BAL,PIT,1,77,420.0,2024,1,22,27,0
2025,14,2025_14_PIT_BAL,PIT,BAL,0,51,318.0,1576,0,27,22,1
2025,14,2025_14_SEA_ATL,ATL,SEA,1,62,274.0,1720,3,9,37,0
2025,14,2025_14_SEA_ATL,SEA,ATL,0,58,365.0,1880,1,37,9,1
2025,14,2025_14_TEN_CLE,CLE,TEN,1,66,412.0,1684,2,29,31,0
2025,14,2025_14_TEN_CLE,TEN,CLE,0,64,292.0,1916,1,31,29,1
2025,14,2025_14_WAS_MIN,MIN,WAS,1,61,313.0,2092,0,31,0,1
2025,14,2025_14_WAS_MIN,WAS,MIN,0,49,206.0,1508,3,0,31,0
2025,15,2025_15_ARI_HOU,ARI,HOU,0,64,307.0,1662,2,20,40,0
2025,15,2025_15_ARI_HOU,HOU,ARI,1,63,399.0,1938,0,40,20,1
2025,15,2025_15_ATL_TB,ATL,TB,0,68,476.0,1911,1,29,28,1
2025,15,2025_15_ATL_TB,TB,ATL,1,62,340.0,1689,1,28,29,0
2025,15,2025_15_BAL_CIN,BAL,CIN,0,40,317.0,1241,1,24,0,1
2025,15,2025_15_BAL_CIN,CIN,BAL,1,71,298.0,2359,2,0,24,0
2025,15,2025_15_BUF_NE,BUF,NE,0,67,349.0,2121,0,35,31,1
2025,15,2025_15_BUF_NE,NE,BUF,1,51,385.0,1479,1,31,35,0
2025,15,2025_15_CAR_NO,CAR,NO,0,56,281.0,1696,1,17,20,0
2025,15,2025_15_CAR_NO,NO,CAR,1,63,337.0,1904,0,20,17,1
2025,15,2025_15_CLE_CHI,CHI,CLE,1,64,361.0,1972,0,31,3,1
2025,15,2025_15_CLE_CHI,CLE,CHI,0,56,192.0,1628,3,3,31,0
2025,15,2025_15_DET_LA,DET,LA,0,62,396.0,1585,0,34,41,0
2025,15,2025_15_DET_LA,LA,DET,1,69,519.0,2015,1,41,34,1
2025,15,2025_15_GB_DEN,DEN,GB,1,66,391.0,1832,1,34,26,1
2025,15,2025_15_GB_DEN,GB,DEN,0,63,362.0,1768,2,26,34,0
2025,15,2025_15_IND_SEA,IND,SEA,0,58,220.0,1865,1,16,18,0
2025,15,2025_15_IND_SEA,SEA,IND,1,59,314.0,1735,0,18,16,1
2025,15,2025_15_LAC_KC,KC,LAC,1,59,239.0,1518,2,13,16,0
2025,15,2025_15_LAC_KC,LAC,KC,0,62,295.0,2082,1,16,13,1
2025,15,2025_15_LV_PHI,LV,PHI,0,42,75.0,1235,1,0,31,0
2025,15,2025_15_LV_PHI,PHI,LV,1,66,387.0,2365,0,31,0,1
2025,15,2025_15_MIA_PIT,MIA,PIT,0,50,285.0,1587,1,15,28,0
2025,15,2025_15_MIA_PIT,PIT,MIA,1,62,336.0,2013,0,28,15,1
2025,15,2025_15_MIN_DAL,DAL,MIN,1,69,423.0,1956,0,26,34,0
2025,15,2025_15_MIN_DAL,MIN,DAL,0,52,327.0,1644,1,34,26,1
2025,15,2025_15_NYJ_JAX,JAX,NYJ,1,59,438.0,1613,1,48,20,1
2025,15,2025_15_NYJ_JAX,NYJ,JAX,0,68,284.0,1987,3,20,48,0
2025,15,2025_15_TEN_SF,SF,TEN,1,70,430.0,2225,1,37,24,1
2025,15,2025_15_TEN_SF,TEN,SF,0,49,306.0,1375,0,24,37,0
2025,15,2025_15_WAS_NYG,NYG,WAS,1,67,384.0,1752,1,21,29,0
2025,15,2025_15_WAS_NYG,WAS,NYG,0,58,340.0,1848,2,29,21,1
2025,16,2025_16_ATL_ARI,ARI,ATL,1,56,320.0,1466,1,19,26,0
2025,16,2025_16_ATL_ARI,ATL,ARI,0,73,342.0,2134,2,26,19,1
2025,16,2025_16_BUF_CLE,BUF,CLE,0,50,259.0,1477,0,23,20,1
2025,16,2025_16_BUF_CLE,CLE,BUF,1,64,294.0,2123,2,20,23,0
2025,16,2025_16_CIN_MIA,CIN,MIA,0,61,407.0,1892,0,45,21,1
2025,16,2025_16_CIN_MIA,MIA,CIN,1,58,389.0,1708,3,21,45,0
2025,16,2025_16_GB_CHI,CHI,GB,1,60,400.0,1573,0,22,16,1
2025,16,2025_16_GB_CHI,GB,CHI,0,70,384.0,2432,1,16,22,0
2025,16,2025_16_JAX_DEN,DEN,JAX,1,65,445.0,1607,2,20,34,0
2025,16,2025_16_JAX_DEN,JAX,DEN,0,68,346.0,1993,0,34,20,1
2025,16,2025_16_KC_TEN,KC,TEN,0,43,133.0,1319,0,9,26,0
2025,16,2025_16_KC_TEN,TEN,KC,1,70,376.0,2281,0,26,9,1
2025,16,2025_16_LAC_DAL,DAL,LAC,1,56,340.0,1533,1,17,34,0
2025,16,2025_16_LAC_DAL,LAC,DAL,0,62,452.0,2067,0,34,17,1
2025,16,2025_16_LA_SEA,LA,SEA,0,88,581.0,2433,0,37,38,0
2025,16,2025_16_LA_SEA,SEA,LA,1,66,421.0,1574,3,38,37,1
2025,16,2025_16_LV_HOU,HOU,LV,1,61,270.0,1906,0,23,21,1
2025,16,2025_16_LV_HOU,LV,HOU,0,53,315.0,1694,1,21,23,0
2025,16,2025_16_MIN_NYG,MIN,NYG,0,58,240.0,1861,2,16,13,1
2025,16,2025_16_MIN_NYG,NYG,MIN,1,48,141.0,1739,1,13,16,0
2025,16,2025_16_NE_BAL,BAL,NE,1,54,330.0,1691,2,24,28,0
2025,16,2025_16_NE_BAL,NE,BAL,0,72,455.0,1909,2,28,24,1
2025,16,2025_16_NYJ_NO,NO,NYJ,1,78,412.0,1878,1,29,6,1
2025,16,2025_16_NYJ_NO,NYJ,NO,0,63,195.0,1722,2,6,29,0
2025,16,2025_16_PHI_WAS,PHI,WAS,0,67,387.0,2047,1,29,18,1
2025,16,2025_16_PHI_WAS,WAS,PHI,1,52,222.0,1553,1,18,29,0
2025,16,2025_16_PIT_DET,DET,PIT,1,69,361.0,1554,0,24,29,0
2025,16,2025_16_PIT_DET,PIT,DET,0,70,481.0,2046,1,29,24,1
2025,16,2025_16_SF_IND,IND,SF,1,58,312.0,1615,2,27,48,0
2025,16,2025_16_SF_IND,SF,IND,0,66,440.0,1985,1,48,27,1
2025,16,2025_16_TB_CAR,CAR,TB,1,54,275.0,1524,0,23,20,1
2025,16,2025_16_TB_CAR,TB,CAR,0,61,296.0,2076,1,20,23,0
2025,17,2025_17_ARI_CIN,ARI,CIN,0,54,233.0,1144,0,14,37,0
2025,17,2025_17_ARI_CIN,CIN,ARI,1,74,429.0,2456,0,37,14,1
2025,17,2025_17_BAL_GB,BAL,GB,0,74,414.0,2416,0,41,24,1
2025,17,2025_17_BAL_GB,GB,BAL,1,44,363.0,1184,2,24,41,0
2025,17,2025_17_CHI_SF,CHI,SF,0,64,440.0,1587,0,38,42,0
2025,17,2025_17_CHI_SF,SF,CHI,1,68,496.0,2013,1,42,38,1
2025,17,2025_17_DAL_WAS,DAL,WAS,0,87,480.0,2324,0,30,23,1
2025,17,2025_17_DAL_WAS,WAS,DAL,1,41,328.0,1276,0,23,30,0
2025,17,2025_17_DEN_KC,DEN,KC,0,71,303.0,2368,1,20,13,1
2025,17,2025_17_DEN_KC,KC,DEN,1,42,139.0,1232,0,13,20,0
2025,17,2025_17_DET_MIN,DET,MIN,0,64,231.0,1950,6,10,23,0
2025,17,2025_17_DET_MIN,MIN,DET,1,51,161.0,1650,0,23,10,1
2025,17,2025_17_HOU_LAC,HOU,LAC,0,62,362.0,1821,2,20,16,1
2025,17,2025_17_HOU_LAC,LAC,HOU,1,59,275.0,1779,1,16,20,0
2025,17,2025_17_JAX_IND,IND,JAX,1,55,204.0,1661,2,17,23,0
2025,17,2025_17_JAX_IND,JAX,IND,0,68,370.0,1939,2,23,17,1
2025,17,2025_17_LA_ATL,ATL,LA,1,53,345.0,1785,0,27,24,1
2025,17,2025_17_LA_ATL,LA,ATL,0,61,363.0,1815,3,24,27,0
2025,17,2025_17_NE_NYJ,NE,NYJ,0,62,440.0,1915,0,42,10,1
2025,17,2025_17_NE_NYJ,NYJ,NE,1,63,307.0,1685,1,10,42,0
2025,17,2025_17_NO_TEN,NO,TEN,0,52,423.0,1699,1,34,26,1
2025,17,2025_17_NO_TEN,TEN,NO,1,72,336.0,1901,1,26,34,0
2025,17,2025_17_NYG_LV,LV,NYG,1,54,231.0,1752,2,10,34,0
2025,17,2025_17_NYG_LV,NYG,LV,0,63,343.0,1848,0,34,10,1
2025,17,2025_17_PHI_BUF,BUF,PHI,1,74,331.0,2115,1,12,13,0
2025,17,2025_17_PHI_BUF,PHI,BUF,0,54,190.0,1485,0,13,12,1
2025,17,2025_17_PIT_CLE,CLE,PIT,1,50,262.0,1761,2,13,6,1
2025,17,2025_17_PIT_CLE,PIT,CLE,0,65,291.0,1839,0,6,13,0
2025,17,2025_17_SEA_CAR,CAR,SEA,1,52,139.0,1542,2,10,27,0
2025,17,2025_17_SEA_CAR,SEA,CAR,0,66,288.0,2058,2,27,10,1
2025,17,2025_17_TB_MIA,MIA,TB,1,54,298.0,1674,0,20,17,1
2025,17,2025_17_TB_MIA,TB,MIA,0,63,380.0,1926,3,17,20,0
2025,18,2025_18_ARI_LA,ARI,LA,0,53,317.0,1669,2,20,37,0
2025,18,2025_18_ARI_LA,LA,ARI,1,72,395.0,1931,0,37,20,1
2025,18,2025_18_BAL_PIT,BAL,PIT,0,48,359.0,1549,1,24,26,0
2025,18,2025_18_BAL_PIT,PIT,BAL,1,73,390.0,2051,0,26,24,1
2025,18,2025_18_CAR_TB,CAR,TB,0,49,285.0,1355,3,14,16,0
2025,18,2025_18_CAR_TB,TB,CAR,1,66,338.0,2245,1,16,14,1
2025,18,2025_18_CLE_CIN,CIN,CLE,1,67,364.0,2134,2,18,20,0
2025,18,2025_18_CLE_CIN,CLE,CIN,0,52,200.0,1466,1,20,18,1
2025,18,2025_18_DAL_NYG,DAL,NYG,0,54,286.0,1613,2,17,34,0
2025,18,2025_18_DAL_NYG,NYG,DAL,1,70,382.0,1987,1,34,17,1
2025,18,2025_18_DET_CHI,CHI,DET,1,54,274.0,1455,1,16,19,0
2025,18,2025_18_DET_CHI,DET,CHI,0,72,433.0,2145,1,19,16,1
2025,18,2025_18_GB_MIN,GB,MIN,0,50,121.0,1590,0,3,16,0
2025,18,2025_18_GB_MIN,MIN,GB,1,64,363.0,2010,1,16,3,1
2025,18,2025_18_IND_HOU,HOU,IND,1,64,339.0,1695,0,38,30,1
2025,18,2025_18_IND_HOU,IND,HOU,0,64,354.0,1905,3,30,38,0
2025,18,2025_18_KC_LV,KC,LV,0,62,168.0,1756,2,12,14,0
2025,18,2025_18_KC_LV,LV,KC,1,61,204.0,1844,2,14,12,1
2025,18,2025_18_LAC_DEN,DEN,LAC,1,58,240.0,2041,0,19,3,1
2025,18,2025_18_LAC_DEN,LAC,DEN,0,69,217.0,1559,2,3,19,0
2025,18,2025_18_MIA_NE,MIA,NE,0,54,180.0,1751,2,10,38,0
2025,18,2025_18_MIA_NE,NE,MIA,1,56,457.0,1849,0,38,10,1
2025,18,2025_18_NO_ATL,ATL,NO,1,61,208.0,1721,1,19,17,1
2025,18,2025_18_NO_ATL,NO,ATL,0,65,340.0,1879,2,17,19,0
2025,18,2025_18_NYJ_BUF,BUF,NYJ,1,74,472.0,2300,0,35,8,1
2025,18,2025_18_NYJ_BUF,NYJ,BUF,0,47,124.0,1300,0,8,35,0
2025,18,2025_18_SEA_SF,SEA,SF,0,67,361.0,2268,0,13,3,1
2025,18,2025_18_SEA_SF,SF,SEA,1,42,173.0,1332,1,3,13,0
2025,18,2025_18_TEN_JAX,JAX,TEN,1,58,319.0,1983,0,41,7,1
2025,18,2025_18_TEN_JAX,TEN,JAX,0,53,194.0,1617,1,7,41,0
2025,18,2025_18_WAS_PHI,PHI,WAS,1,62,307.0,1551,1,17,24,0
2025,18,2025_18_WAS_PHI,WAS,PHI,0,63,274.0,2049,2,24,17,1
