season,team,week,pf,pa
2005,Toledo,1,62,14
2005,Western Illinois,1,14,62
2005,Marshall,1,36,24
2005,William & Mary,1,24,36
2005,Wake Forest,1,20,24
2005,Vanderbilt,1,24,20
2005,Cincinnati,1,28,26
2005,Eastern Michigan,1,26,28
2005,Houston,1,24,38
2005,Oregon,1,38,24
2005,UConn,1,38,0
2005,Buffalo,1,0,38
2005,South Carolina,1,24,15
2005,UCF,1,15,24
2005,UL Monroe,1,23,27
2005,Northwestern State,1,27,23
2005,Washington State,1,38,26
2005,Idaho,1,26,38
2005,Arizona State,1,63,16
2005,Temple,1,16,63
2005,Tulsa,1,10,41
2005,Minnesota,1,41,10
2005,Central Michigan,1,13,20
2005,Indiana,1,20,13
2005,Utah,1,27,24
2005,Arizona,1,24,27
2005,Wisconsin,1,56,42
2005,Bowling Green,1,42,56
2005,Northwestern,1,38,14
2005,Ohio,1,14,38
2005,Ohio State,1,34,14
2005,Miami (OH),1,14,34
2005,Arkansas State,1,17,44
2005,Missouri,1,44,17
2005,Oklahoma,1,10,17
2005,TCU,1,17,10
2005,Iowa,1,56,0
2005,Ball State,1,0,56
2005,Michigan State,1,49,14
2005,Kent State,1,14,49
2005,Illinois,1,33,30
2005,Rutgers,1,30,33
2005,Tennessee,1,17,10
2005,UAB,1,10,17
2005,East Carolina,1,24,21
2005,Duke,1,21,24
2005,Kansas State,1,35,21
2005,Florida International,1,21,35
2005,Air Force,1,20,17
2005,Washington,1,17,20
2005,Colorado,1,31,28
2005,Colorado State,1,28,31
2005,Michigan,1,33,17
2005,Northern Illinois,1,17,33
2005,Penn State,1,23,13
2005,South Florida,1,13,23
2005,BYU,1,3,20
2005,Boston College,1,20,3
2005,California,1,41,3
2005,Sacramento State,1,3,41
2005,Georgia,1,48,13
2005,Boise State,1,13,48
2005,Navy,1,20,23
2005,Maryland,1,23,20
2005,San José State,1,35,24
2005,Eastern Washington,1,24,35
2005,Oregon State,1,41,14
2005,Portland State,1,14,41
2005,Florida,1,32,14
2005,Wyoming,1,14,32
2005,Virginia,1,31,19
2005,Western Michigan,1,19,31
2005,Oklahoma State,1,15,10
2005,Montana State,1,10,15
2005,Troy,1,27,10
2005,Cal Poly,1,10,27
2005,Iowa State,1,32,21
2005,Illinois State,1,21,32
2005,Arkansas,1,49,17
2005,Missouri State,1,17,49
2005,Texas,1,60,3
2005,Louisiana,1,3,60
2005,Kansas,1,30,19
2005,Florida Atlantic,1,19,30
2005,Hawai'i,1,17,63
2005,USC,1,63,17
2005,Nebraska,1,25,7
2005,Maine,1,7,25
2005,Mississippi State,1,38,6
2005,Murray State,1,6,38
2005,Alabama,1,26,7
2005,Middle Tennessee,1,7,26
2005,Pittsburgh,1,21,42
2005,Notre Dame,1,42,21
2005,SMU,1,23,28
2005,Baylor,1,28,23
2005,Clemson,1,25,24
2005,Texas A&M,1,24,25
2005,Auburn,1,14,23
2005,Georgia Tech,1,23,14
2005,San Diego State,1,21,44
2005,UCLA,1,44,21
2005,New Mexico State,1,17,34
2005,UTEP,1,34,17
2005,Syracuse,1,7,15
2005,West Virginia,1,15,7
2005,Kentucky,1,24,31
2005,Louisville,1,31,24
2005,NC State,1,16,20
2005,Virginia Tech,1,20,16
2005,New Mexico,1,24,22
2005,UNLV,1,22,24
2005,Memphis,1,6,10
2005,Ole Miss,1,10,6
2005,Florida State,1,10,7
2005,Miami,1,7,10
2005,Florida Atlantic,2,3,23
2005,Oklahoma State,2,23,3
2005,Ohio,2,16,10
2005,Pittsburgh,2,10,16
2005,Nevada,2,21,55
2005,Washington State,2,55,21
2005,Marshall,2,19,21
2005,Kansas State,2,21,19
2005,Wisconsin,2,65,0
2005,Temple,2,0,65
2005,Penn State,2,42,24
2005,Cincinnati,2,24,42
2005,Duke,2,0,45
2005,Virginia Tech,2,45,0
2005,Maryland,2,24,28
2005,Clemson,2,28,24
2005,Michigan,2,10,17
2005,Notre Dame,2,17,10
2005,Oklahoma,2,31,15
2005,Tulsa,2,15,31
2005,Boston College,2,44,7
2005,Army,2,7,44
2005,Auburn,2,28,0
2005,Mississippi State,2,0,28
2005,Purdue,2,49,24
2005,Akron,2,24,49
2005,UConn,2,59,0
2005,Liberty,2,0,59
2005,Illinois,2,40,19
2005,San José State,2,19,40
2005,Miami (OH),2,37,38
2005,Central Michigan,2,38,37
2005,Air Force,2,41,29
2005,San Diego State,2,29,41
2005,Minnesota,2,56,24
2005,Colorado State,2,24,56
2005,BYU,2,45,10
2005,Eastern Illinois,2,10,45
2005,Wyoming,2,38,0
2005,UL Monroe,2,0,38
2005,Syracuse,2,31,0
2005,Buffalo,2,0,31
2005,Washington,2,17,56
2005,California,2,56,17
2005,Oregon,2,47,14
2005,Montana,2,14,47
2005,Georgia Tech,2,27,21
2005,North Carolina,2,21,27
2005,Michigan State,2,42,14
2005,Hawai'i,2,14,42
2005,Iowa State,2,23,3
2005,Iowa,2,3,23
2005,Rutgers,2,38,6
2005,Villanova,2,6,38
2005,Kent State,2,33,12
2005,Southeast Missouri State,2,12,33
2005,Northwestern,2,38,37
2005,Northern Illinois,2,37,38
2005,Indiana,2,35,31
2005,Nicholls,2,31,35
2005,Georgia,2,17,15
2005,South Carolina,2,15,17
2005,Navy,2,38,41
2005,Stanford,2,41,38
2005,Kentucky,2,41,29
2005,Idaho State,2,29,41
2005,Florida,2,41,3
2005,Louisiana Tech,2,3,41
2005,Eastern Michigan,2,31,10
2005,Louisiana,2,10,31
2005,West Virginia,2,35,7
2005,Wofford,2,7,35
2005,Oregon State,2,30,27
2005,Boise State,2,27,30
2005,Florida State,2,62,10
2005,The Citadel,2,10,62
2005,Texas Tech,2,56,3
2005,Florida International,2,3,56
2005,Houston,2,31,10
2005,Sam Houston,2,10,31
2005,Missouri,2,35,45
2005,New Mexico,2,45,35
2005,Arkansas State,2,56,7
2005,UT Martin,2,7,56
2005,Baylor,2,48,14
2005,Samford,2,14,48
2005,South Florida,2,37,3
2005,Florida A&M,2,3,37
2005,Nebraska,2,31,3
2005,Wake Forest,2,3,31
2005,Toledo,2,56,23
2005,Western Michigan,2,23,56
2005,Kansas,2,36,8
2005,App State,2,8,36
2005,Arkansas,2,24,28
2005,Vanderbilt,2,28,24
2005,Middle Tennessee,2,7,14
2005,North Texas,2,14,7
2005,Alabama,2,30,21
2005,Southern Miss,2,21,30
2005,Troy,2,7,27
2005,UAB,2,27,7
2005,Ohio State,2,22,25
2005,Texas,2,25,22
2005,Ball State,2,31,40
2005,Bowling Green,2,40,31
2005,Utah,2,31,7
2005,Utah State,2,7,31
2005,Arizona State,2,31,35
2005,LSU,2,35,31
2005,SMU,2,21,10
2005,TCU,2,10,21
2005,Arizona,2,31,12
2005,Northern Arizona,2,12,31
2005,Colorado,2,39,0
2005,New Mexico State,2,0,39
2005,UNLV,2,34,31
2005,Idaho,2,31,34
2005,Fresno State,2,55,17
2005,Weber State,2,17,55
2005,UCLA,2,63,21
2005,Rice,2,21,63
2005,TCU,3,23,20
2005,Utah,3,20,23
2005,UTEP,3,44,41
2005,Houston,3,41,44
2005,Louisville,3,63,27
2005,Oregon State,3,27,63
2005,Syracuse,3,24,27
2005,Virginia,3,27,24
2005,Michigan,3,55,0
2005,Eastern Michigan,3,0,55
2005,Maryland,3,19,31
2005,West Virginia,3,31,19
2005,Vanderbilt,3,31,23
2005,Ole Miss,3,23,31
2005,Texas A&M,3,66,8
2005,SMU,3,8,66
2005,Duke,3,40,14
2005,VMI,3,14,40
2005,Georgia,3,44,7
2005,UL Monroe,3,7,44
2005,Temple,3,17,42
2005,Toledo,3,42,17
2005,Air Force,3,28,29
2005,Wyoming,3,29,28
2005,Missouri,3,52,21
2005,Troy,3,21,52
2005,Auburn,3,63,3
2005,Ball State,3,3,63
2005,Army,3,10,20
2005,Baylor,3,20,10
2005,Penn State,3,40,3
2005,Central Michigan,3,3,40
2005,Notre Dame,3,41,44
2005,Michigan State,3,44,41
2005,UCLA,3,41,24
2005,Oklahoma,3,24,41
2005,Clemson,3,30,36
2005,Miami,3,36,30
2005,Nebraska,3,7,6
2005,Pittsburgh,3,6,7
2005,Washington,3,34,6
2005,Idaho,3,6,34
2005,Ohio State,3,27,6
2005,San Diego State,3,6,27
2005,South Carolina,3,14,37
2005,Alabama,3,37,14
2005,Virginia Tech,3,45,0
2005,Ohio,3,0,45
2005,Iowa,3,45,21
2005,Northern Iowa,3,21,45
2005,Kent State,3,10,27
2005,Miami (OH),3,27,10
2005,Northern Illinois,3,42,3
2005,Tennessee Tech,3,3,42
2005,California,3,35,20
2005,Illinois,3,20,35
2005,Middle Tennessee,3,7,17
2005,Akron,3,17,7
2005,NC State,3,54,10
2005,Eastern Kentucky,3,10,54
2005,Wake Forest,3,44,34
2005,East Carolina,3,34,44
2005,Indiana,3,38,14
2005,Kentucky,3,14,38
2005,Georgia Tech,3,28,13
2005,UConn,3,13,28
2005,Cincinnati,3,7,3
2005,Western Carolina,3,3,7
2005,Southern Miss,3,48,20
2005,McNeese,3,20,48
2005,Texas Tech,3,80,21
2005,Sam Houston,3,21,80
2005,Western Michigan,3,34,28
2005,Southern Illinois,3,28,34
2005,Washington State,3,48,7
2005,Grambling,3,7,48
2005,Oregon,3,37,34
2005,Fresno State,3,34,37
2005,Texas,3,51,10
2005,Rice,3,10,51
2005,UAB,3,35,28
2005,Jacksonville State,3,28,35
2005,South Florida,3,31,14
2005,UCF,3,14,31
2005,North Texas,3,2,54
2005,Tulsa,3,54,2
2005,Kansas,3,34,14
2005,Louisiana Tech,3,14,34
2005,North Carolina,3,5,14
2005,Wisconsin,3,14,5
2005,Oklahoma State,3,20,10
2005,Arkansas State,3,10,20
2005,Boston College,3,17,28
2005,Florida State,3,28,17
2005,Louisiana,3,49,28
2005,Northwestern State,3,28,49
2005,Tulane,3,14,21
2005,Mississippi State,3,21,14
2005,Buffalo,3,3,17
2005,Rutgers,3,17,3
2005,Memphis,3,59,14
2005,Chattanooga,3,14,59
2005,New Mexico,3,38,21
2005,New Mexico State,3,21,38
2005,Florida,3,16,7
2005,Tennessee,3,7,16
2005,Minnesota,3,46,7
2005,Florida Atlantic,3,7,46
2005,Stanford,3,17,20
2005,UC Davis,3,20,17
2005,Arizona State,3,52,21
2005,Northwestern,3,21,52
2005,Arizona,3,24,31
2005,Purdue,3,31,24
2005,Nevada,3,22,14
2005,UNLV,3,14,22
2005,USC,3,70,17
2005,Arkansas,3,17,70
2005,Boise State,4,48,20
2005,Bowling Green,4,20,48
2005,Florida Atlantic,4,21,28
2005,UL Monroe,4,28,21
2005,Utah,4,38,35
2005,Air Force,4,35,38
2005,Texas A&M,4,44,31
2005,Texas State,4,31,44
2005,Army,4,21,28
2005,Iowa State,4,28,21
2005,New Mexico State,4,13,41
2005,California,4,41,13
2005,Ohio State,4,31,6
2005,Iowa,4,6,31
2005,Northwestern,4,29,34
2005,Penn State,4,34,29
2005,Minnesota,4,42,35
2005,Purdue,4,35,42
2005,NC State,4,24,31
2005,North Carolina,4,31,24
2005,Clemson,4,13,16
2005,Boston College,4,16,13
2005,West Virginia,4,20,15
2005,East Carolina,4,15,20
2005,Illinois,4,14,61
2005,Michigan State,4,61,14
2005,Miami,4,23,3
2005,Colorado,4,3,23
2005,Alabama,4,24,13
2005,Arkansas,4,13,24
2005,Central Michigan,4,20,23
2005,Eastern Michigan,4,23,20
2005,Temple,4,16,19
2005,Western Michigan,4,19,16
2005,Pittsburgh,4,41,0
2005,Youngstown State,4,0,41
2005,Ohio,4,35,32
2005,Kent State,4,32,35
2005,SMU,4,10,31
2005,Tulane,4,31,10
2005,Kansas State,4,54,7
2005,North Texas,4,7,54
2005,Auburn,4,37,14
2005,Western Kentucky,4,14,37
2005,BYU,4,50,51
2005,TCU,4,51,50
2005,Wake Forest,4,12,22
2005,Maryland,4,22,12
2005,Virginia,4,38,7
2005,Duke,4,7,38
2005,Arkansas State,4,66,24
2005,Florida International,4,24,66
2005,Virginia Tech,4,51,7
2005,Georgia Tech,4,7,51
2005,Washington,4,17,36
2005,Notre Dame,4,36,17
2005,Kentucky,4,28,49
2005,Florida,4,49,28
2005,UCF,4,23,13
2005,Marshall,4,13,23
2005,Wisconsin,4,23,20
2005,Michigan,4,20,23
2005,Akron,4,48,42
2005,Northern Illinois,4,42,48
2005,Colorado State,4,42,21
2005,Nevada,4,21,42
2005,South Florida,4,45,14
2005,Louisville,4,14,45
2005,South Carolina,4,45,20
2005,Troy,4,20,45
2005,Ole Miss,4,14,24
2005,Wyoming,4,24,14
2005,Oregon,4,13,45
2005,USC,4,45,13
2005,Vanderbilt,4,37,13
2005,Richmond,4,13,37
2005,Texas Tech,4,63,7
2005,Indiana State,4,7,63
2005,Tulsa,4,37,31
2005,Memphis,4,31,37
2005,Mississippi State,4,10,23
2005,Georgia,4,23,10
2005,San Diego State,4,52,21
2005,San José State,4,21,52
2005,Utah State,4,31,24
2005,UNLV,4,24,31
2005,UTEP,4,21,13
2005,New Mexico,4,13,21
2005,Idaho,4,0,24
2005,Hawai'i,4,24,0
2005,Oregon State,4,24,42
2005,Arizona State,4,42,24
2005,LSU,4,27,30
2005,Tennessee,4,30,27
2005,Fresno State,5,44,14
2005,Toledo,5,14,44
2005,Miami (OH),5,44,16
2005,Cincinnati,5,16,44
2005,Colorado State,5,41,23
2005,Air Force,5,23,41
2005,Rutgers,5,37,29
2005,Pittsburgh,5,29,37
2005,West Virginia,5,17,34
2005,Virginia Tech,5,34,17
2005,Wisconsin,5,41,24
2005,Indiana,5,24,41
2005,Missouri,5,20,51
2005,Texas,5,51,20
2005,Louisville,5,61,10
2005,Florida Atlantic,5,10,61
2005,Army,5,13,47
2005,UConn,5,47,13
2005,Michigan State,5,31,34
2005,Michigan,5,34,31
2005,Maryland,5,45,33
2005,Virginia,5,33,45
2005,Iowa,5,35,7
2005,Illinois,5,7,35
2005,Texas A&M,5,16,13
2005,Baylor,5,13,16
2005,Tennessee,5,27,10
2005,Ole Miss,5,10,27
2005,Boston College,5,38,0
2005,Ball State,5,0,38
2005,Duke,5,21,28
2005,Navy,5,28,21
2005,North Carolina,5,31,17
2005,Utah,5,17,31
2005,Eastern Michigan,5,27,20
2005,Kent State,5,20,27
2005,Oklahoma State,5,0,34
2005,Colorado,5,34,0
2005,Mississippi State,5,7,37
2005,LSU,5,37,7
2005,Wyoming,5,42,17
2005,UNLV,5,17,42
2005,Penn State,5,44,14
2005,Minnesota,5,14,44
2005,Florida State,5,38,14
2005,Syracuse,5,14,38
2005,Tulane,5,28,21
2005,SE Louisiana,5,21,28
2005,Wake Forest,5,31,27
2005,Clemson,5,27,31
2005,Arizona State,5,28,38
2005,USC,5,38,28
2005,Nebraska,5,27,20
2005,Iowa State,5,20,27
2005,Alabama,5,31,3
2005,Florida,5,3,31
2005,Marshall,5,16,13
2005,SMU,5,13,16
2005,Oregon State,5,44,33
2005,Washington State,5,33,44
2005,Bowling Green,5,69,7
2005,Temple,5,7,69
2005,Idaho,5,27,13
2005,Utah State,5,13,27
2005,Stanford,5,20,44
2005,Oregon,5,44,20
2005,East Carolina,5,7,33
2005,Southern Miss,5,33,7
2005,Akron,5,17,31
2005,Central Michigan,5,31,17
2005,Florida International,5,23,6
2005,Florida A&M,5,6,23
2005,Western Michigan,5,31,21
2005,Buffalo,5,21,31
2005,California,5,28,0
2005,Arizona,5,0,28
2005,Texas Tech,5,30,17
2005,Kansas,5,17,30
2005,UL Monroe,5,31,27
2005,Arkansas State,5,27,31
2005,TCU,5,49,28
2005,New Mexico,5,28,49
2005,Oklahoma,5,43,21
2005,Kansas State,5,21,43
2005,Tulsa,5,23,30
2005,Houston,5,30,23
2005,UAB,5,45,26
2005,Rice,5,26,45
2005,Auburn,5,48,7
2005,South Carolina,5,7,48
2005,Louisiana Tech,5,34,14
2005,New Mexico State,5,14,34
2005,Vanderbilt,5,15,17
2005,Middle Tennessee,5,17,15
2005,San José State,5,23,30
2005,Nevada,5,30,23
2005,Purdue,5,28,49
2005,Notre Dame,5,49,28
2005,Memphis,5,27,20
2005,UTEP,5,20,27
2005,Louisiana,5,21,24
2005,UCF,5,24,21
2005,Miami,5,27,7
2005,South Florida,5,7,27
2005,San Diego State,5,31,10
2005,BYU,5,10,31
2005,UCLA,5,21,17
2005,Washington,5,17,21
2005,Hawai'i,5,41,44
2005,Boise State,5,44,41
2005,North Texas,6,10,13
2005,Troy,6,13,10
2005,Northern Illinois,6,38,27
2005,Miami (OH),6,27,38
2005,Georgia Tech,6,14,17
2005,NC State,6,17,14
2005,Louisiana,6,10,28
2005,Florida Atlantic,6,28,10
2005,UConn,6,26,7
2005,Syracuse,6,7,26
2005,Rutgers,6,14,27
2005,West Virginia,6,27,14
2005,Northwestern,6,51,48
2005,Wisconsin,6,48,51
2005,Florida State,6,41,24
2005,Wake Forest,6,24,41
2005,Kansas State,6,12,3
2005,Kansas,6,3,12
2005,Indiana,6,36,13
2005,Illinois,6,13,36
2005,Virginia Tech,6,41,14
2005,Marshall,6,14,41
2005,Florida,6,35,9
2005,Mississippi State,6,9,35
2005,Army,6,10,14
2005,Central Michigan,6,14,10
2005,Texas,6,45,12
2005,Oklahoma,6,12,45
2005,Michigan,6,20,23
2005,Minnesota,6,23,20
2005,Boston College,6,28,17
2005,Virginia,6,17,28
2005,South Carolina,6,44,16
2005,Kentucky,6,16,44
2005,Temple,6,7,38
2005,Maryland,6,38,7
2005,Navy,6,27,24
2005,Air Force,6,24,27
2005,Buffalo,6,7,13
2005,Akron,6,13,7
2005,Pittsburgh,6,38,20
2005,Cincinnati,6,20,38
2005,Iowa State,6,13,23
2005,Baylor,6,23,13
2005,Ole Miss,6,27,7
2005,The Citadel,6,7,27
2005,Oklahoma State,6,31,38
2005,Missouri,6,38,31
2005,Wyoming,6,14,28
2005,TCU,6,28,14
2005,UNLV,6,13,10
2005,San Diego State,6,10,13
2005,Utah State,6,24,17
2005,San José State,6,17,24
2005,USC,6,42,21
2005,Arizona,6,21,42
2005,Tennessee,6,14,27
2005,Georgia,6,27,14
2005,Miami,6,52,7
2005,Duke,6,7,52
2005,Nebraska,6,31,34
2005,Texas Tech,6,34,31
2005,Nevada,6,62,14
2005,Idaho,6,14,62
2005,Louisville,6,69,14
2005,North Carolina,6,14,69
2005,Purdue,6,17,34
2005,Iowa,6,34,17
2005,Washington State,6,21,24
2005,Stanford,6,24,21
2005,Bowling Green,6,38,14
2005,Ohio,6,14,38
2005,UCF,6,38,17
2005,Memphis,6,17,38
2005,Tulane,6,14,35
2005,Houston,6,35,14
2005,East Carolina,6,41,28
2005,Rice,6,28,41
2005,Colorado State,6,21,17
2005,Utah,6,17,21
2005,Toledo,6,30,3
2005,Eastern Michigan,6,3,30
2005,Colorado,6,41,20
2005,Texas A&M,6,20,41
2005,Western Michigan,6,57,60
2005,Ball State,6,60,57
2005,Vanderbilt,6,6,34
2005,LSU,6,34,6
2005,Louisiana Tech,6,46,14
2005,Hawai'i,6,14,46
2005,Arkansas,6,44,15
2005,UL Monroe,6,15,44
2005,UAB,6,27,28
2005,SMU,6,28,27
2005,UCLA,6,47,40
2005,California,6,40,47
2005,Penn State,6,17,10
2005,Ohio State,6,10,17
2005,New Mexico,6,24,27
2005,BYU,6,27,24
2005,Southern Miss,6,17,34
2005,Tulsa,6,34,17
2005,Boise State,6,21,14
2005,Portland State,6,14,21
2005,New Mexico State,6,7,37
2005,Fresno State,6,37,7
2005,Arizona State,6,17,31
2005,Oregon,6,31,17
2005,NC State,7,10,31
2005,Clemson,7,31,10
2005,Arkansas State,7,39,36
2005,Louisiana,7,36,39
2005,Tulane,7,21,45
2005,UTEP,7,45,21
2005,Syracuse,7,9,31
2005,Rutgers,7,31,9
2005,Texas Tech,7,59,20
2005,Kansas State,7,20,59
2005,Ohio State,7,35,24
2005,Michigan State,7,24,35
2005,Boston College,7,35,30
2005,Wake Forest,7,30,35
2005,Air Force,7,42,7
2005,UNLV,7,7,42
2005,Minnesota,7,34,38
2005,Wisconsin,7,38,34
2005,Ole Miss,7,10,13
2005,Alabama,7,13,10
2005,Iowa,7,38,21
2005,Indiana,7,21,38
2005,Central Michigan,7,37,10
2005,Ohio,7,10,37
2005,Temple,7,3,34
2005,Miami,7,34,3
2005,Purdue,7,29,34
2005,Northwestern,7,34,29
2005,Buffalo,7,7,27
2005,Bowling Green,7,27,7
2005,Navy,7,34,31
2005,Kent State,7,31,34
2005,Missouri,7,27,24
2005,Iowa State,7,24,27
2005,Miami (OH),7,51,23
2005,Akron,7,23,51
2005,Pittsburgh,7,31,17
2005,South Florida,7,17,31
2005,Ball State,7,14,34
2005,Toledo,7,34,14
2005,SMU,7,17,24
2005,East Carolina,7,24,17
2005,Wyoming,7,24,27
2005,New Mexico,7,27,24
2005,California,7,20,23
2005,Oregon State,7,23,20
2005,UL Monroe,7,27,3
2005,Troy,7,3,27
2005,Texas A&M,7,62,23
2005,Oklahoma State,7,23,62
2005,Texas,7,42,17
2005,Colorado,7,17,42
2005,LSU,7,21,17
2005,Florida,7,17,21
2005,Duke,7,10,35
2005,Georgia Tech,7,35,10
2005,Michigan,7,27,25
2005,Penn State,7,25,27
2005,West Virginia,7,46,44
2005,Louisville,7,44,46
2005,Notre Dame,7,31,34
2005,USC,7,34,31
2005,Oregon,7,45,21
2005,Washington,7,21,45
2005,Florida Atlantic,7,14,35
2005,Middle Tennessee,7,35,14
2005,Cincinnati,7,28,17
2005,UConn,7,17,28
2005,Rice,7,21,41
2005,Tulsa,7,41,21
2005,Northern Illinois,7,24,8
2005,Eastern Michigan,7,8,24
2005,Nevada,7,37,27
2005,Louisiana Tech,7,27,37
2005,Houston,7,20,35
2005,Memphis,7,35,20
2005,Marshall,7,20,19
2005,UAB,7,19,20
2005,Florida International,7,10,13
2005,North Texas,7,13,10
2005,Washington State,7,41,44
2005,UCLA,7,44,41
2005,Arkansas,7,17,34
2005,Auburn,7,34,17
2005,Kansas,7,3,19
2005,Oklahoma,7,19,3
2005,Baylor,7,14,23
2005,Nebraska,7,23,14
2005,Arizona,7,16,20
2005,Stanford,7,20,16
2005,Southern Miss,7,52,31
2005,UCF,7,31,52
2005,Utah,7,19,28
2005,San Diego State,7,28,19
2005,TCU,7,38,17
2005,Army,7,17,38
2005,Vanderbilt,7,17,34
2005,Georgia,7,34,17
2005,Virginia,7,26,21
2005,Florida State,7,21,26
2005,Boise State,7,38,21
2005,San José State,7,21,38
2005,Fresno State,7,53,21
2005,Utah State,7,21,53
2005,BYU,7,24,14
2005,Colorado State,7,14,24
2005,Hawai'i,7,49,28
2005,New Mexico State,7,28,49
2005,Troy,8,18,13
2005,Florida International,8,13,18
2005,Maryland,8,9,28
2005,Virginia Tech,8,28,9
2005,UCF,8,34,24
2005,Tulane,8,24,34
2005,UAB,8,28,37
2005,Southern Miss,8,37,28
2005,North Carolina,8,7,5
2005,Virginia,8,5,7
2005,Cincinnati,8,22,46
2005,Louisville,8,46,22
2005,Michigan State,8,14,49
2005,Northwestern,8,49,14
2005,Pittsburgh,8,34,17
2005,Syracuse,8,17,34
2005,Indiana,8,10,41
2005,Ohio State,8,41,10
2005,Iowa,8,20,23
2005,Michigan,8,23,20
2005,Georgia,8,23,20
2005,Arkansas,8,20,23
2005,Missouri,8,41,24
2005,Nebraska,8,24,41
2005,Clemson,8,37,7
2005,Temple,8,7,37
2005,Kent State,8,3,34
2005,Northern Illinois,8,34,3
2005,Ole Miss,8,13,7
2005,Kentucky,8,7,13
2005,Iowa State,8,37,10
2005,Oklahoma State,8,10,37
2005,Ohio,8,38,21
2005,Ball State,8,21,38
2005,Kansas State,8,28,30
2005,Texas A&M,8,30,28
2005,Notre Dame,8,49,23
2005,BYU,8,23,49
2005,Mississippi State,8,16,28
2005,Houston,8,28,16
2005,UConn,8,24,26
2005,Rutgers,8,26,24
2005,Colorado State,8,39,31
2005,Wyoming,8,31,39
2005,Air Force,8,10,48
2005,TCU,8,48,10
2005,Tulsa,8,20,13
2005,SMU,8,13,20
2005,Washington,8,24,51
2005,USC,8,51,24
2005,South Carolina,8,35,28
2005,Vanderbilt,8,28,35
2005,Wake Forest,8,27,19
2005,NC State,8,19,27
2005,Memphis,8,27,24
2005,East Carolina,8,24,27
2005,Texas,8,52,17
2005,Texas Tech,8,17,52
2005,Wisconsin,8,31,20
2005,Purdue,8,20,31
2005,Duke,8,24,55
2005,Florida State,8,55,24
2005,Alabama,8,6,3
2005,Tennessee,8,3,6
2005,Louisiana Tech,8,40,14
2005,North Texas,8,14,40
2005,Bowling Green,8,14,45
2005,Western Michigan,8,45,14
2005,Idaho,8,10,40
2005,Fresno State,8,40,10
2005,Middle Tennessee,8,10,13
2005,Louisiana,8,13,10
2005,Stanford,8,45,35
2005,Arizona State,8,35,45
2005,San José State,8,38,45
2005,Hawai'i,8,45,38
2005,Eastern Michigan,8,23,24
2005,Miami (OH),8,24,23
2005,Rice,8,9,41
2005,Navy,8,41,9
2005,Akron,8,0,20
2005,Army,8,20,0
2005,Utah State,8,21,45
2005,Boise State,8,45,21
2005,Arkansas State,8,3,0
2005,Florida Atlantic,8,0,3
2005,UCLA,8,51,28
2005,Oregon State,8,28,51
2005,Arizona,8,21,28
2005,Oregon,8,28,21
2005,Toledo,8,38,15
2005,Buffalo,8,15,38
2005,UNLV,8,32,42
2005,Utah,8,42,32
2005,Illinois,8,10,63
2005,Penn State,8,63,10
2005,Oklahoma,8,37,30
2005,Baylor,8,30,37
2005,Colorado,8,44,13
2005,Kansas,8,13,44
2005,LSU,8,20,17
2005,Auburn,8,17,20
2005,UTEP,8,31,3
2005,Marshall,8,3,31
2005,San Diego State,8,24,47
2005,New Mexico,8,47,24
2005,California,8,42,38
2005,Washington State,8,38,42
2005,Virginia Tech,9,30,10
2005,Boston College,9,10,30
2005,New Mexico,9,25,35
2005,Colorado State,9,35,25
2005,Illinois,9,24,41
2005,Wisconsin,9,41,24
2005,Duke,9,6,44
2005,Wake Forest,9,44,6
2005,NC State,9,21,17
2005,Southern Miss,9,17,21
2005,Minnesota,9,31,45
2005,Ohio State,9,45,31
2005,Syracuse,9,16,22
2005,Cincinnati,9,22,16
2005,Miami,9,34,16
2005,North Carolina,9,16,34
2005,Nebraska,9,24,31
2005,Oklahoma,9,31,24
2005,Michigan State,9,46,15
2005,Indiana,9,15,46
2005,Auburn,9,27,3
2005,Ole Miss,9,3,27
2005,Baylor,9,0,28
2005,Texas Tech,9,28,0
2005,Central Michigan,9,21,17
2005,Toledo,9,17,21
2005,Temple,9,14,41
2005,Miami (OH),9,41,14
2005,Kansas,9,13,3
2005,Missouri,9,3,13
2005,Buffalo,9,20,34
2005,Ohio,9,34,20
2005,East Carolina,9,20,30
2005,UCF,9,30,20
2005,Western Michigan,9,44,14
2005,Kent State,9,14,44
2005,Kansas State,9,20,23
2005,Colorado,9,23,20
2005,BYU,9,62,41
2005,Air Force,9,41,62
2005,Alabama,9,35,3
2005,Utah State,9,3,35
2005,Boise State,9,49,14
2005,Nevada,9,14,49
2005,Penn State,9,33,15
2005,Purdue,9,15,33
2005,USC,9,55,13
2005,Washington State,9,13,55
2005,Florida State,9,35,27
2005,Maryland,9,27,35
2005,Rutgers,9,31,21
2005,Navy,9,21,31
2005,Florida,9,14,10
2005,Georgia,9,10,14
2005,Texas A&M,9,14,42
2005,Iowa State,9,42,14
2005,Georgia Tech,9,10,9
2005,Clemson,9,9,10
2005,Bowling Green,9,14,24
2005,Akron,9,24,14
2005,Northern Illinois,9,17,31
2005,Ball State,9,31,17
2005,Oregon State,9,27,29
2005,Arizona,9,29,27
2005,Louisiana,9,31,28
2005,Troy,9,28,31
2005,Rice,9,31,38
2005,UTEP,9,38,31
2005,Arizona State,9,44,20
2005,Washington,9,20,44
2005,Stanford,9,27,30
2005,UCLA,9,30,27
2005,Tulane,9,26,27
2005,Marshall,9,27,26
2005,Northwestern,9,17,33
2005,Michigan,9,33,17
2005,Oklahoma State,9,28,47
2005,Texas,9,47,28
2005,Kentucky,9,13,7
2005,Mississippi State,9,7,13
2005,Louisiana Tech,9,31,14
2005,San José State,9,14,31
2005,Hawai'i,9,13,27
2005,Fresno State,9,27,13
2005,Tennessee,9,15,16
2005,South Carolina,9,16,15
2005,San Diego State,9,20,23
2005,TCU,9,23,20
2005,New Mexico State,9,37,38
2005,Idaho,9,38,37
2005,LSU,9,56,3
2005,North Texas,9,3,56
2005,Memphis,10,20,37
2005,UAB,10,37,20
2005,West Virginia,10,45,13
2005,UConn,10,13,45
2005,Louisville,10,42,20
2005,Pittsburgh,10,20,42
2005,Ohio,10,21,30
2005,Toledo,10,30,21
2005,Indiana,10,21,42
2005,Minnesota,10,42,21
2005,Northwestern,10,28,27
2005,Iowa,10,27,28
2005,Purdue,10,28,21
2005,Michigan State,10,21,28
2005,North Carolina,10,16,14
2005,Boston College,10,14,16
2005,Rutgers,10,31,45
2005,South Florida,10,45,31
2005,Baylor,10,0,62
2005,Texas,10,62,0
2005,Arkansas,10,10,14
2005,South Carolina,10,14,10
2005,Eastern Michigan,10,36,44
2005,Western Michigan,10,44,36
2005,Kentucky,10,27,49
2005,Auburn,10,49,27
2005,Clemson,10,49,20
2005,Duke,10,20,49
2005,Kansas,10,40,15
2005,Nebraska,10,15,40
2005,Central Michigan,10,28,31
2005,Northern Illinois,10,31,28
2005,Georgia Tech,10,30,17
2005,Wake Forest,10,17,30
2005,Navy,10,49,21
2005,Tulane,10,21,49
2005,Kent State,10,14,24
2005,Bowling Green,10,24,14
2005,Miami (OH),10,54,13
2005,Buffalo,10,13,54
2005,Ball State,10,23,17
2005,Akron,10,17,23
2005,Iowa State,10,45,17
2005,Kansas State,10,17,45
2005,Notre Dame,10,41,21
2005,Tennessee,10,21,41
2005,Utah,10,43,13
2005,Wyoming,10,13,43
2005,UNLV,10,14,55
2005,BYU,10,55,14
2005,SMU,10,27,7
2005,Rice,10,7,27
2005,Boise State,10,56,6
2005,New Mexico State,10,6,56
2005,Utah State,10,17,27
2005,Louisiana Tech,10,27,17
2005,Troy,10,28,14
2005,Florida Atlantic,10,14,28
2005,Florida State,10,15,20
2005,NC State,10,20,15
2005,Colorado,10,41,12
2005,Missouri,10,12,41
2005,Ohio State,10,40,2
2005,Illinois,10,2,40
2005,Penn State,10,35,14
2005,Wisconsin,10,14,35
2005,Oregon,10,27,20
2005,California,10,20,27
2005,Air Force,10,24,27
2005,Army,10,27,24
2005,Virginia,10,51,3
2005,Temple,10,3,51
2005,Mississippi State,10,0,17
2005,Alabama,10,17,0
2005,UL Monroe,10,29,31
2005,Florida International,10,31,29
2005,Nevada,10,38,28
2005,Hawai'i,10,28,38
2005,Middle Tennessee,10,45,7
2005,Arkansas State,10,7,45
2005,Washington State,10,24,27
2005,Arizona State,10,27,24
2005,UCF,10,31,29
2005,Houston,10,29,31
2005,Arizona,10,52,14
2005,UCLA,10,14,52
2005,Washington,10,10,18
2005,Oregon State,10,18,10
2005,North Texas,10,28,31
2005,Louisiana,10,31,28
2005,Texas Tech,10,56,17
2005,Texas A&M,10,17,56
2005,LSU,10,24,0
2005,App State,10,0,24
2005,TCU,10,33,6
2005,Colorado State,10,6,33
2005,Florida,10,49,42
2005,Vanderbilt,10,42,49
2005,Virginia Tech,10,7,27
2005,Miami,10,27,7
2005,UTEP,10,41,38
2005,Tulsa,10,38,41
2005,Fresno State,10,45,7
2005,San José State,10,7,45
2005,USC,10,51,21
2005,Stanford,10,21,51
2005,Marshall,11,24,27
2005,Southern Miss,11,27,24
2005,Cincinnati,11,0,38
2005,West Virginia,11,38,0
2005,Fresno State,11,27,7
2005,Boise State,11,7,27
2005,Louisville,11,56,5
2005,Rutgers,11,5,56
2005,Purdue,11,37,3
2005,Illinois,11,3,37
2005,Minnesota,11,41,18
2005,Michigan State,11,18,41
2005,Clemson,11,35,14
2005,Florida State,11,14,35
2005,Pittsburgh,11,24,0
2005,UConn,11,0,24
2005,Michigan,11,41,14
2005,Indiana,11,14,41
2005,North Carolina,11,30,33
2005,Maryland,11,33,30
2005,Oklahoma,11,36,30
2005,Texas A&M,11,30,36
2005,Army,11,34,27
2005,Massachusetts,11,27,34
2005,Ohio State,11,48,7
2005,Northwestern,11,7,48
2005,South Carolina,11,30,22
2005,Florida,11,22,30
2005,Kent State,11,6,10
2005,Buffalo,11,10,6
2005,Florida Atlantic,11,26,23
2005,North Texas,11,23,26
2005,Notre Dame,11,42,21
2005,Navy,11,21,42
2005,Syracuse,11,0,27
2005,South Florida,11,27,0
2005,Missouri,11,31,16
2005,Baylor,11,16,31
2005,Tennessee,11,20,16
2005,Memphis,11,16,20
2005,Ole Miss,11,17,28
2005,Arkansas,11,28,17
2005,Nebraska,11,27,25
2005,Kansas State,11,25,27
2005,Oklahoma State,11,24,17
2005,Texas Tech,11,17,24
2005,Vanderbilt,11,43,48
2005,Kentucky,11,48,43
2005,Western Michigan,11,31,24
2005,Central Michigan,11,24,31
2005,Colorado State,11,10,30
2005,San Diego State,11,30,10
2005,Tulsa,11,45,13
2005,East Carolina,11,13,45
2005,Rice,11,42,34
2005,Tulane,11,34,42
2005,Middle Tennessee,11,31,34
2005,UL Monroe,11,34,31
2005,Virginia,11,27,17
2005,Georgia Tech,11,17,27
2005,Texas,11,66,14
2005,Kansas,11,14,66
2005,California,11,10,35
2005,USC,11,35,10
2005,Wake Forest,11,17,47
2005,Miami,11,47,17
2005,Alabama,11,13,16
2005,LSU,11,16,13
2005,Wisconsin,11,10,20
2005,Iowa,11,20,10
2005,New Mexico State,11,24,48
2005,Nevada,11,48,24
2005,UAB,11,21,27
2005,UCF,11,27,21
2005,Idaho,11,38,41
2005,Louisiana Tech,11,41,38
2005,Wyoming,11,21,35
2005,BYU,11,35,21
2005,Arizona,11,14,38
2005,Washington,11,38,14
2005,Eastern Michigan,11,25,26
2005,Ball State,11,26,25
2005,Oregon State,11,17,20
2005,Stanford,11,20,17
2005,Utah,11,27,31
2005,New Mexico,11,31,27
2005,Arkansas State,11,9,3
2005,Troy,11,3,9
2005,Iowa State,11,30,16
2005,Colorado,11,16,30
2005,Louisiana,11,28,7
2005,Florida International,11,7,28
2005,TCU,11,51,3
2005,UNLV,11,3,51
2005,UCLA,11,45,35
2005,Arizona State,11,35,45
2005,Boston College,11,30,10
2005,NC State,11,10,30
2005,Georgia,11,30,31
2005,Auburn,11,31,30
2005,UTEP,11,45,0
2005,Texas Southern,11,0,45
2005,Washington State,11,31,34
2005,Oregon,11,34,31
2005,Hawai'i,11,50,23
2005,Utah State,11,23,50
2005,Houston,11,27,24
2005,Southern Miss,11,24,27
2005,Miami (OH),12,14,42
2005,Bowling Green,12,42,14
2005,Akron,12,27,3
2005,Ohio,12,3,27
2005,Toledo,12,17,35
2005,Northern Illinois,12,35,17
2005,South Florida,12,31,16
2005,Cincinnati,12,16,31
2005,Texas Tech,12,23,21
2005,Oklahoma,12,21,23
2005,Ball State,12,24,31
2005,Central Michigan,12,31,24
2005,Iowa,12,52,28
2005,Minnesota,12,28,52
2005,Virginia,12,14,52
2005,Virginia Tech,12,52,14
2005,Maryland,12,16,31
2005,Boston College,12,31,16
2005,Illinois,12,21,38
2005,Northwestern,12,38,21
2005,Army,12,38,10
2005,Arkansas State,12,10,38
2005,Georgia,12,45,13
2005,Kentucky,12,13,45
2005,Tennessee,12,24,28
2005,Vanderbilt,12,28,24
2005,Michigan,12,21,25
2005,Ohio State,12,25,21
2005,NC State,12,24,3
2005,Middle Tennessee,12,3,24
2005,Indiana,12,14,41
2005,Purdue,12,41,14
2005,North Carolina,12,24,21
2005,Duke,12,21,24
2005,Navy,12,38,17
2005,Temple,12,17,38
2005,Buffalo,12,14,38
2005,Eastern Michigan,12,38,14
2005,Tulane,12,14,38
2005,Tulsa,12,38,14
2005,Baylor,12,44,34
2005,Oklahoma State,12,34,44
2005,Arkansas,12,44,10
2005,Mississippi State,12,10,44
2005,Kansas State,12,36,28
2005,Missouri,12,28,36
2005,Notre Dame,12,34,10
2005,Syracuse,12,10,34
2005,New Mexico,12,24,42
2005,Air Force,12,42,24
2005,BYU,12,34,41
2005,Utah,12,41,34
2005,Rice,12,28,31
2005,UCF,12,31,28
2005,Boise State,12,70,35
2005,Idaho,12,35,70
2005,Utah State,12,24,30
2005,Nevada,12,30,24
2005,Washington,12,22,26
2005,Washington State,12,26,22
2005,Auburn,12,28,18
2005,Alabama,12,18,28
2005,UNLV,12,27,31
2005,Colorado State,12,31,27
2005,Michigan State,12,22,31
2005,Penn State,12,31,22
2005,Marshall,12,29,34
2005,East Carolina,12,34,29
2005,Florida International,12,38,35
2005,Western Kentucky,12,35,38
2005,San José State,12,27,10
2005,New Mexico State,12,10,27
2005,Houston,12,24,29
2005,SMU,12,29,24
2005,UTEP,12,23,35
2005,UAB,12,35,23
2005,Oregon,12,56,14
2005,Oregon State,12,14,56
2005,Stanford,12,3,27
2005,California,12,27,3
2005,North Texas,12,19,24
2005,UL Monroe,12,24,19
2005,South Carolina,12,9,13
2005,Clemson,12,13,9
2005,Miami,12,10,14
2005,Georgia Tech,12,14,10
2005,Ole Miss,12,7,40
2005,LSU,12,40,7
2005,San Diego State,12,34,21
2005,Wyoming,12,21,34
2005,Southern Miss,12,22,24
2005,Memphis,12,24,22
2005,USC,12,50,42
2005,Fresno State,12,42,50
2005,Ohio,13,7,38
2005,Miami (OH),13,38,7
2005,Bowling Green,13,41,44
2005,Toledo,13,44,41
2005,Northern Illinois,13,42,7
2005,Western Michigan,13,7,42
2005,Akron,13,35,3
2005,Kent State,13,3,35
2005,West Virginia,13,45,13
2005,Pittsburgh,13,13,45
2005,Texas A&M,13,29,40
2005,Texas,13,40,29
2005,LSU,13,19,17
2005,Arkansas,13,17,19
2005,Arizona State,13,23,20
2005,Arizona,13,20,23
2005,Colorado,13,3,30
2005,Nebraska,13,30,3
2005,Hawai'i,13,24,41
2005,Wisconsin,13,41,24
2005,NC State,13,20,14
2005,Maryland,13,14,20
2005,East Carolina,13,31,23
2005,UAB,13,23,31
2005,Kentucky,13,8,27
2005,Tennessee,13,27,8
2005,Kansas,13,24,21
2005,Iowa State,13,21,24
2005,Rutgers,13,44,9
2005,Cincinnati,13,9,44
2005,Memphis,13,26,3
2005,Marshall,13,3,26
2005,North Texas,13,24,31
2005,Arkansas State,13,31,24
2005,Louisiana Tech,13,13,30
2005,Boise State,13,30,13
2005,Mississippi State,13,35,14
2005,Ole Miss,13,14,35
2005,SMU,13,40,27
2005,UTEP,13,27,40
2005,Southern Miss,13,26,7
2005,Tulane,13,7,26
2005,Oklahoma,13,42,14
2005,Oklahoma State,13,14,42
2005,Florida,13,34,7
2005,Florida State,13,7,34
2005,UConn,13,15,10
2005,South Florida,13,10,15
2005,UL Monroe,13,21,54
2005,Louisiana,13,54,21
2005,Miami,13,25,17
2005,Virginia,13,17,25
2005,Louisville,13,41,17
2005,Syracuse,13,17,41
2005,Houston,13,35,18
2005,Rice,13,18,35
2005,New Mexico State,13,21,24
2005,Utah State,13,24,21
2005,San José State,13,26,18
2005,Idaho,13,18,26
2005,Florida Atlantic,13,6,52
2005,Florida International,13,52,6
2005,Troy,13,7,17
2005,Middle Tennessee,13,17,7
2005,Nevada,13,38,35
2005,Fresno State,13,35,38
2005,Virginia Tech,13,30,3
2005,North Carolina,13,3,30
2005,Stanford,13,31,38
2005,Notre Dame,13,38,31
2005,Georgia Tech,13,7,14
2005,Georgia,13,14,7
2005,Northern Illinois,14,30,31
2005,Akron,14,31,30
2005,Fresno State,14,28,40
2005,Louisiana Tech,14,40,28
2005,UCF,14,27,44
2005,Tulsa,14,44,27
2005,Colorado,14,3,70
2005,Texas,14,70,3
2005,Army,14,23,42
2005,Navy,14,42,23
2005,USC,14,66,19
2005,UCLA,14,19,66
2005,LSU,14,14,34
2005,Georgia,14,34,14
2005,Florida International,14,35,31
2005,Middle Tennessee,14,31,35
2005,South Florida,14,13,28
2005,West Virginia,14,28,13
2005,UConn,14,20,30
2005,Louisville,14,30,20
2005,Florida State,14,27,22
2005,Virginia Tech,14,22,27
2005,Hawai'i,14,49,38
2005,San Diego State,14,38,49
2006,Central Michigan,1,24,31
2006,Boston College,1,31,24
2006,Tulsa,1,45,7
2006,Stephen F. Austin,1,7,45
2006,Middle Tennessee,1,7,6
2006,Florida International,1,6,7
2006,Buffalo,1,9,3
2006,Temple,1,3,9
2006,Kent State,1,0,44
2006,Minnesota,1,44,0
2006,UConn,1,52,7
2006,Rhode Island,1,7,52
2006,Miami (OH),1,3,21
2006,Northwestern,1,21,3
2006,Ball State,1,38,20
2006,Eastern Michigan,1,20,38
2006,UL Monroe,1,24,6
2006,Alcorn State,1,6,24
2006,Iowa State,1,45,43
2006,Toledo,1,43,45
2006,Mississippi State,1,0,15
2006,South Carolina,1,15,0
2006,New Mexico State,1,30,15
2006,SE Louisiana,1,15,30
2006,Boise State,1,45,0
2006,Sacramento State,1,0,45
2006,Oregon State,1,56,17
2006,Eastern Washington,1,17,56
2006,Arizona State,1,35,14
2006,Northern Arizona,1,14,35
2006,San Diego State,1,27,34
2006,UTEP,1,34,27
2006,Fresno State,1,28,19
2006,Nevada,1,19,28
2006,Michigan,1,27,7
2006,Vanderbilt,1,7,27
2006,Michigan State,1,27,17
2006,Idaho,1,17,27
2006,Texas,1,56,7
2006,North Texas,1,7,56
2006,Iowa,1,41,7
2006,Montana,1,7,41
2006,Georgia,1,48,12
2006,Western Kentucky,1,12,48
2006,Purdue,1,60,35
2006,Indiana State,1,35,60
2006,Virginia Tech,1,38,0
2006,Northeastern,1,0,38
2006,Colorado,1,10,19
2006,Montana State,1,19,10
2006,West Virginia,1,42,10
2006,Marshall,1,10,42
2006,Ohio State,1,35,12
2006,Northern Illinois,1,12,35
2006,Nebraska,1,49,10
2006,Louisiana Tech,1,10,49
2006,Washington,1,35,29
2006,San José State,1,29,35
2006,Clemson,1,54,6
2006,Florida Atlantic,1,6,54
2006,North Carolina,1,16,21
2006,Rutgers,1,21,16
2006,Penn State,1,34,16
2006,Akron,1,16,34
2006,Oregon,1,48,10
2006,Stanford,1,10,48
2006,Wyoming,1,38,7
2006,Utah State,1,7,38
2006,Colorado State,1,30,6
2006,Weber State,1,6,30
2006,Tennessee,1,35,18
2006,California,1,18,35
2006,Navy,1,28,23
2006,East Carolina,1,23,28
2006,Indiana,1,39,20
2006,Western Michigan,1,20,39
2006,Florida,1,34,7
2006,Southern Miss,1,7,34
2006,NC State,1,23,10
2006,App State,1,10,23
2006,Duke,1,0,13
2006,Richmond,1,13,0
2006,UCF,1,35,16
2006,Villanova,1,16,35
2006,Maryland,1,27,14
2006,William & Mary,1,14,27
2006,Wake Forest,1,20,10
2006,Syracuse,1,10,20
2006,Texas Tech,1,35,3
2006,SMU,1,3,35
2006,Oklahoma,1,24,17
2006,UAB,1,17,24
2006,UCLA,1,31,10
2006,Utah,1,10,31
2006,Alabama,1,25,17
2006,Hawai'i,1,17,25
2006,Bowling Green,1,14,35
2006,Wisconsin,1,35,14
2006,Pittsburgh,1,38,13
2006,Virginia,1,13,38
2006,Texas A&M,1,35,3
2006,The Citadel,1,3,35
2006,Troy,1,38,0
2006,Alabama State,1,0,38
2006,South Florida,1,41,10
2006,McNeese,1,10,41
2006,Kansas,1,49,18
2006,Northwestern State,1,18,49
2006,Missouri,1,47,7
2006,Murray State,1,7,47
2006,Illinois,1,42,17
2006,Eastern Illinois,1,17,42
2006,Ohio,1,29,3
2006,UT Martin,1,3,29
2006,Oklahoma State,1,52,10
2006,Missouri State,1,10,52
2006,Arkansas State,1,14,6
2006,Army,1,6,14
2006,Kansas State,1,24,23
2006,Illinois State,1,23,24
2006,Cincinnati,1,31,0
2006,Eastern Kentucky,1,0,31
2006,Auburn,1,40,14
2006,Washington State,1,14,40
2006,Georgia Tech,1,10,14
2006,Notre Dame,1,14,10
2006,LSU,1,45,3
2006,Louisiana,1,3,45
2006,New Mexico,1,6,17
2006,Portland State,1,17,6
2006,Arkansas,1,14,50
2006,USC,1,50,14
2006,Rice,1,30,31
2006,Houston,1,31,30
2006,UNLV,1,54,10
2006,Idaho State,1,10,54
2006,Arizona,1,16,13
2006,BYU,1,13,16
2006,Ole Miss,1,28,25
2006,Memphis,1,25,28
2006,Baylor,1,7,17
2006,TCU,1,17,7
2006,Louisville,1,59,28
2006,Kentucky,1,28,59
2006,Miami,1,10,13
2006,Florida State,1,13,10
2006,Boise State,2,42,14
2006,Oregon State,2,14,42
2006,Cincinnati,2,15,33
2006,Pittsburgh,2,33,15
2006,Michigan,2,41,17
2006,Central Michigan,2,17,41
2006,North Carolina,2,10,35
2006,Virginia Tech,2,35,10
2006,NC State,2,17,20
2006,Akron,2,20,17
2006,Temple,2,0,62
2006,Louisville,2,62,0
2006,Wake Forest,2,14,13
2006,Duke,2,13,14
2006,Rutgers,2,33,0
2006,Illinois,2,0,33
2006,Mississippi State,2,0,34
2006,Auburn,2,34,0
2006,Missouri,2,34,7
2006,Ole Miss,2,7,34
2006,Army,2,17,14
2006,Kent State,2,14,17
2006,Purdue,2,38,31
2006,Miami (OH),2,31,38
2006,West Virginia,2,52,3
2006,Eastern Washington,2,3,52
2006,Nebraska,2,56,7
2006,Nicholls,2,7,56
2006,Navy,2,21,20
2006,Massachusetts,2,20,21
2006,Northwestern,2,17,34
2006,New Hampshire,2,34,17
2006,Bowling Green,2,48,40
2006,Buffalo,2,40,48
2006,Northern Illinois,2,23,35
2006,Ohio,2,35,23
2006,Syracuse,2,13,20
2006,Iowa,2,20,13
2006,Notre Dame,2,41,17
2006,Penn State,2,17,41
2006,Virginia,2,13,12
2006,Wyoming,2,12,13
2006,Michigan State,2,52,20
2006,Eastern Michigan,2,20,52
2006,Alabama,2,13,10
2006,Vanderbilt,2,10,13
2006,Boston College,2,34,33
2006,Clemson,2,33,34
2006,Oklahoma,2,37,20
2006,Washington,2,20,37
2006,Wisconsin,2,34,10
2006,Western Illinois,2,10,34
2006,Georgia Tech,2,38,6
2006,Samford,2,6,38
2006,Washington State,2,56,10
2006,Idaho,2,10,56
2006,BYU,2,49,24
2006,Tulsa,2,24,49
2006,Marshall,2,54,31
2006,Hofstra,2,31,54
2006,Colorado State,2,14,10
2006,Colorado,2,10,14
2006,San José State,2,35,34
2006,Stanford,2,34,35
2006,Florida State,2,24,17
2006,Troy,2,17,24
2006,Florida,2,42,0
2006,UCF,2,0,42
2006,Maryland,2,24,10
2006,Middle Tennessee,2,10,24
2006,Kentucky,2,41,7
2006,Texas State,2,7,41
2006,Ball State,2,23,24
2006,Indiana,2,24,23
2006,LSU,2,45,3
2006,Arizona,2,3,45
2006,UAB,2,17,12
2006,East Carolina,2,12,17
2006,Tennessee,2,31,30
2006,Air Force,2,30,31
2006,Arkansas,2,20,0
2006,Utah State,2,0,20
2006,California,2,42,17
2006,Minnesota,2,17,42
2006,North Texas,2,24,6
2006,SMU,2,6,24
2006,Kansas,2,21,19
2006,UL Monroe,2,19,21
2006,Western Michigan,2,31,10
2006,Toledo,2,10,31
2006,Houston,2,45,7
2006,Tulane,2,7,45
2006,Texas A&M,2,51,7
2006,Louisiana,2,7,51
2006,South Florida,2,21,20
2006,Florida International,2,20,21
2006,Iowa State,2,16,10
2006,UNLV,2,10,16
2006,TCU,2,46,13
2006,UC Davis,2,13,46
2006,Baylor,2,47,10
2006,Northwestern State,2,10,47
2006,Miami,2,51,10
2006,Florida A&M,2,10,51
2006,Southern Miss,2,45,0
2006,SE Louisiana,2,0,45
2006,Arkansas State,2,7,35
2006,Oklahoma State,2,35,7
2006,Kansas State,2,45,0
2006,Florida Atlantic,2,0,45
2006,South Carolina,2,0,18
2006,Georgia,2,18,0
2006,Texas,2,7,24
2006,Ohio State,2,24,7
2006,New Mexico State,2,28,34
2006,New Mexico,2,34,28
2006,Utah,2,45,7
2006,Northern Arizona,2,7,45
2006,Memphis,2,33,14
2006,Chattanooga,2,14,33
2006,UTEP,2,35,38
2006,Texas Tech,2,38,35
2006,UCLA,2,26,16
2006,Rice,2,16,26
2006,Arizona State,2,52,21
2006,Nevada,2,21,52
2006,Fresno State,2,24,31
2006,Oregon,2,31,24
2006,Middle Tennessee,3,44,0
2006,Tennessee Tech,3,0,44
2006,West Virginia,3,45,24
2006,Maryland,3,24,45
2006,Toledo,3,37,31
2006,Kansas,3,31,37
2006,Hawai'i,3,42,13
2006,UNLV,3,13,42
2006,Illinois,3,21,31
2006,Syracuse,3,31,21
2006,UConn,3,13,24
2006,Wake Forest,3,24,13
2006,Boston College,3,30,23
2006,BYU,3,23,30
2006,Pittsburgh,3,23,38
2006,Michigan State,3,38,23
2006,Iowa,3,27,17
2006,Iowa State,3,17,27
2006,Ohio State,3,37,7
2006,Cincinnati,3,7,37
2006,Virginia Tech,3,36,0
2006,Duke,3,0,36
2006,Kansas State,3,23,7
2006,Marshall,3,7,23
2006,Vanderbilt,3,19,21
2006,Arkansas,3,21,19
2006,Purdue,3,38,28
2006,Ball State,3,28,38
2006,Central Michigan,3,24,21
2006,Akron,3,21,24
2006,Georgia,3,34,0
2006,UAB,3,0,34
2006,Georgia Tech,3,35,20
2006,Troy,3,20,35
2006,Miami (OH),3,14,16
2006,Kent State,3,16,14
2006,Minnesota,3,62,0
2006,Temple,3,0,62
2006,Northwestern,3,14,6
2006,Eastern Michigan,3,6,14
2006,UCF,3,17,24
2006,South Florida,3,24,17
2006,Wisconsin,3,14,0
2006,San Diego State,3,0,14
2006,Rutgers,3,24,7
2006,Ohio,3,7,24
2006,Wyoming,3,10,17
2006,Boise State,3,17,10
2006,Virginia,3,10,17
2006,Western Michigan,3,17,10
2006,Louisville,3,31,7
2006,Miami,3,7,31
2006,Notre Dame,3,21,47
2006,Michigan,3,47,21
2006,Auburn,3,7,3
2006,LSU,3,3,7
2006,Oregon,3,34,33
2006,Oklahoma,3,33,34
2006,Penn State,3,37,3
2006,Youngstown State,3,3,37
2006,Indiana,3,28,35
2006,Southern Illinois,3,35,28
2006,Idaho,3,27,24
2006,Idaho State,3,24,27
2006,Washington State,3,17,15
2006,Baylor,3,15,17
2006,TCU,3,12,3
2006,Texas Tech,3,3,12
2006,Kentucky,3,31,14
2006,Ole Miss,3,14,31
2006,Rice,3,7,52
2006,Texas,3,52,7
2006,Florida International,3,28,33
2006,Bowling Green,3,33,28
2006,California,3,42,16
2006,Portland State,3,16,42
2006,Washington,3,21,20
2006,Fresno State,3,20,21
2006,Tulsa,3,28,3
2006,North Texas,3,3,28
2006,Southern Miss,3,37,17
2006,NC State,3,17,37
2006,Oklahoma State,3,48,8
2006,Florida Atlantic,3,8,48
2006,East Carolina,3,35,20
2006,Memphis,3,20,35
2006,Mississippi State,3,29,32
2006,Tulane,3,32,29
2006,Colorado,3,3,21
2006,Arizona State,3,21,3
2006,Houston,3,42,22
2006,Grambling,3,22,42
2006,North Carolina,3,45,42
2006,Furman,3,42,45
2006,South Carolina,3,27,20
2006,Wofford,3,20,27
2006,Louisiana Tech,3,31,21
2006,Nicholls,3,21,31
2006,Alabama,3,41,7
2006,UL Monroe,3,7,41
2006,Northern Illinois,3,31,13
2006,Buffalo,3,13,31
2006,Florida State,3,20,27
2006,Clemson,3,27,20
2006,Tennessee,3,20,21
2006,Florida,3,21,20
2006,USC,3,28,10
2006,Nebraska,3,10,28
2006,New Mexico,3,17,27
2006,Missouri,3,27,17
2006,New Mexico State,3,48,14
2006,Texas Southern,3,14,48
2006,SMU,3,45,14
2006,Sam Houston,3,14,45
2006,Utah State,3,0,48
2006,Utah,3,48,0
2006,Nevada,3,28,10
2006,Colorado State,3,10,28
2006,Texas A&M,3,28,24
2006,Army,3,24,28
2006,Stanford,3,9,37
2006,Navy,3,37,9
2006,Arizona,3,28,10
2006,Stephen F. Austin,3,10,28
2006,Georgia Tech,4,24,7
2006,Virginia,4,7,24
2006,Nevada,4,31,21
2006,Northwestern,4,21,31
2006,Clemson,4,52,7
2006,North Carolina,4,7,52
2006,Purdue,4,27,21
2006,Minnesota,4,21,27
2006,Michigan,4,27,13
2006,Wisconsin,4,13,27
2006,Illinois,4,7,24
2006,Iowa,4,24,7
2006,Virginia Tech,4,29,13
2006,Cincinnati,4,13,29
2006,Kansas State,4,6,24
2006,Louisville,4,24,6
2006,Georgia,4,14,13
2006,Colorado,4,13,14
2006,Bowling Green,4,3,38
2006,Kent State,4,38,3
2006,Navy,4,23,24
2006,Tulsa,4,24,23
2006,Pittsburgh,4,51,6
2006,The Citadel,4,6,51
2006,Rutgers,4,56,7
2006,Howard,4,7,56
2006,Missouri,4,31,6
2006,Ohio,4,6,31
2006,Auburn,4,38,7
2006,Buffalo,4,7,38
2006,BYU,4,38,0
2006,Utah State,4,0,38
2006,Northern Illinois,4,48,14
2006,Indiana State,4,14,48
2006,Florida State,4,55,7
2006,Rice,4,7,55
2006,Ohio State,4,28,6
2006,Penn State,4,6,28
2006,Indiana,4,7,14
2006,UConn,4,14,7
2006,Texas,4,37,14
2006,Iowa State,4,14,37
2006,Eastern Michigan,4,17,24
2006,Central Michigan,4,24,17
2006,Arkansas,4,24,23
2006,Alabama,4,23,24
2006,California,4,49,21
2006,Arizona State,4,21,49
2006,Tennessee,4,33,7
2006,Marshall,4,7,33
2006,East Carolina,4,10,27
2006,West Virginia,4,27,10
2006,Wyoming,4,24,31
2006,Air Force,4,31,24
2006,New Mexico,4,26,13
2006,UTEP,4,13,26
2006,Stanford,4,10,36
2006,Washington State,4,36,10
2006,Louisiana,4,48,7
2006,North Carolina A&T,4,7,48
2006,San José State,4,17,7
2006,Cal Poly,4,7,17
2006,Maryland,4,14,10
2006,Florida International,4,10,14
2006,Akron,4,33,13
2006,North Texas,4,13,33
2006,Ole Miss,4,3,27
2006,Wake Forest,4,27,3
2006,Ball State,4,24,29
2006,North Dakota State,4,29,24
2006,Toledo,4,41,7
2006,McNeese,4,7,41
2006,Texas Tech,4,62,0
2006,SE Louisiana,4,0,62
2006,Vanderbilt,4,38,9
2006,Tennessee State,4,9,38
2006,Texas A&M,4,45,14
2006,Louisiana Tech,4,14,45
2006,Washington,4,29,19
2006,UCLA,4,19,29
2006,South Carolina,4,45,6
2006,Florida Atlantic,4,6,45
2006,UAB,4,10,16
2006,Mississippi State,4,16,10
2006,Syracuse,4,34,14
2006,Miami (OH),4,14,34
2006,Nebraska,4,56,0
2006,Troy,4,0,56
2006,Western Michigan,4,41,7
2006,Temple,4,7,41
2006,Baylor,4,20,27
2006,Army,4,27,20
2006,Oklahoma,4,59,0
2006,Middle Tennessee,4,0,59
2006,Kansas,4,13,7
2006,South Florida,4,7,13
2006,Florida,4,26,7
2006,Kentucky,4,7,26
2006,SMU,4,55,9
2006,Arkansas State,4,9,55
2006,LSU,4,49,7
2006,Tulane,4,7,49
2006,Arizona,4,3,20
2006,USC,4,20,3
2006,Michigan State,4,37,40
2006,Notre Dame,4,40,37
2006,NC State,4,17,15
2006,Boston College,4,15,17
2006,Boise State,4,41,34
2006,Hawai'i,4,34,41
2006,San Diego State,4,7,38
2006,Utah,4,38,7
2006,Houston,4,34,25
2006,Oklahoma State,4,25,34
2006,Oregon State,4,38,0
2006,Idaho,4,0,38
2006,UCF,5,14,19
2006,Southern Miss,5,19,14
2006,TCU,5,17,31
2006,BYU,5,31,17
2006,South Carolina,5,17,24
2006,Auburn,5,24,17
2006,South Florida,5,20,22
2006,Rutgers,5,22,20
2006,Hawai'i,5,44,9
2006,Eastern Illinois,5,9,44
2006,Pittsburgh,5,45,3
2006,Toledo,5,3,45
2006,Duke,5,0,37
2006,Virginia,5,37,0
2006,Indiana,5,17,52
2006,Wisconsin,5,52,17
2006,UConn,5,17,41
2006,Navy,5,41,17
2006,Memphis,5,7,41
2006,Tennessee,5,41,7
2006,Michigan State,5,20,23
2006,Illinois,5,23,20
2006,LSU,5,48,17
2006,Mississippi State,5,17,48
2006,Missouri,5,28,13
2006,Colorado,5,13,28
2006,Boston College,5,22,0
2006,Maine,5,0,22
2006,Syracuse,5,40,34
2006,Wyoming,5,34,40
2006,Air Force,5,24,7
2006,New Mexico,5,7,24
2006,Kent State,5,37,15
2006,Akron,5,15,37
2006,Ohio,5,9,21
2006,Bowling Green,5,21,9
2006,Notre Dame,5,35,21
2006,Purdue,5,21,35
2006,Utah,5,3,36
2006,Boise State,5,36,3
2006,Utah State,5,21,41
2006,Idaho,5,41,21
2006,Florida,5,28,13
2006,Alabama,5,13,28
2006,Arizona State,5,13,48
2006,Oregon,5,48,13
2006,Wake Forest,5,34,14
2006,Liberty,5,14,34
2006,Texas A&M,5,27,31
2006,Texas Tech,5,31,27
2006,Penn State,5,33,7
2006,Northwestern,5,7,33
2006,Cincinnati,5,24,10
2006,Miami (OH),5,10,24
2006,Virginia Tech,5,27,38
2006,Georgia Tech,5,38,27
2006,Army,5,14,48
2006,Rice,5,48,14
2006,Oregon State,5,13,41
2006,California,5,41,13
2006,Louisiana,5,33,14
2006,Eastern Michigan,5,14,33
2006,Miami,5,14,13
2006,Houston,5,13,14
2006,Florida International,5,6,31
2006,Arkansas State,5,31,6
2006,Kentucky,5,45,36
2006,Central Michigan,5,36,45
2006,San José State,5,31,10
2006,San Diego State,5,10,31
2006,Ball State,5,28,40
2006,Northern Illinois,5,40,28
2006,UL Monroe,5,19,21
2006,Florida Atlantic,5,21,19
2006,Washington State,5,22,28
2006,USC,5,28,22
2006,Baylor,5,17,3
2006,Kansas State,5,3,17
2006,Vanderbilt,5,43,14
2006,Temple,5,14,43
2006,North Texas,5,0,35
2006,Middle Tennessee,5,35,0
2006,UAB,5,21,3
2006,Troy,5,3,21
2006,Clemson,5,51,0
2006,Louisiana Tech,5,0,51
2006,Nebraska,5,39,32
2006,Kansas,5,32,39
2006,Iowa State,5,28,27
2006,Northern Iowa,5,27,28
2006,Texas,5,56,3
2006,Sam Houston,5,3,56
2006,Tulane,5,28,33
2006,SMU,5,33,28
2006,Minnesota,5,14,28
2006,Michigan,5,28,14
2006,Iowa,5,17,38
2006,Ohio State,5,38,17
2006,UTEP,5,44,38
2006,New Mexico State,5,38,44
2006,Ole Miss,5,9,14
2006,Georgia,5,14,9
2006,UNLV,5,3,31
2006,Nevada,5,31,3
2006,Arizona,5,10,21
2006,Washington,5,21,10
2006,Fresno State,5,23,35
2006,Colorado State,5,35,23
2006,UCLA,5,31,0
2006,Stanford,5,0,31
2006,Tulsa,6,20,6
2006,Southern Miss,6,6,20
2006,Marshall,6,22,23
2006,UCF,6,23,22
2006,NC State,6,24,20
2006,Florida State,6,20,24
2006,Utah,6,20,7
2006,TCU,6,7,20
2006,Middle Tennessee,6,17,44
2006,Louisville,6,44,17
2006,Hawai'i,6,41,34
2006,Nevada,6,34,41
2006,Wake Forest,6,17,27
2006,Clemson,6,27,17
2006,Ohio,6,27,20
2006,Western Michigan,6,20,27
2006,Syracuse,6,11,21
2006,Pittsburgh,6,21,11
2006,Auburn,6,10,27
2006,Arkansas,6,27,10
2006,Minnesota,6,27,28
2006,Penn State,6,28,27
2006,Wisconsin,6,41,9
2006,Northwestern,6,9,41
2006,Kansas,6,18,21
2006,Texas A&M,6,21,18
2006,Iowa,6,47,17
2006,Purdue,6,17,47
2006,Miami,6,27,7
2006,North Carolina,6,7,27
2006,Illinois,6,32,34
2006,Indiana,6,34,32
2006,Buffalo,6,25,55
2006,Ball State,6,55,25
2006,Temple,6,17,28
2006,Kent State,6,28,17
2006,Army,6,62,7
2006,VMI,6,7,62
2006,Air Force,6,17,24
2006,Navy,6,24,17
2006,BYU,6,47,17
2006,San Diego State,6,17,47
2006,Ole Miss,6,17,10
2006,Vanderbilt,6,10,17
2006,Tulane,6,38,24
2006,Rice,6,24,38
2006,Notre Dame,6,31,10
2006,Stanford,6,10,31
2006,Mississippi State,6,14,42
2006,West Virginia,6,42,14
2006,Cincinnati,6,20,14
2006,Akron,6,14,20
2006,Georgia Tech,6,27,23
2006,Maryland,6,23,27
2006,Ohio State,6,35,7
2006,Bowling Green,6,7,35
2006,Florida,6,23,10
2006,LSU,6,10,23
2006,Colorado,6,31,34
2006,Baylor,6,34,31
2006,USC,6,26,20
2006,Washington,6,20,26
2006,Oklahoma,6,10,28
2006,Texas,6,28,10
2006,Kansas State,6,31,27
2006,Oklahoma State,6,27,31
2006,Michigan,6,31,13
2006,Michigan State,6,13,31
2006,Idaho,6,28,20
2006,New Mexico State,6,20,28
2006,Colorado State,6,28,7
2006,UNLV,6,7,28
2006,East Carolina,6,31,21
2006,Virginia,6,21,31
2006,Kentucky,6,17,24
2006,South Carolina,6,24,17
2006,South Florida,6,38,16
2006,UConn,6,16,38
2006,Oregon State,6,6,13
2006,Washington State,6,13,6
2006,Houston,6,28,31
2006,Louisiana,6,31,28
2006,North Texas,6,25,22
2006,Florida International,6,22,25
2006,UAB,6,35,29
2006,Memphis,6,29,35
2006,UCLA,6,27,7
2006,Arizona,6,7,27
2006,Texas Tech,6,21,38
2006,Missouri,6,38,21
2006,Toledo,6,20,42
2006,Central Michigan,6,42,20
2006,Arkansas State,6,10,6
2006,UL Monroe,6,6,10
2006,Alabama,6,30,14
2006,Duke,6,14,30
2006,Georgia,6,33,51
2006,Tennessee,6,51,33
2006,California,6,45,24
2006,Oregon,6,24,45
2006,Boise State,6,55,14
2006,Louisiana Tech,6,14,55
2006,New Mexico,6,10,14
2006,Wyoming,6,14,10
2006,Iowa State,6,14,28
2006,Nebraska,6,28,14
2006,Utah State,6,13,12
2006,Fresno State,6,12,13
2006,UTEP,6,24,21
2006,SMU,6,21,24
2006,Miami (OH),6,25,28
2006,Northern Illinois,6,28,25
2006,Florida Atlantic,7,32,7
2006,Southern Utah,7,7,32
2006,Temple,7,9,63
2006,Clemson,7,63,9
2006,Boston College,7,22,3
2006,Virginia Tech,7,3,22
2006,Air Force,7,24,21
2006,Colorado State,7,21,24
2006,UCF,7,7,52
2006,Pittsburgh,7,52,7
2006,North Carolina,7,20,37
2006,South Florida,7,37,20
2006,UConn,7,21,7
2006,Army,7,7,21
2006,West Virginia,7,41,17
2006,Syracuse,7,17,41
2006,Indiana,7,31,28
2006,Iowa,7,28,31
2006,Wisconsin,7,48,12
2006,Minnesota,7,12,48
2006,Northwestern,7,10,31
2006,Purdue,7,31,10
2006,NC State,7,23,25
2006,Wake Forest,7,25,23
2006,Oklahoma,7,34,9
2006,Iowa State,7,9,34
2006,Georgia,7,22,24
2006,Vanderbilt,7,24,22
2006,Buffalo,7,31,38
2006,Miami (OH),7,38,31
2006,Central Michigan,7,18,7
2006,Ball State,7,7,18
2006,Duke,7,24,51
2006,Florida State,7,51,24
2006,Navy,7,0,34
2006,Rutgers,7,34,0
2006,Western Michigan,7,16,14
2006,Northern Illinois,7,14,16
2006,Kansas,7,32,42
2006,Oklahoma State,7,42,32
2006,Memphis,7,23,26
2006,Arkansas State,7,26,23
2006,Arkansas,7,63,7
2006,Southeast Missouri State,7,7,63
2006,Mississippi State,7,35,3
2006,Jacksonville State,7,3,35
2006,SMU,7,31,21
2006,Marshall,7,21,31
2006,Wyoming,7,31,15
2006,Utah,7,15,31
2006,East Carolina,7,10,31
2006,Tulsa,7,31,10
2006,Colorado,7,30,6
2006,Texas Tech,7,6,30
2006,Alabama,7,26,23
2006,Ole Miss,7,23,26
2006,Michigan State,7,7,38
2006,Ohio State,7,38,7
2006,Louisville,7,23,17
2006,Cincinnati,7,17,23
2006,Virginia,7,26,28
2006,Maryland,7,28,26
2006,Texas A&M,7,25,19
2006,Missouri,7,19,25
2006,Oregon,7,30,20
2006,UCLA,7,20,30
2006,Bowling Green,7,24,21
2006,Eastern Michigan,7,21,24
2006,Troy,7,24,19
2006,UL Monroe,7,19,24
2006,Kent State,7,40,14
2006,Toledo,7,14,40
2006,Washington State,7,3,21
2006,California,7,21,3
2006,Fresno State,7,37,68
2006,Hawai'i,7,68,37
2006,Stanford,7,7,20
2006,Arizona,7,20,7
2006,San José State,7,21,14
2006,Utah State,7,14,21
2006,Washington,7,17,27
2006,Oregon State,7,27,17
2006,Southern Miss,7,31,27
2006,Houston,7,27,31
2006,Illinois,7,17,20
2006,Ohio,7,20,17
2006,Louisiana Tech,7,14,24
2006,Idaho,7,24,14
2006,Miami,7,35,0
2006,Florida International,7,0,35
2006,Texas,7,63,31
2006,Baylor,7,31,63
2006,Kansas State,7,3,21
2006,Nebraska,7,21,3
2006,Rice,7,34,33
2006,UAB,7,33,34
2006,Auburn,7,27,17
2006,Florida,7,17,27
2006,Penn State,7,10,17
2006,Michigan,7,17,10
2006,USC,7,28,21
2006,Arizona State,7,21,28
2006,LSU,7,49,0
2006,Kentucky,7,0,49
2006,UTEP,7,34,20
2006,Tulane,7,20,34
2006,UNLV,7,36,39
2006,New Mexico,7,39,36
2006,New Mexico State,7,28,40
2006,Boise State,7,40,28
2006,Florida Atlantic,8,0,6
2006,Louisiana,8,6,0
2006,Virginia,8,23,0
2006,North Carolina,8,0,23
2006,Central Michigan,8,31,14
2006,Bowling Green,8,14,31
2006,New Mexico,8,34,31
2006,Utah,8,31,34
2006,UConn,8,11,37
2006,West Virginia,8,37,11
2006,Northwestern,8,38,41
2006,Michigan State,8,41,38
2006,Ohio State,8,44,3
2006,Indiana,8,3,44
2006,Purdue,8,3,24
2006,Wisconsin,8,24,3
2006,Syracuse,8,13,28
2006,Louisville,8,28,13
2006,Nebraska,8,20,22
2006,Texas,8,22,20
2006,Maryland,8,26,20
2006,NC State,8,20,26
2006,Penn State,8,26,12
2006,Illinois,8,12,26
2006,Arkansas,8,38,3
2006,Ole Miss,8,3,38
2006,Duke,8,15,20
2006,Miami,8,20,15
2006,Georgia,8,27,24
2006,Mississippi State,8,24,27
2006,Missouri,8,41,21
2006,Kansas State,8,21,41
2006,Ball State,8,27,41
2006,Western Michigan,8,41,27
2006,Ohio,8,42,7
2006,Buffalo,8,7,42
2006,Auburn,8,38,13
2006,Tulane,8,13,38
2006,Notre Dame,8,20,17
2006,UCLA,8,17,20
2006,Vanderbilt,8,13,31
2006,South Carolina,8,31,13
2006,East Carolina,8,38,21
2006,SMU,8,21,38
2006,BYU,8,52,7
2006,UNLV,8,7,52
2006,Eastern Michigan,8,17,13
2006,Toledo,8,13,17
2006,Northern Illinois,8,43,21
2006,Temple,8,21,43
2006,Baylor,8,36,35
2006,Kansas,8,35,36
2006,Army,8,17,31
2006,TCU,8,31,17
2006,Iowa State,8,26,42
2006,Texas Tech,8,42,26
2006,Michigan,8,20,6
2006,Iowa,8,6,20
2006,Florida State,8,19,24
2006,Boston College,8,24,19
2006,Arizona State,8,38,3
2006,Stanford,8,3,38
2006,California,8,31,24
2006,Washington,8,24,31
2006,Tennessee,8,16,13
2006,Alabama,8,13,16
2006,Minnesota,8,10,9
2006,North Dakota State,8,9,10
2006,Wyoming,8,24,0
2006,Colorado State,8,0,24
2006,UCF,8,29,40
2006,Rice,8,40,29
2006,Washington State,8,34,23
2006,Oregon,8,23,34
2006,Idaho,8,26,42
2006,Boise State,8,42,26
2006,Pittsburgh,8,10,20
2006,Rutgers,8,20,10
2006,Akron,8,24,13
2006,Miami (OH),8,13,24
2006,Arizona,8,10,17
2006,Oregon State,8,17,10
2006,UL Monroe,8,21,35
2006,Middle Tennessee,8,35,21
2006,Virginia Tech,8,36,6
2006,Southern Miss,8,6,36
2006,Nevada,8,23,7
2006,San José State,8,7,23
2006,Houston,8,34,17
2006,UTEP,8,17,34
2006,Oklahoma,8,24,3
2006,Colorado,8,3,24
2006,UAB,8,24,31
2006,Marshall,8,31,24
2006,Louisiana Tech,8,48,35
2006,Utah State,8,35,48
2006,Oklahoma State,8,33,34
2006,Texas A&M,8,34,33
2006,Arkansas State,8,29,10
2006,North Texas,8,10,29
2006,Clemson,8,31,7
2006,Georgia Tech,8,7,31
2006,San Diego State,8,19,12
2006,Air Force,8,12,19
2006,Memphis,8,14,35
2006,Tulsa,8,35,14
2006,New Mexico State,8,30,49
2006,Hawai'i,8,49,30
2006,LSU,8,38,6
2006,Fresno State,8,6,38
2006,Cincinnati,8,23,6
2006,South Florida,8,6,23
2006,Virginia Tech,9,24,7
2006,Clemson,9,7,24
2006,Tulsa,9,30,20
2006,UTEP,9,20,30
2006,Hawai'i,9,68,10
2006,Idaho,9,10,68
2006,Virginia,9,14,7
2006,NC State,9,7,14
2006,Missouri,9,10,26
2006,Oklahoma,9,26,10
2006,Wisconsin,9,30,24
2006,Illinois,9,24,30
2006,Michigan,9,17,3
2006,Northwestern,9,3,17
2006,Indiana,9,46,21
2006,Michigan State,9,21,46
2006,Cincinnati,9,17,3
2006,Syracuse,9,3,17
2006,Navy,9,14,38
2006,Notre Dame,9,38,14
2006,Purdue,9,0,12
2006,Penn State,9,12,0
2006,Iowa,9,24,14
2006,Northern Illinois,9,14,24
2006,Ole Miss,9,17,23
2006,Auburn,9,23,17
2006,Temple,9,28,14
2006,Bowling Green,9,14,28
2006,Boston College,9,41,0
2006,Buffalo,9,0,41
2006,Duke,9,28,45
2006,Vanderbilt,9,45,28
2006,Air Force,9,14,33
2006,BYU,9,33,14
2006,Tulane,9,42,28
2006,Army,9,28,42
2006,Kent State,9,7,17
2006,Ohio,9,17,7
2006,Miami (OH),9,17,20
2006,Ball State,9,20,17
2006,Kansas,9,20,15
2006,Colorado,9,15,20
2006,Mississippi State,9,31,34
2006,Kentucky,9,34,31
2006,Alabama,9,38,3
2006,Florida International,9,3,38
2006,Oklahoma State,9,41,29
2006,Nebraska,9,29,41
2006,North Carolina,9,17,24
2006,Wake Forest,9,24,17
2006,Western Michigan,9,18,15
2006,Eastern Michigan,9,15,18
2006,Georgia Tech,9,30,23
2006,Miami,9,23,30
2006,Troy,9,14,6
2006,North Texas,9,6,14
2006,Georgia,9,14,21
2006,Florida,9,21,14
2006,Houston,9,51,31
2006,UCF,9,31,51
2006,Oregon State,9,33,31
2006,USC,9,31,33
2006,Ohio State,9,44,0
2006,Minnesota,9,0,44
2006,Kansas State,9,31,10
2006,Iowa State,9,10,31
2006,Utah,9,45,23
2006,UNLV,9,23,45
2006,Nevada,9,48,21
2006,New Mexico State,9,21,48
2006,Florida Atlantic,9,29,0
2006,Arkansas State,9,0,29
2006,Marshall,9,41,27
2006,Memphis,9,27,41
2006,Louisiana,9,20,34
2006,Middle Tennessee,9,34,20
2006,Colorado State,9,19,20
2006,New Mexico,9,20,19
2006,San José State,9,44,10
2006,Louisiana Tech,9,10,44
2006,UL Monroe,9,10,44
2006,Arkansas,9,44,10
2006,Maryland,9,27,24
2006,Florida State,9,24,27
2006,Toledo,9,35,20
2006,Akron,9,20,35
2006,Washington,9,23,26
2006,Arizona State,9,26,23
2006,UCLA,9,15,37
2006,Washington State,9,37,15
2006,Texas Tech,9,31,35
2006,Texas,9,35,31
2006,Oregon,9,55,12
2006,Portland State,9,12,55
2006,Baylor,9,21,31
2006,Texas A&M,9,31,21
2006,TCU,9,26,3
2006,Wyoming,9,3,26
2006,Southern Miss,9,17,20
2006,East Carolina,9,20,17
2006,South Carolina,9,24,31
2006,Tennessee,9,31,24
2006,San Diego State,9,14,16
2006,Cal Poly,9,16,14
2006,Rutgers,9,24,13
2006,UConn,9,13,24
2006,SMU,10,22,9
2006,UAB,10,9,22
2006,Boise State,10,45,21
2006,Fresno State,10,21,45
2006,Louisville,10,44,34
2006,West Virginia,10,34,44
2006,Army,10,7,43
2006,Air Force,10,43,7
2006,South Florida,10,22,12
2006,Pittsburgh,10,12,22
2006,Minnesota,10,63,26
2006,Indiana,10,26,63
2006,Florida State,10,33,0
2006,Virginia,10,0,33
2006,Michigan,10,34,26
2006,Ball State,10,26,34
2006,Wisconsin,10,13,3
2006,Penn State,10,3,13
2006,Nebraska,10,34,20
2006,Missouri,10,20,34
2006,Texas Tech,10,55,21
2006,Baylor,10,21,55
2006,Clemson,10,12,13
2006,Maryland,10,13,12
2006,Iowa,10,7,21
2006,Northwestern,10,21,7
2006,Alabama,10,16,24
2006,Mississippi State,10,24,16
2006,Vanderbilt,10,19,25
2006,Florida,10,25,19
2006,Temple,10,26,42
2006,Central Michigan,10,42,26
2006,Kentucky,10,24,20
2006,Georgia,10,20,24
2006,Buffalo,10,41,14
2006,Kent State,10,14,41
2006,Duke,10,13,38
2006,Navy,10,38,13
2006,Eastern Michigan,10,10,16
2006,Ohio,10,16,10
2006,Ole Miss,10,27,7
2006,Northwestern State,10,7,27
2006,Akron,10,35,28
2006,Bowling Green,10,28,35
2006,Iowa State,10,10,41
2006,Kansas,10,41,10
2006,Auburn,10,27,0
2006,Arkansas State,10,0,27
2006,Notre Dame,10,45,26
2006,North Carolina,10,26,45
2006,Utah State,10,10,63
2006,Hawai'i,10,63,10
2006,Wyoming,10,27,24
2006,San Diego State,10,24,27
2006,UNLV,10,10,25
2006,TCU,10,25,10
2006,Middle Tennessee,10,35,14
2006,Florida Atlantic,10,14,35
2006,Houston,10,27,10
2006,Tulsa,10,10,27
2006,Colorado,10,21,34
2006,Kansas State,10,34,21
2006,Michigan State,10,15,17
2006,Purdue,10,17,15
2006,Oregon,10,34,14
2006,Washington,10,14,34
2006,Tennessee,10,24,28
2006,LSU,10,28,24
2006,Western Michigan,10,27,24
2006,Miami (OH),10,24,27
2006,Illinois,10,10,17
2006,Ohio State,10,17,10
2006,UCF,10,10,23
2006,East Carolina,10,23,10
2006,Troy,10,42,28
2006,Louisiana,10,28,42
2006,Oregon State,10,44,10
2006,Arizona State,10,10,44
2006,Idaho,10,7,45
2006,Nevada,10,45,7
2006,Washington State,10,17,27
2006,Arizona,10,27,17
2006,Colorado State,10,3,24
2006,BYU,10,24,3
2006,North Texas,10,31,34
2006,Louisiana Tech,10,34,31
2006,NC State,10,23,31
2006,Georgia Tech,10,31,23
2006,Wake Forest,10,21,14
2006,Boston College,10,14,21
2006,Stanford,10,0,42
2006,USC,10,42,0
2006,Texas,10,36,10
2006,Oklahoma State,10,10,36
2006,Marshall,10,42,21
2006,Tulane,10,21,42
2006,South Carolina,10,20,26
2006,Arkansas,10,26,20
2006,Texas A&M,10,16,17
2006,Oklahoma,10,17,16
2006,Miami,10,10,17
2006,Virginia Tech,10,17,10
2006,California,10,38,24
2006,UCLA,10,24,38
2006,New Mexico State,10,21,31
2006,San José State,10,31,21
2006,UTEP,10,31,37
2006,Rice,10,37,31
2006,Memphis,10,21,42
2006,Southern Miss,10,42,21
2006,Northern Illinois,11,13,17
2006,Toledo,11,17,13
2006,Akron,11,31,16
2006,Buffalo,11,16,31
2006,Rutgers,11,28,25
2006,Louisville,11,25,28
2006,BYU,11,55,7
2006,Wyoming,11,7,55
2006,Central Michigan,11,31,7
2006,Western Michigan,11,7,31
2006,UAB,11,17,36
2006,UTEP,11,36,17
2006,South Florida,11,27,10
2006,Syracuse,11,10,27
2006,West Virginia,11,42,24
2006,Cincinnati,11,24,42
2006,Clemson,11,20,14
2006,NC State,11,14,20
2006,North Carolina,11,0,7
2006,Georgia Tech,11,7,0
2006,Iowa,11,21,24
2006,Wisconsin,11,24,21
2006,Michigan State,11,18,31
2006,Minnesota,11,31,18
2006,Illinois,11,31,42
2006,Purdue,11,42,31
2006,Oklahoma State,11,66,24
2006,Baylor,11,24,66
2006,Auburn,11,15,37
2006,Georgia,11,37,15
2006,Eastern Michigan,11,21,49
2006,Navy,11,49,21
2006,Kentucky,11,38,26
2006,Vanderbilt,11,26,38
2006,East Carolina,11,33,20
2006,Marshall,11,20,33
2006,Utah,11,35,22
2006,Colorado State,11,22,35
2006,Tulane,11,3,31
2006,Southern Miss,11,31,3
2006,Tulsa,11,38,41
2006,Rice,11,41,38
2006,SMU,11,27,37
2006,Houston,11,37,27
2006,Colorado,11,33,16
2006,Iowa State,11,16,33
2006,Florida,11,17,16
2006,South Carolina,11,16,17
2006,Indiana,11,3,34
2006,Michigan,11,34,3
2006,Northwestern,11,10,54
2006,Ohio State,11,54,10
2006,Washington,11,3,20
2006,Stanford,11,20,3
2006,Virginia Tech,11,23,0
2006,Kent State,11,0,23
2006,UConn,11,46,45
2006,Pittsburgh,11,45,46
2006,Maryland,11,14,13
2006,Miami,11,13,14
2006,Arizona,11,24,20
2006,California,11,20,24
2006,Texas A&M,11,27,28
2006,Nebraska,11,28,27
2006,Penn State,11,47,0
2006,Temple,11,0,47
2006,Florida Atlantic,11,17,24
2006,Troy,11,24,17
2006,Nevada,11,42,0
2006,Utah State,11,0,42
2006,Air Force,11,17,39
2006,Notre Dame,11,39,17
2006,Fresno State,11,23,18
2006,New Mexico State,11,18,23
2006,Arkansas State,11,10,38
2006,Middle Tennessee,11,38,10
2006,Louisiana,11,7,16
2006,North Texas,11,16,7
2006,New Mexico,11,21,27
2006,TCU,11,27,21
2006,San José State,11,20,23
2006,Boise State,11,23,20
2006,UCLA,11,25,7
2006,Oregon State,11,7,25
2006,Oklahoma,11,34,24
2006,Texas Tech,11,24,34
2006,Boston College,11,28,7
2006,Duke,11,7,28
2006,Arkansas,11,31,14
2006,Tennessee,11,14,31
2006,Florida International,11,0,35
2006,UL Monroe,11,35,0
2006,LSU,11,28,14
2006,Alabama,11,14,28
2006,Florida State,11,0,30
2006,Wake Forest,11,30,0
2006,Kansas State,11,45,42
2006,Texas,11,42,45
2006,Memphis,11,24,26
2006,UCF,11,26,24
2006,Arizona State,11,47,14
2006,Washington State,11,14,47
2006,San Diego State,11,21,7
2006,UNLV,11,7,21
2006,USC,11,35,10
2006,Oregon,11,10,35
2006,Hawai'i,11,61,17
2006,Louisiana Tech,11,17,61
2006,Toledo,12,17,20
2006,Ball State,12,20,17
2006,Bowling Green,12,7,9
2006,Miami (OH),12,9,7
2006,Pittsburgh,12,27,45
2006,West Virginia,12,45,27
2006,Ohio,12,17,7
2006,Akron,12,7,17
2006,Kent State,12,14,6
2006,Eastern Michigan,12,6,14
2006,Northern Illinois,12,31,10
2006,Central Michigan,12,10,31
2006,Boston College,12,38,16
2006,Maryland,12,16,38
2006,Wisconsin,12,35,3
2006,Buffalo,12,3,35
2006,North Carolina,12,23,9
2006,NC State,12,9,23
2006,Syracuse,12,20,14
2006,UConn,12,14,20
2006,Penn State,12,17,13
2006,Michigan State,12,13,17
2006,Virginia,12,17,7
2006,Miami,12,7,17
2006,Minnesota,12,34,24
2006,Iowa,12,24,34
2006,Florida,12,62,0
2006,Western Carolina,12,0,62
2006,Baylor,12,10,36
2006,Oklahoma,12,36,10
2006,Purdue,12,28,19
2006,Indiana,12,19,28
2006,South Carolina,12,52,7
2006,Middle Tennessee,12,7,52
2006,Navy,12,42,6
2006,Temple,12,6,42
2006,Vanderbilt,12,10,39
2006,Tennessee,12,39,10
2006,Kentucky,12,42,40
2006,UL Monroe,12,40,42
2006,Northwestern,12,27,16
2006,Illinois,12,16,27
2006,Georgia Tech,12,49,21
2006,Duke,12,21,49
2006,Florida State,12,28,20
2006,Western Michigan,12,20,28
2006,Memphis,12,20,23
2006,Houston,12,23,20
2006,Tulane,12,10,9
2006,UCF,12,9,10
2006,Iowa State,12,21,16
2006,Missouri,12,16,21
2006,Texas Tech,12,30,24
2006,Oklahoma State,12,24,30
2006,Notre Dame,12,41,9
2006,Army,12,9,41
2006,Mississippi State,12,14,28
2006,Arkansas,12,28,14
2006,Boise State,12,49,10
2006,Utah State,12,10,49
2006,Rice,12,18,17
2006,East Carolina,12,17,18
2006,SMU,12,34,24
2006,Tulsa,12,24,34
2006,Oregon,12,10,37
2006,Arizona,12,37,10
2006,Kansas,12,39,20
2006,Kansas State,12,20,39
2006,Ohio State,12,42,39
2006,Michigan,12,39,42
2006,Stanford,12,7,30
2006,Oregon State,12,30,7
2006,Alabama,12,15,22
2006,Auburn,12,22,15
2006,BYU,12,42,17
2006,New Mexico,12,17,42
2006,TCU,12,52,0
2006,San Diego State,12,0,52
2006,UNLV,12,26,34
2006,Wyoming,12,34,26
2006,Marshall,12,49,21
2006,UTEP,12,21,49
2006,Fresno State,12,34,0
2006,Idaho,12,0,34
2006,Florida International,12,7,17
2006,Louisiana,12,17,7
2006,Washington State,12,32,35
2006,Washington,12,35,32
2006,Wake Forest,12,6,27
2006,Virginia Tech,12,27,6
2006,Troy,12,26,33
2006,Arkansas State,12,33,26
2006,North Texas,12,16,17
2006,Florida Atlantic,12,17,16
2006,Air Force,12,14,17
2006,Utah,12,17,14
2006,Louisville,12,31,8
2006,South Florida,12,8,31
2006,Cincinnati,12,30,11
2006,Rutgers,12,11,30
2006,Southern Miss,12,25,20
2006,UAB,12,20,25
2006,LSU,12,23,20
2006,Ole Miss,12,20,23
2006,USC,12,23,9
2006,California,12,9,23
2006,Louisiana Tech,12,0,42
2006,Nevada,12,42,0
2006,Arizona State,12,12,24
2006,UCLA,12,24,12
2006,Hawai'i,12,54,17
2006,San José State,12,17,54
2006,Toledo,13,31,21
2006,Bowling Green,13,21,31
2006,Miami,13,17,14
2006,Boston College,13,14,17
2006,Eastern Michigan,13,0,27
2006,Northern Illinois,13,27,0
2006,Ball State,13,30,6
2006,Kent State,13,6,30
2006,Texas,13,7,12
2006,Texas A&M,13,12,7
2006,Miami (OH),13,24,34
2006,Ohio,13,34,24
2006,Buffalo,13,28,55
2006,Central Michigan,13,55,28
2006,Arkansas,13,26,31
2006,LSU,13,31,26
2006,Tulsa,13,38,3
2006,Tulane,13,3,38
2006,Akron,13,0,17
2006,Western Michigan,13,17,0
2006,Nebraska,13,37,14
2006,Colorado,13,14,37
2006,Oregon State,13,30,28
2006,Oregon,13,28,30
2006,UNLV,13,42,39
2006,Air Force,13,39,42
2006,Louisiana Tech,13,27,34
2006,Fresno State,13,34,27
2006,Clemson,13,28,31
2006,South Carolina,13,31,28
2006,Virginia Tech,13,17,0
2006,Virginia,13,0,17
2006,UConn,13,23,26
2006,Cincinnati,13,26,23
2006,Rutgers,13,38,7
2006,Syracuse,13,7,38
2006,Duke,13,44,45
2006,North Carolina,13,45,44
2006,Florida State,13,14,21
2006,Florida,13,21,14
2006,UCF,13,31,22
2006,UAB,13,22,31
2006,Missouri,13,42,17
2006,Kansas,13,17,42
2006,West Virginia,13,19,24
2006,South Florida,13,24,19
2006,Tennessee,13,17,12
2006,Kentucky,13,12,17
2006,Ole Miss,13,20,17
2006,Mississippi State,13,17,20
2006,Oklahoma State,13,21,27
2006,Oklahoma,13,27,21
2006,New Mexico,13,41,14
2006,San Diego State,13,14,41
2006,Rice,13,31,27
2006,SMU,13,27,31
2006,Utah State,13,20,42
2006,New Mexico State,13,42,20
2006,Pittsburgh,13,24,48
2006,Louisville,13,48,24
2006,Georgia,13,15,12
2006,Georgia Tech,13,12,15
2006,Utah,13,31,33
2006,BYU,13,33,31
2006,Middle Tennessee,13,20,21
2006,Troy,13,21,20
2006,Nevada,13,7,38
2006,Boise State,13,38,7
2006,Louisiana,13,28,13
2006,Arkansas State,13,13,28
2006,Idaho,13,13,28
2006,San José State,13,28,13
2006,Arizona,13,14,28
2006,Arizona State,13,28,14
2006,Florida Atlantic,13,31,0
2006,Florida International,13,0,31
2006,UL Monroe,13,23,3
2006,North Texas,13,3,23
2006,Colorado State,13,14,45
2006,TCU,13,45,14
2006,NC State,13,16,21
2006,East Carolina,13,21,16
2006,Southern Miss,13,42,7
2006,Marshall,13,7,42
2006,Maryland,13,24,38
2006,Wake Forest,13,38,24
2006,USC,13,44,24
2006,Notre Dame,13,24,44
2006,UTEP,13,19,38
2006,Memphis,13,38,19
2006,Hawai'i,13,42,35
2006,Purdue,13,35,42
2006,Ohio,14,10,31
2006,Central Michigan,14,31,10
2006,Houston,14,34,20
2006,Southern Miss,14,20,34
2006,Louisville,14,48,17
2006,UConn,14,17,48
2006,Georgia Tech,14,6,9
2006,Wake Forest,14,9,6
2006,Navy,14,26,14
2006,Army,14,14,26
2006,New Mexico State,14,50,23
2006,Louisiana Tech,14,23,50
2006,California,14,26,17
2006,Stanford,14,17,26
2006,TCU,14,38,14
2006,Air Force,14,14,38
2006,San José State,14,24,14
2006,Fresno State,14,14,24
2006,UCLA,14,13,9
2006,USC,14,9,13
2006,Louisiana,14,20,39
2006,UL Monroe,14,39,20
2006,Florida,14,38,28
2006,Arkansas,14,28,38
2006,Florida International,14,13,26
2006,Troy,14,26,13
2006,West Virginia,14,41,39
2006,Rutgers,14,39,41
2006,San Diego State,14,17,6
2006,Colorado State,14,6,17
2006,Oklahoma,14,21,7
2006,Nebraska,14,7,21
2006,Hawai'i,14,32,35
2006,Oregon State,14,35,32
2007,UL Monroe,1,17,35
2007,Tulsa,1,35,17
2007,Ball State,1,13,14
2007,Miami (OH),1,14,13
2007,Rutgers,1,38,3
2007,Buffalo,1,3,38
2007,Cincinnati,1,59,3
2007,Southeast Missouri State,1,3,59
2007,Louisville,1,73,10
2007,Murray State,1,10,73
2007,Mississippi State,1,0,45
2007,LSU,1,45,0
2007,New Mexico State,1,35,14
2007,SE Louisiana,1,14,35
2007,Iowa State,1,14,23
2007,Kent State,1,23,14
2007,Utah State,1,16,23
2007,UNLV,1,23,16
2007,Boise State,1,56,7
2007,Weber State,1,7,56
2007,Oregon State,1,24,7
2007,Utah,1,7,24
2007,Temple,1,19,30
2007,Navy,1,30,19
2007,Syracuse,1,12,42
2007,Washington,1,42,12
2007,Michigan State,1,55,18
2007,UAB,1,18,55
2007,Ohio State,1,38,6
2007,Youngstown State,1,6,38
2007,Colorado,1,31,28
2007,Colorado State,1,28,31
2007,Virginia Tech,1,17,7
2007,East Carolina,1,7,17
2007,Miami,1,31,3
2007,Marshall,1,3,31
2007,Northwestern,1,27,0
2007,Northeastern,1,0,27
2007,Michigan,1,32,34
2007,App State,1,34,32
2007,Penn State,1,59,0
2007,Florida International,1,0,59
2007,Florida,1,49,3
2007,Western Kentucky,1,3,49
2007,Duke,1,14,45
2007,UConn,1,45,14
2007,Air Force,1,34,3
2007,South Carolina State,1,3,34
2007,Wyoming,1,23,3
2007,Virginia,1,3,23
2007,Northern Illinois,1,3,16
2007,Iowa,1,16,3
2007,Memphis,1,21,23
2007,Ole Miss,1,23,21
2007,Oregon,1,48,27
2007,Houston,1,27,48
2007,Nebraska,1,52,10
2007,Nevada,1,10,52
2007,West Virginia,1,62,24
2007,Western Michigan,1,24,62
2007,Boston College,1,38,28
2007,Wake Forest,1,28,38
2007,Illinois,1,34,40
2007,Missouri,1,40,34
2007,Notre Dame,1,3,33
2007,Georgia Tech,1,33,3
2007,Wisconsin,1,42,21
2007,Washington State,1,21,42
2007,Stanford,1,17,45
2007,UCLA,1,45,17
2007,Florida Atlantic,1,27,14
2007,Middle Tennessee,1,14,27
2007,BYU,1,20,7
2007,Arizona,1,7,20
2007,NC State,1,23,25
2007,UCF,1,25,23
2007,Pittsburgh,1,27,3
2007,Eastern Michigan,1,3,27
2007,TCU,1,27,0
2007,Baylor,1,0,27
2007,Maryland,1,31,14
2007,Villanova,1,14,31
2007,Kentucky,1,50,10
2007,Eastern Kentucky,1,10,50
2007,North Carolina,1,37,14
2007,James Madison,1,14,37
2007,Georgia,1,35,14
2007,Oklahoma State,1,14,35
2007,Akron,1,22,14
2007,Army,1,14,22
2007,Ohio,1,36,14
2007,Gardner-Webb,1,14,36
2007,Southern Miss,1,35,13
2007,UT Martin,1,13,35
2007,Vanderbilt,1,41,17
2007,Richmond,1,17,41
2007,Oklahoma,1,79,10
2007,North Texas,1,10,79
2007,Kansas,1,52,7
2007,Central Michigan,1,7,52
2007,Arkansas,1,46,26
2007,Troy,1,26,46
2007,Texas,1,21,13
2007,Arkansas State,1,13,21
2007,Louisiana Tech,1,28,7
2007,Central Arkansas,1,7,28
2007,Toledo,1,24,52
2007,Purdue,1,52,24
2007,South Florida,1,28,13
2007,Elon,1,13,28
2007,South Carolina,1,28,14
2007,Louisiana,1,14,28
2007,Texas A&M,1,38,7
2007,Montana State,1,7,38
2007,Alabama,1,52,6
2007,Western Carolina,1,6,52
2007,Auburn,1,23,13
2007,Kansas State,1,13,23
2007,Rice,1,14,16
2007,Nicholls,1,16,14
2007,California,1,45,31
2007,Tennessee,1,31,45
2007,Indiana,1,55,7
2007,Indiana State,1,7,55
2007,Minnesota,1,31,32
2007,Bowling Green,1,32,31
2007,UTEP,1,10,6
2007,New Mexico,1,6,10
2007,Arizona State,1,45,3
2007,San José State,1,3,45
2007,Fresno State,1,24,3
2007,Sacramento State,1,3,24
2007,USC,1,38,10
2007,Idaho,1,10,38
2007,Hawai'i,1,63,6
2007,Northern Colorado,1,6,63
2007,SMU,1,9,49
2007,Texas Tech,1,49,9
2007,Clemson,1,24,18
2007,Florida State,1,18,24
2007,Louisville,2,58,42
2007,Middle Tennessee,2,42,58
2007,Cincinnati,2,34,3
2007,Oregon State,2,3,34
2007,Rutgers,2,41,24
2007,Navy,2,24,41
2007,Marshall,2,23,48
2007,West Virginia,2,48,23
2007,Virginia,2,24,13
2007,Duke,2,13,24
2007,Ohio State,2,20,2
2007,Akron,2,2,20
2007,Pittsburgh,2,34,10
2007,Grambling,2,10,34
2007,Minnesota,2,41,35
2007,Miami (OH),2,35,41
2007,Purdue,2,52,6
2007,Eastern Illinois,2,6,52
2007,Oklahoma,2,51,13
2007,Miami,2,13,51
2007,Eastern Michigan,2,16,38
2007,Ball State,2,38,16
2007,Wake Forest,2,17,20
2007,Nebraska,2,20,17
2007,Michigan State,2,28,17
2007,Bowling Green,2,17,28
2007,Northwestern,2,36,31
2007,Nevada,2,31,36
2007,Vanderbilt,2,10,24
2007,Alabama,2,24,10
2007,Army,2,14,7
2007,Rhode Island,2,7,14
2007,Clemson,2,49,26
2007,UL Monroe,2,26,49
2007,Temple,2,7,42
2007,Buffalo,2,42,7
2007,Georgia Tech,2,69,14
2007,Samford,2,14,69
2007,Wyoming,2,32,18
2007,Utah State,2,18,32
2007,Colorado State,2,28,34
2007,California,2,34,28
2007,Boston College,2,37,17
2007,NC State,2,17,37
2007,Michigan,2,7,39
2007,Oregon,2,39,7
2007,Texas A&M,2,47,45
2007,Fresno State,2,45,47
2007,Washington,2,24,10
2007,Boise State,2,10,24
2007,Florida State,2,34,24
2007,UAB,2,24,34
2007,Idaho,2,20,13
2007,Cal Poly,2,13,20
2007,Georgia,2,12,16
2007,South Carolina,2,16,12
2007,Florida,2,59,31
2007,Troy,2,31,59
2007,East Carolina,2,34,31
2007,North Carolina,2,31,34
2007,Ole Miss,2,25,38
2007,Missouri,2,38,25
2007,Utah,2,12,20
2007,Air Force,2,20,12
2007,Kentucky,2,56,20
2007,Kent State,2,20,56
2007,Penn State,2,31,10
2007,Notre Dame,2,10,31
2007,UCLA,2,27,17
2007,BYU,2,17,27
2007,Baylor,2,42,17
2007,Rice,2,17,42
2007,Louisiana,2,23,31
2007,Ohio,2,31,23
2007,Texas,2,34,13
2007,TCU,2,13,34
2007,Tennessee,2,39,19
2007,Southern Miss,2,19,39
2007,Washington State,2,45,17
2007,San Diego State,2,17,45
2007,Iowa State,2,13,24
2007,Northern Iowa,2,24,13
2007,UConn,2,38,0
2007,Maine,2,0,38
2007,Texas Tech,2,45,31
2007,UTEP,2,31,45
2007,Illinois,2,21,0
2007,Western Illinois,2,0,21
2007,Central Michigan,2,52,31
2007,Toledo,2,31,52
2007,Kansas State,2,34,14
2007,San José State,2,14,34
2007,Florida International,2,10,26
2007,Maryland,2,26,10
2007,Kansas,2,62,0
2007,SE Louisiana,2,0,62
2007,Oklahoma State,2,42,6
2007,Florida Atlantic,2,6,42
2007,Louisiana Tech,2,44,45
2007,Hawai'i,2,45,44
2007,Tulane,2,17,38
2007,Mississippi State,2,38,17
2007,Northern Illinois,2,31,34
2007,Southern Illinois,2,34,31
2007,Western Michigan,2,27,37
2007,Indiana,2,37,27
2007,SMU,2,45,31
2007,North Texas,2,31,45
2007,Iowa,2,35,0
2007,Syracuse,2,0,35
2007,Auburn,2,23,26
2007,South Florida,2,26,23
2007,LSU,2,48,7
2007,Virginia Tech,2,7,48
2007,New Mexico,2,44,34
2007,New Mexico State,2,34,44
2007,Arizona,2,45,24
2007,Northern Arizona,2,24,45
2007,UNLV,2,13,20
2007,Wisconsin,2,20,13
2007,Arizona State,2,33,14
2007,Colorado,2,14,33
2007,Maryland,3,14,31
2007,West Virginia,3,31,14
2007,Air Force,3,20,17
2007,TCU,3,17,20
2007,Troy,3,41,23
2007,Oklahoma State,3,23,41
2007,Miami (OH),3,10,47
2007,Cincinnati,3,47,10
2007,Syracuse,3,20,41
2007,Illinois,3,41,20
2007,Northern Illinois,3,19,21
2007,Eastern Michigan,3,21,19
2007,UConn,3,22,17
2007,Temple,3,17,22
2007,Michigan State,3,17,13
2007,Pittsburgh,3,13,17
2007,Wisconsin,3,45,31
2007,The Citadel,3,31,45
2007,Purdue,3,45,22
2007,Central Michigan,3,22,45
2007,North Carolina,3,20,22
2007,Virginia,3,22,20
2007,Indiana,3,41,24
2007,Akron,3,24,41
2007,Penn State,3,45,24
2007,Buffalo,3,24,45
2007,Auburn,3,14,19
2007,Mississippi State,3,19,14
2007,Clemson,3,38,10
2007,Furman,3,10,38
2007,Florida Atlantic,3,42,39
2007,Minnesota,3,39,42
2007,Georgia,3,45,16
2007,Western Carolina,3,16,45
2007,Virginia Tech,3,28,7
2007,Ohio,3,7,28
2007,Iowa State,3,15,13
2007,Iowa,3,13,15
2007,Missouri,3,52,24
2007,Western Michigan,3,24,52
2007,Rice,3,24,59
2007,Texas Tech,3,59,24
2007,Washington,3,14,33
2007,Ohio State,3,33,14
2007,Oklahoma,3,54,3
2007,Utah State,3,3,54
2007,UCF,3,32,35
2007,Texas,3,35,32
2007,Michigan,3,38,0
2007,Notre Dame,3,0,38
2007,Florida,3,59,20
2007,Tennessee,3,20,59
2007,Miami,3,23,9
2007,Florida International,3,9,23
2007,Rutgers,3,59,0
2007,Norfolk State,3,0,59
2007,Wake Forest,3,21,10
2007,Army,3,10,21
2007,Kent State,3,38,7
2007,Delaware State,3,7,38
2007,Marshall,3,35,48
2007,New Hampshire,3,48,35
2007,Utah,3,44,6
2007,UCLA,3,6,44
2007,Navy,3,31,34
2007,Ball State,3,34,31
2007,NC State,3,38,17
2007,Wofford,3,17,38
2007,East Carolina,3,21,28
2007,Southern Miss,3,28,21
2007,Oregon State,3,61,10
2007,Idaho State,3,10,61
2007,California,3,42,12
2007,Louisiana Tech,3,12,42
2007,Alabama,3,41,38
2007,Arkansas,3,38,41
2007,Baylor,3,34,27
2007,Texas State,3,27,34
2007,UAB,3,22,0
2007,Alcorn State,3,0,22
2007,Louisiana,3,17,38
2007,McNeese,3,38,17
2007,Vanderbilt,3,31,17
2007,Ole Miss,3,17,31
2007,Tulane,3,10,34
2007,Houston,3,34,10
2007,South Carolina,3,38,3
2007,South Carolina State,3,3,38
2007,Oregon,3,52,21
2007,Fresno State,3,21,52
2007,Kansas,3,45,13
2007,Toledo,3,13,45
2007,Arkansas State,3,45,28
2007,SMU,3,28,45
2007,Texas A&M,3,54,14
2007,UL Monroe,3,14,54
2007,Kansas State,3,61,10
2007,Missouri State,3,10,61
2007,Kentucky,3,40,34
2007,Louisville,3,34,40
2007,LSU,3,44,0
2007,Middle Tennessee,3,0,44
2007,Memphis,3,35,14
2007,Jacksonville State,3,14,35
2007,Georgia Tech,3,10,24
2007,Boston College,3,24,10
2007,Nebraska,3,31,49
2007,USC,3,49,31
2007,New Mexico State,3,29,24
2007,UTEP,3,24,29
2007,Boise State,3,24,14
2007,Wyoming,3,14,24
2007,Northwestern,3,14,20
2007,Duke,3,20,14
2007,Tulsa,3,55,47
2007,BYU,3,47,55
2007,Nevada,3,52,17
2007,Nicholls,3,17,52
2007,UNLV,3,14,49
2007,Hawai'i,3,49,14
2007,Washington State,3,45,28
2007,Idaho,3,28,45
2007,Colorado,3,6,16
2007,Florida State,3,16,6
2007,Stanford,3,37,0
2007,San José State,3,0,37
2007,Arizona,3,27,29
2007,New Mexico,3,29,27
2007,Arizona State,3,34,13
2007,San Diego State,3,13,34
2007,Middle Tennessee,4,17,20
2007,Western Kentucky,4,20,17
2007,Miami,4,34,17
2007,Texas A&M,4,17,34
2007,Tulsa,4,21,62
2007,Oklahoma,4,62,21
2007,NC State,4,20,42
2007,Clemson,4,42,20
2007,Indiana,4,14,27
2007,Illinois,4,27,14
2007,Akron,4,27,20
2007,Kent State,4,20,27
2007,Bowling Green,4,48,35
2007,Temple,4,35,48
2007,West Virginia,4,48,7
2007,East Carolina,4,7,48
2007,Louisville,4,35,38
2007,Syracuse,4,38,35
2007,South Florida,4,37,10
2007,North Carolina,4,10,37
2007,Virginia,4,28,23
2007,Georgia Tech,4,23,28
2007,Ole Miss,4,24,30
2007,Florida,4,30,24
2007,Nebraska,4,41,40
2007,Ball State,4,40,41
2007,Boston College,4,37,17
2007,Army,4,17,37
2007,Navy,4,46,43
2007,Duke,4,43,46
2007,Virginia Tech,4,44,3
2007,William & Mary,4,3,44
2007,Missouri,4,38,17
2007,Illinois State,4,17,38
2007,Ohio,4,33,34
2007,Wyoming,4,34,33
2007,BYU,4,31,6
2007,Air Force,4,6,31
2007,LSU,4,28,16
2007,South Carolina,4,16,28
2007,Wake Forest,4,31,24
2007,Maryland,4,24,31
2007,Ohio State,4,58,7
2007,Northwestern,4,7,58
2007,Central Michigan,4,14,44
2007,North Dakota State,4,44,14
2007,Michigan,4,14,9
2007,Penn State,4,9,14
2007,Eastern Michigan,4,38,15
2007,Howard,4,15,38
2007,Colorado,4,42,0
2007,Miami (OH),4,0,42
2007,UCF,4,56,20
2007,Memphis,4,20,56
2007,Oklahoma State,4,49,45
2007,Texas Tech,4,45,49
2007,Notre Dame,4,14,31
2007,Michigan State,4,31,14
2007,Houston,4,38,27
2007,Colorado State,4,27,38
2007,Idaho,4,35,42
2007,Northern Illinois,4,42,35
2007,Arkansas,4,29,42
2007,Kentucky,4,42,29
2007,California,4,45,27
2007,Arizona,4,27,45
2007,Buffalo,4,21,34
2007,Baylor,4,34,21
2007,San Diego State,4,52,17
2007,Portland State,4,17,52
2007,North Texas,4,20,30
2007,Florida Atlantic,4,30,20
2007,Mississippi State,4,31,15
2007,Gardner-Webb,4,15,31
2007,Louisiana,4,31,48
2007,Troy,4,48,31
2007,Western Michigan,4,51,14
2007,Central Connecticut,4,14,51
2007,Texas,4,58,14
2007,Rice,4,14,58
2007,Tennessee,4,48,27
2007,Arkansas State,4,27,48
2007,Kansas,4,55,3
2007,Florida International,4,3,55
2007,Pittsburgh,4,14,34
2007,UConn,4,34,14
2007,Auburn,4,55,20
2007,New Mexico State,4,20,55
2007,Toledo,4,36,35
2007,Iowa State,4,35,36
2007,Cincinnati,4,40,14
2007,Marshall,4,14,40
2007,Alabama,4,23,26
2007,Georgia,4,26,23
2007,New Mexico,4,58,0
2007,Sacramento State,4,0,58
2007,Tulane,4,35,27
2007,SE Louisiana,4,27,35
2007,USC,4,47,14
2007,Washington State,4,14,47
2007,Utah State,4,20,23
2007,San José State,4,23,20
2007,Wisconsin,4,17,13
2007,Iowa,4,13,17
2007,TCU,4,21,7
2007,SMU,4,7,21
2007,Minnesota,4,31,45
2007,Purdue,4,45,31
2007,UTEP,4,52,12
2007,Texas Southern,4,12,52
2007,UNLV,4,27,0
2007,Utah,4,0,27
2007,Stanford,4,31,55
2007,Oregon,4,55,31
2007,Arizona State,4,44,32
2007,Oregon State,4,32,44
2007,UCLA,4,44,31
2007,Washington,4,31,44
2007,Hawai'i,4,66,10
2007,Charleston Southern,4,10,66
2007,Arkansas State,5,35,31
2007,Memphis,5,31,35
2007,Boise State,5,38,16
2007,Southern Miss,5,16,38
2007,South Florida,5,21,13
2007,West Virginia,5,13,21
2007,Northwestern,5,16,28
2007,Michigan,5,28,16
2007,Virginia Tech,5,17,10
2007,North Carolina,5,10,17
2007,Army,5,37,21
2007,Temple,5,21,37
2007,Tulane,5,9,34
2007,LSU,5,34,9
2007,Purdue,5,33,19
2007,Notre Dame,5,19,33
2007,Miami,5,24,14
2007,Duke,5,14,24
2007,Central Michigan,5,35,10
2007,Northern Illinois,5,10,35
2007,Illinois,5,27,20
2007,Penn State,5,20,27
2007,Ball State,5,49,14
2007,Buffalo,5,14,49
2007,UConn,5,44,10
2007,Akron,5,10,44
2007,Iowa,5,20,38
2007,Indiana,5,38,20
2007,Texas A&M,5,34,10
2007,Baylor,5,10,34
2007,South Carolina,5,38,21
2007,Mississippi State,5,21,38
2007,Boston College,5,24,14
2007,Massachusetts,5,14,24
2007,Navy,5,31,20
2007,Air Force,5,20,31
2007,Kentucky,5,45,17
2007,Florida Atlantic,5,17,45
2007,Georgia,5,45,17
2007,Ole Miss,5,17,45
2007,Colorado,5,27,24
2007,Oklahoma,5,24,27
2007,Nebraska,5,35,17
2007,Iowa State,5,17,35
2007,Miami (OH),5,17,14
2007,Syracuse,5,14,17
2007,Utah,5,34,18
2007,Utah State,5,18,34
2007,Ohio,5,25,33
2007,Kent State,5,33,25
2007,Wisconsin,5,37,34
2007,Michigan State,5,34,37
2007,Oregon,5,24,31
2007,California,5,31,24
2007,Texas,5,21,41
2007,Kansas State,5,41,21
2007,Georgia Tech,5,13,3
2007,Clemson,5,3,13
2007,NC State,5,10,29
2007,Louisville,5,29,10
2007,Rutgers,5,24,34
2007,Maryland,5,34,24
2007,San José State,5,34,14
2007,UC Davis,5,14,34
2007,Nevada,5,27,20
2007,UNLV,5,20,27
2007,SMU,5,45,48
2007,UTEP,5,48,45
2007,Florida State,5,21,14
2007,Alabama,5,14,21
2007,Idaho,5,20,48
2007,Hawai'i,5,48,20
2007,Bowling Green,5,41,21
2007,Western Kentucky,5,21,41
2007,UCF,5,37,19
2007,Louisiana,5,19,37
2007,Oregon State,5,14,40
2007,UCLA,5,40,14
2007,Middle Tennessee,5,47,6
2007,Florida International,5,6,47
2007,Vanderbilt,5,30,7
2007,Eastern Michigan,5,7,30
2007,TCU,5,24,12
2007,Colorado State,5,12,24
2007,Texas Tech,5,75,7
2007,Northwestern State,5,7,75
2007,Virginia,5,44,14
2007,Pittsburgh,5,14,44
2007,Tulsa,5,38,30
2007,UAB,5,30,38
2007,Houston,5,35,37
2007,East Carolina,5,37,35
2007,Arkansas,5,66,7
2007,North Texas,5,7,66
2007,Oklahoma State,5,39,3
2007,Sam Houston,5,3,39
2007,Toledo,5,28,42
2007,Western Michigan,5,42,28
2007,Troy,5,24,7
2007,UL Monroe,5,7,24
2007,Minnesota,5,7,30
2007,Ohio State,5,30,7
2007,Florida,5,17,20
2007,Auburn,5,20,17
2007,New Mexico State,5,20,17
2007,Arkansas-Pine Bluff,5,17,20
2007,Washington,5,24,27
2007,USC,5,27,24
2007,New Mexico,5,24,31
2007,BYU,5,31,24
2007,Fresno State,5,17,6
2007,Louisiana Tech,5,6,17
2007,Arizona,5,48,20
2007,Washington State,5,20,48
2007,San Diego State,5,23,52
2007,Cincinnati,5,52,23
2007,Stanford,5,3,41
2007,Arizona State,5,41,3
2007,Memphis,6,24,21
2007,Marshall,6,21,24
2007,Southern Miss,6,29,31
2007,Rice,6,31,29
2007,South Carolina,6,38,23
2007,Kentucky,6,23,38
2007,Louisville,6,35,44
2007,Utah,6,44,35
2007,Maryland,6,28,26
2007,Georgia Tech,6,26,28
2007,Boston College,6,55,24
2007,Bowling Green,6,24,55
2007,Syracuse,6,14,55
2007,West Virginia,6,55,14
2007,North Carolina,6,33,27
2007,Miami,6,27,33
2007,Indiana,6,40,20
2007,Minnesota,6,20,40
2007,Ball State,6,38,58
2007,Central Michigan,6,58,38
2007,Kansas State,6,24,30
2007,Kansas,6,30,24
2007,Michigan,6,33,22
2007,Eastern Michigan,6,22,33
2007,Illinois,6,31,26
2007,Wisconsin,6,26,31
2007,Michigan State,6,41,48
2007,Northwestern,6,48,41
2007,Auburn,6,35,7
2007,Vanderbilt,6,7,35
2007,Duke,6,36,41
2007,Wake Forest,6,41,36
2007,Temple,6,16,15
2007,Northern Illinois,6,15,16
2007,Buffalo,6,31,10
2007,Ohio,6,10,31
2007,Ole Miss,6,24,0
2007,Louisiana Tech,6,0,24
2007,Wyoming,6,24,21
2007,TCU,6,21,24
2007,Mississippi State,6,30,13
2007,UAB,6,13,30
2007,Kent State,6,13,20
2007,Miami (OH),6,20,13
2007,Alabama,6,30,24
2007,Houston,6,24,30
2007,Texas,6,21,28
2007,Oklahoma,6,28,21
2007,Florida Atlantic,6,23,35
2007,South Florida,6,35,23
2007,Florida State,6,27,10
2007,NC State,6,10,27
2007,Penn State,6,27,7
2007,Iowa,6,7,27
2007,Tennessee,6,35,14
2007,Georgia,6,14,35
2007,San José State,6,28,20
2007,Idaho,6,20,28
2007,Washington State,6,20,23
2007,Arizona State,6,23,20
2007,Nevada,6,41,49
2007,Fresno State,6,49,41
2007,Oregon State,6,31,16
2007,Arizona,6,16,31
2007,Colorado State,6,20,24
2007,San Diego State,6,24,20
2007,Clemson,6,23,41
2007,Virginia Tech,6,41,23
2007,Florida International,6,16,34
2007,Troy,6,34,16
2007,UL Monroe,6,30,13
2007,Arkansas State,6,13,30
2007,Louisiana,6,38,29
2007,North Texas,6,29,38
2007,Texas Tech,6,42,17
2007,Iowa State,6,17,42
2007,Western Michigan,6,38,39
2007,Akron,6,39,38
2007,Arkansas,6,34,15
2007,Chattanooga,6,15,34
2007,Army,6,20,17
2007,Tulane,6,17,20
2007,USC,6,23,24
2007,Stanford,6,24,23
2007,Baylor,6,23,43
2007,Colorado,6,43,23
2007,Toledo,6,35,34
2007,Liberty,6,34,35
2007,Middle Tennessee,6,21,23
2007,Virginia,6,23,21
2007,East Carolina,6,52,38
2007,UCF,6,38,52
2007,Texas A&M,6,24,23
2007,Oklahoma State,6,23,24
2007,Rutgers,6,23,28
2007,Cincinnati,6,28,23
2007,Purdue,6,7,23
2007,Ohio State,6,23,7
2007,UCLA,6,6,20
2007,Notre Dame,6,20,6
2007,LSU,6,28,24
2007,Florida,6,24,28
2007,Air Force,6,31,14
2007,UNLV,6,14,31
2007,UTEP,6,48,47
2007,Tulsa,6,47,48
2007,Missouri,6,41,6
2007,Nebraska,6,6,41
2007,Hawai'i,6,52,37
2007,Utah State,6,37,52
2007,Boise State,6,58,0
2007,New Mexico State,6,0,58
2007,Pittsburgh,7,45,48
2007,Navy,7,48,45
2007,Wake Forest,7,24,21
2007,Florida State,7,21,24
2007,San José State,7,35,42
2007,Hawai'i,7,42,35
2007,Michigan,7,48,21
2007,Purdue,7,21,48
2007,South Florida,7,64,12
2007,UCF,7,12,64
2007,Syracuse,7,14,38
2007,Rutgers,7,38,14
2007,Iowa,7,10,6
2007,Illinois,7,6,10
2007,Duke,7,14,43
2007,Virginia Tech,7,43,14
2007,Ohio State,7,48,3
2007,Kent State,7,3,48
2007,Ohio,7,48,42
2007,Eastern Michigan,7,42,48
2007,Miami,7,14,17
2007,Georgia Tech,7,17,14
2007,Northwestern,7,49,48
2007,Minnesota,7,48,49
2007,Ole Miss,7,24,27
2007,Alabama,7,27,24
2007,Nebraska,7,14,45
2007,Oklahoma State,7,45,14
2007,Iowa State,7,3,56
2007,Texas,7,56,3
2007,Kansas,7,58,10
2007,Baylor,7,10,58
2007,Buffalo,7,43,33
2007,Toledo,7,33,43
2007,Wyoming,7,3,20
2007,New Mexico,7,20,3
2007,Ball State,7,35,12
2007,Western Kentucky,7,12,35
2007,Mississippi State,7,21,33
2007,Tennessee,7,33,21
2007,Utah,7,23,7
2007,San Diego State,7,7,23
2007,Miami (OH),7,47,14
2007,Bowling Green,7,14,47
2007,North Carolina,7,15,21
2007,South Carolina,7,21,15
2007,Houston,7,56,48
2007,Rice,7,48,56
2007,Penn State,7,38,7
2007,Wisconsin,7,7,38
2007,Texas Tech,7,35,7
2007,Texas A&M,7,7,35
2007,Kentucky,7,43,37
2007,LSU,7,37,43
2007,USC,7,20,13
2007,Arizona,7,13,20
2007,Virginia,7,17,16
2007,UConn,7,16,17
2007,Oregon,7,53,7
2007,Washington State,7,7,53
2007,Central Michigan,7,47,23
2007,Army,7,23,47
2007,Notre Dame,7,14,27
2007,Boston College,7,27,14
2007,Northern Illinois,7,13,17
2007,Western Michigan,7,17,13
2007,Idaho,7,24,37
2007,Fresno State,7,37,24
2007,Stanford,7,36,38
2007,TCU,7,38,36
2007,Colorado State,7,21,45
2007,Air Force,7,45,21
2007,Akron,7,20,24
2007,Temple,7,24,20
2007,Vanderbilt,7,17,20
2007,Georgia,7,20,17
2007,Oklahoma,7,41,31
2007,Missouri,7,31,41
2007,Arkansas State,7,52,21
2007,Louisiana,7,21,52
2007,UAB,7,26,21
2007,Tulane,7,21,26
2007,Tulsa,7,38,31
2007,Marshall,7,31,38
2007,North Texas,7,31,21
2007,UL Monroe,7,21,31
2007,Cincinnati,7,24,28
2007,Louisville,7,28,24
2007,Louisiana Tech,7,22,21
2007,New Mexico State,7,21,22
2007,Michigan State,7,52,27
2007,Indiana,7,27,52
2007,California,7,28,31
2007,Oregon State,7,31,28
2007,Southern Miss,7,28,7
2007,SMU,7,7,28
2007,Arkansas,7,7,9
2007,Auburn,7,9,7
2007,Memphis,7,7,21
2007,Middle Tennessee,7,21,7
2007,UTEP,7,42,45
2007,East Carolina,7,45,42
2007,Kansas State,7,47,20
2007,Colorado,7,20,47
2007,UNLV,7,14,24
2007,BYU,7,24,14
2007,Arizona State,7,44,20
2007,Washington,7,20,44
2007,Boise State,7,69,67
2007,Nevada,7,67,69
2007,Rutgers,8,30,27
2007,South Florida,8,27,30
2007,TCU,8,20,27
2007,Utah,8,27,20
2007,Eastern Michigan,8,14,26
2007,Northwestern,8,26,14
2007,UConn,8,21,17
2007,Louisville,8,17,21
2007,Indiana,8,31,36
2007,Penn State,8,36,31
2007,Clemson,8,70,14
2007,Central Michigan,8,14,70
2007,Pittsburgh,8,24,17
2007,Cincinnati,8,17,24
2007,Purdue,8,31,6
2007,Iowa,8,6,31
2007,Temple,8,24,17
2007,Miami (OH),8,17,24
2007,Minnesota,8,21,27
2007,North Dakota State,8,27,21
2007,Georgia Tech,8,34,10
2007,Army,8,10,34
2007,Wisconsin,8,44,3
2007,Northern Illinois,8,3,44
2007,Iowa State,8,7,17
2007,Oklahoma,8,17,7
2007,Alabama,8,41,17
2007,Tennessee,8,17,41
2007,South Carolina,8,6,17
2007,Vanderbilt,8,17,6
2007,Baylor,8,10,31
2007,Texas,8,31,10
2007,Navy,8,24,44
2007,Wake Forest,8,44,24
2007,Ole Miss,8,8,44
2007,Arkansas,8,44,8
2007,Western Michigan,8,23,27
2007,Ball State,8,27,23
2007,Air Force,8,20,12
2007,Wyoming,8,12,20
2007,Nebraska,8,14,36
2007,Texas A&M,8,36,14
2007,Rice,8,35,38
2007,Memphis,8,38,35
2007,Utah State,8,28,31
2007,Nevada,8,31,28
2007,Notre Dame,8,0,38
2007,USC,8,38,0
2007,Middle Tennessee,8,24,7
2007,Arkansas State,8,7,24
2007,UCLA,8,30,21
2007,California,8,21,30
2007,West Virginia,8,38,13
2007,Mississippi State,8,13,38
2007,Troy,8,45,7
2007,North Texas,8,7,45
2007,Missouri,8,41,10
2007,Texas Tech,8,10,41
2007,Florida State,8,29,37
2007,Miami,8,37,29
2007,Ohio State,8,24,17
2007,Michigan State,8,17,24
2007,Kentucky,8,37,45
2007,Florida,8,45,37
2007,Syracuse,8,20,12
2007,Buffalo,8,12,20
2007,UCF,8,44,23
2007,Tulsa,8,23,44
2007,Kent State,8,20,31
2007,Bowling Green,8,31,20
2007,East Carolina,8,20,34
2007,NC State,8,34,20
2007,Louisiana,8,32,39
2007,Florida Atlantic,8,39,32
2007,Fresno State,8,30,0
2007,San José State,8,0,30
2007,BYU,8,42,7
2007,Eastern Washington,8,7,42
2007,Colorado,8,14,19
2007,Kansas,8,19,14
2007,Toledo,8,43,40
2007,Ohio,8,40,43
2007,UAB,8,10,49
2007,Houston,8,49,10
2007,Louisiana Tech,8,31,45
2007,Boise State,8,45,31
2007,UL Monroe,8,28,14
2007,Florida International,8,14,28
2007,Oklahoma State,8,41,39
2007,Kansas State,8,39,41
2007,Arizona,8,20,21
2007,Stanford,8,21,20
2007,Washington,8,34,55
2007,Oregon,8,55,34
2007,Maryland,8,17,18
2007,Virginia,8,18,17
2007,SMU,8,34,41
2007,Tulane,8,41,34
2007,New Mexico State,8,45,31
2007,Idaho,8,31,45
2007,Illinois,8,17,27
2007,Michigan,8,27,17
2007,San Diego State,8,17,20
2007,New Mexico,8,20,17
2007,LSU,8,30,24
2007,Auburn,8,24,30
2007,UNLV,8,23,48
2007,Colorado State,8,48,23
2007,Marshall,8,24,33
2007,Southern Miss,8,33,24
2007,Virginia Tech,9,10,14
2007,Boston College,9,14,10
2007,New Mexico,9,34,31
2007,Air Force,9,31,34
2007,Fresno State,9,21,34
2007,Boise State,9,34,21
2007,Wake Forest,9,37,10
2007,North Carolina,9,10,37
2007,Purdue,9,35,17
2007,Northwestern,9,17,35
2007,Rutgers,9,3,31
2007,West Virginia,9,31,3
2007,Illinois,9,28,17
2007,Ball State,9,17,28
2007,Wisconsin,9,33,3
2007,Indiana,9,3,33
2007,Texas Tech,9,26,31
2007,Colorado,9,31,26
2007,Louisville,9,24,17
2007,Pittsburgh,9,17,24
2007,Iowa,9,34,27
2007,Michigan State,9,27,34
2007,Kentucky,9,14,31
2007,Mississippi State,9,31,14
2007,Navy,9,52,59
2007,Delaware,9,59,52
2007,Buffalo,9,26,10
2007,Akron,9,10,26
2007,Kent State,9,32,41
2007,Central Michigan,9,41,32
2007,Missouri,9,42,28
2007,Iowa State,9,28,42
2007,Vanderbilt,9,24,13
2007,Miami (OH),9,13,24
2007,Wyoming,9,29,24
2007,UNLV,9,24,29
2007,Arkansas,9,58,10
2007,Florida International,9,10,58
2007,Utah State,9,21,31
2007,Louisiana Tech,9,31,21
2007,Tulsa,9,29,23
2007,SMU,9,23,29
2007,Tulane,9,27,28
2007,Memphis,9,28,27
2007,Oregon,9,24,17
2007,USC,9,17,24
2007,Washington,9,41,48
2007,Arizona,9,48,41
2007,Florida,9,30,42
2007,Georgia,9,42,30
2007,Texas,9,28,25
2007,Nebraska,9,25,28
2007,East Carolina,9,41,6
2007,UAB,9,6,41
2007,Michigan,9,34,10
2007,Minnesota,9,10,34
2007,Maryland,9,17,30
2007,Clemson,9,30,17
2007,UConn,9,22,15
2007,South Florida,9,15,22
2007,Kansas State,9,51,13
2007,Baylor,9,13,51
2007,Eastern Michigan,9,19,2
2007,Western Michigan,9,2,19
2007,Florida Atlantic,9,30,33
2007,UL Monroe,9,33,30
2007,Nevada,9,37,21
2007,Idaho,9,21,37
2007,Marshall,9,34,21
2007,Rice,9,21,34
2007,NC State,9,29,24
2007,Virginia,9,24,29
2007,Colorado State,9,3,27
2007,Utah,9,27,3
2007,Bowling Green,9,27,38
2007,Ohio,9,38,27
2007,Auburn,9,17,3
2007,Ole Miss,9,3,17
2007,Washington State,9,27,7
2007,UCLA,9,7,27
2007,Oregon State,9,23,6
2007,Stanford,9,6,23
2007,North Texas,9,28,48
2007,Middle Tennessee,9,48,28
2007,Toledo,9,70,21
2007,Northern Illinois,9,21,70
2007,Arkansas State,9,0,27
2007,Troy,9,27,0
2007,Texas A&M,9,11,19
2007,Kansas,9,19,11
2007,Tennessee,9,27,24
2007,South Carolina,9,24,27
2007,Penn State,9,17,37
2007,Ohio State,9,37,17
2007,Florida State,9,25,6
2007,Duke,9,6,25
2007,UTEP,9,31,34
2007,Houston,9,34,31
2007,Arizona State,9,31,20
2007,California,9,20,31
2007,Hawai'i,9,50,13
2007,New Mexico State,9,13,50
2007,Southern Miss,9,17,34
2007,UCF,9,34,17
2007,Georgia Tech,10,3,27
2007,Virginia Tech,10,27,3
2007,Ohio,10,23,7
2007,Temple,10,7,23
2007,Bowling Green,10,44,20
2007,Akron,10,20,44
2007,New Mexico State,10,38,40
2007,Nevada,10,40,38
2007,Indiana,10,38,20
2007,Ball State,10,20,38
2007,Penn State,10,26,19
2007,Purdue,10,19,26
2007,Miami,10,16,19
2007,NC State,10,19,16
2007,Pittsburgh,10,20,17
2007,Syracuse,10,17,20
2007,Northwestern,10,17,28
2007,Iowa,10,28,17
2007,Virginia,10,17,16
2007,Wake Forest,10,16,17
2007,Ohio State,10,38,17
2007,Wisconsin,10,17,38
2007,Duke,10,10,47
2007,Clemson,10,47,10
2007,Florida,10,49,22
2007,Vanderbilt,10,22,49
2007,Iowa State,10,31,20
2007,Kansas State,10,20,31
2007,Kansas,10,76,39
2007,Nebraska,10,39,76
2007,Georgia,10,44,34
2007,Troy,10,34,44
2007,Memphis,10,40,56
2007,East Carolina,10,56,40
2007,Ole Miss,10,38,31
2007,Northwestern State,10,31,38
2007,BYU,10,35,16
2007,Colorado State,10,16,35
2007,Notre Dame,10,44,46
2007,Navy,10,46,44
2007,Auburn,10,35,3
2007,Tennessee Tech,10,3,35
2007,Arkansas State,10,27,24
2007,Florida International,10,24,27
2007,Boise State,10,42,7
2007,San José State,10,7,42
2007,Rice,10,56,48
2007,UTEP,10,48,56
2007,Miami (OH),10,31,28
2007,Buffalo,10,28,31
2007,Baylor,10,7,38
2007,Texas Tech,10,38,7
2007,UCF,10,47,13
2007,Marshall,10,13,47
2007,Michigan State,10,24,28
2007,Michigan,10,28,24
2007,Air Force,10,30,10
2007,Army,10,10,30
2007,South Florida,10,33,38
2007,Cincinnati,10,38,33
2007,Oklahoma State,10,35,38
2007,Texas,10,38,35
2007,Arizona,10,34,27
2007,UCLA,10,27,34
2007,North Carolina,10,16,13
2007,Maryland,10,13,16
2007,Tennessee,10,59,7
2007,Louisiana,10,7,59
2007,Fresno State,10,38,27
2007,Utah State,10,27,38
2007,Alabama,10,34,41
2007,LSU,10,41,34
2007,Idaho,10,16,28
2007,Louisiana Tech,10,28,16
2007,TCU,10,37,0
2007,New Mexico,10,0,37
2007,Stanford,10,9,27
2007,Washington,10,27,9
2007,Colorado,10,10,55
2007,Missouri,10,55,10
2007,Oregon,10,35,23
2007,Arizona State,10,23,35
2007,UAB,10,7,37
2007,Southern Miss,10,37,7
2007,Toledo,10,52,28
2007,Eastern Michigan,10,28,52
2007,UL Monroe,10,40,43
2007,Middle Tennessee,10,43,40
2007,UConn,10,38,19
2007,Rutgers,10,19,38
2007,Tulane,10,25,49
2007,Tulsa,10,49,25
2007,Oklahoma,10,42,14
2007,Texas A&M,10,14,42
2007,Minnesota,10,17,44
2007,Illinois,10,44,17
2007,Arkansas,10,48,36
2007,South Carolina,10,36,48
2007,Boston College,10,17,27
2007,Florida State,10,27,17
2007,USC,10,24,3
2007,Oregon State,10,3,24
2007,San Diego State,10,27,24
2007,Wyoming,10,24,27
2007,California,10,20,17
2007,Washington State,10,17,20
2007,Houston,10,38,28
2007,SMU,10,28,38
2007,Western Michigan,11,31,34
2007,Central Michigan,11,34,31
2007,Akron,11,48,37
2007,Ohio,11,37,48
2007,West Virginia,11,38,31
2007,Louisville,11,31,38
2007,BYU,11,27,22
2007,TCU,11,22,27
2007,Eastern Michigan,11,32,39
2007,Bowling Green,11,39,32
2007,Army,11,6,41
2007,Rutgers,11,41,6
2007,Purdue,11,31,48
2007,Michigan State,11,48,31
2007,Northwestern,11,31,28
2007,Indiana,11,28,31
2007,Syracuse,11,10,41
2007,South Florida,11,41,10
2007,Wisconsin,11,37,21
2007,Michigan,11,21,37
2007,Temple,11,0,31
2007,Penn State,11,31,0
2007,NC State,11,31,27
2007,North Carolina,11,27,31
2007,Clemson,11,44,10
2007,Wake Forest,11,10,44
2007,Iowa,11,21,16
2007,Minnesota,11,16,21
2007,Nebraska,11,73,31
2007,Kansas State,11,31,73
2007,Mississippi State,11,17,12
2007,Alabama,11,12,17
2007,Tennessee,11,34,13
2007,Arkansas,11,13,34
2007,Iowa State,11,31,28
2007,Colorado,11,28,31
2007,Missouri,11,40,26
2007,Texas A&M,11,26,40
2007,Duke,11,24,41
2007,Georgia Tech,11,41,24
2007,Vanderbilt,11,20,27
2007,Kentucky,11,27,20
2007,Notre Dame,11,24,41
2007,Air Force,11,41,24
2007,SMU,11,42,43
2007,Rice,11,43,42
2007,Utah State,11,0,52
2007,Boise State,11,52,0
2007,New Mexico,11,26,23
2007,Colorado State,11,23,26
2007,Tulsa,11,56,7
2007,Houston,11,7,56
2007,Middle Tennessee,11,24,34
2007,Louisiana,11,34,24
2007,Cincinnati,11,27,3
2007,UConn,11,3,27
2007,Utah,11,50,0
2007,Wyoming,11,0,50
2007,Georgia,11,45,20
2007,Auburn,11,20,45
2007,Ohio State,11,21,28
2007,Illinois,11,28,21
2007,Virginia Tech,11,40,21
2007,Florida State,11,21,40
2007,UCLA,11,20,24
2007,Arizona State,11,24,20
2007,Texas,11,59,43
2007,Texas Tech,11,43,59
2007,San José State,11,51,17
2007,New Mexico State,11,17,51
2007,North Texas,11,62,74
2007,Navy,11,74,62
2007,Florida Atlantic,11,34,31
2007,Arkansas State,11,31,34
2007,Northern Illinois,11,27,20
2007,Kent State,11,20,27
2007,Marshall,11,26,7
2007,East Carolina,11,7,26
2007,Southern Miss,11,26,29
2007,Memphis,11,29,26
2007,Western Kentucky,11,17,21
2007,Troy,11,21,17
2007,UL Monroe,11,28,14
2007,Grambling,11,14,28
2007,Washington State,11,33,17
2007,Stanford,11,17,33
2007,Oklahoma,11,52,21
2007,Baylor,11,21,52
2007,Tulane,11,34,19
2007,UTEP,11,19,34
2007,Miami,11,0,48
2007,Virginia,11,48,0
2007,UAB,11,31,45
2007,UCF,11,45,31
2007,South Carolina,11,31,51
2007,Florida,11,51,31
2007,California,11,17,24
2007,USC,11,24,17
2007,Maryland,11,42,35
2007,Boston College,11,35,42
2007,LSU,11,58,10
2007,Louisiana Tech,11,10,58
2007,Oklahoma State,11,28,43
2007,Kansas,11,43,28
2007,Oregon State,11,29,23
2007,Washington,11,23,29
2007,Hawai'i,11,37,30
2007,Fresno State,11,30,37
2007,UNLV,11,30,38
2007,San Diego State,11,38,30
2007,Ball State,12,41,20
2007,Toledo,12,20,41
2007,Miami (OH),12,7,0
2007,Akron,12,0,7
2007,Arkansas State,12,31,27
2007,North Texas,12,27,31
2007,Arizona,12,34,24
2007,Oregon,12,24,34
2007,Central Michigan,12,45,48
2007,Eastern Michigan,12,48,45
2007,Nevada,12,26,28
2007,Hawai'i,12,28,26
2007,UConn,12,30,7
2007,Syracuse,12,7,30
2007,Florida,12,59,20
2007,Florida Atlantic,12,20,59
2007,Michigan,12,3,14
2007,Ohio State,12,14,3
2007,Georgia Tech,12,27,25
2007,North Carolina,12,25,27
2007,Illinois,12,41,22
2007,Northwestern,12,22,41
2007,Army,12,39,49
2007,Tulsa,12,49,39
2007,Rutgers,12,20,16
2007,Pittsburgh,12,16,20
2007,Florida State,12,24,16
2007,Maryland,12,16,24
2007,Temple,12,24,14
2007,Kent State,12,14,24
2007,Georgia,12,24,13
2007,Kentucky,12,13,24
2007,Kansas State,12,32,49
2007,Missouri,12,49,32
2007,Buffalo,12,17,31
2007,Bowling Green,12,31,17
2007,Boise State,12,58,14
2007,Idaho,12,14,58
2007,Arkansas,12,45,31
2007,Mississippi State,12,31,45
2007,Tennessee,12,25,24
2007,Vanderbilt,12,24,25
2007,Wyoming,12,10,35
2007,BYU,12,35,10
2007,New Mexico State,12,17,35
2007,Utah State,12,35,17
2007,Colorado State,12,42,34
2007,Georgia Southern,12,34,42
2007,Air Force,12,55,23
2007,San Diego State,12,23,55
2007,Notre Dame,12,28,7
2007,Duke,12,7,28
2007,Alabama,12,14,21
2007,UL Monroe,12,21,14
2007,SMU,12,20,49
2007,UCF,12,49,20
2007,Rice,12,31,45
2007,Tulane,12,45,31
2007,Navy,12,35,24
2007,Northern Illinois,12,24,35
2007,Kansas,12,45,7
2007,Iowa State,12,7,45
2007,Washington,12,37,23
2007,California,12,23,37
2007,Virginia Tech,12,44,14
2007,Miami,12,14,44
2007,Houston,12,35,28
2007,Marshall,12,28,35
2007,Memphis,12,25,9
2007,UAB,12,9,25
2007,Ole Miss,12,24,41
2007,LSU,12,41,24
2007,Minnesota,12,34,41
2007,Wisconsin,12,41,34
2007,Michigan State,12,35,31
2007,Penn State,12,31,35
2007,Indiana,12,27,24
2007,Purdue,12,24,27
2007,Iowa,12,19,28
2007,Western Michigan,12,28,19
2007,Wake Forest,12,38,18
2007,NC State,12,18,38
2007,Utah,12,28,10
2007,New Mexico,12,10,28
2007,Washington State,12,17,52
2007,Oregon State,12,52,17
2007,Louisiana Tech,12,27,23
2007,San José State,12,23,27
2007,Florida International,12,28,38
2007,Louisiana,12,38,28
2007,Baylor,12,14,45
2007,Oklahoma State,12,45,14
2007,UTEP,12,30,56
2007,Southern Miss,12,56,30
2007,TCU,12,34,10
2007,UNLV,12,10,34
2007,Clemson,12,17,20
2007,Boston College,12,20,17
2007,Cincinnati,12,23,28
2007,West Virginia,12,28,23
2007,Texas Tech,12,34,27
2007,Oklahoma,12,27,34
2007,South Florida,12,55,17
2007,Louisville,12,17,55
2007,Troy,13,45,7
2007,Middle Tennessee,13,7,45
2007,Arizona State,13,24,44
2007,USC,13,44,24
2007,Akron,13,32,35
2007,Central Michigan,13,35,32
2007,Colorado,13,65,51
2007,Nebraska,13,51,65
2007,Mississippi State,13,17,14
2007,Ole Miss,13,14,17
2007,Colorado State,13,36,28
2007,Wyoming,13,28,36
2007,LSU,13,48,50
2007,Arkansas,13,50,48
2007,Bowling Green,13,37,10
2007,Toledo,13,10,37
2007,Texas A&M,13,38,30
2007,Texas,13,30,38
2007,Hawai'i,13,39,27
2007,Boise State,13,27,39
2007,Virginia,13,21,33
2007,Virginia Tech,13,33,21
2007,Pittsburgh,13,37,48
2007,South Florida,13,48,37
2007,NC State,13,0,37
2007,Maryland,13,37,0
2007,Boston College,13,28,14
2007,Miami,13,14,28
2007,East Carolina,13,35,12
2007,Tulane,13,12,35
2007,Kent State,13,23,30
2007,Buffalo,13,30,23
2007,Kentucky,13,50,52
2007,Tennessee,13,52,50
2007,Ohio,13,38,29
2007,Miami (OH),13,29,38
2007,Vanderbilt,13,17,31
2007,Wake Forest,13,31,17
2007,UCF,13,36,20
2007,UTEP,13,20,36
2007,BYU,13,17,10
2007,Utah,13,10,17
2007,Western Michigan,13,16,3
2007,Temple,13,3,16
2007,Memphis,13,55,52
2007,SMU,13,52,55
2007,Rice,13,43,48
2007,Tulsa,13,48,43
2007,Southern Miss,13,16,10
2007,Arkansas State,13,10,16
2007,North Carolina,13,20,14
2007,Duke,13,14,20
2007,West Virginia,13,66,21
2007,UConn,13,21,66
2007,Fresno State,13,45,29
2007,Kansas State,13,29,45
2007,Houston,13,59,6
2007,Texas Southern,13,6,59
2007,Idaho,13,19,24
2007,Utah State,13,24,19
2007,Stanford,13,14,21
2007,Notre Dame,13,21,14
2007,UCLA,13,16,0
2007,Oregon,13,0,16
2007,Oklahoma,13,49,17
2007,Oklahoma State,13,17,49
2007,Georgia Tech,13,17,31
2007,Georgia,13,31,17
2007,San José State,13,27,24
2007,Nevada,13,24,27
2007,Northern Illinois,13,21,27
2007,Ball State,13,27,21
2007,North Texas,13,27,26
2007,Western Kentucky,13,26,27
2007,Marshall,13,46,39
2007,UAB,13,39,46
2007,Florida,13,45,12
2007,Florida State,13,12,45
2007,New Mexico,13,27,6
2007,UNLV,13,6,27
2007,Florida International,13,23,55
2007,Florida Atlantic,13,55,23
2007,Louisiana,13,11,17
2007,UL Monroe,13,17,11
2007,South Carolina,13,21,23
2007,Clemson,13,23,21
2007,Washington,13,35,42
2007,Washington State,13,42,35
2007,Syracuse,13,31,52
2007,Cincinnati,13,52,31
2007,Kansas,13,28,36
2007,Missouri,13,36,28
2007,Auburn,13,17,10
2007,Alabama,13,10,17
2007,San Diego State,13,33,45
2007,TCU,13,45,33
2007,Louisville,14,41,38
2007,Rutgers,14,38,41
2007,New Mexico State,14,23,30
2007,Fresno State,14,30,23
2007,Central Michigan,14,35,10
2007,Miami (OH),14,10,35
2007,Navy,14,38,3
2007,Army,14,3,38
2007,UCF,14,44,25
2007,Tulsa,14,25,44
2007,Boston College,14,16,30
2007,Virginia Tech,14,30,16
2007,Troy,14,32,38
2007,Florida Atlantic,14,38,32
2007,LSU,14,21,14
2007,Tennessee,14,14,21
2007,Nevada,14,49,10
2007,Louisiana Tech,14,10,49
2007,Oregon,14,31,38
2007,Oregon State,14,38,31
2007,USC,14,24,7
2007,UCLA,14,7,24
2007,San Diego State,14,27,48
2007,BYU,14,48,27
2007,Florida International,14,38,19
2007,North Texas,14,19,38
2007,Stanford,14,20,13
2007,California,14,13,20
2007,West Virginia,14,9,13
2007,Pittsburgh,14,13,9
2007,Arizona State,14,20,17
2007,Arizona,14,17,20
2007,Missouri,14,17,38
2007,Oklahoma,14,38,17
2007,Hawai'i,14,35,28
2007,Washington,14,28,35
2008,Buffalo,1,42,17
2008,UTEP,1,17,42
2008,Central Michigan,1,31,12
2008,Eastern Illinois,1,12,31
2008,Eastern Michigan,1,52,0
2008,Indiana State,1,0,52
2008,Ball State,1,48,14
2008,Northeastern,1,14,48
2008,UConn,1,35,3
2008,Hofstra,1,3,35
2008,Middle Tennessee,1,17,31
2008,Troy,1,31,17
2008,Miami (OH),1,13,34
2008,Vanderbilt,1,34,13
2008,Miami,1,52,7
2008,Charleston Southern,1,7,52
2008,Georgia Tech,1,41,14
2008,Jacksonville State,1,14,41
2008,Cincinnati,1,40,7
2008,Eastern Kentucky,1,7,40
2008,South Carolina,1,34,0
2008,NC State,1,0,34
2008,Iowa State,1,44,17
2008,South Dakota State,1,17,44
2008,Baylor,1,13,41
2008,Wake Forest,1,41,13
2008,Stanford,1,36,28
2008,Oregon State,1,28,36
2008,Army,1,7,35
2008,Temple,1,35,7
2008,Rice,1,56,27
2008,SMU,1,27,56
2008,LSU,1,41,13
2008,App State,1,13,41
2008,LSU,1,41,13
2008,App State,1,13,41
2008,East Carolina,1,27,22
2008,Virginia Tech,1,22,27
2008,Ohio State,1,43,0
2008,Youngstown State,1,0,43
2008,Pittsburgh,1,17,27
2008,Bowling Green,1,27,17
2008,Northwestern,1,30,10
2008,Syracuse,1,10,30
2008,Indiana,1,31,13
2008,Western Kentucky,1,13,31
2008,Penn State,1,66,10
2008,Coastal Carolina,1,10,66
2008,Wisconsin,1,38,17
2008,Akron,1,17,38
2008,Iowa,1,46,3
2008,Maine,1,3,46
2008,Florida,1,56,10
2008,Hawai'i,1,10,56
2008,Georgia,1,45,21
2008,Georgia Southern,1,21,45
2008,Wyoming,1,21,20
2008,Ohio,1,20,21
2008,Air Force,1,41,7
2008,Southern Utah,1,7,41
2008,Navy,1,41,13
2008,Towson,1,13,41
2008,Michigan,1,23,25
2008,Utah,1,25,23
2008,West Virginia,1,48,21
2008,Villanova,1,21,48
2008,Virginia,1,7,52
2008,USC,1,52,7
2008,Washington State,1,13,39
2008,Oklahoma State,1,39,13
2008,Maryland,1,14,7
2008,Delaware,1,7,14
2008,UAB,1,22,45
2008,Tulsa,1,45,22
2008,Marshall,1,35,10
2008,Illinois State,1,10,35
2008,BYU,1,41,17
2008,Northern Iowa,1,17,41
2008,New Mexico,1,3,26
2008,TCU,1,26,3
2008,North Carolina,1,35,27
2008,McNeese,1,27,35
2008,UCF,1,17,0
2008,South Carolina State,1,0,17
2008,Louisiana Tech,1,22,14
2008,Mississippi State,1,14,22
2008,South Florida,1,56,7
2008,UT Martin,1,7,56
2008,Nebraska,1,47,24
2008,Western Michigan,1,24,47
2008,Auburn,1,34,0
2008,UL Monroe,1,0,34
2008,Oklahoma,1,57,2
2008,Chattanooga,1,2,57
2008,Arkansas,1,28,24
2008,Western Illinois,1,24,28
2008,Duke,1,31,7
2008,James Madison,1,7,31
2008,Texas Tech,1,49,24
2008,Eastern Washington,1,24,49
2008,Ole Miss,1,41,24
2008,Memphis,1,24,41
2008,Minnesota,1,31,27
2008,Northern Illinois,1,27,31
2008,Southern Miss,1,51,21
2008,Louisiana,1,21,51
2008,Houston,1,55,3
2008,Southern,1,3,55
2008,Texas,1,52,10
2008,Florida Atlantic,1,10,52
2008,Kansas State,1,45,6
2008,North Texas,1,6,45
2008,Texas A&M,1,14,18
2008,Arkansas State,1,18,14
2008,Kansas,1,40,10
2008,Florida International,1,10,40
2008,Kent State,1,0,21
2008,Boston College,1,21,0
2008,San José State,1,13,10
2008,UC Davis,1,10,13
2008,Clemson,1,10,34
2008,Alabama,1,34,10
2008,Boise State,1,49,7
2008,Idaho State,1,7,49
2008,California,1,38,31
2008,Michigan State,1,31,38
2008,Missouri,1,52,42
2008,Illinois,1,42,52
2008,Nevada,1,49,13
2008,Grambling,1,13,49
2008,San Diego State,1,27,29
2008,Cal Poly,1,29,27
2008,UNLV,1,27,17
2008,Utah State,1,17,27
2008,Arizona,1,70,0
2008,Idaho,1,0,70
2008,Oregon,1,44,10
2008,Washington,1,10,44
2008,Arizona State,1,30,13
2008,Northern Arizona,1,13,30
2008,Louisville,1,2,27
2008,Kentucky,1,27,2
2008,Colorado,1,38,17
2008,Colorado State,1,17,38
2008,Rutgers,1,7,24
2008,Fresno State,1,24,7
2008,UCLA,1,27,24
2008,Tennessee,1,24,27
2008,Vanderbilt,2,24,17
2008,South Carolina,2,17,24
2008,Ball State,2,35,23
2008,Navy,2,23,35
2008,Purdue,2,42,10
2008,Northern Colorado,2,10,42
2008,Wisconsin,2,51,14
2008,Marshall,2,14,51
2008,Boston College,2,16,19
2008,Georgia Tech,2,19,16
2008,Michigan,2,16,6
2008,Miami (OH),2,6,16
2008,Illinois,2,47,21
2008,Eastern Illinois,2,21,47
2008,Temple,2,9,12
2008,UConn,2,12,9
2008,Ohio State,2,26,14
2008,Ohio,2,14,26
2008,Michigan State,2,42,10
2008,Eastern Michigan,2,10,42
2008,Iowa,2,42,0
2008,Florida International,2,0,42
2008,Nebraska,2,35,12
2008,San José State,2,12,35
2008,Auburn,2,27,13
2008,Southern Miss,2,13,27
2008,Army,2,10,28
2008,New Hampshire,2,28,10
2008,Virginia Tech,2,24,7
2008,Furman,2,7,24
2008,Washington,2,27,28
2008,BYU,2,28,27
2008,Colorado State,2,23,20
2008,Sacramento State,2,20,23
2008,Syracuse,2,28,42
2008,Akron,2,42,28
2008,Louisville,2,51,10
2008,Tennessee Tech,2,10,51
2008,Penn State,2,45,14
2008,Oregon State,2,14,45
2008,Georgia,2,56,17
2008,Central Michigan,2,17,56
2008,Oklahoma,2,52,26
2008,Cincinnati,2,26,52
2008,Wake Forest,2,30,28
2008,Ole Miss,2,28,30
2008,Wyoming,2,3,23
2008,Air Force,2,23,3
2008,Clemson,2,45,17
2008,The Citadel,2,17,45
2008,Colorado,2,31,24
2008,Eastern Washington,2,24,31
2008,Oregon,2,66,24
2008,Utah State,2,24,66
2008,Notre Dame,2,21,13
2008,San Diego State,2,13,21
2008,Virginia,2,16,0
2008,Richmond,2,0,16
2008,Florida Atlantic,2,49,34
2008,UAB,2,34,49
2008,East Carolina,2,24,3
2008,West Virginia,2,3,24
2008,Idaho,2,42,27
2008,Idaho State,2,27,42
2008,New Mexico,2,22,28
2008,Texas A&M,2,28,22
2008,Pittsburgh,2,27,16
2008,Buffalo,2,16,27
2008,Eastern Kentucky,2,13,37
2008,Western Kentucky,2,37,13
2008,Kentucky,2,38,3
2008,Norfolk State,2,3,38
2008,Florida State,2,69,0
2008,Western Carolina,2,0,69
2008,NC State,2,34,24
2008,William & Mary,2,24,34
2008,Washington State,2,3,66
2008,California,2,66,3
2008,Duke,2,20,24
2008,Northwestern,2,24,20
2008,Mississippi State,2,34,10
2008,SE Louisiana,2,10,34
2008,Alabama,2,20,6
2008,Tulane,2,6,20
2008,Baylor,2,51,6
2008,Northwestern State,2,6,51
2008,UCF,2,24,31
2008,South Florida,2,31,24
2008,TCU,2,67,7
2008,Stephen F. Austin,2,7,67
2008,Western Michigan,2,29,26
2008,Northern Illinois,2,26,29
2008,Arkansas State,2,83,10
2008,Texas Southern,2,10,83
2008,Iowa State,2,48,28
2008,Kent State,2,28,48
2008,Missouri,2,52,3
2008,Southeast Missouri State,2,3,52
2008,UL Monroe,2,27,28
2008,Arkansas,2,28,27
2008,Middle Tennessee,2,24,14
2008,Maryland,2,14,24
2008,Indiana,2,45,3
2008,Murray State,2,3,45
2008,Oklahoma State,2,56,37
2008,Houston,2,37,56
2008,North Texas,2,26,56
2008,Tulsa,2,56,26
2008,Kansas State,2,69,10
2008,Montana State,2,10,69
2008,Kansas,2,29,0
2008,Louisiana Tech,2,0,29
2008,Bowling Green,2,17,42
2008,Minnesota,2,42,17
2008,Memphis,2,35,42
2008,Rice,2,42,35
2008,SMU,2,47,36
2008,Texas State,2,36,47
2008,Florida,2,26,3
2008,Miami,2,3,26
2008,Utah,2,42,21
2008,UNLV,2,21,42
2008,Nevada,2,19,35
2008,Texas Tech,2,35,19
2008,Arizona,2,41,16
2008,Toledo,2,16,41
2008,Arizona State,2,41,17
2008,Stanford,2,17,41
2008,UTEP,2,13,42
2008,Texas,2,42,13
2008,Hawai'i,2,36,17
2008,Weber State,2,17,36
2008,Rutgers,3,12,44
2008,North Carolina,3,44,12
2008,South Florida,3,37,34
2008,Kansas,3,34,37
2008,Baylor,3,45,17
2008,Washington State,3,17,45
2008,UL Monroe,3,37,15
2008,Alabama A&M,3,15,37
2008,Houston,3,28,31
2008,Air Force,3,31,28
2008,Michigan State,3,17,0
2008,Florida Atlantic,3,0,17
2008,Eastern Michigan,3,17,41
2008,Toledo,3,41,17
2008,Buffalo,3,30,28
2008,Temple,3,28,30
2008,Illinois,3,20,17
2008,Louisiana,3,17,20
2008,Duke,3,41,31
2008,Navy,3,31,41
2008,Minnesota,3,35,23
2008,Montana State,3,23,35
2008,Clemson,3,27,9
2008,NC State,3,9,27
2008,Maryland,3,35,27
2008,California,3,27,35
2008,Northwestern,3,33,7
2008,Southern Illinois,3,7,33
2008,Iowa,3,17,5
2008,Iowa State,3,5,17
2008,Tennessee,3,35,3
2008,UAB,3,3,35
2008,Missouri,3,69,17
2008,Nevada,3,17,69
2008,TCU,3,31,14
2008,Stanford,3,14,31
2008,Akron,3,24,41
2008,Ball State,3,41,24
2008,Oklahoma State,3,57,13
2008,Missouri State,3,13,57
2008,Ohio,3,28,31
2008,Central Michigan,3,31,28
2008,Kent State,3,24,3
2008,Delaware State,3,3,24
2008,Wyoming,3,16,13
2008,North Dakota State,3,13,16
2008,Tulane,3,24,28
2008,East Carolina,3,28,24
2008,Miami (OH),3,38,27
2008,Charleston Southern,3,27,38
2008,Syracuse,3,13,55
2008,Penn State,3,55,13
2008,Virginia Tech,3,20,17
2008,Georgia Tech,3,17,20
2008,BYU,3,59,0
2008,UCLA,3,0,59
2008,Purdue,3,26,32
2008,Oregon,3,32,26
2008,South Carolina,3,7,14
2008,Georgia,3,14,7
2008,Notre Dame,3,35,17
2008,Michigan,3,17,35
2008,Florida State,3,46,7
2008,Chattanooga,3,7,46
2008,Oregon State,3,45,7
2008,Hawai'i,3,7,45
2008,Idaho,3,28,51
2008,Western Michigan,3,51,28
2008,Kentucky,3,20,14
2008,Middle Tennessee,3,14,20
2008,Mississippi State,3,2,3
2008,Auburn,3,3,2
2008,Ole Miss,3,34,10
2008,Samford,3,10,34
2008,Texas Tech,3,43,7
2008,SMU,3,7,43
2008,Troy,3,65,0
2008,Alcorn State,3,0,65
2008,Marshall,3,17,16
2008,Memphis,3,16,17
2008,Arkansas State,3,24,27
2008,Southern Miss,3,27,24
2008,Nebraska,3,38,7
2008,New Mexico State,3,7,38
2008,Vanderbilt,3,38,21
2008,Rice,3,21,38
2008,Alabama,3,41,7
2008,Western Kentucky,3,7,41
2008,UConn,3,45,10
2008,Virginia,3,10,45
2008,Washington,3,14,55
2008,Oklahoma,3,55,14
2008,LSU,3,41,3
2008,North Texas,3,3,41
2008,New Mexico,3,36,28
2008,Arizona,3,28,36
2008,San José State,3,35,10
2008,San Diego State,3,10,35
2008,USC,3,35,3
2008,Ohio State,3,3,35
2008,Utah State,3,10,58
2008,Utah,3,58,10
2008,Boise State,3,20,7
2008,Bowling Green,3,7,20
2008,Arizona State,3,20,23
2008,UNLV,3,23,20
2008,Fresno State,3,10,13
2008,Wisconsin,3,13,10
2008,Louisville,4,38,29
2008,Kansas State,4,29,38
2008,Colorado,4,17,14
2008,West Virginia,4,14,17
2008,UConn,4,31,28
2008,Baylor,4,28,31
2008,Penn State,4,45,3
2008,Temple,4,3,45
2008,Georgia Tech,4,38,7
2008,Mississippi State,4,7,38
2008,Purdue,4,32,25
2008,Central Michigan,4,25,32
2008,Minnesota,4,37,3
2008,Florida Atlantic,4,3,37
2008,Pittsburgh,4,21,20
2008,Iowa,4,20,21
2008,NC State,4,30,24
2008,East Carolina,4,24,30
2008,Ohio State,4,28,10
2008,Troy,4,10,28
2008,Northwestern,4,16,8
2008,Ohio,4,8,16
2008,Arkansas,4,14,49
2008,Alabama,4,49,14
2008,Army,4,3,22
2008,Akron,4,22,3
2008,Maryland,4,51,24
2008,Eastern Michigan,4,24,51
2008,Clemson,4,54,0
2008,South Carolina State,4,0,54
2008,Boston College,4,34,7
2008,UCF,4,7,34
2008,Missouri,4,42,21
2008,Buffalo,4,21,42
2008,BYU,4,44,0
2008,Wyoming,4,0,44
2008,Northern Illinois,4,48,3
2008,Indiana State,4,3,48
2008,Tulane,4,24,10
2008,UL Monroe,4,10,24
2008,UCLA,4,10,31
2008,Arizona,4,31,10
2008,Tennessee,4,6,30
2008,Florida,4,30,6
2008,Navy,4,23,21
2008,Rutgers,4,21,23
2008,North Carolina,4,17,20
2008,Virginia Tech,4,20,17
2008,Syracuse,4,30,21
2008,Northeastern,4,21,30
2008,Oregon,4,32,37
2008,Boise State,4,37,32
2008,Michigan State,4,23,7
2008,Notre Dame,4,7,23
2008,Texas A&M,4,23,41
2008,Miami,4,41,23
2008,Colorado State,4,28,25
2008,Houston,4,25,28
2008,Southern Miss,4,27,34
2008,Marshall,4,34,27
2008,Air Force,4,23,30
2008,Utah,4,30,23
2008,Utah State,4,42,17
2008,Idaho,4,17,42
2008,UAB,4,45,10
2008,Alabama State,4,10,45
2008,Florida International,4,9,17
2008,South Florida,4,17,9
2008,Western Kentucky,4,50,9
2008,Murray State,4,9,50
2008,Louisiana Tech,4,41,26
2008,SE Louisiana,4,26,41
2008,South Carolina,4,23,13
2008,Wofford,4,13,23
2008,Texas,4,52,10
2008,Rice,4,10,52
2008,Florida State,4,3,12
2008,Wake Forest,4,12,3
2008,Kansas,4,38,14
2008,Sam Houston,4,14,38
2008,Washington State,4,48,9
2008,Portland State,4,9,48
2008,Indiana,4,20,42
2008,Ball State,4,42,20
2008,Arkansas State,4,31,14
2008,Middle Tennessee,4,14,31
2008,Texas Tech,4,56,14
2008,Massachusetts,4,14,56
2008,Ole Miss,4,17,23
2008,Vanderbilt,4,23,17
2008,Louisiana,4,44,27
2008,Kent State,4,27,44
2008,Tulsa,4,56,14
2008,New Mexico,4,14,56
2008,Western Michigan,4,41,7
2008,Tennessee Tech,4,7,41
2008,Cincinnati,4,45,20
2008,Miami (OH),4,20,45
2008,Auburn,4,21,26
2008,LSU,4,26,21
2008,SMU,4,7,48
2008,TCU,4,48,7
2008,Memphis,4,31,10
2008,Nicholls,4,10,31
2008,Arizona State,4,10,27
2008,Georgia,4,27,10
2008,Toledo,4,54,55
2008,Fresno State,4,55,54
2008,Stanford,4,23,10
2008,San José State,4,10,23
2008,UNLV,4,34,31
2008,Iowa State,4,31,34
2008,UTEP,4,33,34
2008,New Mexico State,4,34,33
2008,Tulane,5,34,27
2008,SMU,5,27,34
2008,Oregon State,5,27,21
2008,USC,5,21,27
2008,Louisville,5,21,26
2008,UConn,5,26,21
2008,Ball State,5,41,20
2008,Kent State,5,20,41
2008,Clemson,5,17,20
2008,Maryland,5,20,17
2008,Indiana,5,29,42
2008,Michigan State,5,42,29
2008,Duke,5,31,3
2008,Virginia,5,3,31
2008,Miami,5,24,28
2008,North Carolina,5,28,24
2008,Ohio State,5,34,21
2008,Minnesota,5,21,34
2008,Eastern Michigan,5,0,37
2008,Northern Illinois,5,37,0
2008,Iowa,5,17,22
2008,Northwestern,5,22,17
2008,Syracuse,5,24,34
2008,Pittsburgh,5,34,24
2008,Texas A&M,5,21,17
2008,Army,5,17,21
2008,Florida,5,30,31
2008,Ole Miss,5,31,30
2008,Boston College,5,42,0
2008,Rhode Island,5,0,42
2008,Memphis,5,29,17
2008,Arkansas State,5,17,29
2008,Temple,5,3,7
2008,Western Michigan,5,7,3
2008,Ohio,5,51,31
2008,VMI,5,31,51
2008,Akron,5,15,17
2008,Cincinnati,5,17,15
2008,Rutgers,5,38,0
2008,Morgan State,5,0,38
2008,Texas,5,52,10
2008,Arkansas,5,10,52
2008,Michigan,5,27,25
2008,Wisconsin,5,25,27
2008,UCLA,5,31,36
2008,Fresno State,5,36,31
2008,Florida State,5,39,21
2008,Colorado,5,21,39
2008,Auburn,5,14,12
2008,Tennessee,5,12,14
2008,East Carolina,5,24,41
2008,Houston,5,41,24
2008,West Virginia,5,27,3
2008,Marshall,5,3,27
2008,Kansas State,5,45,37
2008,Louisiana,5,37,45
2008,Notre Dame,5,38,21
2008,Purdue,5,21,38
2008,Wake Forest,5,17,24
2008,Navy,5,24,17
2008,Central Michigan,5,27,25
2008,Buffalo,5,25,27
2008,Wyoming,5,16,45
2008,Bowling Green,5,45,16
2008,Rice,5,77,20
2008,North Texas,5,20,77
2008,California,5,42,7
2008,Colorado State,5,7,42
2008,Washington State,5,14,63
2008,Oregon,5,63,14
2008,South Carolina,5,26,13
2008,UAB,5,13,26
2008,Oklahoma,5,35,10
2008,TCU,5,10,35
2008,Kentucky,5,41,3
2008,Western Kentucky,5,3,41
2008,Tulsa,5,62,34
2008,Central Arkansas,5,34,62
2008,Oklahoma State,5,55,24
2008,Troy,5,24,55
2008,Toledo,5,16,35
2008,Florida International,5,35,16
2008,NC State,5,10,41
2008,South Florida,5,41,10
2008,LSU,5,34,24
2008,Mississippi State,5,24,34
2008,Georgia,5,30,41
2008,Alabama,5,41,30
2008,Nebraska,5,30,35
2008,Virginia Tech,5,35,30
2008,New Mexico State,5,24,35
2008,New Mexico,5,35,24
2008,Penn State,5,38,24
2008,Illinois,5,24,38
2008,Utah,5,37,21
2008,Weber State,5,21,37
2008,UTEP,5,58,13
2008,UCF,5,13,58
2008,San Diego State,5,45,17
2008,Idaho,5,17,45
2008,Washington,5,28,35
2008,Stanford,5,35,28
2008,UNLV,5,27,49
2008,Nevada,5,49,27
2008,Hawai'i,5,17,20
2008,San José State,5,20,17
2008,Middle Tennessee,6,14,13
2008,Florida Atlantic,6,13,14
2008,Boise State,6,38,3
2008,Louisiana Tech,6,3,38
2008,South Florida,6,21,26
2008,Pittsburgh,6,26,21
2008,UAB,6,30,33
2008,Memphis,6,33,30
2008,Utah,6,31,28
2008,Oregon State,6,28,31
2008,Utah State,6,14,34
2008,BYU,6,34,14
2008,Marshall,6,10,33
2008,Cincinnati,6,33,10
2008,Kent State,6,27,30
2008,Akron,6,30,27
2008,Georgia Tech,6,27,0
2008,Duke,6,0,27
2008,Minnesota,6,16,7
2008,Indiana,6,7,16
2008,Michigan State,6,16,13
2008,Iowa,6,13,16
2008,West Virginia,6,24,17
2008,Rutgers,6,17,24
2008,Purdue,6,6,20
2008,Penn State,6,20,6
2008,NC State,6,31,38
2008,Boston College,6,38,31
2008,Baylor,6,17,49
2008,Oklahoma,6,49,17
2008,Arkansas,6,7,38
2008,Florida,6,38,7
2008,Iowa State,6,33,35
2008,Kansas,6,35,33
2008,Virginia Tech,6,27,13
2008,Western Kentucky,6,13,27
2008,New Mexico State,6,45,10
2008,Alcorn State,6,10,45
2008,Colorado State,6,41,28
2008,UNLV,6,28,41
2008,Western Michigan,6,41,20
2008,Ohio,6,20,41
2008,Ole Miss,6,24,31
2008,South Carolina,6,31,24
2008,Notre Dame,6,28,21
2008,Stanford,6,21,28
2008,Tulane,6,13,44
2008,Army,6,44,13
2008,UCF,6,31,17
2008,SMU,6,17,31
2008,Kansas State,6,28,58
2008,Texas Tech,6,58,28
2008,Miami (OH),6,10,28
2008,Temple,6,28,10
2008,Alabama,6,17,14
2008,Kentucky,6,14,17
2008,Michigan,6,20,45
2008,Illinois,6,45,20
2008,California,6,24,14
2008,Arizona State,6,14,24
2008,Miami,6,39,41
2008,Florida State,6,41,39
2008,Air Force,6,27,33
2008,Navy,6,33,27
2008,Bowling Green,6,21,24
2008,Eastern Michigan,6,24,21
2008,Idaho,6,14,49
2008,Nevada,6,49,14
2008,TCU,6,41,7
2008,San Diego State,6,7,41
2008,Vanderbilt,6,14,13
2008,Auburn,6,13,14
2008,UL Monroe,6,35,44
2008,Louisiana,6,44,35
2008,Tennessee,6,13,9
2008,Northern Illinois,6,9,13
2008,North Carolina,6,38,12
2008,UConn,6,12,38
2008,Southern Miss,6,37,40
2008,UTEP,6,40,37
2008,North Texas,6,10,42
2008,Florida International,6,42,10
2008,Virginia,6,31,0
2008,Maryland,6,0,31
2008,Oklahoma State,6,56,28
2008,Texas A&M,6,28,56
2008,Toledo,6,0,31
2008,Ball State,6,31,0
2008,Colorado,6,14,38
2008,Texas,6,38,14
2008,Arizona,6,48,14
2008,Washington,6,14,48
2008,Wisconsin,6,17,20
2008,Ohio State,6,20,17
2008,Tulsa,6,63,28
2008,Rice,6,28,63
2008,USC,6,44,10
2008,Oregon,6,10,44
2008,Nebraska,6,17,52
2008,Missouri,6,52,17
2008,New Mexico,6,24,0
2008,Wyoming,6,0,24
2008,Fresno State,6,29,32
2008,Hawai'i,6,32,29
2008,UCLA,6,28,3
2008,Washington State,6,3,28
2008,Florida Atlantic,7,17,30
2008,Troy,7,30,17
2008,Wake Forest,7,12,7
2008,Clemson,7,7,12
2008,Houston,7,45,20
2008,UAB,7,20,45
2008,Memphis,7,28,35
2008,Louisville,7,35,28
2008,West Virginia,7,17,6
2008,Syracuse,7,6,17
2008,Virginia,7,35,20
2008,East Carolina,7,20,35
2008,Michigan,7,10,13
2008,Toledo,7,13,10
2008,Oklahoma,7,35,45
2008,Texas,7,45,35
2008,Cincinnati,7,13,10
2008,Rutgers,7,10,13
2008,Illinois,7,20,27
2008,Minnesota,7,27,20
2008,Indiana,7,9,45
2008,Iowa,7,45,9
2008,Kansas,7,30,14
2008,Colorado,7,14,30
2008,Kentucky,7,17,24
2008,South Carolina,7,24,17
2008,Army,7,17,13
2008,Eastern Michigan,7,13,17
2008,Wyoming,7,7,40
2008,Utah,7,40,7
2008,Texas A&M,7,30,44
2008,Kansas State,7,44,30
2008,Mississippi State,7,17,14
2008,Vanderbilt,7,14,17
2008,Kent State,7,19,26
2008,Ohio,7,26,19
2008,Texas Tech,7,37,31
2008,Nebraska,7,31,37
2008,USC,7,28,0
2008,Arizona State,7,0,28
2008,Colorado State,7,7,13
2008,TCU,7,13,7
2008,Buffalo,7,28,34
2008,Western Michigan,7,34,28
2008,Northwestern,7,20,37
2008,Michigan State,7,37,20
2008,Georgia Tech,7,10,7
2008,Gardner-Webb,7,7,10
2008,Ohio State,7,16,3
2008,Purdue,7,3,16
2008,North Carolina,7,29,24
2008,Notre Dame,7,24,29
2008,Georgia,7,26,14
2008,Tennessee,7,14,26
2008,Miami,7,20,14
2008,UCF,7,14,20
2008,Northern Illinois,7,17,13
2008,Miami (OH),7,13,17
2008,Nevada,7,45,48
2008,New Mexico State,7,48,45
2008,Central Michigan,7,24,14
2008,Temple,7,14,24
2008,Stanford,7,24,23
2008,Arizona,7,23,24
2008,Auburn,7,22,25
2008,Arkansas,7,25,22
2008,BYU,7,21,3
2008,New Mexico,7,3,21
2008,Akron,7,33,37
2008,Bowling Green,7,37,33
2008,Oregon State,7,66,13
2008,Washington State,7,13,66
2008,North Texas,7,30,59
2008,Louisiana,7,59,30
2008,Florida International,7,31,21
2008,Middle Tennessee,7,21,31
2008,Arkansas State,7,37,29
2008,UL Monroe,7,29,37
2008,Western Kentucky,7,7,24
2008,Ball State,7,24,7
2008,Baylor,7,38,10
2008,Iowa State,7,10,38
2008,San José State,7,30,7
2008,Utah State,7,7,30
2008,Southern Miss,7,7,24
2008,Boise State,7,24,7
2008,Florida,7,51,21
2008,LSU,7,21,51
2008,SMU,7,31,37
2008,Tulsa,7,37,31
2008,Wisconsin,7,7,48
2008,Penn State,7,48,7
2008,Missouri,7,23,28
2008,Oklahoma State,7,28,23
2008,UTEP,7,24,21
2008,Tulane,7,21,24
2008,San Diego State,7,10,35
2008,Air Force,7,35,10
2008,Fresno State,7,45,32
2008,Idaho,7,32,45
2008,Oregon,7,31,24
2008,UCLA,7,24,31
2008,Hawai'i,7,24,14
2008,Louisiana Tech,7,14,24
2008,NC State,8,17,26
2008,Florida State,8,26,17
2008,TCU,8,32,7
2008,BYU,8,7,32
2008,Boise State,8,27,7
2008,Hawai'i,8,7,27
2008,Rutgers,8,12,10
2008,UConn,8,10,12
2008,Maryland,8,26,0
2008,Wake Forest,8,0,26
2008,Bowling Green,8,20,27
2008,Miami (OH),8,27,20
2008,South Florida,8,45,13
2008,Syracuse,8,13,45
2008,Clemson,8,17,21
2008,Georgia Tech,8,21,17
2008,Central Michigan,8,38,28
2008,Western Michigan,8,28,38
2008,Northwestern,8,48,26
2008,Purdue,8,26,48
2008,Iowa,8,38,16
2008,Wisconsin,8,16,38
2008,East Carolina,8,30,10
2008,Memphis,8,10,30
2008,Texas A&M,8,25,43
2008,Texas Tech,8,43,25
2008,Georgia,8,24,14
2008,Vanderbilt,8,14,24
2008,Iowa State,8,7,35
2008,Nebraska,8,35,7
2008,Eastern Michigan,8,35,42
2008,Akron,8,42,35
2008,Utah,8,49,16
2008,Colorado State,8,16,49
2008,Oklahoma State,8,34,6
2008,Baylor,8,6,34
2008,Rice,8,45,40
2008,Southern Miss,8,40,45
2008,Alabama,8,24,20
2008,Ole Miss,8,20,24
2008,Michigan State,8,7,45
2008,Ohio State,8,45,7
2008,Navy,8,21,42
2008,Pittsburgh,8,42,21
2008,Duke,8,31,49
2008,Miami,8,49,31
2008,Buffalo,8,27,24
2008,Army,8,24,27
2008,Oklahoma,8,45,31
2008,Kansas,8,31,45
2008,Virginia,8,16,13
2008,North Carolina,8,13,16
2008,Louisville,8,42,23
2008,Middle Tennessee,8,23,42
2008,Washington State,8,0,69
2008,USC,8,69,0
2008,Northern Illinois,8,38,7
2008,Toledo,8,7,38
2008,Nevada,8,44,17
2008,Utah State,8,17,44
2008,UAB,8,23,21
2008,Marshall,8,21,23
2008,UCLA,8,23,20
2008,Stanford,8,20,23
2008,Penn State,8,46,17
2008,Michigan,8,17,46
2008,New Mexico,8,70,7
2008,San Diego State,8,7,70
2008,Washington,8,13,34
2008,Oregon State,8,34,13
2008,UL Monroe,8,35,23
2008,North Texas,8,23,35
2008,Louisiana,8,28,23
2008,Arkansas State,8,23,28
2008,Tennessee,8,34,3
2008,Mississippi State,8,3,34
2008,Louisiana Tech,8,46,14
2008,Idaho,8,14,46
2008,Western Kentucky,8,20,24
2008,Florida Atlantic,8,24,20
2008,Kentucky,8,21,20
2008,Arkansas,8,20,21
2008,Troy,8,33,23
2008,Florida International,8,23,33
2008,Colorado,8,14,13
2008,Kansas State,8,13,14
2008,Boston College,8,28,23
2008,Virginia Tech,8,23,28
2008,Texas,8,56,31
2008,Missouri,8,31,56
2008,Illinois,8,55,13
2008,Indiana,8,13,55
2008,SMU,8,38,44
2008,Houston,8,44,38
2008,Tulsa,8,77,35
2008,UTEP,8,35,77
2008,South Carolina,8,17,24
2008,LSU,8,24,17
2008,New Mexico State,8,14,31
2008,San José State,8,31,14
2008,UNLV,8,28,29
2008,Air Force,8,29,28
2008,Arizona,8,42,27
2008,California,8,27,42
2008,Temple,9,14,10
2008,Ohio,9,10,14
2008,West Virginia,9,34,17
2008,Auburn,9,17,34
2008,Air Force,9,23,10
2008,New Mexico,9,10,23
2008,San José State,9,16,33
2008,Boise State,9,33,16
2008,North Carolina,9,45,24
2008,Boston College,9,24,45
2008,Miami,9,16,10
2008,Wake Forest,9,10,16
2008,Toledo,9,23,24
2008,Central Michigan,9,24,23
2008,Indiana,9,21,19
2008,Northwestern,9,19,21
2008,Ball State,9,38,16
2008,Eastern Michigan,9,16,38
2008,Purdue,9,6,17
2008,Minnesota,9,17,6
2008,Kansas,9,21,63
2008,Texas Tech,9,63,21
2008,UConn,9,40,16
2008,Cincinnati,9,16,40
2008,Wisconsin,9,27,17
2008,Illinois,9,17,27
2008,Nebraska,9,32,20
2008,Baylor,9,20,32
2008,Florida,9,63,5
2008,Kentucky,9,5,63
2008,Kansas State,9,35,58
2008,Oklahoma,9,58,35
2008,Army,9,14,7
2008,Louisiana Tech,9,7,14
2008,BYU,9,42,35
2008,UNLV,9,35,42
2008,Tulane,9,17,42
2008,Rice,9,42,17
2008,Utah State,9,28,30
2008,Fresno State,9,30,28
2008,Vanderbilt,9,7,10
2008,Duke,9,10,7
2008,Miami (OH),9,21,54
2008,Kent State,9,54,21
2008,Texas,9,28,24
2008,Oklahoma State,9,24,28
2008,Florida State,9,30,20
2008,Virginia Tech,9,20,30
2008,Navy,9,34,7
2008,SMU,9,7,34
2008,Michigan,9,21,35
2008,Michigan State,9,35,21
2008,Georgia Tech,9,17,24
2008,Virginia,9,24,17
2008,California,9,41,20
2008,UCLA,9,20,41
2008,Louisville,9,24,20
2008,South Florida,9,20,24
2008,LSU,9,38,52
2008,Georgia,9,52,38
2008,Pittsburgh,9,34,54
2008,Rutgers,9,54,34
2008,Maryland,9,27,24
2008,NC State,9,24,27
2008,Northern Illinois,9,16,13
2008,Bowling Green,9,13,16
2008,Idaho,9,20,14
2008,New Mexico State,9,14,20
2008,TCU,9,54,7
2008,Wyoming,9,7,54
2008,Missouri,9,58,0
2008,Colorado,9,0,58
2008,UL Monroe,9,28,29
2008,Florida Atlantic,9,29,28
2008,Iowa State,9,35,49
2008,Texas A&M,9,49,35
2008,North Texas,9,17,45
2008,Troy,9,45,17
2008,Mississippi State,9,31,22
2008,Middle Tennessee,9,22,31
2008,Arkansas,9,21,23
2008,Ole Miss,9,23,21
2008,Tennessee,9,9,29
2008,Alabama,9,29,9
2008,Memphis,9,36,30
2008,Southern Miss,9,30,36
2008,Washington,9,7,33
2008,Notre Dame,9,33,7
2008,Ohio State,9,6,13
2008,Penn State,9,13,6
2008,San Diego State,9,34,38
2008,Colorado State,9,38,34
2008,Arizona State,9,20,54
2008,Oregon,9,54,20
2008,Arizona,9,10,17
2008,USC,9,17,10
2008,Hawai'i,9,38,31
2008,Nevada,9,31,38
2008,Tulsa,9,49,19
2008,UCF,9,19,49
2008,Ohio,10,19,32
2008,Buffalo,10,32,19
2008,Marshall,10,37,23
2008,Houston,10,23,37
2008,Cincinnati,10,24,10
2008,South Florida,10,10,24
2008,Virginia,10,17,24
2008,Miami,10,24,17
2008,Purdue,10,48,42
2008,Michigan,10,42,48
2008,Indiana,10,34,37
2008,Central Michigan,10,37,34
2008,Minnesota,10,17,24
2008,Northwestern,10,24,17
2008,Army,10,7,16
2008,Air Force,10,16,7
2008,Michigan State,10,25,24
2008,Wisconsin,10,24,25
2008,UConn,10,13,35
2008,West Virginia,10,35,13
2008,Ole Miss,10,17,7
2008,Auburn,10,7,17
2008,Kansas,10,52,21
2008,Kansas State,10,21,52
2008,Wyoming,10,35,10
2008,San Diego State,10,10,35
2008,Arkansas,10,30,23
2008,Tulsa,10,23,30
2008,Bowling Green,10,45,30
2008,Kent State,10,30,45
2008,Western Michigan,10,31,10
2008,Eastern Michigan,10,10,31
2008,Texas A&M,10,24,17
2008,Colorado,10,17,24
2008,Louisiana Tech,10,38,35
2008,Fresno State,10,35,38
2008,Mississippi State,10,13,14
2008,Kentucky,10,14,13
2008,Notre Dame,10,33,36
2008,Pittsburgh,10,36,33
2008,Utah State,10,30,14
2008,Hawai'i,10,14,30
2008,Baylor,10,28,31
2008,Missouri,10,31,28
2008,Alabama,10,35,0
2008,Arkansas State,10,0,35
2008,Georgia Tech,10,31,28
2008,Florida State,10,28,31
2008,Illinois,10,27,24
2008,Iowa,10,24,27
2008,Navy,10,33,27
2008,Temple,10,27,33
2008,California,10,26,16
2008,Oregon,10,16,26
2008,Boston College,10,21,27
2008,Clemson,10,27,21
2008,Wake Forest,10,33,30
2008,Duke,10,30,33
2008,Oklahoma State,10,59,17
2008,Iowa State,10,17,59
2008,Georgia,10,10,49
2008,Florida,10,49,10
2008,Western Kentucky,10,40,51
2008,North Texas,10,51,40
2008,Stanford,10,58,0
2008,Washington State,10,0,58
2008,Idaho,10,24,30
2008,San José State,10,30,24
2008,Louisiana,10,49,20
2008,Florida International,10,20,49
2008,Colorado State,10,42,45
2008,BYU,10,45,42
2008,USC,10,56,0
2008,Washington,10,0,56
2008,Syracuse,10,28,21
2008,Louisville,10,21,28
2008,New Mexico State,10,0,49
2008,Boise State,10,49,0
2008,South Carolina,10,27,6
2008,Tennessee,10,6,27
2008,UL Monroe,10,31,30
2008,Troy,10,30,31
2008,UNLV,10,14,44
2008,TCU,10,44,14
2008,Texas Tech,10,39,33
2008,Texas,10,33,39
2008,LSU,10,35,10
2008,Tulane,10,10,35
2008,Oklahoma,10,62,28
2008,Nebraska,10,28,62
2008,Southern Miss,10,70,14
2008,UAB,10,14,70
2008,UTEP,10,44,49
2008,Rice,10,49,44
2008,New Mexico,10,10,13
2008,Utah,10,13,10
2008,Oregon State,10,27,25
2008,Arizona State,10,25,27
2008,UCF,10,10,13
2008,East Carolina,10,13,10
2008,Buffalo,11,37,17
2008,Miami (OH),11,17,37
2008,Ball State,11,45,14
2008,Northern Illinois,11,14,45
2008,Akron,11,47,30
2008,Toledo,11,30,47
2008,Virginia Tech,11,23,13
2008,Maryland,11,13,23
2008,Utah,11,13,10
2008,TCU,11,10,13
2008,Fresno State,11,28,41
2008,Nevada,11,41,28
2008,Indiana,11,20,55
2008,Wisconsin,11,55,20
2008,North Carolina,11,28,7
2008,Georgia Tech,11,7,28
2008,Michigan State,11,21,7
2008,Purdue,11,7,21
2008,Western Michigan,11,23,17
2008,Illinois,11,17,23
2008,Pittsburgh,11,41,7
2008,Louisville,11,7,41
2008,Texas,11,45,21
2008,Baylor,11,21,45
2008,Rutgers,11,35,17
2008,Syracuse,11,17,35
2008,Northwestern,11,10,45
2008,Ohio State,11,45,10
2008,Minnesota,11,6,29
2008,Michigan,11,29,6
2008,Kentucky,11,38,42
2008,Georgia,11,42,38
2008,Tennessee,11,7,13
2008,Wyoming,11,13,7
2008,South Carolina,11,34,21
2008,Arkansas,11,21,34
2008,Colorado,11,28,24
2008,Iowa State,11,24,28
2008,BYU,11,41,12
2008,San Diego State,11,12,41
2008,Ohio,11,3,28
2008,Bowling Green,11,28,3
2008,Boise State,11,49,14
2008,Utah State,11,14,49
2008,Auburn,11,37,20
2008,UT Martin,11,20,37
2008,Nebraska,11,45,35
2008,Kansas,11,35,45
2008,SMU,11,26,31
2008,Memphis,11,31,26
2008,Rice,11,38,31
2008,Army,11,31,38
2008,East Carolina,11,19,16
2008,Marshall,11,16,19
2008,Oregon,11,35,28
2008,Stanford,11,28,35
2008,UCF,11,6,17
2008,Southern Miss,11,17,6
2008,Duke,11,17,27
2008,NC State,11,27,17
2008,Troy,11,17,7
2008,Western Kentucky,11,7,17
2008,Middle Tennessee,11,24,21
2008,UL Monroe,11,21,24
2008,Texas A&M,11,28,66
2008,Oklahoma,11,66,28
2008,Iowa,11,24,23
2008,Penn State,11,23,24
2008,Florida State,11,41,27
2008,Clemson,11,27,41
2008,LSU,11,21,27
2008,Alabama,11,27,21
2008,Wake Forest,11,28,17
2008,Virginia,11,17,28
2008,New Mexico State,11,30,42
2008,Hawai'i,11,42,30
2008,Florida Atlantic,11,46,13
2008,North Texas,11,13,46
2008,Washington State,11,28,59
2008,Arizona,11,59,28
2008,Air Force,11,38,17
2008,Colorado State,11,17,38
2008,UCLA,11,6,34
2008,Oregon State,11,34,6
2008,Missouri,11,41,24
2008,Kansas State,11,24,41
2008,West Virginia,11,23,26
2008,Cincinnati,11,26,23
2008,Louisiana,11,24,37
2008,UTEP,11,37,24
2008,Florida International,11,22,21
2008,Arkansas State,11,21,22
2008,Washington,11,19,39
2008,Arizona State,11,39,19
2008,San José State,11,0,21
2008,Louisiana Tech,11,21,0
2008,Vanderbilt,11,14,42
2008,Florida,11,42,14
2008,USC,11,17,3
2008,California,11,3,17
2008,Houston,11,42,14
2008,Tulane,11,14,42
2008,Boston College,11,17,0
2008,Notre Dame,11,0,17
2008,Texas Tech,11,56,20
2008,Oklahoma State,11,20,56
2008,UNLV,11,27,20
2008,New Mexico,11,20,27
2008,Miami (OH),12,16,31
2008,Ball State,12,31,16
2008,Northern Illinois,12,30,33
2008,Central Michigan,12,33,30
2008,Kent State,12,41,38
2008,Temple,12,38,41
2008,Akron,12,40,43
2008,Buffalo,12,43,40
2008,Miami,12,16,14
2008,Virginia Tech,12,14,16
2008,UNLV,12,22,14
2008,Wyoming,12,14,22
2008,Louisville,12,20,28
2008,Cincinnati,12,28,20
2008,Michigan,12,14,21
2008,Northwestern,12,21,14
2008,South Florida,12,16,49
2008,Rutgers,12,49,16
2008,Illinois,12,20,30
2008,Ohio State,12,30,20
2008,Clemson,12,31,7
2008,Duke,12,7,31
2008,Navy,12,21,27
2008,Notre Dame,12,27,21
2008,Iowa,12,22,17
2008,Purdue,12,17,22
2008,Penn State,12,34,7
2008,Indiana,12,7,34
2008,Auburn,12,13,17
2008,Georgia,12,17,13
2008,Kansas,12,7,35
2008,Texas,12,35,7
2008,Western Kentucky,12,10,21
2008,Middle Tennessee,12,21,10
2008,Colorado State,12,20,6
2008,New Mexico,12,6,20
2008,Ole Miss,12,59,0
2008,UL Monroe,12,0,59
2008,Western Michigan,12,27,17
2008,Toledo,12,17,27
2008,Louisiana Tech,12,45,38
2008,Utah State,12,38,45
2008,Southern Miss,12,21,3
2008,East Carolina,12,3,21
2008,Tulane,12,24,41
2008,UAB,12,41,24
2008,Maryland,12,17,15
2008,North Carolina,12,15,17
2008,Wisconsin,12,35,32
2008,Minnesota,12,32,35
2008,Oregon State,12,34,21
2008,California,12,21,34
2008,Florida,12,56,6
2008,South Carolina,12,6,56
2008,Air Force,12,24,38
2008,BYU,12,38,24
2008,NC State,12,21,17
2008,Wake Forest,12,17,21
2008,Kansas State,12,28,56
2008,Nebraska,12,56,28
2008,Florida Atlantic,12,40,29
2008,Louisiana,12,29,40
2008,Nevada,12,41,17
2008,San José State,12,17,41
2008,Baylor,12,41,21
2008,Texas A&M,12,21,41
2008,Marshall,12,14,30
2008,UCF,12,30,14
2008,Fresno State,12,24,17
2008,New Mexico State,12,17,24
2008,Idaho,12,10,45
2008,Boise State,12,45,10
2008,Arizona State,12,31,0
2008,Washington State,12,0,31
2008,Oregon,12,55,45
2008,Arizona,12,45,55
2008,Iowa State,12,20,52
2008,Missouri,12,52,20
2008,Syracuse,12,14,39
2008,UConn,12,39,14
2008,Stanford,12,23,45
2008,USC,12,45,23
2008,Alabama,12,32,7
2008,Mississippi State,12,7,32
2008,Houston,12,70,30
2008,Tulsa,12,30,70
2008,Florida State,12,17,27
2008,Boston College,12,27,17
2008,Colorado,12,17,30
2008,Oklahoma State,12,30,17
2008,LSU,12,40,31
2008,Troy,12,31,40
2008,Kentucky,12,24,31
2008,Vanderbilt,12,31,24
2008,San Diego State,12,14,63
2008,Utah,12,63,14
2008,UTEP,12,36,10
2008,SMU,12,10,36
2008,Washington,12,7,27
2008,UCLA,12,27,7
2008,Kent State,13,14,42
2008,Northern Illinois,13,42,14
2008,Central Michigan,13,24,31
2008,Ball State,13,31,24
2008,Georgia Tech,13,41,23
2008,Miami,13,23,41
2008,Bowling Green,13,34,40
2008,Buffalo,13,40,34
2008,Toledo,13,42,14
2008,Miami (OH),13,14,42
2008,San José State,13,10,24
2008,Fresno State,13,24,10
2008,North Carolina,13,10,41
2008,NC State,13,41,10
2008,Rutgers,13,30,3
2008,Army,13,3,30
2008,Louisville,13,21,35
2008,West Virginia,13,35,21
2008,Ohio State,13,42,7
2008,Michigan,13,7,42
2008,Virginia,13,3,13
2008,Clemson,13,13,3
2008,Purdue,13,62,10
2008,Indiana,13,10,62
2008,Vanderbilt,13,10,20
2008,Tennessee,13,20,10
2008,Temple,13,55,52
2008,Eastern Michigan,13,52,55
2008,Florida,13,70,19
2008,The Citadel,13,19,70
2008,Memphis,13,21,28
2008,UCF,13,28,21
2008,Wyoming,13,20,31
2008,Colorado State,13,31,20
2008,Mississippi State,13,31,28
2008,Arkansas,13,28,31
2008,Notre Dame,13,23,24
2008,Syracuse,13,24,23
2008,Washington State,13,16,13
2008,Washington,13,13,16
2008,Arkansas State,13,28,14
2008,Florida Atlantic,13,14,28
2008,Tulsa,13,56,7
2008,Tulane,13,7,56
2008,Wisconsin,13,36,35
2008,Cal Poly,13,35,36
2008,LSU,13,13,31
2008,Ole Miss,13,31,13
2008,Wake Forest,13,21,24
2008,Boston College,13,24,21
2008,Penn State,13,49,18
2008,Michigan State,13,18,49
2008,California,13,37,16
2008,Stanford,13,16,37
2008,Houston,13,42,37
2008,UTEP,13,37,42
2008,TCU,13,44,10
2008,Air Force,13,10,44
2008,Rice,13,35,10
2008,Marshall,13,10,35
2008,Middle Tennessee,13,52,13
2008,North Texas,13,13,52
2008,Ohio,13,49,42
2008,Akron,13,42,49
2008,Northwestern,13,27,10
2008,Illinois,13,10,27
2008,Kansas State,13,38,30
2008,Iowa State,13,30,38
2008,New Mexico State,13,31,35
2008,Louisiana Tech,13,35,31
2008,Nevada,13,34,41
2008,Boise State,13,41,34
2008,Virginia Tech,13,14,3
2008,Duke,13,3,14
2008,Utah,13,48,24
2008,BYU,13,24,48
2008,Florida International,13,27,31
2008,UL Monroe,13,31,27
2008,Troy,13,48,3
2008,Louisiana,13,3,48
2008,Arizona,13,17,19
2008,Oregon State,13,19,17
2008,UAB,13,13,17
2008,East Carolina,13,17,13
2008,Minnesota,13,0,55
2008,Iowa,13,55,0
2008,Cincinnati,13,28,21
2008,Pittsburgh,13,21,28
2008,Maryland,13,3,37
2008,Florida State,13,37,3
2008,Oklahoma,13,65,21
2008,Texas Tech,13,21,65
2008,San Diego State,13,42,21
2008,UNLV,13,21,42
2008,Hawai'i,13,49,17
2008,Idaho,13,17,49
2008,South Florida,13,17,13
2008,UConn,13,13,17
2008,Ball State,14,45,22
2008,Western Michigan,14,22,45
2008,Northern Illinois,14,0,16
2008,Navy,14,16,0
2008,Texas,14,49,9
2008,Texas A&M,14,9,49
2008,Pittsburgh,14,19,15
2008,West Virginia,14,15,19
2008,Eastern Michigan,14,56,52
2008,Central Michigan,14,52,56
2008,Miami (OH),14,26,41
2008,Ohio,14,41,26
2008,Ole Miss,14,45,0
2008,Mississippi State,14,0,45
2008,Temple,14,27,6
2008,Akron,14,6,27
2008,East Carolina,14,53,21
2008,UTEP,14,21,53
2008,Buffalo,14,21,24
2008,Kent State,14,24,21
2008,Arkansas,14,31,30
2008,LSU,14,30,31
2008,Toledo,14,10,38
2008,Bowling Green,14,38,10
2008,Nebraska,14,40,31
2008,Colorado,14,31,40
2008,Boise State,14,61,10
2008,Fresno State,14,10,61
2008,Arizona State,14,34,9
2008,UCLA,14,9,34
2008,Georgia,14,42,45
2008,Georgia Tech,14,45,42
2008,NC State,14,38,28
2008,Miami,14,28,38
2008,Virginia Tech,14,17,14
2008,Virginia,14,14,17
2008,Clemson,14,31,14
2008,South Carolina,14,14,31
2008,Cincinnati,14,30,10
2008,Syracuse,14,10,30
2008,Missouri,14,37,40
2008,Kansas,14,40,37
2008,UCF,14,0,15
2008,UAB,14,15,0
2008,North Texas,14,28,33
2008,Arkansas State,14,33,28
2008,Louisiana Tech,14,31,35
2008,Nevada,14,35,31
2008,SMU,14,12,28
2008,Southern Miss,14,28,12
2008,Utah State,14,47,2
2008,New Mexico State,14,2,47
2008,Texas Tech,14,35,28
2008,Baylor,14,28,35
2008,Duke,14,20,28
2008,North Carolina,14,28,20
2008,Florida State,14,15,45
2008,Florida,14,45,15
2008,Memphis,14,45,6
2008,Tulane,14,6,45
2008,Rice,14,56,42
2008,Houston,14,42,56
2008,Boston College,14,28,21
2008,Maryland,14,21,28
2008,Alabama,14,36,0
2008,Auburn,14,0,36
2008,Marshall,14,35,38
2008,Tulsa,14,38,35
2008,Florida Atlantic,14,57,50
2008,Florida International,14,50,57
2008,Tennessee,14,28,10
2008,Kentucky,14,10,28
2008,Wake Forest,14,23,10
2008,Vanderbilt,14,10,23
2008,Oregon State,14,38,65
2008,Oregon,14,65,38
2008,USC,14,38,3
2008,Notre Dame,14,3,38
2008,Oklahoma State,14,41,61
2008,Oklahoma,14,61,41
2008,Hawai'i,14,24,10
2008,Washington State,14,10,24
2008,Louisiana,15,42,28
2008,Middle Tennessee,15,28,42
2008,Rutgers,15,63,14
2008,Louisville,15,14,63
2008,Buffalo,15,42,24
2008,Ball State,15,24,42
2008,Tulsa,15,24,27
2008,East Carolina,15,27,24
2008,UConn,15,10,34
2008,Pittsburgh,15,34,10
2008,Army,15,0,34
2008,Navy,15,34,0
2008,Virginia Tech,15,30,12
2008,Boston College,15,12,30
2008,California,15,48,7
2008,Washington,15,7,48
2008,Florida,15,31,20
2008,Alabama,15,20,31
2008,UCLA,15,7,28
2008,USC,15,28,7
2008,Troy,15,35,9
2008,Arkansas State,15,9,35
2008,Florida International,15,27,3
2008,Western Kentucky,15,3,27
2008,Arizona,15,31,10
2008,Arizona State,15,10,31
2008,West Virginia,15,13,7
2008,South Florida,15,7,13
2008,Oklahoma,15,62,21
2008,Missouri,15,21,62
2008,Hawai'i,15,24,29
2008,Cincinnati,15,29,24
2009,Kent State,1,18,0
2009,Coastal Carolina,1,0,18
2009,Temple,1,24,27
2009,Villanova,1,27,24
2009,NC State,1,3,7
2009,South Carolina,1,7,3
2009,Bowling Green,1,31,14
2009,Troy,1,14,31
2009,Ball State,1,10,20
2009,North Texas,1,20,10
2009,Indiana,1,19,13
2009,Eastern Kentucky,1,13,19
2009,Iowa State,1,34,17
2009,North Dakota State,1,17,34
2009,Utah,1,35,17
2009,Utah State,1,17,35
2009,Boise State,1,19,8
2009,Oregon,1,8,19
2009,Tulane,1,13,37
2009,Tulsa,1,37,13
2009,Hawai'i,1,25,20
2009,Central Arkansas,1,20,25
2009,Michigan State,1,44,3
2009,Montana State,1,3,44
2009,East Carolina,1,29,24
2009,App State,1,24,29
2009,Northwestern,1,47,14
2009,Towson,1,14,47
2009,Ohio State,1,31,27
2009,Navy,1,27,31
2009,Miami (OH),1,0,42
2009,Kentucky,1,42,0
2009,Penn State,1,31,7
2009,Akron,1,7,31
2009,Syracuse,1,20,23
2009,Minnesota,1,23,20
2009,West Virginia,1,33,20
2009,Liberty,1,20,33
2009,Purdue,1,52,31
2009,Toledo,1,31,52
2009,Iowa,1,17,16
2009,Northern Iowa,1,16,17
2009,Tennessee,1,63,7
2009,Western Kentucky,1,7,63
2009,Pittsburgh,1,38,3
2009,Youngstown State,1,3,38
2009,Georgia Tech,1,37,17
2009,Jacksonville State,1,17,37
2009,Boston College,1,54,0
2009,Northeastern,1,0,54
2009,Air Force,1,72,0
2009,Nicholls,1,0,72
2009,Oregon State,1,34,7
2009,Portland State,1,7,34
2009,Wyoming,1,29,22
2009,Weber State,1,22,29
2009,USC,1,56,3
2009,San José State,1,3,56
2009,Wake Forest,1,21,24
2009,Baylor,1,24,21
2009,Notre Dame,1,35,0
2009,Nevada,1,0,35
2009,Michigan,1,31,7
2009,Western Michigan,1,7,31
2009,Mississippi State,1,45,7
2009,Jackson State,1,7,45
2009,Oklahoma State,1,24,10
2009,Georgia,1,10,24
2009,Illinois,1,9,37
2009,Missouri,1,37,9
2009,UAB,1,44,24
2009,Rice,1,24,44
2009,Marshall,1,31,28
2009,Southern Illinois,1,28,31
2009,Clemson,1,37,14
2009,Middle Tennessee,1,14,37
2009,Washington State,1,13,39
2009,Stanford,1,39,13
2009,North Carolina,1,40,6
2009,The Citadel,1,6,40
2009,Virginia,1,14,26
2009,William & Mary,1,26,14
2009,Kansas,1,49,3
2009,Northern Colorado,1,3,49
2009,Auburn,1,37,13
2009,Louisiana Tech,1,13,37
2009,Oklahoma,1,13,14
2009,BYU,1,14,13
2009,Arkansas,1,48,10
2009,Missouri State,1,10,48
2009,Ohio,1,16,23
2009,UConn,1,23,16
2009,Texas A&M,1,41,6
2009,New Mexico,1,6,41
2009,Houston,1,55,7
2009,Northwestern State,1,7,55
2009,Texas Tech,1,38,13
2009,North Dakota,1,13,38
2009,Texas,1,59,20
2009,UL Monroe,1,20,59
2009,Nebraska,1,49,3
2009,Florida Atlantic,1,3,49
2009,Duke,1,16,24
2009,Richmond,1,24,16
2009,Southern Miss,1,52,0
2009,Alcorn State,1,0,52
2009,Wisconsin,1,28,20
2009,Northern Illinois,1,20,28
2009,Louisiana,1,42,19
2009,Southern,1,19,42
2009,Florida,1,62,3
2009,Charleston Southern,1,3,62
2009,Eastern Michigan,1,14,27
2009,Army,1,27,14
2009,Arkansas State,1,61,0
2009,Mississippi Valley State,1,0,61
2009,Kansas State,1,21,17
2009,Massachusetts,1,17,21
2009,Louisville,1,30,10
2009,Indiana State,1,10,30
2009,Vanderbilt,1,45,0
2009,Western Carolina,1,0,45
2009,South Florida,1,40,7
2009,Wofford,1,7,40
2009,UCLA,1,33,14
2009,San Diego State,1,14,33
2009,UCF,1,28,24
2009,Samford,1,24,28
2009,Virginia Tech,1,24,34
2009,Alabama,1,34,24
2009,New Mexico State,1,6,21
2009,Idaho,1,21,6
2009,SMU,1,31,23
2009,Stephen F. Austin,1,23,31
2009,UTEP,1,17,23
2009,Buffalo,1,23,17
2009,Arizona,1,19,6
2009,Central Michigan,1,6,19
2009,UNLV,1,38,3
2009,Sacramento State,1,3,38
2009,Fresno State,1,51,0
2009,UC Davis,1,0,51
2009,California,1,52,13
2009,Maryland,1,13,52
2009,Arizona State,1,50,3
2009,Idaho State,1,3,50
2009,Washington,1,23,31
2009,LSU,1,31,23
2009,Memphis,1,14,45
2009,Ole Miss,1,45,14
2009,Colorado,1,17,23
2009,Colorado State,1,23,17
2009,Rutgers,1,15,47
2009,Cincinnati,1,47,15
2009,Florida State,1,34,38
2009,Miami,1,38,34
2009,Georgia Tech,2,30,27
2009,Clemson,2,27,30
2009,Toledo,2,54,38
2009,Colorado,2,38,54
2009,Wisconsin,2,34,31
2009,Fresno State,2,31,34
2009,Michigan State,2,27,29
2009,Central Michigan,2,29,27
2009,Wake Forest,2,24,17
2009,Stanford,2,17,24
2009,Indiana,2,23,19
2009,Western Michigan,2,19,23
2009,Buffalo,2,27,54
2009,Pittsburgh,2,54,27
2009,Penn State,2,28,7
2009,Syracuse,2,7,28
2009,UConn,2,10,12
2009,North Carolina,2,12,10
2009,Northwestern,2,27,24
2009,Eastern Michigan,2,24,27
2009,Army,2,19,35
2009,Duke,2,35,19
2009,Iowa State,2,3,35
2009,Iowa,2,35,3
2009,Florida,2,56,6
2009,Troy,2,6,56
2009,Virginia Tech,2,52,10
2009,Marshall,2,10,52
2009,Boston College,2,34,7
2009,Kent State,2,7,34
2009,Akron,2,41,0
2009,Morgan State,2,0,41
2009,Nebraska,2,38,9
2009,Arkansas State,2,9,38
2009,Washington,2,42,23
2009,Idaho,2,23,42
2009,Oklahoma State,2,35,45
2009,Houston,2,45,35
2009,West Virginia,2,35,20
2009,East Carolina,2,20,35
2009,Rutgers,2,45,7
2009,Howard,2,7,45
2009,Michigan,2,38,34
2009,Notre Dame,2,34,38
2009,Navy,2,32,14
2009,Louisiana Tech,2,14,32
2009,Tulane,2,3,54
2009,BYU,2,54,3
2009,Wyoming,2,10,41
2009,Texas,2,41,10
2009,Virginia,2,14,30
2009,TCU,2,30,14
2009,UAB,2,33,35
2009,SMU,2,35,33
2009,Tennessee,2,15,19
2009,UCLA,2,19,15
2009,Colorado State,2,24,23
2009,Weber State,2,23,24
2009,California,2,59,7
2009,Eastern Washington,2,7,59
2009,Florida State,2,19,9
2009,Jacksonville State,2,9,19
2009,Maryland,2,38,35
2009,James Madison,2,35,38
2009,NC State,2,65,7
2009,Murray State,2,7,65
2009,Georgia,2,41,37
2009,South Carolina,2,37,41
2009,Louisiana,2,17,15
2009,Kansas State,2,15,17
2009,LSU,2,23,9
2009,Vanderbilt,2,9,23
2009,Missouri,2,27,20
2009,Bowling Green,2,20,27
2009,Oklahoma,2,64,0
2009,Idaho State,2,0,64
2009,Washington State,2,20,38
2009,Hawai'i,2,38,20
2009,Minnesota,2,20,13
2009,Air Force,2,13,20
2009,Illinois,2,45,17
2009,Illinois State,2,17,45
2009,Middle Tennessee,2,31,14
2009,Memphis,2,14,31
2009,Texas Tech,2,55,10
2009,Rice,2,10,55
2009,North Texas,2,30,31
2009,Ohio,2,31,30
2009,Ball State,2,16,23
2009,New Hampshire,2,23,16
2009,Alabama,2,40,14
2009,Florida International,2,14,40
2009,Southern Miss,2,26,19
2009,UCF,2,19,26
2009,UL Monroe,2,58,0
2009,Texas Southern,2,0,58
2009,Auburn,2,49,24
2009,Mississippi State,2,24,49
2009,Western Kentucky,2,13,35
2009,South Florida,2,35,13
2009,Cincinnati,2,70,3
2009,Southeast Missouri State,2,3,70
2009,Northern Illinois,2,41,7
2009,Western Illinois,2,7,41
2009,UTEP,2,7,34
2009,Kansas,2,34,7
2009,Boise State,2,48,0
2009,Miami (OH),2,0,48
2009,New Mexico State,2,21,18
2009,Prairie View A&M,2,18,21
2009,New Mexico,2,10,44
2009,Tulsa,2,44,10
2009,Ohio State,2,15,18
2009,USC,2,18,15
2009,San Diego State,2,35,19
2009,Southern Utah,2,19,35
2009,Arizona,2,34,17
2009,Northern Arizona,2,17,34
2009,Oregon,2,38,36
2009,Purdue,2,36,38
2009,San José State,2,14,24
2009,Utah,2,24,14
2009,UNLV,2,21,23
2009,Oregon State,2,23,21
2009,Miami,3,33,17
2009,Georgia Tech,3,17,33
2009,Fresno State,3,34,51
2009,Boise State,3,51,34
2009,Army,3,24,17
2009,Ball State,3,17,24
2009,Clemson,3,25,7
2009,Boston College,3,7,25
2009,Penn State,3,31,6
2009,Temple,3,6,31
2009,Kansas,3,44,16
2009,Duke,3,16,44
2009,Wisconsin,3,44,14
2009,Wofford,3,14,44
2009,Purdue,3,21,28
2009,Northern Illinois,3,28,21
2009,Toledo,3,0,38
2009,Ohio State,3,38,0
2009,Minnesota,3,21,35
2009,California,3,35,21
2009,Kentucky,3,31,27
2009,Louisville,3,27,31
2009,Michigan,3,45,17
2009,Eastern Michigan,3,17,45
2009,North Carolina,3,31,17
2009,East Carolina,3,17,31
2009,Alabama,3,53,7
2009,North Texas,3,7,53
2009,Missouri,3,52,12
2009,Furman,3,12,52
2009,Florida,3,23,13
2009,Tennessee,3,13,23
2009,Oregon,3,31,24
2009,Utah,3,24,31
2009,Colorado,3,24,0
2009,Wyoming,3,0,24
2009,Oklahoma,3,45,0
2009,Tulsa,3,0,45
2009,Central Michigan,3,48,0
2009,Alcorn State,3,0,48
2009,Troy,3,27,14
2009,UAB,3,14,27
2009,Notre Dame,3,33,30
2009,Michigan State,3,30,33
2009,Virginia Tech,3,16,15
2009,Nebraska,3,15,16
2009,Akron,3,21,38
2009,Indiana,3,38,21
2009,Washington,3,16,13
2009,USC,3,13,16
2009,Maryland,3,31,32
2009,Middle Tennessee,3,32,31
2009,Southern Miss,3,37,34
2009,Virginia,3,34,37
2009,Iowa,3,27,17
2009,Arizona,3,17,27
2009,Idaho,3,34,20
2009,San Diego State,3,20,34
2009,Colorado State,3,35,20
2009,Nevada,3,20,35
2009,Washington State,3,30,27
2009,SMU,3,27,30
2009,Baylor,3,22,30
2009,UConn,3,30,22
2009,Rutgers,3,23,15
2009,Florida International,3,15,23
2009,Pittsburgh,3,27,14
2009,Navy,3,14,27
2009,NC State,3,45,14
2009,Gardner-Webb,3,14,45
2009,Wake Forest,3,35,7
2009,Elon,3,7,35
2009,Oregon State,3,18,28
2009,Cincinnati,3,28,18
2009,Western Michigan,3,48,26
2009,Miami (OH),3,26,48
2009,Western Kentucky,3,7,28
2009,Central Arkansas,3,28,7
2009,Texas A&M,3,38,30
2009,Utah State,3,30,38
2009,Syracuse,3,37,34
2009,Northwestern,3,34,37
2009,Kent State,3,14,34
2009,Iowa State,3,34,14
2009,TCU,3,56,21
2009,Texas State,3,21,56
2009,BYU,3,28,54
2009,Florida State,3,54,28
2009,Marshall,3,17,10
2009,Bowling Green,3,10,17
2009,Vanderbilt,3,3,15
2009,Mississippi State,3,15,3
2009,Ohio,3,28,10
2009,Cal Poly,3,10,28
2009,Oklahoma State,3,41,24
2009,Rice,3,24,41
2009,LSU,3,31,3
2009,Louisiana,3,3,31
2009,South Florida,3,59,0
2009,Charleston Southern,3,0,59
2009,Louisiana Tech,3,48,13
2009,Nicholls,3,13,48
2009,South Carolina,3,38,16
2009,Florida Atlantic,3,16,38
2009,New Mexico,3,13,37
2009,Air Force,3,37,13
2009,UCF,3,23,17
2009,Buffalo,3,17,23
2009,Ole Miss,3,52,6
2009,SE Louisiana,3,6,52
2009,Arkansas,3,41,52
2009,Georgia,3,52,41
2009,Auburn,3,41,30
2009,West Virginia,3,30,41
2009,Texas,3,34,24
2009,Texas Tech,3,24,34
2009,Memphis,3,41,14
2009,UT Martin,3,14,41
2009,New Mexico State,3,12,38
2009,UTEP,3,38,12
2009,Stanford,3,42,17
2009,San José State,3,17,42
2009,Arizona State,3,38,14
2009,UL Monroe,3,14,38
2009,UCLA,3,23,9
2009,Kansas State,3,9,23
2009,UNLV,3,34,33
2009,Hawai'i,3,33,34
2009,South Carolina,4,16,10
2009,Ole Miss,4,10,16
2009,Nevada,4,21,31
2009,Missouri,4,31,21
2009,Wisconsin,4,38,30
2009,Michigan State,4,30,38
2009,Kansas,4,35,28
2009,Southern Miss,4,28,35
2009,Cincinnati,4,28,20
2009,Fresno State,4,20,28
2009,Northwestern,4,24,35
2009,Minnesota,4,35,24
2009,Georgia Tech,4,24,7
2009,North Carolina,4,7,24
2009,Florida State,4,7,17
2009,South Florida,4,17,7
2009,Mississippi State,4,26,30
2009,LSU,4,30,26
2009,UConn,4,52,10
2009,Rhode Island,4,10,52
2009,Michigan,4,36,33
2009,Indiana,4,33,36
2009,Temple,4,37,13
2009,Buffalo,4,13,37
2009,Memphis,4,16,27
2009,Marshall,4,27,16
2009,Air Force,4,26,14
2009,San Diego State,4,14,26
2009,Boston College,4,27,24
2009,Wake Forest,4,24,27
2009,Kansas State,4,49,7
2009,Tennessee Tech,4,7,49
2009,Wyoming,4,30,27
2009,UNLV,4,27,30
2009,East Carolina,4,19,14
2009,UCF,4,14,19
2009,Alabama,4,35,7
2009,Arkansas,4,7,35
2009,Clemson,4,10,14
2009,TCU,4,14,10
2009,Texas,4,64,7
2009,UTEP,4,7,64
2009,Central Michigan,4,48,21
2009,Akron,4,21,48
2009,Ohio State,4,30,0
2009,Illinois,4,0,30
2009,Navy,4,38,22
2009,Western Kentucky,4,22,38
2009,Tulane,4,42,32
2009,McNeese,4,32,42
2009,NC State,4,38,31
2009,Pittsburgh,4,31,38
2009,Maryland,4,13,34
2009,Rutgers,4,34,13
2009,Virginia Tech,4,31,7
2009,Miami,4,7,31
2009,Oregon,4,42,3
2009,California,4,3,42
2009,Northern Illinois,4,31,34
2009,Idaho,4,34,31
2009,Florida Atlantic,4,25,27
2009,UL Monroe,4,27,25
2009,Arkansas State,4,27,30
2009,Troy,4,30,27
2009,BYU,4,42,23
2009,Colorado State,4,23,42
2009,Kentucky,4,7,41
2009,Florida,4,41,7
2009,Florida International,4,31,41
2009,Toledo,4,41,31
2009,Syracuse,4,41,24
2009,Maine,4,24,41
2009,Tennessee,4,34,23
2009,Ohio,4,23,34
2009,North Texas,4,21,37
2009,Middle Tennessee,4,37,21
2009,Texas A&M,4,56,19
2009,UAB,4,19,56
2009,Tulsa,4,56,3
2009,Sam Houston,4,3,56
2009,Oklahoma State,4,56,6
2009,Grambling,4,6,56
2009,Iowa State,4,31,10
2009,Army,4,10,31
2009,Duke,4,49,14
2009,North Carolina Central,4,14,49
2009,Western Michigan,4,24,10
2009,Hofstra,4,10,24
2009,Georgia,4,20,17
2009,Arizona State,4,17,20
2009,Kent State,4,29,19
2009,Miami (OH),4,19,29
2009,Baylor,4,68,13
2009,Northwestern State,4,13,68
2009,Nebraska,4,55,0
2009,Louisiana,4,0,55
2009,Bowling Green,4,14,49
2009,Boise State,4,49,14
2009,Utah,4,30,14
2009,Louisville,4,14,30
2009,Auburn,4,54,30
2009,Ball State,4,30,54
2009,Oregon State,4,32,37
2009,Arizona,4,37,32
2009,Utah State,4,53,34
2009,Southern Utah,4,34,53
2009,San José State,4,19,9
2009,Cal Poly,4,9,19
2009,Rice,4,17,36
2009,Vanderbilt,4,36,17
2009,Penn State,4,10,21
2009,Iowa,4,21,10
2009,Purdue,4,21,24
2009,Notre Dame,4,24,21
2009,Stanford,4,34,14
2009,Washington,4,14,34
2009,Houston,4,29,28
2009,Texas Tech,4,28,29
2009,New Mexico,4,17,20
2009,New Mexico State,4,20,17
2009,USC,4,27,6
2009,Washington State,4,6,27
2009,Louisiana Tech,5,27,6
2009,Hawai'i,5,6,27
2009,West Virginia,5,35,24
2009,Colorado,5,24,35
2009,UAB,5,30,17
2009,Southern Miss,5,17,30
2009,Louisville,5,10,35
2009,Pittsburgh,5,35,10
2009,BYU,5,35,17
2009,Utah State,5,17,35
2009,North Carolina,5,3,16
2009,Virginia,5,16,3
2009,Michigan State,5,26,20
2009,Michigan,5,20,26
2009,Maryland,5,24,21
2009,Clemson,5,21,24
2009,Minnesota,5,28,31
2009,Wisconsin,5,31,28
2009,Purdue,5,21,27
2009,Northwestern,5,27,21
2009,Marshall,5,17,21
2009,East Carolina,5,21,17
2009,Army,5,16,17
2009,Tulane,5,17,16
2009,Duke,5,26,34
2009,Virginia Tech,5,34,26
2009,Syracuse,5,20,34
2009,South Florida,5,34,20
2009,Ball State,5,30,37
2009,Toledo,5,37,30
2009,Iowa,5,24,21
2009,Arkansas State,5,21,24
2009,Kentucky,5,20,38
2009,Alabama,5,38,20
2009,Eastern Michigan,5,12,24
2009,Temple,5,24,12
2009,Miami (OH),5,13,37
2009,Cincinnati,5,37,13
2009,Iowa State,5,23,24
2009,Kansas State,5,24,23
2009,Illinois,5,17,35
2009,Penn State,5,35,17
2009,Boston College,5,28,21
2009,Florida State,5,21,28
2009,Notre Dame,5,37,30
2009,Washington,5,30,37
2009,Buffalo,5,13,20
2009,Central Michigan,5,20,13
2009,Northern Illinois,5,38,3
2009,Western Michigan,5,3,38
2009,Wake Forest,5,30,24
2009,NC State,5,24,30
2009,Georgia,5,13,20
2009,LSU,5,20,13
2009,Stanford,5,24,16
2009,UCLA,5,16,24
2009,UCF,5,32,14
2009,Memphis,5,14,32
2009,Texas Tech,5,48,28
2009,New Mexico,5,28,48
2009,Navy,5,16,13
2009,Air Force,5,13,16
2009,UL Monroe,5,48,35
2009,Florida International,5,35,48
2009,Bowling Green,5,37,44
2009,Ohio,5,44,37
2009,Florida Atlantic,5,28,30
2009,Wyoming,5,30,28
2009,Nevada,5,63,28
2009,UNLV,5,28,63
2009,Indiana,5,14,33
2009,Ohio State,5,33,14
2009,Arizona State,5,17,28
2009,Oregon State,5,28,17
2009,South Carolina,5,38,14
2009,South Carolina State,5,14,38
2009,Baylor,5,31,15
2009,Kent State,5,15,31
2009,Vanderbilt,5,7,23
2009,Ole Miss,5,23,7
2009,Arkansas,5,47,19
2009,Texas A&M,5,19,47
2009,Rice,5,10,27
2009,Tulsa,5,27,10
2009,Mississippi State,5,31,42
2009,Georgia Tech,5,42,31
2009,Tennessee,5,22,26
2009,Auburn,5,26,22
2009,San Diego State,5,34,17
2009,New Mexico State,5,17,34
2009,California,5,3,30
2009,USC,5,30,3
2009,Miami,5,21,20
2009,Oklahoma,5,20,21
2009,Boise State,5,34,16
2009,UC Davis,5,16,34
2009,TCU,5,39,14
2009,SMU,5,14,39
2009,UTEP,5,58,41
2009,Houston,5,41,58
2009,Oregon,5,52,6
2009,Washington State,5,6,52
2009,Idaho,5,31,29
2009,Colorado State,5,29,31
2009,Troy,6,31,7
2009,Middle Tennessee,6,7,31
2009,Missouri,6,12,27
2009,Nebraska,6,27,12
2009,Nevada,6,37,14
2009,Louisiana Tech,6,14,37
2009,Central Michigan,6,56,8
2009,Eastern Michigan,6,8,56
2009,Illinois,6,14,24
2009,Michigan State,6,24,14
2009,Army,6,16,13
2009,Vanderbilt,6,13,16
2009,Syracuse,6,13,34
2009,West Virginia,6,34,13
2009,Penn State,6,52,3
2009,Eastern Illinois,6,3,52
2009,Minnesota,6,35,20
2009,Purdue,6,20,35
2009,Virginia Tech,6,48,14
2009,Boston College,6,14,48
2009,Arkansas,6,44,23
2009,Auburn,6,23,44
2009,Northwestern,6,16,6
2009,Miami (OH),6,6,16
2009,Tennessee,6,45,19
2009,Georgia,6,19,45
2009,Kansas,6,41,36
2009,Iowa State,6,36,41
2009,South Carolina,6,28,26
2009,Kentucky,6,26,28
2009,Texas A&M,6,31,36
2009,Oklahoma State,6,36,31
2009,Mississippi State,6,24,31
2009,Houston,6,31,24
2009,Temple,6,24,19
2009,Ball State,6,19,24
2009,Wyoming,6,37,13
2009,New Mexico,6,13,37
2009,Rice,6,14,63
2009,Navy,6,63,14
2009,Rutgers,6,42,0
2009,Texas Southern,6,0,42
2009,Buffalo,6,40,3
2009,Gardner-Webb,6,3,40
2009,Virginia,6,47,7
2009,Indiana,6,7,47
2009,North Carolina,6,42,12
2009,Georgia Southern,6,12,42
2009,Ohio State,6,31,13
2009,Wisconsin,6,13,31
2009,Tulane,6,10,31
2009,Marshall,6,31,10
2009,Kent State,6,35,36
2009,Bowling Green,6,36,35
2009,UCLA,6,10,24
2009,Oregon,6,24,10
2009,Ole Miss,6,3,22
2009,Alabama,6,22,3
2009,Pittsburgh,6,24,21
2009,UConn,6,21,24
2009,Oklahoma,6,33,7
2009,Baylor,6,7,33
2009,NC State,6,28,49
2009,Duke,6,49,28
2009,Washington State,6,14,27
2009,Arizona State,6,27,14
2009,Colorado State,6,17,24
2009,Utah,6,24,17
2009,Akron,6,7,19
2009,Ohio,6,19,7
2009,Wake Forest,6,42,32
2009,Maryland,6,32,42
2009,Western Kentucky,6,20,37
2009,Florida International,6,37,20
2009,Oregon State,6,38,28
2009,Stanford,6,28,38
2009,Texas Tech,6,66,14
2009,Kansas State,6,14,66
2009,Louisiana,6,38,34
2009,North Texas,6,34,38
2009,Miami,6,48,16
2009,Florida A&M,6,16,48
2009,Toledo,6,26,58
2009,Western Michigan,6,58,26
2009,Texas,6,38,14
2009,Colorado,6,14,38
2009,Air Force,6,17,20
2009,TCU,6,20,17
2009,Louisville,6,25,23
2009,Southern Miss,6,23,25
2009,LSU,6,3,13
2009,Florida,6,13,3
2009,San José State,6,25,29
2009,Idaho,6,29,25
2009,Florida State,6,44,49
2009,Georgia Tech,6,49,44
2009,New Mexico State,6,20,17
2009,Utah State,6,17,20
2009,Memphis,6,35,20
2009,UTEP,6,20,35
2009,SMU,6,28,21
2009,East Carolina,6,21,28
2009,Iowa,6,30,28
2009,Michigan,6,28,30
2009,UNLV,6,21,59
2009,BYU,6,59,21
2009,Washington,6,36,33
2009,Arizona,6,33,36
2009,Hawai'i,6,17,42
2009,Fresno State,6,42,17
2009,UL Monroe,7,16,10
2009,Arkansas State,7,10,16
2009,Tulsa,7,21,28
2009,Boise State,7,28,21
2009,South Florida,7,17,34
2009,Cincinnati,7,34,17
2009,Rutgers,7,17,24
2009,Pittsburgh,7,24,17
2009,Texas,7,16,13
2009,Oklahoma,7,13,16
2009,Clemson,7,38,3
2009,Wake Forest,7,3,38
2009,Purdue,7,26,18
2009,Ohio State,7,18,26
2009,UConn,7,38,25
2009,Louisville,7,25,38
2009,Ball State,7,17,31
2009,Bowling Green,7,31,17
2009,Michigan,7,63,6
2009,Delaware State,7,6,63
2009,Wisconsin,7,10,20
2009,Iowa,7,20,10
2009,Michigan State,7,24,14
2009,Northwestern,7,14,24
2009,Vanderbilt,7,10,34
2009,Georgia,7,34,10
2009,Middle Tennessee,7,6,27
2009,Mississippi State,7,27,6
2009,Temple,7,27,13
2009,Army,7,13,27
2009,Ohio,7,28,7
2009,Miami (OH),7,7,28
2009,Air Force,7,10,0
2009,Wyoming,7,0,10
2009,Utah State,7,32,35
2009,Nevada,7,35,32
2009,Nebraska,7,10,31
2009,Texas Tech,7,31,10
2009,Buffalo,7,21,17
2009,Akron,7,17,21
2009,East Carolina,7,49,13
2009,Rice,7,13,49
2009,West Virginia,7,24,7
2009,Marshall,7,7,24
2009,Tulane,7,16,44
2009,Houston,7,44,16
2009,Florida,7,23,20
2009,Arkansas,7,20,23
2009,UCLA,7,26,45
2009,California,7,45,26
2009,Penn State,7,20,0
2009,Minnesota,7,0,20
2009,Boston College,7,52,20
2009,NC State,7,20,52
2009,Western Michigan,7,23,34
2009,Central Michigan,7,34,23
2009,Notre Dame,7,27,34
2009,USC,7,34,27
2009,Louisiana Tech,7,45,7
2009,New Mexico State,7,7,45
2009,Eastern Michigan,7,6,28
2009,Kent State,7,28,6
2009,Maryland,7,9,20
2009,Virginia,7,20,9
2009,TCU,7,44,6
2009,Colorado State,7,6,44
2009,Idaho,7,35,23
2009,Hawai'i,7,23,35
2009,San Diego State,7,28,38
2009,BYU,7,38,28
2009,Georgia Tech,7,28,23
2009,Virginia Tech,7,23,28
2009,Southern Miss,7,36,16
2009,Memphis,7,16,36
2009,Florida International,7,33,42
2009,Troy,7,42,33
2009,Iowa State,7,24,10
2009,Baylor,7,10,24
2009,Toledo,7,20,19
2009,Northern Illinois,7,19,20
2009,Kansas State,7,62,14
2009,Texas A&M,7,14,62
2009,Ole Miss,7,48,13
2009,UAB,7,13,48
2009,Western Kentucky,7,22,30
2009,Louisiana,7,30,22
2009,Indiana,7,27,14
2009,Illinois,7,14,27
2009,Colorado,7,34,30
2009,Kansas,7,30,34
2009,UCF,7,7,27
2009,Miami,7,27,7
2009,Arizona,7,43,38
2009,Stanford,7,38,43
2009,Auburn,7,14,21
2009,Kentucky,7,21,14
2009,Alabama,7,20,6
2009,South Carolina,7,6,20
2009,North Texas,7,40,44
2009,Florida Atlantic,7,44,40
2009,SMU,7,35,38
2009,Navy,7,38,35
2009,Oklahoma State,7,33,17
2009,Missouri,7,17,33
2009,Fresno State,7,41,21
2009,San José State,7,21,41
2009,UNLV,7,15,35
2009,Utah,7,35,15
2009,Arizona State,7,24,17
2009,Washington,7,17,24
2009,UTEP,8,28,24
2009,Tulsa,8,24,28
2009,North Carolina,8,27,30
2009,Florida State,8,30,27
2009,Army,8,10,27
2009,Rutgers,8,27,10
2009,Purdue,8,24,14
2009,Illinois,8,14,24
2009,Pittsburgh,8,41,14
2009,South Florida,8,14,41
2009,Ohio State,8,38,7
2009,Minnesota,8,7,38
2009,Bowling Green,8,10,24
2009,Central Michigan,8,24,10
2009,Virginia,8,9,34
2009,Georgia Tech,8,34,9
2009,Marshall,8,27,7
2009,UAB,8,7,27
2009,West Virginia,8,28,24
2009,UConn,8,24,28
2009,Northwestern,8,29,28
2009,Indiana,8,28,29
2009,Ole Miss,8,30,17
2009,Arkansas,8,17,30
2009,Kansas State,8,20,6
2009,Colorado,8,6,20
2009,Nebraska,8,7,9
2009,Iowa State,8,9,7
2009,Baylor,8,7,34
2009,Oklahoma State,8,34,7
2009,Miami (OH),8,22,27
2009,Northern Illinois,8,27,22
2009,Eastern Michigan,8,27,29
2009,Ball State,8,29,27
2009,Duke,8,17,13
2009,Maryland,8,13,17
2009,Ohio,8,11,20
2009,Kent State,8,20,11
2009,Western Michigan,8,34,31
2009,Buffalo,8,31,34
2009,Utah State,8,23,21
2009,Louisiana Tech,8,21,23
2009,Rice,8,7,49
2009,UCF,8,49,7
2009,Notre Dame,8,20,16
2009,Boston College,8,16,20
2009,Cincinnati,8,41,10
2009,Louisville,8,10,41
2009,Troy,8,50,26
2009,North Texas,8,26,50
2009,Syracuse,8,28,14
2009,Akron,8,14,28
2009,Alabama,8,12,10
2009,Tennessee,8,10,12
2009,Kansas,8,13,35
2009,Oklahoma,8,35,13
2009,Michigan,8,10,35
2009,Penn State,8,35,10
2009,Miami,8,37,40
2009,Clemson,8,40,37
2009,Middle Tennessee,8,62,24
2009,Western Kentucky,8,24,62
2009,Navy,8,13,10
2009,Wake Forest,8,10,13
2009,Washington,8,19,43
2009,Oregon,8,43,19
2009,Utah,8,23,16
2009,Air Force,8,16,23
2009,Colorado State,8,28,42
2009,San Diego State,8,42,28
2009,Nevada,8,70,45
2009,Idaho,8,45,70
2009,California,8,49,17
2009,Washington State,8,17,49
2009,Louisiana,8,29,51
2009,Florida Atlantic,8,51,29
2009,Arizona,8,27,13
2009,UCLA,8,13,27
2009,Kentucky,8,36,13
2009,UL Monroe,8,13,36
2009,Texas Tech,8,30,52
2009,Texas A&M,8,52,30
2009,South Carolina,8,14,10
2009,Vanderbilt,8,10,14
2009,Toledo,8,24,40
2009,Temple,8,40,24
2009,Arkansas State,8,27,10
2009,Florida International,8,10,27
2009,Southern Miss,8,43,6
2009,Tulane,8,6,43
2009,Michigan State,8,13,15
2009,Iowa,8,15,13
2009,Mississippi State,8,19,29
2009,Florida,8,29,19
2009,BYU,8,7,38
2009,TCU,8,38,7
2009,LSU,8,31,10
2009,Auburn,8,10,31
2009,Houston,8,38,15
2009,SMU,8,15,38
2009,Missouri,8,7,41
2009,Texas,8,41,7
2009,New Mexico,8,17,34
2009,UNLV,8,34,17
2009,USC,8,42,36
2009,Oregon State,8,36,42
2009,New Mexico State,8,3,34
2009,Fresno State,8,34,3
2009,Stanford,8,33,14
2009,Arizona State,8,14,33
2009,Hawai'i,8,9,54
2009,Boise State,8,54,9
2009,Memphis,9,19,38
2009,East Carolina,9,38,19
2009,Virginia Tech,9,17,20
2009,North Carolina,9,20,17
2009,South Florida,9,30,19
2009,West Virginia,9,19,30
2009,Iowa,9,42,24
2009,Indiana,9,24,42
2009,Syracuse,9,7,28
2009,Cincinnati,9,28,7
2009,Florida International,9,20,17
2009,Louisiana,9,17,20
2009,UConn,9,24,28
2009,Rutgers,9,28,24
2009,Florida State,9,45,42
2009,NC State,9,42,45
2009,Wisconsin,9,37,0
2009,Purdue,9,0,37
2009,Ball State,9,17,20
2009,Ohio,9,20,17
2009,Ohio State,9,45,0
2009,New Mexico State,9,0,45
2009,Northern Illinois,9,27,10
2009,Akron,9,10,27
2009,Auburn,9,33,20
2009,Ole Miss,9,20,33
2009,Baylor,9,10,20
2009,Nebraska,9,20,10
2009,Houston,9,50,43
2009,Southern Miss,9,43,50
2009,Clemson,9,49,3
2009,Coastal Carolina,9,3,49
2009,Colorado,9,17,36
2009,Missouri,9,36,17
2009,Tulsa,9,13,27
2009,SMU,9,27,13
2009,Kent State,9,26,14
2009,Western Michigan,9,14,26
2009,UTEP,9,33,38
2009,UAB,9,38,33
2009,Boise State,9,45,7
2009,San José State,9,7,45
2009,Wake Forest,9,27,28
2009,Miami,9,28,27
2009,Navy,9,24,27
2009,Temple,9,27,24
2009,Florida,9,41,17
2009,Georgia,9,17,41
2009,Texas A&M,9,35,10
2009,Iowa State,9,10,35
2009,Miami (OH),9,31,24
2009,Toledo,9,24,31
2009,Texas Tech,9,42,21
2009,Kansas,9,21,42
2009,Virginia,9,17,28
2009,Duke,9,28,17
2009,Illinois,9,38,13
2009,Michigan,9,13,38
2009,Louisville,9,21,13
2009,Arkansas State,9,13,21
2009,Arizona State,9,21,23
2009,California,9,23,21
2009,Boston College,9,31,10
2009,Central Michigan,9,10,31
2009,Colorado State,9,16,34
2009,Air Force,9,34,16
2009,TCU,9,41,0
2009,UNLV,9,0,41
2009,Florida Atlantic,9,20,27
2009,Middle Tennessee,9,27,20
2009,Oregon State,9,26,19
2009,UCLA,9,19,26
2009,Nevada,9,31,21
2009,Hawai'i,9,21,31
2009,North Texas,9,68,49
2009,Western Kentucky,9,49,68
2009,Northwestern,9,13,34
2009,Penn State,9,34,13
2009,Fresno State,9,31,27
2009,Utah State,9,27,31
2009,Idaho,9,35,34
2009,Louisiana Tech,9,34,35
2009,Kentucky,9,24,31
2009,Mississippi State,9,31,24
2009,Oklahoma,9,42,30
2009,Kansas State,9,30,42
2009,Arkansas,9,63,27
2009,Eastern Michigan,9,27,63
2009,Troy,9,42,21
2009,UL Monroe,9,21,42
2009,San Diego State,9,23,20
2009,New Mexico,9,20,23
2009,Notre Dame,9,40,14
2009,Washington State,9,14,40
2009,Vanderbilt,9,31,56
2009,Georgia Tech,9,56,31
2009,Tennessee,9,31,13
2009,South Carolina,9,13,31
2009,Utah,9,22,10
2009,Wyoming,9,10,22
2009,LSU,9,42,0
2009,Tulane,9,0,42
2009,Minnesota,9,42,34
2009,Michigan State,9,34,42
2009,Oregon,9,47,20
2009,USC,9,20,47
2009,Oklahoma State,9,14,41
2009,Texas,9,41,14
2009,UCF,9,21,20
2009,Marshall,9,20,21
2009,Buffalo,10,29,30
2009,Bowling Green,10,30,29
2009,Northern Illinois,10,50,6
2009,Eastern Michigan,10,6,50
2009,Temple,10,34,32
2009,Miami (OH),10,32,34
2009,East Carolina,10,3,16
2009,Virginia Tech,10,16,3
2009,Louisiana Tech,10,35,45
2009,Boise State,10,45,35
2009,Michigan,10,36,38
2009,Purdue,10,38,36
2009,Pittsburgh,10,37,10
2009,Syracuse,10,10,37
2009,Michigan State,10,49,14
2009,Western Michigan,10,14,49
2009,Miami,10,52,17
2009,Virginia,10,17,52
2009,Iowa,10,10,17
2009,Northwestern,10,17,10
2009,Texas,10,35,3
2009,UCF,10,3,35
2009,West Virginia,10,17,9
2009,Louisville,10,9,17
2009,Minnesota,10,32,35
2009,Illinois,10,35,32
2009,Indiana,10,28,31
2009,Wisconsin,10,31,28
2009,Arkansas,10,33,16
2009,South Carolina,10,16,33
2009,Kansas State,10,17,10
2009,Kansas,10,10,17
2009,Georgia,10,38,0
2009,Tennessee Tech,10,0,38
2009,Kentucky,10,37,12
2009,Eastern Kentucky,10,12,37
2009,NC State,10,38,31
2009,Maryland,10,31,38
2009,Auburn,10,63,31
2009,Furman,10,31,63
2009,Colorado,10,35,34
2009,Texas A&M,10,34,35
2009,Missouri,10,32,40
2009,Baylor,10,40,32
2009,UAB,10,56,29
2009,Florida Atlantic,10,29,56
2009,Wyoming,10,0,52
2009,BYU,10,52,0
2009,Notre Dame,10,21,23
2009,Navy,10,23,21
2009,SMU,10,31,28
2009,Rice,10,28,31
2009,Penn State,10,7,24
2009,Ohio State,10,24,7
2009,North Carolina,10,19,6
2009,Duke,10,6,19
2009,Alabama,10,24,15
2009,LSU,10,15,24
2009,Air Force,10,35,7
2009,Army,10,7,35
2009,Akron,10,28,20
2009,Kent State,10,20,28
2009,Arkansas State,10,18,21
2009,Louisiana,10,21,18
2009,Iowa State,10,8,34
2009,Oklahoma State,10,34,8
2009,Georgia Tech,10,30,27
2009,Wake Forest,10,27,30
2009,UCLA,10,24,23
2009,Washington,10,23,24
2009,Stanford,10,51,42
2009,Oregon,10,42,51
2009,Arizona,10,48,7
2009,Washington State,10,7,48
2009,Tulane,10,45,38
2009,UTEP,10,38,45
2009,San Diego State,10,12,55
2009,TCU,10,55,12
2009,North Texas,10,6,33
2009,UL Monroe,10,33,6
2009,Middle Tennessee,10,48,21
2009,Florida International,10,21,48
2009,Western Kentucky,10,20,40
2009,Troy,10,40,20
2009,Utah,10,45,14
2009,New Mexico,10,14,45
2009,California,10,14,31
2009,Oregon State,10,31,14
2009,Tennessee,10,56,28
2009,Memphis,10,28,56
2009,Florida,10,27,3
2009,Vanderbilt,10,3,27
2009,Tulsa,10,45,46
2009,Houston,10,46,45
2009,Ole Miss,10,38,14
2009,Northern Arizona,10,14,38
2009,Clemson,10,40,24
2009,Florida State,10,24,40
2009,Cincinnati,10,47,45
2009,UConn,10,45,47
2009,Nebraska,10,10,3
2009,Oklahoma,10,3,10
2009,Arizona State,10,9,14
2009,USC,10,14,9
2009,UNLV,10,35,16
2009,Colorado State,10,16,35
2009,Hawai'i,10,49,36
2009,Utah State,10,36,49
2009,Idaho,10,21,31
2009,Fresno State,10,31,21
2009,San José State,10,7,62
2009,Nevada,10,62,7
2009,Buffalo,11,24,27
2009,Ohio,11,27,24
2009,Central Michigan,11,56,28
2009,Toledo,11,28,56
2009,Northern Illinois,11,26,20
2009,Ball State,11,20,26
2009,Miami (OH),11,14,35
2009,Bowling Green,11,35,14
2009,Rutgers,11,31,0
2009,South Florida,11,0,31
2009,Cincinnati,11,24,21
2009,West Virginia,11,21,24
2009,Akron,11,17,56
2009,Temple,11,56,17
2009,NC State,11,23,43
2009,Clemson,11,43,23
2009,Army,11,22,17
2009,VMI,11,17,22
2009,Purdue,11,37,40
2009,Michigan State,11,40,37
2009,Illinois,11,16,21
2009,Northwestern,11,21,16
2009,Louisville,11,10,9
2009,Syracuse,11,9,10
2009,UCF,11,37,32
2009,Houston,11,32,37
2009,Duke,11,10,49
2009,Georgia Tech,11,49,10
2009,Wake Forest,11,28,41
2009,Florida State,11,41,28
2009,Minnesota,11,16,13
2009,South Dakota State,11,13,16
2009,Baylor,11,14,47
2009,Texas,11,47,14
2009,Wisconsin,11,45,24
2009,Michigan,11,24,45
2009,Penn State,11,31,20
2009,Indiana,11,20,31
2009,Ole Miss,11,42,17
2009,Tennessee,11,17,42
2009,Vanderbilt,11,13,24
2009,Kentucky,11,24,13
2009,Kansas State,11,12,38
2009,Missouri,11,38,12
2009,Eastern Michigan,11,14,35
2009,Western Michigan,11,35,14
2009,Maryland,11,9,36
2009,Virginia Tech,11,36,9
2009,Memphis,11,21,31
2009,UAB,11,31,21
2009,Iowa State,11,17,10
2009,Colorado,11,10,17
2009,New Mexico,11,19,24
2009,BYU,11,24,19
2009,SMU,11,35,31
2009,UTEP,11,31,35
2009,Utah State,11,24,9
2009,San José State,11,9,24
2009,Oregon State,11,48,21
2009,Washington,11,21,48
2009,South Carolina,11,14,24
2009,Florida,11,24,14
2009,USC,11,21,55
2009,Stanford,11,55,21
2009,Boise State,11,63,25
2009,Idaho,11,25,63
2009,Kansas,11,17,31
2009,Nebraska,11,31,17
2009,Virginia,11,10,14
2009,Boston College,11,14,10
2009,North Carolina,11,33,24
2009,Miami,11,24,33
2009,Rice,11,28,20
2009,Tulane,11,20,28
2009,Navy,11,35,18
2009,Delaware,11,18,35
2009,Ohio State,11,27,24
2009,Iowa,11,24,27
2009,Nevada,11,52,14
2009,Fresno State,11,14,52
2009,UL Monroe,11,21,18
2009,Western Kentucky,11,18,21
2009,Florida Atlantic,11,35,18
2009,Arkansas State,11,18,35
2009,Middle Tennessee,11,34,17
2009,Louisiana,11,17,34
2009,Marshall,11,20,27
2009,Southern Miss,11,27,20
2009,Washington State,11,7,43
2009,UCLA,11,43,7
2009,Air Force,11,45,17
2009,UNLV,11,17,45
2009,LSU,11,24,16
2009,Louisiana Tech,11,16,24
2009,Mississippi State,11,3,31
2009,Alabama,11,31,3
2009,Georgia,11,31,24
2009,Auburn,11,24,31
2009,Florida International,11,35,28
2009,North Texas,11,28,35
2009,Oklahoma,11,65,10
2009,Texas A&M,11,10,65
2009,California,11,24,16
2009,Arizona,11,16,24
2009,TCU,11,55,28
2009,Utah,11,28,55
2009,Arkansas,11,56,20
2009,Troy,11,20,56
2009,Pittsburgh,11,27,22
2009,Notre Dame,11,22,27
2009,Oklahoma State,11,24,17
2009,Texas Tech,11,17,24
2009,San Diego State,11,27,30
2009,Wyoming,11,30,27
2009,Hawai'i,11,24,6
2009,New Mexico State,11,6,24
2009,Oregon,11,44,21
2009,Arizona State,11,21,44
2009,Tulsa,11,17,44
2009,East Carolina,11,44,17
2009,Miami (OH),12,17,42
2009,Buffalo,12,42,17
2009,Ball State,12,3,35
2009,Central Michigan,12,35,3
2009,Oklahoma State,12,31,28
2009,Colorado,12,28,31
2009,Bowling Green,12,36,20
2009,Akron,12,20,36
2009,Toledo,12,47,21
2009,Eastern Michigan,12,21,47
2009,Utah State,12,21,52
2009,Boise State,12,52,21
2009,Michigan,12,10,21
2009,Ohio State,12,21,10
2009,Miami,12,34,16
2009,Duke,12,16,34
2009,Boston College,12,13,31
2009,North Carolina,12,31,13
2009,Iowa,12,12,0
2009,Minnesota,12,0,12
2009,Florida State,12,29,26
2009,Maryland,12,26,29
2009,South Florida,12,34,22
2009,Louisville,12,22,34
2009,Arkansas,12,42,21
2009,Mississippi State,12,21,42
2009,Alabama,12,45,0
2009,Chattanooga,12,0,45
2009,Texas Tech,12,41,13
2009,Oklahoma,12,13,41
2009,Florida,12,62,3
2009,Florida International,12,3,62
2009,Temple,12,47,13
2009,Kent State,12,13,47
2009,Houston,12,55,14
2009,Memphis,12,14,55
2009,Missouri,12,34,24
2009,Iowa State,12,24,34
2009,Ohio,12,38,31
2009,Northern Illinois,12,31,38
2009,Wyoming,12,10,45
2009,TCU,12,45,10
2009,UCF,12,49,0
2009,Tulane,12,0,49
2009,Notre Dame,12,30,33
2009,UConn,12,33,30
2009,Virginia Tech,12,38,10
2009,NC State,12,10,38
2009,Michigan State,12,14,42
2009,Penn State,12,42,14
2009,Texas A&M,12,38,3
2009,Baylor,12,3,38
2009,Rice,12,30,29
2009,UTEP,12,29,30
2009,Clemson,12,34,21
2009,Virginia,12,21,34
2009,BYU,12,38,21
2009,Air Force,12,21,38
2009,Ole Miss,12,25,23
2009,LSU,12,23,25
2009,Northwestern,12,33,31
2009,Wisconsin,12,31,33
2009,Syracuse,12,31,13
2009,Rutgers,12,13,31
2009,East Carolina,12,37,21
2009,UAB,12,21,37
2009,Indiana,12,21,38
2009,Purdue,12,38,21
2009,North Texas,12,13,17
2009,Army,12,17,13
2009,Utah,12,38,7
2009,San Diego State,12,7,38
2009,UCLA,12,23,13
2009,Arizona State,12,13,23
2009,Troy,12,47,21
2009,Florida Atlantic,12,21,47
2009,Middle Tennessee,12,38,14
2009,Arkansas State,12,14,38
2009,Marshall,12,34,31
2009,SMU,12,31,34
2009,Washington State,12,10,42
2009,Oregon State,12,42,10
2009,Fresno State,12,30,28
2009,Louisiana Tech,12,28,30
2009,New Mexico,12,29,27
2009,Colorado State,12,27,29
2009,Louisiana,12,21,17
2009,UL Monroe,12,17,21
2009,Tennessee,12,31,16
2009,Vanderbilt,12,16,31
2009,Stanford,12,28,34
2009,California,12,34,28
2009,Southern Miss,12,44,34
2009,Tulsa,12,34,44
2009,Nebraska,12,17,3
2009,Kansas State,12,3,17
2009,Georgia,12,27,34
2009,Kentucky,12,34,27
2009,San José State,12,10,17
2009,Hawai'i,12,17,10
2009,Texas,12,51,20
2009,Kansas,12,20,51
2009,Arizona,12,41,44
2009,Oregon,12,44,41
2009,New Mexico State,12,20,63
2009,Nevada,12,63,20
2009,Western Michigan,13,17,22
2009,Ball State,13,22,17
2009,Texas A&M,13,39,49
2009,Texas,13,49,39
2009,Louisville,13,14,34
2009,Rutgers,13,34,14
2009,Ohio,13,35,17
2009,Temple,13,17,35
2009,Cincinnati,13,49,36
2009,Illinois,13,36,49
2009,Central Michigan,13,45,31
2009,Northern Illinois,13,31,45
2009,Bowling Green,13,38,24
2009,Toledo,13,24,38
2009,Colorado State,13,16,17
2009,Wyoming,13,17,16
2009,Akron,13,28,21
2009,Eastern Michigan,13,21,28
2009,Kent State,13,6,9
2009,Buffalo,13,9,6
2009,Auburn,13,21,26
2009,Alabama,13,26,21
2009,Tulsa,13,33,30
2009,Memphis,13,30,33
2009,Colorado,13,20,28
2009,Nebraska,13,28,20
2009,West Virginia,13,19,16
2009,Pittsburgh,13,16,19
2009,Boise State,13,44,33
2009,Nevada,13,33,44
2009,NC State,13,28,27
2009,North Carolina,13,27,28
2009,South Carolina,13,34,17
2009,Clemson,13,17,34
2009,UConn,13,56,31
2009,Syracuse,13,31,56
2009,Duke,13,34,45
2009,Wake Forest,13,45,34
2009,Mississippi State,13,41,27
2009,Ole Miss,13,27,41
2009,Oklahoma,13,27,0
2009,Oklahoma State,13,0,27
2009,TCU,13,51,10
2009,New Mexico,13,10,51
2009,UAB,13,27,34
2009,UCF,13,34,27
2009,East Carolina,13,25,20
2009,Southern Miss,13,20,25
2009,UTEP,13,52,21
2009,Marshall,13,21,52
2009,Arkansas State,13,30,26
2009,North Texas,13,26,30
2009,SMU,13,26,21
2009,Tulane,13,21,26
2009,Arizona State,13,17,20
2009,Arizona,13,20,17
2009,Maryland,13,17,19
2009,Boston College,13,19,17
2009,Florida,13,37,10
2009,Florida State,13,10,37
2009,South Florida,13,10,31
2009,Miami,13,31,10
2009,Kansas,13,39,41
2009,Missouri,13,41,39
2009,Virginia,13,13,42
2009,Virginia Tech,13,42,13
2009,Florida Atlantic,13,29,23
2009,Western Kentucky,13,23,29
2009,UL Monroe,13,19,38
2009,Middle Tennessee,13,38,19
2009,BYU,13,26,23
2009,Utah,13,23,26
2009,Idaho,13,49,52
2009,Utah State,13,52,49
2009,Baylor,13,13,20
2009,Texas Tech,13,20,13
2009,Washington,13,30,0
2009,Washington State,13,0,30
2009,Kentucky,13,24,30
2009,Tennessee,13,30,24
2009,LSU,13,33,30
2009,Arkansas,13,30,33
2009,Louisiana,13,31,48
2009,Troy,13,48,31
2009,Georgia Tech,13,24,30
2009,Georgia,13,30,24
2009,Stanford,13,45,38
2009,Notre Dame,13,38,45
2009,San José State,13,13,10
2009,New Mexico State,13,10,13
2009,Houston,13,73,14
2009,Rice,13,14,73
2009,UNLV,13,28,24
2009,San Diego State,13,24,28
2009,USC,13,28,7
2009,UCLA,13,7,28
2009,Hawai'i,13,24,17
2009,Navy,13,17,24
2009,Western Kentucky,14,20,24
2009,Arkansas State,14,24,20
2009,Oregon,14,37,33
2009,Oregon State,14,33,37
2009,Central Michigan,14,20,10
2009,Ohio,14,10,20
2009,East Carolina,14,38,32
2009,Houston,14,32,38
2009,Pittsburgh,14,44,45
2009,Cincinnati,14,45,44
2009,Rutgers,14,21,24
2009,West Virginia,14,24,21
2009,Illinois,14,52,53
2009,Fresno State,14,53,52
2009,Louisiana Tech,14,55,20
2009,San José State,14,20,55
2009,Boise State,14,42,7
2009,New Mexico State,14,7,42
2009,USC,14,17,21
2009,Arizona,14,21,17
2009,Alabama,14,32,13
2009,Florida,14,13,32
2009,Washington,14,42,10
2009,California,14,10,42
2009,Florida International,14,21,28
2009,Florida Atlantic,14,28,21
2009,Nebraska,14,12,13
2009,Texas,14,13,12
2009,UConn,14,29,27
2009,South Florida,14,27,29
2009,Clemson,14,34,39
2009,Georgia Tech,14,39,34
2009,Hawai'i,14,10,51
2009,Wisconsin,14,51,10
2009,Navy,15,17,3
2009,Army,15,3,17
2010,Wake Forest,1,53,13
2010,Presbyterian,1,13,53
2010,Buffalo,1,31,0
2010,Rhode Island,1,0,31
2010,Central Michigan,1,33,0
2010,Hampton,1,0,33
2010,Kent State,1,41,10
2010,Murray State,1,10,41
2010,Ball State,1,27,10
2010,Southeast Missouri State,1,10,27
2010,Indiana,1,51,17
2010,Towson,1,17,51
2010,Rutgers,1,31,0
2010,Norfolk State,1,0,31
2010,South Carolina,1,41,13
2010,Southern Miss,1,13,41
2010,Ohio State,1,45,7
2010,Marshall,1,7,45
2010,Middle Tennessee,1,17,24
2010,Minnesota,1,24,17
2010,Miami,1,45,0
2010,Florida A&M,1,0,45
2010,UAB,1,31,32
2010,Florida Atlantic,1,32,31
2010,Tulane,1,27,21
2010,SE Louisiana,1,21,27
2010,Iowa State,1,27,10
2010,Northern Illinois,1,10,27
2010,Utah,1,27,24
2010,Pittsburgh,1,24,27
2010,Idaho,1,45,0
2010,North Dakota,1,0,45
2010,Nevada,1,49,24
2010,Eastern Washington,1,24,49
2010,Hawai'i,1,36,49
2010,USC,1,49,36
2010,Temple,1,31,24
2010,Villanova,1,24,31
2010,Toledo,1,2,41
2010,Arizona,1,41,2
2010,Penn State,1,44,14
2010,Youngstown State,1,14,44
2010,Michigan State,1,38,14
2010,Western Michigan,1,14,38
2010,Florida,1,34,12
2010,Miami (OH),1,12,34
2010,Florida State,1,59,6
2010,Samford,1,6,59
2010,Iowa,1,37,7
2010,Eastern Illinois,1,7,37
2010,Georgia,1,55,7
2010,Louisiana,1,7,55
2010,Missouri,1,23,13
2010,Illinois,1,13,23
2010,Georgia Tech,1,41,10
2010,South Carolina State,1,10,41
2010,Boston College,1,38,20
2010,Weber State,1,20,38
2010,Air Force,1,65,21
2010,Northwestern State,1,21,65
2010,Colorado State,1,3,24
2010,Colorado,1,24,3
2010,Rice,1,17,34
2010,Texas,1,34,17
2010,Louisville,1,16,23
2010,Kentucky,1,23,16
2010,Michigan,1,30,10
2010,UConn,1,10,30
2010,Clemson,1,35,10
2010,North Texas,1,10,35
2010,Oregon,1,72,0
2010,New Mexico,1,0,72
2010,Notre Dame,1,23,12
2010,Purdue,1,12,23
2010,Kansas State,1,31,22
2010,UCLA,1,22,31
2010,Ole Miss,1,48,49
2010,Jacksonville State,1,49,48
2010,West Virginia,1,31,0
2010,Coastal Carolina,1,0,31
2010,California,1,52,3
2010,UC Davis,1,3,52
2010,Virginia,1,34,13
2010,Richmond,1,13,34
2010,Tennessee,1,50,0
2010,UT Martin,1,0,50
2010,UCF,1,38,7
2010,South Dakota,1,7,38
2010,NC State,1,48,7
2010,Western Carolina,1,7,48
2010,Akron,1,3,29
2010,Syracuse,1,29,3
2010,Stanford,1,52,17
2010,Sacramento State,1,17,52
2010,Auburn,1,52,26
2010,Arkansas State,1,26,52
2010,Baylor,1,34,3
2010,Sam Houston,1,3,34
2010,Oklahoma,1,31,24
2010,Utah State,1,24,31
2010,Arkansas,1,44,3
2010,Tennessee Tech,1,3,44
2010,Texas A&M,1,48,7
2010,Stephen F. Austin,1,7,48
2010,Oklahoma State,1,65,17
2010,Washington State,1,17,65
2010,Troy,1,30,27
2010,Bowling Green,1,27,30
2010,Ohio,1,33,10
2010,Wofford,1,10,33
2010,BYU,1,23,17
2010,Washington,1,17,23
2010,Nebraska,1,49,10
2010,Western Kentucky,1,10,49
2010,Duke,1,41,27
2010,Elon,1,27,41
2010,Alabama,1,48,3
2010,San José State,1,3,48
2010,Mississippi State,1,49,7
2010,Memphis,1,7,49
2010,Grambling,1,6,20
2010,Louisiana Tech,1,20,6
2010,Eastern Michigan,1,27,31
2010,Army,1,31,27
2010,Kansas,1,3,6
2010,North Dakota State,1,6,3
2010,South Florida,1,59,14
2010,Stony Brook,1,14,59
2010,Vanderbilt,1,21,23
2010,Northwestern,1,23,21
2010,TCU,1,30,21
2010,Oregon State,1,21,30
2010,Houston,1,68,28
2010,Texas State,1,28,68
2010,San Diego State,1,47,0
2010,Nicholls,1,0,47
2010,North Carolina,1,24,30
2010,LSU,1,30,24
2010,Wyoming,1,28,20
2010,Southern Utah,1,20,28
2010,UTEP,1,31,10
2010,Arkansas-Pine Bluff,1,10,31
2010,Fresno State,1,28,14
2010,Cincinnati,1,14,28
2010,Arizona State,1,54,9
2010,Portland State,1,9,54
2010,UNLV,1,21,41
2010,Wisconsin,1,41,21
2010,East Carolina,1,51,49
2010,Tulsa,1,49,51
2010,Texas Tech,1,35,27
2010,SMU,1,27,35
2010,Maryland,1,17,14
2010,Navy,1,14,17
2010,Virginia Tech,1,30,33
2010,Boise State,1,33,30
2010,Temple,2,13,10
2010,Central Michigan,2,10,13
2010,Mississippi State,2,14,17
2010,Auburn,2,17,14
2010,Marshall,2,21,24
2010,West Virginia,2,24,21
2010,Houston,2,54,24
2010,UTEP,2,24,54
2010,Florida Atlantic,2,17,30
2010,Michigan State,2,30,17
2010,Kansas,2,28,25
2010,Georgia Tech,2,25,28
2010,Minnesota,2,38,41
2010,South Dakota,2,41,38
2010,Army,2,28,31
2010,Hawai'i,2,31,28
2010,Purdue,2,31,21
2010,Western Illinois,2,21,31
2010,Wake Forest,2,54,48
2010,Duke,2,48,54
2010,Akron,2,37,38
2010,Gardner-Webb,2,38,37
2010,UConn,2,62,3
2010,Texas Southern,2,3,62
2010,Wisconsin,2,27,14
2010,San José State,2,14,27
2010,Cincinnati,2,40,7
2010,Indiana State,2,7,40
2010,South Carolina,2,17,6
2010,Georgia,2,6,17
2010,Northwestern,2,37,3
2010,Illinois State,2,3,37
2010,East Carolina,2,49,27
2010,Memphis,2,27,49
2010,Florida,2,38,14
2010,South Florida,2,14,38
2010,Nebraska,2,38,17
2010,Idaho,2,17,38
2010,Pittsburgh,2,38,16
2010,New Hampshire,2,16,38
2010,Virginia Tech,2,16,21
2010,James Madison,2,21,16
2010,Miami (OH),2,28,21
2010,Eastern Michigan,2,21,28
2010,Oklahoma,2,47,17
2010,Florida State,2,17,47
2010,Boston College,2,26,13
2010,Kent State,2,13,26
2010,Louisiana,2,31,24
2010,Arkansas State,2,24,31
2010,Iowa,2,35,7
2010,Iowa State,2,7,35
2010,Ohio State,2,36,24
2010,Miami,2,24,36
2010,Notre Dame,2,24,28
2010,Michigan,2,28,24
2010,California,2,52,7
2010,Colorado,2,7,52
2010,Clemson,2,58,21
2010,Presbyterian,2,21,58
2010,Louisville,2,23,13
2010,Eastern Kentucky,2,13,23
2010,Navy,2,13,7
2010,Georgia Southern,2,7,13
2010,Utah,2,38,10
2010,UNLV,2,10,38
2010,Air Force,2,35,14
2010,BYU,2,14,35
2010,Maryland,2,62,3
2010,Morgan State,2,3,62
2010,Texas,2,34,7
2010,Wyoming,2,7,34
2010,Western Michigan,2,49,14
2010,Nicholls,2,14,49
2010,Tennessee,2,13,48
2010,Oregon,2,48,13
2010,TCU,2,62,7
2010,Tennessee Tech,2,7,62
2010,Southern Miss,2,34,7
2010,Prairie View A&M,2,7,34
2010,Northern Illinois,2,23,17
2010,North Dakota,2,17,23
2010,UL Monroe,2,7,31
2010,Arkansas,2,31,7
2010,Middle Tennessee,2,56,33
2010,Austin Peay,2,33,56
2010,Ball State,2,23,27
2010,Liberty,2,27,23
2010,Missouri,2,50,6
2010,McNeese,2,6,50
2010,Alabama,2,24,3
2010,Penn State,2,3,24
2010,Washington State,2,23,22
2010,Montana State,2,22,23
2010,Washington,2,41,20
2010,Syracuse,2,20,41
2010,Ohio,2,13,20
2010,Toledo,2,20,13
2010,North Texas,2,31,32
2010,Rice,2,32,31
2010,Oklahoma State,2,41,38
2010,Troy,2,38,41
2010,Texas A&M,2,48,16
2010,Louisiana Tech,2,16,48
2010,Tulsa,2,33,20
2010,Bowling Green,2,20,33
2010,Baylor,2,34,6
2010,Buffalo,2,6,34
2010,Vanderbilt,2,3,27
2010,LSU,2,27,3
2010,Kansas State,2,48,24
2010,Missouri State,2,24,48
2010,Illinois,2,35,3
2010,Southern Illinois,2,3,35
2010,Kentucky,2,63,28
2010,Western Kentucky,2,28,63
2010,UCF,2,21,28
2010,NC State,2,28,21
2010,Florida International,2,14,19
2010,Rutgers,2,19,14
2010,New Mexico,2,17,52
2010,Texas Tech,2,52,17
2010,SMU,2,28,7
2010,UAB,2,7,28
2010,New Mexico State,2,21,41
2010,San Diego State,2,41,21
2010,Utah State,2,38,17
2010,Idaho State,2,17,38
2010,Tulane,2,13,27
2010,Ole Miss,2,27,13
2010,Arizona,2,52,6
2010,The Citadel,2,6,52
2010,Arizona State,2,41,20
2010,Northern Arizona,2,20,41
2010,Nevada,2,51,6
2010,Colorado State,2,6,51
2010,UCLA,2,0,35
2010,Stanford,2,35,0
2010,USC,2,17,14
2010,Virginia,2,14,17
2010,NC State,3,30,19
2010,Cincinnati,3,19,30
2010,Southern Miss,3,31,16
2010,Kansas,3,16,31
2010,Nevada,3,52,31
2010,California,3,31,52
2010,West Virginia,3,31,17
2010,Maryland,3,17,31
2010,North Carolina,3,24,30
2010,Georgia Tech,3,30,24
2010,Ohio State,3,43,7
2010,Ohio,3,7,43
2010,Georgia,3,24,31
2010,Arkansas,3,31,24
2010,Michigan,3,42,37
2010,Massachusetts,3,37,42
2010,Penn State,3,24,0
2010,Kent State,3,0,24
2010,Army,3,24,0
2010,North Texas,3,0,24
2010,Purdue,3,24,13
2010,Ball State,3,13,24
2010,Temple,3,30,16
2010,UConn,3,16,30
2010,Kansas State,3,27,20
2010,Iowa State,3,20,27
2010,Illinois,3,28,22
2010,Northern Illinois,3,22,28
2010,Ole Miss,3,14,28
2010,Vanderbilt,3,28,14
2010,Virginia Tech,3,49,27
2010,East Carolina,3,27,49
2010,Oklahoma,3,27,24
2010,Air Force,3,24,27
2010,Colorado,3,31,13
2010,Hawai'i,3,13,31
2010,Miami (OH),3,31,10
2010,Colorado State,3,10,31
2010,Duke,3,13,62
2010,Alabama,3,62,13
2010,Wisconsin,3,20,19
2010,Arizona State,3,19,20
2010,Tennessee,3,17,31
2010,Florida,3,31,17
2010,SMU,3,35,21
2010,Washington State,3,21,35
2010,Minnesota,3,21,32
2010,USC,3,32,21
2010,Washington,3,21,56
2010,Nebraska,3,56,21
2010,Florida State,3,34,10
2010,BYU,3,10,34
2010,UAB,3,34,33
2010,Troy,3,33,34
2010,Eastern Michigan,3,14,52
2010,Central Michigan,3,52,14
2010,TCU,3,45,10
2010,Baylor,3,10,45
2010,Western Kentucky,3,21,38
2010,Indiana,3,38,21
2010,Oregon State,3,35,28
2010,Louisville,3,28,35
2010,Oregon,3,69,0
2010,Portland State,3,0,69
2010,Western Michigan,3,24,37
2010,Toledo,3,37,24
2010,Louisiana Tech,3,23,37
2010,Navy,3,37,23
2010,Rice,3,13,30
2010,Northwestern,3,30,13
2010,Texas A&M,3,27,20
2010,Florida International,3,20,27
2010,Auburn,3,27,24
2010,Clemson,3,24,27
2010,Kentucky,3,47,10
2010,Akron,3,10,47
2010,Oklahoma State,3,65,28
2010,Tulsa,3,28,65
2010,Memphis,3,24,17
2010,Middle Tennessee,3,17,24
2010,Buffalo,3,10,24
2010,UCF,3,24,10
2010,LSU,3,29,7
2010,Mississippi State,3,7,29
2010,Bowling Green,3,44,28
2010,Marshall,3,28,44
2010,Missouri,3,27,24
2010,San Diego State,3,24,27
2010,South Carolina,3,38,19
2010,Furman,3,19,38
2010,Syracuse,3,38,14
2010,Maine,3,14,38
2010,Texas Tech,3,14,24
2010,Texas,3,24,14
2010,Utah State,3,24,41
2010,Fresno State,3,41,24
2010,Arkansas State,3,34,20
2010,UL Monroe,3,20,34
2010,Wyoming,3,6,51
2010,Boise State,3,51,6
2010,San José State,3,16,11
2010,Southern Utah,3,11,16
2010,Michigan State,3,34,31
2010,Notre Dame,3,31,34
2010,New Mexico,3,14,56
2010,Utah,3,56,14
2010,UTEP,3,42,10
2010,New Mexico State,3,10,42
2010,Arizona,3,34,27
2010,Iowa,3,27,34
2010,UCLA,3,31,13
2010,Houston,3,13,31
2010,Idaho,3,30,7
2010,UNLV,3,7,30
2010,Stanford,3,68,24
2010,Wake Forest,3,24,68
2010,Pittsburgh,4,3,31
2010,Miami,4,31,3
2010,SMU,4,24,41
2010,TCU,4,41,24
2010,Purdue,4,20,31
2010,Toledo,4,31,20
2010,Maryland,4,42,28
2010,Florida International,4,28,42
2010,Wisconsin,4,70,3
2010,Austin Peay,4,3,70
2010,Michigan State,4,45,7
2010,Northern Colorado,4,7,45
2010,Georgia Tech,4,28,45
2010,NC State,4,45,28
2010,Northwestern,4,30,25
2010,Central Michigan,4,25,30
2010,Iowa,4,45,0
2010,Ball State,4,0,45
2010,Boston College,4,0,19
2010,Virginia Tech,4,19,0
2010,Michigan,4,65,21
2010,Bowling Green,4,21,65
2010,UConn,4,45,21
2010,Buffalo,4,21,45
2010,Tennessee,4,32,29
2010,UAB,4,29,32
2010,Kansas State,4,17,13
2010,UCF,4,13,17
2010,Virginia,4,48,7
2010,VMI,4,7,48
2010,Missouri,4,51,13
2010,Miami (OH),4,13,51
2010,Wyoming,4,14,20
2010,Air Force,4,20,14
2010,Washington State,4,16,50
2010,USC,4,50,16
2010,Duke,4,21,35
2010,Army,4,35,21
2010,Arkansas,4,20,24
2010,Alabama,4,24,20
2010,Rutgers,4,13,17
2010,North Carolina,4,17,13
2010,Troy,4,35,28
2010,Arkansas State,4,28,35
2010,Ohio State,4,73,20
2010,Eastern Michigan,4,20,73
2010,Florida State,4,31,0
2010,Wake Forest,4,0,31
2010,Houston,4,42,23
2010,Tulane,4,23,42
2010,Texas,4,12,34
2010,UCLA,4,34,12
2010,Notre Dame,4,14,37
2010,Stanford,4,37,14
2010,Penn State,4,22,13
2010,Temple,4,13,22
2010,Syracuse,4,42,7
2010,Colgate,4,7,42
2010,Colorado State,4,36,34
2010,Idaho,4,34,36
2010,Cincinnati,4,29,31
2010,Oklahoma,4,31,29
2010,BYU,4,13,27
2010,Nevada,4,27,13
2010,Nebraska,4,17,3
2010,South Dakota State,4,3,17
2010,Louisiana Tech,4,12,13
2010,Southern Miss,4,13,12
2010,Mississippi State,4,24,12
2010,Georgia,4,12,24
2010,Marshall,4,24,23
2010,Ohio,4,23,24
2010,Kansas,4,42,16
2010,New Mexico State,4,16,42
2010,Iowa State,4,27,0
2010,Northern Iowa,4,0,27
2010,Florida Atlantic,4,17,21
2010,North Texas,4,21,17
2010,Louisiana,4,14,34
2010,Middle Tennessee,4,34,14
2010,Florida,4,48,14
2010,Kentucky,4,14,48
2010,UL Monroe,4,21,20
2010,SE Louisiana,4,20,21
2010,Tulsa,4,41,14
2010,Central Arkansas,4,14,41
2010,Indiana,4,35,20
2010,Akron,4,20,35
2010,South Florida,4,24,12
2010,Western Kentucky,4,12,24
2010,Ole Miss,4,55,38
2010,Fresno State,4,38,55
2010,Auburn,4,35,27
2010,South Carolina,4,27,35
2010,Utah,4,56,3
2010,San José State,4,3,56
2010,Rice,4,13,30
2010,Baylor,4,30,13
2010,Boise State,4,37,24
2010,Oregon State,4,24,37
2010,San Diego State,4,41,7
2010,Utah State,4,7,41
2010,Minnesota,4,23,34
2010,Northern Illinois,4,34,23
2010,LSU,4,20,14
2010,West Virginia,4,14,20
2010,UTEP,4,16,13
2010,Memphis,4,13,16
2010,UNLV,4,45,10
2010,New Mexico,4,10,45
2010,Arizona,4,10,9
2010,California,4,9,10
2010,Arizona State,4,31,42
2010,Oregon,4,42,31
2010,Hawai'i,4,66,7
2010,Charleston Southern,4,7,66
2010,Oklahoma State,5,38,35
2010,Texas A&M,5,35,38
2010,Utah State,5,31,16
2010,BYU,5,16,31
2010,Army,5,35,42
2010,Temple,5,42,35
2010,Illinois,5,13,24
2010,Ohio State,5,24,13
2010,Virginia,5,14,34
2010,Florida State,5,34,14
2010,Eastern Michigan,5,17,30
2010,Ohio,5,30,17
2010,Minnesota,5,28,29
2010,Northwestern,5,29,28
2010,Mississippi State,5,49,16
2010,Alcorn State,5,16,49
2010,Clemson,5,21,30
2010,Miami,5,30,21
2010,UConn,5,40,21
2010,Vanderbilt,5,21,40
2010,Auburn,5,52,3
2010,UL Monroe,5,3,52
2010,Baylor,5,55,7
2010,Kansas,5,7,55
2010,Ole Miss,5,42,35
2010,Kentucky,5,35,42
2010,Miami (OH),5,27,21
2010,Kent State,5,21,27
2010,Colorado State,5,0,27
2010,TCU,5,27,0
2010,Rutgers,5,14,17
2010,Tulane,5,17,14
2010,Western Michigan,5,13,33
2010,Idaho,5,33,13
2010,Air Force,5,14,6
2010,Navy,5,6,14
2010,Pittsburgh,5,44,17
2010,Florida International,5,17,44
2010,North Carolina,5,42,17
2010,East Carolina,5,17,42
2010,UCLA,5,42,28
2010,Washington State,5,28,42
2010,NC State,5,30,41
2010,Virginia Tech,5,41,30
2010,Michigan State,5,34,24
2010,Wisconsin,5,24,34
2010,Bowling Green,5,26,28
2010,Buffalo,5,28,26
2010,LSU,5,16,14
2010,Tennessee,5,14,16
2010,Central Michigan,5,17,31
2010,Ball State,5,31,17
2010,Oklahoma,5,28,20
2010,Texas,5,20,28
2010,Indiana,5,35,42
2010,Michigan,5,42,35
2010,Akron,5,14,50
2010,Northern Illinois,5,50,14
2010,Maryland,5,21,16
2010,Duke,5,16,21
2010,New Mexico,5,20,38
2010,UTEP,5,38,20
2010,Oregon State,5,31,28
2010,Arizona State,5,28,31
2010,Memphis,5,7,48
2010,Tulsa,5,48,7
2010,Arkansas State,5,24,34
2010,Louisville,5,34,24
2010,Rice,5,31,42
2010,SMU,5,42,31
2010,Wake Forest,5,20,24
2010,Georgia Tech,5,24,20
2010,Toledo,5,15,20
2010,Wyoming,5,20,15
2010,South Florida,5,31,3
2010,Florida Atlantic,5,3,31
2010,Iowa State,5,52,38
2010,Texas Tech,5,38,52
2010,Colorado,5,29,27
2010,Georgia,5,27,29
2010,North Texas,5,27,28
2010,Louisiana,5,28,27
2010,USC,5,31,32
2010,Washington,5,32,31
2010,San José State,5,13,14
2010,UC Davis,5,14,13
2010,New Mexico State,5,0,59
2010,Boise State,5,59,0
2010,Southern Miss,5,41,16
2010,Marshall,5,16,41
2010,Oregon,5,52,31
2010,Stanford,5,31,52
2010,Boston College,5,13,31
2010,Notre Dame,5,31,13
2010,Alabama,5,31,6
2010,Florida,5,6,31
2010,Iowa,5,24,3
2010,Penn State,5,3,24
2010,UNLV,5,26,44
2010,Nevada,5,44,26
2010,Fresno State,5,38,17
2010,Cal Poly,5,17,38
2010,Hawai'i,5,41,21
2010,Louisiana Tech,5,21,41
2010,Middle Tennessee,6,13,42
2010,Troy,6,42,13
2010,UCF,6,42,7
2010,UAB,6,7,42
2010,Kansas State,6,13,48
2010,Nebraska,6,48,13
2010,Rutgers,6,27,24
2010,UConn,6,24,27
2010,Louisiana,6,28,54
2010,Oklahoma State,6,54,28
2010,Wisconsin,6,41,23
2010,Minnesota,6,23,41
2010,Virginia Tech,6,45,21
2010,Central Michigan,6,21,45
2010,Ohio State,6,38,10
2010,Indiana,6,10,38
2010,Texas Tech,6,45,38
2010,Baylor,6,38,45
2010,Ball State,6,16,45
2010,Western Michigan,6,45,16
2010,Northern Illinois,6,31,17
2010,Temple,6,17,31
2010,South Florida,6,9,13
2010,Syracuse,6,13,9
2010,NC State,6,44,17
2010,Boston College,6,17,44
2010,Penn State,6,13,33
2010,Illinois,6,33,13
2010,Georgia,6,41,14
2010,Tennessee,6,14,41
2010,Ohio,6,49,25
2010,Bowling Green,6,25,49
2010,Louisville,6,56,0
2010,Memphis,6,0,56
2010,Air Force,6,49,27
2010,Colorado State,6,27,49
2010,Texas A&M,6,17,24
2010,Arkansas,6,24,17
2010,TCU,6,45,0
2010,Wyoming,6,0,45
2010,Georgia Tech,6,33,21
2010,Virginia,6,21,33
2010,Tulane,6,23,41
2010,Army,6,41,23
2010,California,6,35,7
2010,UCLA,6,7,35
2010,Kent State,6,28,17
2010,Akron,6,17,28
2010,Florida International,6,28,21
2010,Western Kentucky,6,21,28
2010,North Carolina,6,21,16
2010,Clemson,6,16,21
2010,West Virginia,6,49,10
2010,UNLV,6,10,49
2010,Michigan,6,17,34
2010,Michigan State,6,34,17
2010,Notre Dame,6,23,17
2010,Pittsburgh,6,17,23
2010,South Carolina,6,35,21
2010,Alabama,6,21,35
2010,Louisiana Tech,6,24,6
2010,Utah State,6,6,24
2010,Washington State,6,23,43
2010,Oregon,6,43,23
2010,BYU,6,24,21
2010,San Diego State,6,21,24
2010,Wake Forest,6,27,28
2010,Navy,6,28,27
2010,UL Monroe,6,20,17
2010,Florida Atlantic,6,17,20
2010,Missouri,6,26,0
2010,Colorado,6,0,26
2010,Vanderbilt,6,52,6
2010,Eastern Michigan,6,6,52
2010,Iowa State,6,27,68
2010,Utah,6,68,27
2010,Arizona,6,27,29
2010,Oregon State,6,29,27
2010,North Texas,6,19,24
2010,Arkansas State,6,24,19
2010,Cincinnati,6,45,3
2010,Miami (OH),6,3,45
2010,Florida,6,29,33
2010,LSU,6,33,29
2010,Southern Miss,6,43,44
2010,East Carolina,6,44,43
2010,Northwestern,6,17,20
2010,Purdue,6,20,17
2010,Kentucky,6,34,37
2010,Auburn,6,37,34
2010,Boise State,6,57,14
2010,Toledo,6,14,57
2010,Miami,6,17,45
2010,Florida State,6,45,17
2010,SMU,6,21,18
2010,Tulsa,6,18,21
2010,Houston,6,24,47
2010,Mississippi State,6,47,24
2010,Stanford,6,37,35
2010,USC,6,35,37
2010,New Mexico State,6,16,14
2010,New Mexico,6,14,16
2010,UTEP,6,44,24
2010,Rice,6,24,44
2010,Fresno State,6,27,49
2010,Hawai'i,6,49,27
2010,Washington,6,14,24
2010,Arizona State,6,24,14
2010,Nevada,6,35,13
2010,San José State,6,13,35
2010,Marshall,7,14,35
2010,UCF,7,35,14
2010,Kansas,7,7,59
2010,Kansas State,7,59,7
2010,West Virginia,7,20,6
2010,South Florida,7,6,20
2010,Louisville,7,27,35
2010,Cincinnati,7,35,27
2010,Clemson,7,31,7
2010,Maryland,7,7,31
2010,Florida State,7,24,19
2010,Boston College,7,19,24
2010,Indiana,7,36,34
2010,Arkansas State,7,34,36
2010,Michigan State,7,26,6
2010,Illinois,7,6,26
2010,East Carolina,7,33,27
2010,NC State,7,27,33
2010,Syracuse,7,14,45
2010,Pittsburgh,7,45,14
2010,Memphis,7,19,41
2010,Southern Miss,7,41,19
2010,Texas A&M,7,9,30
2010,Missouri,7,30,9
2010,Central Michigan,7,20,27
2010,Miami (OH),7,27,20
2010,Purdue,7,28,17
2010,Minnesota,7,17,28
2010,Georgia,7,43,0
2010,Vanderbilt,7,0,43
2010,Ball State,7,38,41
2010,Eastern Michigan,7,41,38
2010,Duke,7,13,28
2010,Miami,7,28,13
2010,Temple,7,28,27
2010,Bowling Green,7,27,28
2010,Rutgers,7,23,20
2010,Army,7,20,23
2010,Colorado State,7,43,10
2010,UNLV,7,10,43
2010,Ohio,7,38,10
2010,Akron,7,10,38
2010,Notre Dame,7,44,20
2010,Western Michigan,7,20,44
2010,Texas Tech,7,17,34
2010,Oklahoma State,7,34,17
2010,Georgia Tech,7,42,14
2010,Middle Tennessee,7,14,42
2010,Auburn,7,65,43
2010,Arkansas,7,43,65
2010,Michigan,7,28,38
2010,Iowa,7,38,28
2010,Navy,7,28,21
2010,SMU,7,21,28
2010,Northern Illinois,7,45,14
2010,Buffalo,7,14,45
2010,USC,7,48,14
2010,California,7,14,48
2010,Nebraska,7,13,20
2010,Texas,7,20,13
2010,Rice,7,34,31
2010,Houston,7,31,34
2010,Virginia Tech,7,52,21
2010,Wake Forest,7,21,52
2010,UAB,7,21,6
2010,UTEP,7,6,21
2010,Louisiana Tech,7,48,35
2010,Idaho,7,35,48
2010,TCU,7,31,3
2010,BYU,7,3,31
2010,Wyoming,7,6,30
2010,Utah,7,30,6
2010,Kentucky,7,31,28
2010,South Carolina,7,28,31
2010,Virginia,7,10,44
2010,North Carolina,7,44,10
2010,Oklahoma,7,52,0
2010,Iowa State,7,0,52
2010,Troy,7,31,24
2010,Louisiana,7,24,31
2010,Colorado,7,25,31
2010,Baylor,7,31,25
2010,Florida,7,7,10
2010,Mississippi State,7,10,7
2010,Wisconsin,7,31,18
2010,Ohio State,7,18,31
2010,Tulsa,7,52,24
2010,Tulane,7,24,52
2010,LSU,7,32,10
2010,McNeese,7,10,32
2010,Western Kentucky,7,30,35
2010,UL Monroe,7,35,30
2010,Toledo,7,34,21
2010,Kent State,7,21,34
2010,Washington State,7,7,24
2010,Arizona,7,24,7
2010,North Texas,7,10,34
2010,Florida International,7,34,10
2010,San José State,7,0,48
2010,Boise State,7,48,0
2010,San Diego State,7,27,25
2010,Air Force,7,25,27
2010,Alabama,7,23,10
2010,Ole Miss,7,10,23
2010,Washington,7,35,34
2010,Oregon State,7,34,35
2010,Fresno State,7,33,10
2010,New Mexico State,7,10,33
2010,Hawai'i,7,27,21
2010,Nevada,7,21,27
2010,Oregon,8,60,13
2010,UCLA,8,13,60
2010,Cincinnati,8,30,38
2010,South Florida,8,38,30
2010,Navy,8,35,17
2010,Notre Dame,8,17,35
2010,Pittsburgh,8,41,21
2010,Rutgers,8,21,41
2010,Illinois,8,43,13
2010,Indiana,8,13,43
2010,Minnesota,8,21,33
2010,Penn State,8,33,21
2010,Northwestern,8,27,35
2010,Michigan State,8,35,27
2010,Texas,8,21,28
2010,Iowa State,8,28,21
2010,Buffalo,8,0,42
2010,Temple,8,42,0
2010,Ohio State,8,49,0
2010,Purdue,8,0,49
2010,West Virginia,8,14,19
2010,Syracuse,8,19,14
2010,Virginia Tech,8,44,7
2010,Duke,8,7,44
2010,Arkansas,8,38,24
2010,Ole Miss,8,24,38
2010,Boston College,8,21,24
2010,Maryland,8,24,21
2010,Arkansas State,8,37,16
2010,Florida Atlantic,8,16,37
2010,Miami (OH),8,13,34
2010,Ohio,8,34,13
2010,BYU,8,25,20
2010,Wyoming,8,20,25
2010,Oklahoma State,8,41,51
2010,Nebraska,8,51,41
2010,Akron,8,10,56
2010,Western Michigan,8,56,10
2010,Baylor,8,47,42
2010,Kansas State,8,42,47
2010,SMU,8,20,45
2010,Houston,8,45,20
2010,Clemson,8,27,13
2010,Georgia Tech,8,13,27
2010,Colorado,8,24,27
2010,Texas Tech,8,27,24
2010,Iowa,8,30,31
2010,Wisconsin,8,31,30
2010,Louisville,8,26,0
2010,UConn,8,0,26
2010,Bowling Green,8,6,30
2010,Kent State,8,30,6
2010,Auburn,8,24,17
2010,LSU,8,17,24
2010,California,8,50,17
2010,Arizona State,8,17,50
2010,UCF,8,41,14
2010,Rice,8,14,41
2010,Northern Illinois,8,33,7
2010,Central Michigan,8,7,33
2010,East Carolina,8,37,10
2010,Marshall,8,10,37
2010,Middle Tennessee,8,38,10
2010,UL Monroe,8,10,38
2010,Louisiana,8,21,54
2010,Western Kentucky,8,54,21
2010,Utah State,8,7,45
2010,Hawai'i,8,45,7
2010,Stanford,8,38,28
2010,Washington State,8,28,38
2010,Idaho,8,37,14
2010,New Mexico State,8,14,37
2010,Virginia,8,48,21
2010,Eastern Michigan,8,21,48
2010,Utah,8,59,6
2010,Colorado State,8,6,59
2010,Vanderbilt,8,7,21
2010,South Carolina,8,21,7
2010,Mississippi State,8,29,24
2010,UAB,8,24,29
2010,Kansas,8,10,45
2010,Texas A&M,8,45,10
2010,Toledo,8,31,24
2010,Ball State,8,24,31
2010,Tennessee,8,10,41
2010,Alabama,8,41,10
2010,Miami,8,33,10
2010,North Carolina,8,10,33
2010,Kentucky,8,31,44
2010,Georgia,8,44,31
2010,TCU,8,38,7
2010,Air Force,8,7,38
2010,San José State,8,18,33
2010,Fresno State,8,33,18
2010,Missouri,8,36,27
2010,Oklahoma,8,27,36
2010,UTEP,8,24,34
2010,Tulane,8,34,24
2010,New Mexico,8,20,30
2010,San Diego State,8,30,20
2010,Arizona,8,44,14
2010,Washington,8,14,44
2010,Boise State,9,49,20
2010,Louisiana Tech,9,20,49
2010,NC State,9,28,24
2010,Florida State,9,24,28
2010,UConn,9,16,13
2010,West Virginia,9,13,16
2010,Illinois,9,44,10
2010,Purdue,9,10,44
2010,Army,9,29,7
2010,VMI,9,7,29
2010,Kansas State,9,14,24
2010,Oklahoma State,9,24,14
2010,Western Michigan,9,21,28
2010,Northern Illinois,9,28,21
2010,Virginia,9,24,19
2010,Miami,9,19,24
2010,Pittsburgh,9,20,3
2010,Louisville,9,3,20
2010,Southern Miss,9,49,50
2010,UAB,9,50,49
2010,Indiana,9,17,20
2010,Northwestern,9,20,17
2010,Cincinnati,9,7,31
2010,Syracuse,9,31,7
2010,Boston College,9,16,10
2010,Clemson,9,10,16
2010,South Carolina,9,38,24
2010,Tennessee,9,24,38
2010,Temple,9,30,0
2010,Akron,9,0,30
2010,Iowa State,9,28,16
2010,Kansas,9,16,28
2010,Ohio,9,38,31
2010,Louisiana,9,31,38
2010,Wyoming,9,38,48
2010,San Diego State,9,48,38
2010,Notre Dame,9,27,28
2010,Tulsa,9,28,27
2010,Western Kentucky,9,6,33
2010,North Texas,9,33,6
2010,Marshall,9,16,12
2010,UTEP,9,12,16
2010,North Carolina,9,21,17
2010,William & Mary,9,17,21
2010,Buffalo,9,9,21
2010,Miami (OH),9,21,9
2010,Tulane,9,17,31
2010,SMU,9,31,17
2010,UCLA,9,21,29
2010,Arizona,9,29,21
2010,Navy,9,31,34
2010,Duke,9,34,31
2010,UCF,9,49,35
2010,East Carolina,9,35,49
2010,Iowa,9,37,6
2010,Michigan State,9,6,37
2010,Texas A&M,9,45,27
2010,Texas Tech,9,27,45
2010,UL Monroe,9,28,14
2010,Troy,9,14,28
2010,Oregon State,9,35,7
2010,California,9,7,35
2010,Nebraska,9,31,17
2010,Missouri,9,17,31
2010,Central Michigan,9,14,17
2010,Bowling Green,9,17,14
2010,Georgia,9,31,34
2010,Florida,9,34,31
2010,Kent State,9,33,14
2010,Ball State,9,14,33
2010,Maryland,9,62,14
2010,Wake Forest,9,14,62
2010,New Mexico State,9,29,27
2010,San José State,9,27,29
2010,Florida Atlantic,9,21,9
2010,Florida International,9,9,21
2010,Eastern Michigan,9,7,42
2010,Toledo,9,42,7
2010,Ole Miss,9,31,51
2010,Auburn,9,51,31
2010,Colorado State,9,38,14
2010,New Mexico,9,14,38
2010,Memphis,9,17,56
2010,Houston,9,56,17
2010,Arkansas,9,49,14
2010,Vanderbilt,9,14,49
2010,Washington,9,0,41
2010,Stanford,9,41,0
2010,Texas,9,22,30
2010,Baylor,9,30,22
2010,Arizona State,9,42,0
2010,Washington State,9,0,42
2010,Mississippi State,9,24,17
2010,Kentucky,9,17,24
2010,Air Force,9,23,28
2010,Utah,9,28,23
2010,USC,9,32,53
2010,Oregon,9,53,32
2010,Minnesota,9,10,52
2010,Ohio State,9,52,10
2010,Penn State,9,41,31
2010,Michigan,9,31,41
2010,Oklahoma,9,43,10
2010,Colorado,9,10,43
2010,Nevada,9,56,42
2010,Utah State,9,42,56
2010,UNLV,9,6,48
2010,TCU,9,48,6
2010,Hawai'i,9,45,10
2010,Idaho,9,10,45
2010,Arkansas State,10,51,24
2010,Middle Tennessee,10,24,51
2010,South Florida,10,28,27
2010,Rutgers,10,27,28
2010,Ohio,10,34,17
2010,Buffalo,10,17,34
2010,Virginia Tech,10,28,21
2010,Georgia Tech,10,21,28
2010,Central Michigan,10,26,22
2010,Western Michigan,10,22,26
2010,Houston,10,33,40
2010,UCF,10,40,33
2010,Michigan,10,67,65
2010,Illinois,10,65,67
2010,Clemson,10,14,13
2010,NC State,10,13,14
2010,Syracuse,10,20,28
2010,Louisville,10,28,20
2010,Duke,10,55,48
2010,Virginia,10,48,55
2010,Army,10,22,42
2010,Air Force,10,42,22
2010,Purdue,10,13,34
2010,Wisconsin,10,34,13
2010,Miami,10,26,20
2010,Maryland,10,20,26
2010,Michigan State,10,31,8
2010,Minnesota,10,8,31
2010,Indiana,10,13,18
2010,Iowa,10,18,13
2010,Vanderbilt,10,14,55
2010,Florida,10,55,14
2010,Georgia,10,55,7
2010,Idaho State,10,7,55
2010,Oklahoma State,10,55,28
2010,Baylor,10,28,55
2010,Kentucky,10,49,21
2010,Charleston Southern,10,21,49
2010,Ball State,10,37,30
2010,Akron,10,30,37
2010,Auburn,10,62,24
2010,Chattanooga,10,24,62
2010,Tulsa,10,64,27
2010,Rice,10,27,64
2010,Kansas,10,52,45
2010,Colorado,10,45,52
2010,Kent State,10,10,28
2010,Temple,10,28,10
2010,BYU,10,55,7
2010,UNLV,10,7,55
2010,Utah State,10,27,22
2010,New Mexico State,10,22,27
2010,Iowa State,10,30,31
2010,Nebraska,10,31,30
2010,Boise State,10,42,7
2010,Hawai'i,10,7,42
2010,LSU,10,24,21
2010,Alabama,10,21,24
2010,Tulane,10,30,46
2010,Southern Miss,10,46,30
2010,Penn State,10,35,21
2010,Northwestern,10,21,35
2010,East Carolina,10,35,76
2010,Navy,10,76,35
2010,Oregon,10,53,16
2010,Washington,10,16,53
2010,Wake Forest,10,13,23
2010,Boston College,10,23,13
2010,Utah,10,7,47
2010,TCU,10,47,7
2010,Florida State,10,35,37
2010,North Carolina,10,37,35
2010,Washington State,10,13,20
2010,California,10,20,13
2010,Louisiana Tech,10,34,40
2010,Fresno State,10,40,34
2010,UAB,10,17,31
2010,Marshall,10,31,17
2010,Western Kentucky,10,16,17
2010,Florida Atlantic,10,17,16
2010,Idaho,10,17,63
2010,Nevada,10,63,17
2010,New Mexico,10,34,31
2010,Wyoming,10,31,34
2010,South Carolina,10,20,41
2010,Arkansas,10,41,20
2010,Ole Miss,10,43,21
2010,Louisiana,10,21,43
2010,Texas A&M,10,33,19
2010,Oklahoma,10,19,33
2010,North Texas,10,35,41
2010,Troy,10,41,35
2010,UCLA,10,17,14
2010,Oregon State,10,14,17
2010,Florida International,10,42,35
2010,UL Monroe,10,35,42
2010,Kansas State,10,39,14
2010,Texas,10,14,39
2010,Stanford,10,42,17
2010,Arizona,10,17,42
2010,Memphis,10,14,50
2010,Tennessee,10,50,14
2010,Texas Tech,10,24,17
2010,Missouri,10,17,24
2010,UTEP,10,28,14
2010,SMU,10,14,28
2010,San Diego State,10,24,19
2010,Colorado State,10,19,24
2010,USC,10,34,33
2010,Arizona State,10,33,34
2010,Northern Illinois,11,65,30
2010,Toledo,11,30,65
2010,Bowling Green,11,21,24
2010,Miami (OH),11,24,21
2010,UConn,11,30,28
2010,Pittsburgh,11,28,30
2010,UAB,11,42,54
2010,East Carolina,11,54,42
2010,Buffalo,11,3,20
2010,Ball State,11,20,3
2010,Idaho,11,14,52
2010,Boise State,11,52,14
2010,Northwestern,11,21,17
2010,Iowa,11,17,21
2010,Louisville,11,21,24
2010,South Florida,11,24,21
2010,Georgia Tech,11,10,35
2010,Miami,11,35,10
2010,Tennessee,11,52,14
2010,Ole Miss,11,14,52
2010,Illinois,11,34,38
2010,Minnesota,11,38,34
2010,Duke,11,16,21
2010,Boston College,11,21,16
2010,Wisconsin,11,83,20
2010,Indiana,11,20,83
2010,West Virginia,11,37,10
2010,Cincinnati,11,10,37
2010,UCF,11,21,31
2010,Southern Miss,11,31,21
2010,Purdue,11,16,27
2010,Michigan,11,27,16
2010,Kentucky,11,38,20
2010,Vanderbilt,11,20,38
2010,Missouri,11,38,28
2010,Kansas State,11,28,38
2010,Colorado,11,34,14
2010,Iowa State,11,14,34
2010,Kent State,11,28,45
2010,Army,11,45,28
2010,Colorado State,11,10,49
2010,BYU,11,49,10
2010,Western Michigan,11,45,30
2010,Eastern Michigan,11,30,45
2010,NC State,11,38,3
2010,Wake Forest,11,3,38
2010,Notre Dame,11,28,3
2010,Utah,11,3,28
2010,Marshall,11,28,13
2010,Memphis,11,13,28
2010,Arkansas State,11,35,36
2010,Western Kentucky,11,36,35
2010,Oklahoma,11,45,7
2010,Texas Tech,11,7,45
2010,Auburn,11,49,31
2010,Georgia,11,31,49
2010,North Carolina,11,10,26
2010,Virginia Tech,11,26,10
2010,Rutgers,11,10,13
2010,Syracuse,11,13,10
2010,Troy,11,35,52
2010,Florida International,11,52,35
2010,Middle Tennessee,11,17,23
2010,North Texas,11,23,17
2010,Ohio State,11,38,14
2010,Penn State,11,14,38
2010,Navy,11,38,37
2010,Central Michigan,11,37,38
2010,Virginia,11,23,42
2010,Maryland,11,42,23
2010,Tulane,11,54,49
2010,Rice,11,49,54
2010,Oregon State,11,14,31
2010,Washington State,11,31,14
2010,TCU,11,40,35
2010,San Diego State,11,35,40
2010,Air Force,11,48,23
2010,New Mexico,11,23,48
2010,New Mexico State,11,20,41
2010,Louisiana Tech,11,41,20
2010,Arkansas,11,58,21
2010,UTEP,11,21,58
2010,Nebraska,11,20,3
2010,Kansas,11,3,20
2010,LSU,11,51,0
2010,UL Monroe,11,0,51
2010,Florida Atlantic,11,24,23
2010,Louisiana,11,23,24
2010,Baylor,11,30,42
2010,Texas A&M,11,42,30
2010,Alabama,11,30,10
2010,Mississippi State,11,10,30
2010,Florida,11,14,36
2010,South Carolina,11,36,14
2010,Arizona State,11,13,17
2010,Stanford,11,17,13
2010,California,11,13,15
2010,Oregon,11,15,13
2010,Texas,11,16,33
2010,Oklahoma State,11,33,16
2010,Houston,11,25,28
2010,Tulsa,11,28,25
2010,Florida State,11,16,13
2010,Clemson,11,13,16
2010,San José State,11,34,38
2010,Utah State,11,38,34
2010,Arizona,11,21,24
2010,USC,11,24,21
2010,UNLV,11,42,16
2010,Wyoming,11,16,42
2010,Fresno State,11,34,35
2010,Nevada,11,35,34
2010,Temple,12,23,31
2010,Ohio,12,31,23
2010,Akron,12,14,19
2010,Miami (OH),12,19,14
2010,Toledo,12,33,14
2010,Bowling Green,12,14,33
2010,Alabama,12,63,7
2010,Georgia State,12,7,63
2010,Washington,12,24,7
2010,UCLA,12,7,24
2010,UNLV,12,20,35
2010,Air Force,12,35,20
2010,Boise State,12,51,0
2010,Fresno State,12,0,51
2010,Michigan State,12,35,31
2010,Purdue,12,31,35
2010,Kansas,12,14,48
2010,Oklahoma State,12,48,14
2010,Indiana,12,24,41
2010,Penn State,12,41,24
2010,South Florida,12,10,17
2010,Pittsburgh,12,17,10
2010,Louisville,12,10,17
2010,West Virginia,12,17,10
2010,Ball State,12,21,59
2010,Northern Illinois,12,59,21
2010,Boston College,12,17,13
2010,Virginia,12,13,17
2010,Michigan,12,28,48
2010,Wisconsin,12,48,28
2010,North Carolina,12,25,29
2010,NC State,12,29,25
2010,South Carolina,12,69,24
2010,Troy,12,24,69
2010,Florida,12,48,10
2010,App State,12,10,48
2010,Rice,12,62,38
2010,East Carolina,12,38,62
2010,Georgia Tech,12,30,20
2010,Duke,12,20,30
2010,Western Michigan,12,38,3
2010,Kent State,12,3,38
2010,Wyoming,12,44,0
2010,Colorado State,12,0,44
2010,Buffalo,12,17,21
2010,Eastern Michigan,12,21,17
2010,Tulsa,12,31,28
2010,UTEP,12,28,31
2010,Wake Forest,12,10,30
2010,Clemson,12,30,10
2010,Colorado,12,44,36
2010,Kansas State,12,36,44
2010,SMU,12,31,17
2010,Marshall,12,17,31
2010,Texas Tech,12,64,21
2010,Weber State,12,21,64
2010,Utah State,12,6,28
2010,Idaho,12,28,6
2010,Texas,12,51,17
2010,Florida Atlantic,12,17,51
2010,UL Monroe,12,49,37
2010,North Texas,12,37,49
2010,Miami,12,17,31
2010,Virginia Tech,12,31,17
2010,LSU,12,43,36
2010,Ole Miss,12,36,43
2010,Tulane,12,14,61
2010,UCF,12,61,14
2010,California,12,14,48
2010,Stanford,12,48,14
2010,Northwestern,12,27,48
2010,Illinois,12,48,27
2010,Iowa,12,17,20
2010,Ohio State,12,20,17
2010,Navy,12,35,19
2010,Arkansas State,12,19,35
2010,UAB,12,31,15
2010,Memphis,12,15,31
2010,Nevada,12,52,6
2010,New Mexico State,12,6,52
2010,Western Kentucky,12,26,27
2010,Middle Tennessee,12,27,26
2010,BYU,12,40,7
2010,New Mexico,12,7,40
2010,Syracuse,12,6,23
2010,UConn,12,23,6
2010,Notre Dame,12,27,3
2010,Army,12,3,27
2010,Louisiana,12,17,38
2010,Florida International,12,38,17
2010,Mississippi State,12,31,38
2010,Arkansas,12,38,31
2010,Iowa State,12,0,14
2010,Missouri,12,14,0
2010,Cincinnati,12,69,38
2010,Rutgers,12,38,69
2010,Vanderbilt,12,10,24
2010,Tennessee,12,24,10
2010,Baylor,12,24,53
2010,Oklahoma,12,53,24
2010,Texas A&M,12,9,6
2010,Nebraska,12,6,9
2010,Oregon State,12,36,7
2010,USC,12,7,36
2010,Maryland,12,16,30
2010,Florida State,12,30,16
2010,Southern Miss,12,59,41
2010,Houston,12,41,59
2010,San Diego State,12,34,38
2010,Utah,12,38,34
2010,Hawai'i,12,41,7
2010,San José State,12,7,41
2010,Miami (OH),13,23,3
2010,Temple,13,3,23
2010,Texas,13,17,24
2010,Texas A&M,13,24,17
2010,Kent State,13,28,6
2010,Ohio,13,6,28
2010,Rutgers,13,13,40
2010,Louisville,13,40,13
2010,Pittsburgh,13,10,35
2010,West Virginia,13,35,10
2010,Eastern Michigan,13,3,71
2010,Northern Illinois,13,71,3
2010,Akron,13,22,14
2010,Buffalo,13,14,22
2010,East Carolina,13,38,45
2010,SMU,13,45,38
2010,Bowling Green,13,7,41
2010,Western Michigan,13,41,7
2010,Toledo,13,42,31
2010,Central Michigan,13,31,42
2010,Alabama,13,27,28
2010,Auburn,13,28,27
2010,Nebraska,13,45,17
2010,Colorado,13,17,45
2010,Arizona State,13,55,34
2010,UCLA,13,34,55
2010,Tulsa,13,56,50
2010,Southern Miss,13,50,56
2010,Oregon,13,48,29
2010,Arizona,13,29,48
2010,Nevada,13,34,31
2010,Boise State,13,31,34
2010,Penn State,13,22,28
2010,Michigan State,13,28,22
2010,Purdue,13,31,34
2010,Indiana,13,34,31
2010,Marshall,13,38,23
2010,Tulane,13,23,38
2010,Miami,13,20,23
2010,South Florida,13,23,20
2010,Memphis,13,17,37
2010,UCF,13,37,17
2010,Ohio State,13,37,7
2010,Michigan,13,7,37
2010,UConn,13,38,17
2010,Cincinnati,13,17,38
2010,Syracuse,13,7,16
2010,Boston College,13,16,7
2010,Virginia Tech,13,37,7
2010,Virginia,13,7,37
2010,Tennessee,13,24,14
2010,Kentucky,13,14,24
2010,Missouri,13,35,7
2010,Kansas,13,7,35
2010,New Mexico State,13,24,59
2010,Hawai'i,13,59,24
2010,Florida International,13,31,24
2010,Arkansas State,13,24,31
2010,Duke,13,19,24
2010,North Carolina,13,24,19
2010,California,13,13,16
2010,Washington,13,16,13
2010,Utah,13,17,16
2010,BYU,13,16,17
2010,UL Monroe,13,22,23
2010,Louisiana,13,23,22
2010,Florida State,13,31,7
2010,Florida,13,7,31
2010,Rice,13,28,23
2010,UAB,13,23,28
2010,Maryland,13,38,31
2010,NC State,13,31,38
2010,Wisconsin,13,70,23
2010,Northwestern,13,23,70
2010,Middle Tennessee,13,38,14
2010,Florida Atlantic,13,14,38
2010,Minnesota,13,27,24
2010,Iowa,13,24,27
2010,Arkansas,13,31,23
2010,LSU,13,23,31
2010,Troy,13,28,14
2010,Western Kentucky,13,14,28
2010,New Mexico,13,17,66
2010,TCU,13,66,17
2010,North Texas,13,41,49
2010,Kansas State,13,49,41
2010,Clemson,13,7,29
2010,South Carolina,13,29,7
2010,Ole Miss,13,23,31
2010,Mississippi State,13,31,23
2010,Vanderbilt,13,13,34
2010,Wake Forest,13,34,13
2010,Stanford,13,38,0
2010,Oregon State,13,0,38
2010,Georgia,13,42,34
2010,Georgia Tech,13,34,42
2010,Texas Tech,13,35,20
2010,Houston,13,20,35
2010,San Diego State,13,48,14
2010,UNLV,13,14,48
2010,San José State,13,38,45
2010,Louisiana Tech,13,45,38
2010,USC,13,16,20
2010,Notre Dame,13,20,16
2010,Oklahoma State,13,41,47
2010,Oklahoma,13,47,41
2010,Fresno State,13,23,20
2010,Idaho,13,20,23
2010,Arizona,14,29,30
2010,Arizona State,14,30,29
2010,Miami (OH),14,26,21
2010,Northern Illinois,14,21,26
2010,Fresno State,14,25,23
2010,Illinois,14,23,25
2010,Cincinnati,14,10,28
2010,Pittsburgh,14,28,10
2010,West Virginia,14,35,14
2010,Rutgers,14,14,35
2010,UCF,14,17,7
2010,SMU,14,7,17
2010,Florida Atlantic,14,7,44
2010,Troy,14,44,7
2010,Louisiana Tech,14,17,35
2010,Nevada,14,35,17
2010,Boise State,14,50,14
2010,Utah State,14,14,50
2010,Oregon State,14,20,37
2010,Oregon,14,37,20
2010,South Carolina,14,17,56
2010,Auburn,14,56,17
2010,Idaho,14,26,23
2010,San José State,14,23,26
2010,Florida International,14,27,28
2010,Middle Tennessee,14,28,27
2010,Washington State,14,28,35
2010,Washington,14,35,28
2010,Virginia Tech,14,44,33
2010,Florida State,14,33,44
2010,South Florida,14,16,19
2010,UConn,14,19,16
2010,Nebraska,14,20,23
2010,Oklahoma,14,23,20
2010,UCLA,14,14,28
2010,USC,14,28,14
2010,Hawai'i,14,59,21
2010,UNLV,14,21,59
2010,Army,15,17,31
2010,Navy,15,31,17
2011,Louisville,1,21,9
2011,Murray State,1,9,21
2011,Florida International,1,41,16
2011,North Texas,1,16,41
2011,Temple,1,42,7
2011,Villanova,1,7,42
2011,Toledo,1,58,22
2011,New Hampshire,1,22,58
2011,Central Michigan,1,21,6
2011,South Carolina State,1,6,21
2011,Georgia Tech,1,63,21
2011,Western Carolina,1,21,63
2011,Rutgers,1,48,0
2011,North Carolina Central,1,0,48
2011,Utah,1,27,10
2011,Montana State,1,10,27
2011,Wisconsin,1,51,17
2011,UNLV,1,17,51
2011,Syracuse,1,36,29
2011,Wake Forest,1,29,36
2011,Memphis,1,14,59
2011,Mississippi State,1,59,14
2011,Idaho,1,15,32
2011,Bowling Green,1,32,15
2011,Western Kentucky,1,3,14
2011,Kentucky,1,14,3
2011,Arizona State,1,48,14
2011,UC Davis,1,14,48
2011,Michigan State,1,28,6
2011,Youngstown State,1,6,28
2011,Baylor,1,50,48
2011,TCU,1,48,50
2011,Missouri,1,17,6
2011,Miami (OH),1,6,17
2011,Auburn,1,42,38
2011,Utah State,1,38,42
2011,Ohio State,1,42,0
2011,Akron,1,0,42
2011,UConn,1,35,3
2011,Fordham,1,3,35
2011,Penn State,1,41,7
2011,Indiana State,1,7,41
2011,Iowa,1,34,7
2011,Tennessee Tech,1,7,34
2011,Purdue,1,27,24
2011,Middle Tennessee,1,24,27
2011,Boston College,1,17,24
2011,Northwestern,1,24,17
2011,Alabama,1,48,7
2011,Kent State,1,7,48
2011,Virginia Tech,1,66,13
2011,App State,1,13,66
2011,Tulane,1,47,33
2011,SE Louisiana,1,33,47
2011,Air Force,1,37,20
2011,South Dakota,1,20,37
2011,Houston,1,38,34
2011,UCLA,1,34,38
2011,Nebraska,1,40,7
2011,Chattanooga,1,7,40
2011,Illinois,1,33,15
2011,Arkansas State,1,15,33
2011,North Carolina,1,42,10
2011,James Madison,1,10,42
2011,Navy,1,40,17
2011,Delaware,1,17,40
2011,Florida State,1,34,0
2011,UL Monroe,1,0,34
2011,USC,1,19,17
2011,Minnesota,1,17,19
2011,Michigan,1,34,10
2011,Western Michigan,1,10,34
2011,Clemson,1,43,19
2011,Troy,1,19,43
2011,Notre Dame,1,20,23
2011,South Florida,1,23,20
2011,Oregon State,1,28,29
2011,Sacramento State,1,29,28
2011,Ole Miss,1,13,14
2011,BYU,1,14,13
2011,Stanford,1,57,3
2011,San José State,1,3,57
2011,Washington State,1,64,21
2011,Idaho State,1,21,64
2011,New Mexico,1,10,14
2011,Colorado State,1,14,10
2011,Tennessee,1,42,16
2011,Montana,1,16,42
2011,Virginia,1,40,3
2011,William & Mary,1,3,40
2011,Pittsburgh,1,35,16
2011,Buffalo,1,16,35
2011,NC State,1,43,21
2011,Liberty,1,21,43
2011,Ball State,1,27,20
2011,Indiana,1,20,27
2011,Northern Illinois,1,49,26
2011,Army,1,26,49
2011,California,1,36,21
2011,Fresno State,1,21,36
2011,Oklahoma State,1,61,34
2011,Louisiana,1,34,61
2011,Kansas,1,42,24
2011,McNeese,1,24,42
2011,Kansas State,1,10,7
2011,Eastern Kentucky,1,7,10
2011,Arkansas,1,51,7
2011,Missouri State,1,7,51
2011,UCF,1,62,0
2011,Charleston Southern,1,0,62
2011,Texas Tech,1,50,10
2011,Texas State,1,10,50
2011,Iowa State,1,20,19
2011,Northern Iowa,1,19,20
2011,South Carolina,1,56,37
2011,East Carolina,1,37,56
2011,Cincinnati,1,72,10
2011,Austin Peay,1,10,72
2011,Washington,1,30,27
2011,Eastern Washington,1,27,30
2011,Florida,1,41,3
2011,Florida Atlantic,1,3,41
2011,Duke,1,21,23
2011,Richmond,1,23,21
2011,Vanderbilt,1,45,14
2011,Elon,1,14,45
2011,New Mexico State,1,24,44
2011,Ohio,1,44,24
2011,LSU,1,40,27
2011,Oregon,1,27,40
2011,Georgia,1,21,35
2011,Boise State,1,35,21
2011,Oklahoma,1,47,14
2011,Tulsa,1,14,47
2011,Texas,1,34,9
2011,Rice,1,9,34
2011,Wyoming,1,35,32
2011,Weber State,1,32,35
2011,UTEP,1,31,24
2011,Stony Brook,1,24,31
2011,Arizona,1,41,10
2011,Northern Arizona,1,10,41
2011,San Diego State,1,49,21
2011,Cal Poly,1,21,49
2011,Southern Miss,1,19,17
2011,Louisiana Tech,1,17,19
2011,Hawai'i,1,34,17
2011,Colorado,1,17,34
2011,Eastern Michigan,1,41,9
2011,Howard,1,9,41
2011,West Virginia,1,34,13
2011,Marshall,1,13,34
2011,Texas A&M,1,46,14
2011,SMU,1,14,46
2011,Maryland,1,32,24
2011,Miami,1,24,32
2011,Oklahoma State,2,37,14
2011,Arizona,2,14,37
2011,Louisville,2,17,24
2011,Florida International,2,24,17
2011,Arizona State,2,37,30
2011,Missouri,2,30,37
2011,Kentucky,2,27,13
2011,Central Michigan,2,13,27
2011,Wisconsin,2,35,0
2011,Oregon State,2,0,35
2011,Michigan State,2,44,0
2011,Florida Atlantic,2,0,44
2011,Iowa State,2,44,41
2011,Iowa,2,41,44
2011,Illinois,2,56,3
2011,South Dakota State,2,3,56
2011,Army,2,20,23
2011,San Diego State,2,23,20
2011,Ohio State,2,27,22
2011,Toledo,2,22,27
2011,Auburn,2,41,34
2011,Mississippi State,2,34,41
2011,North Carolina,2,24,22
2011,Rutgers,2,22,24
2011,Pittsburgh,2,35,29
2011,Maine,2,29,35
2011,Eastern Michigan,2,14,7
2011,Alabama State,2,7,14
2011,West Virginia,2,55,12
2011,Norfolk State,2,12,55
2011,Colorado State,2,33,14
2011,Northern Colorado,2,14,33
2011,Wake Forest,2,34,27
2011,NC State,2,27,34
2011,Duke,2,14,44
2011,Stanford,2,44,14
2011,Washington,2,40,32
2011,Hawai'i,2,32,40
2011,Marshall,2,26,20
2011,Southern Miss,2,20,26
2011,Rice,2,24,22
2011,Purdue,2,22,24
2011,East Carolina,2,10,17
2011,Virginia Tech,2,17,10
2011,Oregon,2,69,20
2011,Nevada,2,20,69
2011,Clemson,2,35,27
2011,Wofford,2,27,35
2011,Colorado,2,33,36
2011,California,2,36,33
2011,Tulane,2,3,31
2011,Tulsa,2,31,3
2011,Penn State,2,11,27
2011,Alabama,2,27,11
2011,Northwestern,2,42,21
2011,Eastern Illinois,2,21,42
2011,Air Force,2,19,35
2011,TCU,2,35,19
2011,Tennessee,2,45,23
2011,Cincinnati,2,23,45
2011,Minnesota,2,21,28
2011,New Mexico State,2,28,21
2011,Syracuse,2,21,14
2011,Rhode Island,2,14,21
2011,Georgia,2,42,45
2011,South Carolina,2,45,42
2011,Washington State,2,59,7
2011,UNLV,2,7,59
2011,Idaho,2,44,14
2011,North Dakota,2,14,44
2011,Buffalo,2,35,7
2011,Stony Brook,2,7,35
2011,Ole Miss,2,42,24
2011,Southern Illinois,2,24,42
2011,Wyoming,2,45,10
2011,Texas State,2,10,45
2011,Akron,2,3,41
2011,Temple,2,41,3
2011,Florida State,2,62,10
2011,Charleston Southern,2,10,62
2011,Florida,2,39,0
2011,UAB,2,0,39
2011,Arkansas,2,52,3
2011,New Mexico,2,3,52
2011,South Florida,2,37,7
2011,Ball State,2,7,37
2011,Indiana,2,31,34
2011,Virginia,2,34,31
2011,Western Kentucky,2,14,40
2011,Navy,2,40,14
2011,Nebraska,2,42,29
2011,Fresno State,2,29,42
2011,Bowling Green,2,58,13
2011,Morgan State,2,13,58
2011,North Texas,2,23,48
2011,Houston,2,48,23
2011,Texas,2,17,16
2011,BYU,2,16,17
2011,Arkansas State,2,47,3
2011,Memphis,2,3,47
2011,Kent State,2,12,20
2011,Louisiana,2,20,12
2011,Louisiana Tech,2,48,42
2011,Central Arkansas,2,42,48
2011,Middle Tennessee,2,21,49
2011,Georgia Tech,2,49,21
2011,UL Monroe,2,35,7
2011,Grambling,2,7,35
2011,SMU,2,28,17
2011,UTEP,2,17,28
2011,Kansas,2,45,42
2011,Northern Illinois,2,42,45
2011,Western Michigan,2,38,7
2011,Nicholls,2,7,38
2011,Ohio,2,30,3
2011,Gardner-Webb,2,3,30
2011,USC,2,23,14
2011,Utah,2,14,23
2011,Vanderbilt,2,24,21
2011,UConn,2,21,24
2011,UCF,2,30,3
2011,Boston College,2,3,30
2011,Michigan,2,35,31
2011,Notre Dame,2,31,35
2011,LSU,2,49,3
2011,Northwestern State,2,3,49
2011,Utah State,2,54,17
2011,Weber State,2,17,54
2011,UCLA,2,27,17
2011,San José State,2,17,27
2011,Mississippi State,3,6,19
2011,LSU,3,19,6
2011,Toledo,3,15,40
2011,Boise State,3,40,15
2011,UConn,3,20,24
2011,Iowa State,3,24,20
2011,Michigan,3,31,3
2011,Eastern Michigan,3,3,31
2011,Purdue,3,59,0
2011,Southeast Missouri State,3,0,59
2011,Iowa,3,31,27
2011,Pittsburgh,3,27,31
2011,Maryland,3,31,37
2011,West Virginia,3,37,31
2011,Clemson,3,38,24
2011,Auburn,3,24,38
2011,Bowling Green,3,27,28
2011,Wyoming,3,28,27
2011,Western Michigan,3,44,14
2011,Central Michigan,3,14,44
2011,Temple,3,10,14
2011,Penn State,3,14,10
2011,Vanderbilt,3,30,7
2011,Ole Miss,3,7,30
2011,Georgia Tech,3,66,24
2011,Kansas,3,24,66
2011,Boston College,3,19,20
2011,Duke,3,20,19
2011,Georgia,3,59,0
2011,Coastal Carolina,3,0,59
2011,Colorado,3,28,14
2011,Colorado State,3,14,28
2011,TCU,3,38,17
2011,UL Monroe,3,17,38
2011,Cincinnati,3,59,14
2011,Akron,3,14,59
2011,UCLA,3,20,49
2011,Texas,3,49,20
2011,Notre Dame,3,31,13
2011,Michigan State,3,13,31
2011,Florida,3,33,23
2011,Tennessee,3,23,33
2011,Oregon,3,56,7
2011,Missouri State,3,7,56
2011,Northern Illinois,3,7,49
2011,Wisconsin,3,49,7
2011,Army,3,21,14
2011,Northwestern,3,14,21
2011,Minnesota,3,29,23
2011,Miami (OH),3,23,29
2011,New Mexico,3,13,59
2011,Texas Tech,3,59,13
2011,North Carolina,3,28,17
2011,Virginia,3,17,28
2011,Indiana,3,38,21
2011,South Carolina State,3,21,38
2011,Nebraska,3,51,38
2011,Washington,3,38,51
2011,San José State,3,14,17
2011,Nevada,3,17,14
2011,UAB,3,10,49
2011,Tulane,3,49,10
2011,Virginia Tech,3,26,7
2011,Arkansas State,3,7,26
2011,California,3,63,12
2011,Presbyterian,3,12,63
2011,South Carolina,3,24,21
2011,Navy,3,21,24
2011,Florida International,3,17,10
2011,UCF,3,10,17
2011,NC State,3,35,13
2011,South Alabama,3,13,35
2011,San Diego State,3,42,24
2011,Washington State,3,24,42
2011,Wake Forest,3,48,5
2011,Gardner-Webb,3,5,48
2011,Kentucky,3,17,24
2011,Louisville,3,24,17
2011,Texas A&M,3,37,7
2011,Idaho,3,7,37
2011,Memphis,3,27,6
2011,Austin Peay,3,6,27
2011,Louisiana Tech,3,34,35
2011,Houston,3,35,34
2011,Southern Miss,3,52,6
2011,SE Louisiana,3,6,52
2011,Ohio,3,44,7
2011,Marshall,3,7,44
2011,Louisiana,3,38,21
2011,Nicholls,3,21,38
2011,Western Kentucky,3,16,44
2011,Indiana State,3,44,16
2011,Missouri,3,69,0
2011,Western Illinois,3,0,69
2011,South Florida,3,70,17
2011,Florida A&M,3,17,70
2011,Kansas State,3,37,0
2011,Kent State,3,0,37
2011,Illinois,3,17,14
2011,Arizona State,3,14,17
2011,Ball State,3,28,25
2011,Buffalo,3,25,28
2011,Baylor,3,48,0
2011,Stephen F. Austin,3,0,48
2011,Alabama,3,41,0
2011,North Texas,3,0,41
2011,Arkansas,3,38,28
2011,Troy,3,28,38
2011,Miami,3,24,6
2011,Ohio State,3,6,24
2011,Florida State,3,13,23
2011,Oklahoma,3,23,13
2011,SMU,3,40,7
2011,Northwestern State,3,7,40
2011,USC,3,38,17
2011,Syracuse,3,17,38
2011,New Mexico State,3,10,16
2011,UTEP,3,16,10
2011,BYU,3,10,54
2011,Utah,3,54,10
2011,Tulsa,3,33,59
2011,Oklahoma State,3,59,33
2011,UNLV,3,40,20
2011,Hawai'i,3,20,40
2011,Fresno State,3,27,22
2011,North Dakota,3,22,27
2011,Arizona,3,10,37
2011,Stanford,3,37,10
2011,Cincinnati,4,44,14
2011,NC State,4,14,44
2011,BYU,4,24,17
2011,UCF,4,17,24
2011,Memphis,4,0,42
2011,SMU,4,42,0
2011,Penn State,4,34,6
2011,Eastern Michigan,4,6,34
2011,Iowa,4,45,17
2011,UL Monroe,4,17,45
2011,Michigan,4,28,7
2011,San Diego State,4,7,28
2011,Michigan State,4,45,7
2011,Central Michigan,4,7,45
2011,Syracuse,4,33,30
2011,Toledo,4,30,33
2011,Pittsburgh,4,12,15
2011,Notre Dame,4,15,12
2011,Georgia Tech,4,35,28
2011,North Carolina,4,28,35
2011,Ole Miss,4,13,27
2011,Georgia,4,27,13
2011,Maryland,4,7,38
2011,Temple,4,38,7
2011,Miami (OH),4,23,37
2011,Bowling Green,4,37,23
2011,Boston College,4,45,17
2011,Massachusetts,4,17,45
2011,TCU,4,55,13
2011,Portland State,4,13,55
2011,Akron,4,36,13
2011,VMI,4,13,36
2011,Ball State,4,48,21
2011,Army,4,21,48
2011,Rutgers,4,38,26
2011,Ohio,4,26,38
2011,Air Force,4,63,24
2011,Tennessee State,4,24,63
2011,Clemson,4,35,30
2011,Florida State,4,30,35
2011,Northern Illinois,4,47,30
2011,Cal Poly,4,30,47
2011,Kent State,4,33,25
2011,South Alabama,4,25,33
2011,Wisconsin,4,59,10
2011,South Dakota,4,10,59
2011,East Carolina,4,28,23
2011,UAB,4,23,28
2011,Alabama,4,38,14
2011,Arkansas,4,14,38
2011,Oregon State,4,19,27
2011,UCLA,4,27,19
2011,Duke,4,48,27
2011,Tulane,4,27,48
2011,Texas A&M,4,29,30
2011,Oklahoma State,4,30,29
2011,Washington,4,31,23
2011,California,4,23,31
2011,Marshall,4,10,30
2011,Virginia Tech,4,30,10
2011,Illinois,4,23,20
2011,Western Michigan,4,20,23
2011,Virginia,4,24,30
2011,Southern Miss,4,30,24
2011,Ohio State,4,37,17
2011,Colorado,4,17,37
2011,Miami,4,24,28
2011,Kansas State,4,28,24
2011,San José State,4,34,24
2011,New Mexico State,4,24,34
2011,Troy,4,38,35
2011,Middle Tennessee,4,35,38
2011,Idaho,4,24,48
2011,Fresno State,4,48,24
2011,New Mexico,4,45,48
2011,Sam Houston,4,48,45
2011,Florida International,4,31,36
2011,Louisiana,4,36,31
2011,Buffalo,4,3,17
2011,UConn,4,17,3
2011,Mississippi State,4,26,20
2011,Louisiana Tech,4,20,26
2011,North Texas,4,24,21
2011,Indiana,4,21,24
2011,Kentucky,4,10,48
2011,Florida,4,48,10
2011,Texas Tech,4,35,34
2011,Nevada,4,34,35
2011,South Carolina,4,21,3
2011,Vanderbilt,4,3,21
2011,South Florida,4,52,24
2011,UTEP,4,24,52
2011,Auburn,4,30,14
2011,Florida Atlantic,4,14,30
2011,Baylor,4,56,31
2011,Rice,4,31,56
2011,Minnesota,4,24,37
2011,North Dakota State,4,37,24
2011,Wyoming,4,14,38
2011,Nebraska,4,38,14
2011,Arkansas State,4,53,24
2011,Central Arkansas,4,24,53
2011,Utah State,4,34,35
2011,Colorado State,4,35,34
2011,Houston,4,56,0
2011,Georgia State,4,0,56
2011,Oklahoma,4,38,28
2011,Missouri,4,28,38
2011,Boise State,4,41,21
2011,Tulsa,4,21,41
2011,West Virginia,4,21,47
2011,LSU,4,47,21
2011,UNLV,4,16,41
2011,Southern Utah,4,41,16
2011,Arizona State,4,43,22
2011,USC,4,22,43
2011,Arizona,4,31,56
2011,Oregon,4,56,31
2011,Hawai'i,4,56,14
2011,UC Davis,4,14,56
2011,Pittsburgh,5,44,17
2011,South Florida,5,17,44
2011,UTEP,5,42,49
2011,Houston,5,49,42
2011,BYU,5,27,24
2011,Utah State,5,24,27
2011,Army,5,45,6
2011,Tulane,5,6,45
2011,Michigan,5,58,0
2011,Minnesota,5,0,58
2011,Syracuse,5,16,19
2011,Rutgers,5,19,16
2011,Kansas,5,34,45
2011,Texas Tech,5,45,34
2011,Indiana,5,10,16
2011,Penn State,5,16,10
2011,Illinois,5,38,35
2011,Northwestern,5,35,38
2011,Arkansas,5,42,38
2011,Texas A&M,5,38,42
2011,Georgia,5,24,10
2011,Mississippi State,5,10,24
2011,Temple,5,13,36
2011,Toledo,5,36,13
2011,Navy,5,34,35
2011,Air Force,5,35,34
2011,LSU,5,35,7
2011,Kentucky,5,7,35
2011,Tennessee,5,41,10
2011,Buffalo,5,10,41
2011,Boston College,5,19,27
2011,Wake Forest,5,27,19
2011,Miami (OH),5,0,27
2011,Cincinnati,5,27,0
2011,Eastern Michigan,5,31,23
2011,Akron,5,23,31
2011,Ohio,5,17,10
2011,Kent State,5,10,17
2011,Boise State,5,30,10
2011,Nevada,5,10,30
2011,West Virginia,5,55,10
2011,Bowling Green,5,10,55
2011,Central Michigan,5,48,41
2011,Northern Illinois,5,41,48
2011,Colorado,5,27,31
2011,Washington State,5,31,27
2011,Kansas State,5,36,35
2011,Baylor,5,35,36
2011,NC State,5,35,45
2011,Georgia Tech,5,45,35
2011,Louisville,5,13,17
2011,Marshall,5,17,13
2011,USC,5,48,41
2011,Arizona,5,41,48
2011,South Carolina,5,13,16
2011,Auburn,5,16,13
2011,Ohio State,5,7,10
2011,Michigan State,5,10,7
2011,Miami,5,45,14
2011,Bethune-Cookman,5,14,45
2011,TCU,5,33,40
2011,SMU,5,40,33
2011,Maryland,5,28,3
2011,Towson,5,3,28
2011,Virginia,5,21,20
2011,Idaho,5,20,21
2011,UConn,5,31,38
2011,Western Michigan,5,38,31
2011,Western Kentucky,5,22,26
2011,Arkansas State,5,26,22
2011,Colorado State,5,31,38
2011,San José State,5,38,31
2011,Virginia Tech,5,3,23
2011,Clemson,5,23,3
2011,Troy,5,24,23
2011,UAB,5,23,24
2011,Iowa State,5,14,37
2011,Texas,5,37,14
2011,Louisiana,5,37,34
2011,Florida Atlantic,5,34,37
2011,Oklahoma,5,62,6
2011,Ball State,5,6,62
2011,Louisiana Tech,5,26,44
2011,Hawai'i,5,44,26
2011,Middle Tennessee,5,38,31
2011,Memphis,5,31,38
2011,Utah,5,14,31
2011,Washington,5,31,14
2011,Florida International,5,27,31
2011,Duke,5,31,27
2011,Tulsa,5,41,24
2011,North Texas,5,24,41
2011,Southern Miss,5,48,24
2011,Rice,5,24,48
2011,Wisconsin,5,48,17
2011,Nebraska,5,17,48
2011,Purdue,5,10,38
2011,Notre Dame,5,38,10
2011,New Mexico,5,28,42
2011,New Mexico State,5,42,28
2011,Florida,5,10,38
2011,Alabama,5,38,10
2011,East Carolina,5,20,35
2011,North Carolina,5,35,20
2011,Fresno State,5,28,38
2011,Ole Miss,5,38,28
2011,Stanford,5,45,19
2011,UCLA,5,19,45
2011,Arizona State,5,35,20
2011,Oregon State,5,20,35
2011,Middle Tennessee,6,33,36
2011,Western Kentucky,6,36,33
2011,Oregon,6,43,15
2011,California,6,15,43
2011,Fresno State,6,7,57
2011,Boise State,6,57,7
2011,Purdue,6,45,17
2011,Minnesota,6,17,45
2011,UAB,6,3,21
2011,Mississippi State,6,21,3
2011,Georgia Tech,6,21,16
2011,Maryland,6,16,21
2011,North Carolina,6,14,7
2011,Louisville,6,7,14
2011,Texas,6,17,55
2011,Oklahoma,6,55,17
2011,West Virginia,6,43,16
2011,UConn,6,16,43
2011,South Carolina,6,54,3
2011,Kentucky,6,3,54
2011,Rice,6,28,6
2011,Memphis,6,6,28
2011,Wake Forest,6,35,30
2011,Florida State,6,30,35
2011,Miami (OH),6,35,28
2011,Army,6,28,35
2011,Ball State,6,0,42
2011,Temple,6,42,0
2011,Akron,6,17,27
2011,Florida International,6,27,17
2011,Western Michigan,6,45,21
2011,Bowling Green,6,21,45
2011,Indiana,6,20,41
2011,Illinois,6,41,20
2011,Toledo,6,54,16
2011,Eastern Michigan,6,16,54
2011,Clemson,6,36,14
2011,Boston College,6,14,36
2011,Notre Dame,6,59,33
2011,Air Force,6,33,59
2011,Penn State,6,13,3
2011,Iowa,6,3,13
2011,NC State,6,38,24
2011,Central Michigan,6,24,38
2011,Navy,6,35,63
2011,Southern Miss,6,63,35
2011,Buffalo,6,38,37
2011,Ohio,6,37,38
2011,Kansas State,6,24,17
2011,Missouri,6,17,24
2011,Utah,6,14,35
2011,Arizona State,6,35,14
2011,Northern Illinois,6,40,10
2011,Kent State,6,10,40
2011,Virginia Tech,6,38,35
2011,Miami,6,35,38
2011,LSU,6,41,11
2011,Florida,6,11,41
2011,Oklahoma State,6,70,28
2011,Kansas,6,28,70
2011,Rutgers,6,34,10
2011,Pittsburgh,6,10,34
2011,Oregon State,6,37,27
2011,Arizona,6,27,37
2011,Idaho,6,11,24
2011,Louisiana Tech,6,24,11
2011,Louisiana,6,31,17
2011,Troy,6,17,31
2011,Texas Tech,6,40,45
2011,Texas A&M,6,45,40
2011,Baylor,6,49,26
2011,Iowa State,6,26,49
2011,Nevada,6,37,0
2011,UNLV,6,0,37
2011,UL Monroe,6,19,24
2011,Arkansas State,6,24,19
2011,Northwestern,6,24,42
2011,Michigan,6,42,24
2011,Alabama,6,34,0
2011,Vanderbilt,6,0,34
2011,Houston,6,56,3
2011,East Carolina,6,3,56
2011,UCF,6,16,6
2011,Marshall,6,6,16
2011,Tennessee,6,12,20
2011,Georgia,6,20,12
2011,Arkansas,6,38,14
2011,Auburn,6,14,38
2011,Stanford,6,48,7
2011,Colorado,6,7,48
2011,North Texas,6,31,17
2011,Florida Atlantic,6,17,31
2011,Tulane,6,34,37
2011,Syracuse,6,37,34
2011,Utah State,6,63,19
2011,Wyoming,6,19,63
2011,Nebraska,6,34,27
2011,Ohio State,6,27,34
2011,BYU,6,29,16
2011,San José State,6,16,29
2011,UCLA,6,28,25
2011,Washington State,6,25,28
2011,San Diego State,6,14,27
2011,TCU,6,27,14
2011,Air Force,7,27,41
2011,San Diego State,7,41,27
2011,California,7,9,30
2011,USC,7,30,9
2011,San José State,7,28,27
2011,Hawai'i,7,27,28
2011,Penn State,7,23,18
2011,Purdue,7,18,23
2011,Bowling Green,7,21,28
2011,Toledo,7,28,21
2011,Texas A&M,7,55,28
2011,Baylor,7,28,55
2011,Michigan State,7,28,14
2011,Michigan,7,14,28
2011,Wisconsin,7,59,7
2011,Indiana,7,7,59
2011,Pittsburgh,7,14,26
2011,Utah,7,26,14
2011,Cincinnati,7,25,16
2011,Louisville,7,16,25
2011,Mississippi State,7,12,14
2011,South Carolina,7,14,12
2011,North Carolina,7,24,30
2011,Miami,7,30,24
2011,Temple,7,34,0
2011,Buffalo,7,0,34
2011,Rutgers,7,21,20
2011,Navy,7,20,21
2011,Missouri,7,52,17
2011,Iowa State,7,17,52
2011,Wyoming,7,41,14
2011,UNLV,7,14,41
2011,Marshall,7,24,20
2011,Rice,7,20,24
2011,Duke,7,16,41
2011,Florida State,7,41,16
2011,Central Michigan,7,28,35
2011,Eastern Michigan,7,35,28
2011,Tulane,7,7,44
2011,UTEP,7,44,7
2011,Kent State,7,3,9
2011,Miami (OH),7,9,3
2011,Ohio,7,20,23
2011,Ball State,7,23,20
2011,Tennessee,7,7,38
2011,LSU,7,38,7
2011,Virginia,7,24,21
2011,Georgia Tech,7,21,24
2011,Texas,7,26,38
2011,Oklahoma State,7,38,26
2011,Northern Illinois,7,51,22
2011,Western Michigan,7,22,51
2011,Illinois,7,7,17
2011,Ohio State,7,17,7
2011,UConn,7,16,10
2011,South Florida,7,10,16
2011,Washington,7,52,24
2011,Colorado,7,24,52
2011,SMU,7,38,17
2011,UCF,7,17,38
2011,Florida Atlantic,7,0,20
2011,Western Kentucky,7,20,0
2011,Oregon State,7,28,38
2011,BYU,7,38,28
2011,Nevada,7,49,7
2011,New Mexico,7,7,49
2011,Louisiana,7,30,10
2011,North Texas,7,10,30
2011,Ole Miss,7,7,52
2011,Alabama,7,52,7
2011,Colorado State,7,13,63
2011,Boise State,7,63,13
2011,Wake Forest,7,17,38
2011,Virginia Tech,7,38,17
2011,Troy,7,10,38
2011,UL Monroe,7,38,10
2011,Maryland,7,45,56
2011,Clemson,7,56,45
2011,Vanderbilt,7,28,33
2011,Georgia,7,33,28
2011,Texas Tech,7,34,41
2011,Kansas State,7,41,34
2011,Memphis,7,17,35
2011,East Carolina,7,35,17
2011,Iowa,7,41,31
2011,Northwestern,7,31,41
2011,Auburn,7,17,6
2011,Florida,7,6,17
2011,Washington State,7,14,44
2011,Stanford,7,44,14
2011,Tulsa,7,37,20
2011,UAB,7,20,37
2011,New Mexico State,7,31,24
2011,Idaho,7,24,31
2011,Kansas,7,17,47
2011,Oklahoma,7,47,17
2011,Fresno State,7,31,21
2011,Utah State,7,21,31
2011,Oregon,7,41,27
2011,Arizona State,7,27,41
2011,Arkansas State,8,34,16
2011,Florida International,8,16,34
2011,UAB,8,26,24
2011,UCF,8,24,26
2011,Arizona,8,48,12
2011,UCLA,8,12,48
2011,Syracuse,8,49,23
2011,West Virginia,8,23,49
2011,Louisville,8,16,14
2011,Rutgers,8,14,16
2011,Kentucky,8,38,14
2011,Jacksonville State,8,14,38
2011,Missouri,8,24,45
2011,Oklahoma State,8,45,24
2011,South Florida,8,34,37
2011,Cincinnati,8,37,34
2011,Clemson,8,59,38
2011,North Carolina,8,38,59
2011,Iowa,8,45,24
2011,Indiana,8,24,45
2011,Purdue,8,21,14
2011,Illinois,8,14,21
2011,Kansas,8,21,59
2011,Kansas State,8,59,21
2011,Buffalo,8,30,31
2011,Northern Illinois,8,31,30
2011,Ole Miss,8,24,29
2011,Arkansas,8,29,24
2011,Duke,8,23,24
2011,Wake Forest,8,24,23
2011,Eastern Michigan,8,14,10
2011,Western Michigan,8,10,14
2011,TCU,8,69,0
2011,New Mexico,8,0,69
2011,Ball State,8,31,27
2011,Central Michigan,8,27,31
2011,Virginia Tech,8,30,14
2011,Boston College,8,14,30
2011,BYU,8,56,3
2011,Idaho State,8,3,56
2011,Utah State,8,17,24
2011,Louisiana Tech,8,24,17
2011,Boise State,8,37,26
2011,Air Force,8,26,37
2011,Virginia,8,14,28
2011,NC State,8,28,14
2011,Miami,8,24,7
2011,Georgia Tech,8,7,24
2011,Navy,8,35,38
2011,East Carolina,8,38,35
2011,Colorado,8,2,45
2011,Oregon,8,45,2
2011,Iowa State,8,17,33
2011,Texas A&M,8,33,17
2011,Bowling Green,8,13,10
2011,Temple,8,10,13
2011,Florida State,8,41,16
2011,Maryland,8,16,41
2011,Tulane,8,17,33
2011,Memphis,8,33,17
2011,Minnesota,8,14,41
2011,Nebraska,8,41,14
2011,Akron,8,20,37
2011,Ohio,8,37,20
2011,LSU,8,45,10
2011,Auburn,8,10,45
2011,Western Kentucky,8,42,23
2011,Louisiana,8,23,42
2011,Nevada,8,45,38
2011,Fresno State,8,38,45
2011,Houston,8,63,28
2011,Marshall,8,28,63
2011,North Texas,8,38,21
2011,UL Monroe,8,21,38
2011,Rice,8,20,38
2011,Tulsa,8,38,20
2011,Northwestern,8,24,34
2011,Penn State,8,34,24
2011,Vanderbilt,8,44,21
2011,Army,8,21,44
2011,California,8,34,10
2011,Utah,8,10,34
2011,Toledo,8,49,28
2011,Miami (OH),8,28,49
2011,Alabama,8,37,6
2011,Tennessee,8,6,37
2011,Notre Dame,8,17,31
2011,USC,8,31,17
2011,UTEP,8,31,17
2011,Colorado State,8,17,31
2011,Florida Atlantic,8,14,38
2011,Middle Tennessee,8,38,14
2011,Oklahoma,8,38,41
2011,Texas Tech,8,41,38
2011,Michigan State,8,37,31
2011,Wisconsin,8,31,37
2011,Stanford,8,65,21
2011,Washington,8,21,65
2011,Southern Miss,8,27,3
2011,SMU,8,3,27
2011,Washington State,8,21,44
2011,Oregon State,8,44,21
2011,Hawai'i,8,45,34
2011,New Mexico State,8,34,45
2011,Florida International,9,23,20
2011,Troy,9,20,23
2011,Pittsburgh,9,35,20
2011,UConn,9,20,35
2011,Miami,9,21,28
2011,Virginia,9,28,21
2011,Houston,9,73,34
2011,Rice,9,34,73
2011,TCU,9,38,28
2011,BYU,9,28,38
2011,Michigan,9,36,14
2011,Purdue,9,14,36
2011,Nebraska,9,24,3
2011,Michigan State,9,3,24
2011,Florida State,9,34,0
2011,NC State,9,0,34
2011,Indiana,9,38,59
2011,Northwestern,9,59,38
2011,Texas A&M,9,31,38
2011,Missouri,9,38,31
2011,Marshall,9,59,14
2011,UAB,9,14,59
2011,Louisville,9,27,10
2011,Syracuse,9,10,27
2011,Akron,9,22,23
2011,Central Michigan,9,23,22
2011,Vanderbilt,9,28,31
2011,Arkansas,9,31,28
2011,Duke,9,10,14
2011,Virginia Tech,9,14,10
2011,Kent State,9,27,15
2011,Bowling Green,9,15,27
2011,Western Michigan,9,45,35
2011,Ball State,9,35,45
2011,New Mexico,9,0,42
2011,Air Force,9,42,0
2011,Oregon,9,43,28
2011,Washington State,9,28,43
2011,Maryland,9,17,28
2011,Boston College,9,28,17
2011,Tulsa,9,38,7
2011,SMU,9,7,38
2011,Army,9,55,0
2011,Fordham,9,0,55
2011,Kansas State,9,17,58
2011,Oklahoma,9,58,17
2011,Minnesota,9,22,21
2011,Iowa,9,21,22
2011,Florida,9,20,24
2011,Georgia,9,24,20
2011,Miami (OH),9,41,13
2011,Buffalo,9,13,41
2011,North Carolina,9,49,24
2011,Wake Forest,9,24,49
2011,Oklahoma State,9,59,24
2011,Baylor,9,24,59
2011,Penn State,9,10,7
2011,Illinois,9,7,10
2011,East Carolina,9,34,13
2011,Tulane,9,13,34
2011,Rutgers,9,31,41
2011,West Virginia,9,41,31
2011,Notre Dame,9,56,14
2011,Navy,9,14,56
2011,UL Monroe,9,28,31
2011,Western Kentucky,9,31,28
2011,Louisiana Tech,9,38,28
2011,San José State,9,28,38
2011,UCF,9,41,0
2011,Memphis,9,0,41
2011,Idaho,9,14,16
2011,Hawai'i,9,16,14
2011,UNLV,9,38,35
2011,Colorado State,9,35,38
2011,Arizona State,9,48,14
2011,Colorado,9,14,48
2011,Utah,9,27,8
2011,Oregon State,9,8,27
2011,Texas,9,43,0
2011,Kansas,9,0,43
2011,Texas Tech,9,7,41
2011,Iowa State,9,41,7
2011,UCLA,9,31,14
2011,California,9,14,31
2011,Arkansas State,9,37,14
2011,North Texas,9,14,37
2011,Kentucky,9,16,28
2011,Mississippi State,9,28,16
2011,Auburn,9,41,23
2011,Ole Miss,9,23,41
2011,Tennessee,9,3,14
2011,South Carolina,9,14,3
2011,Middle Tennessee,9,20,45
2011,Louisiana,9,45,20
2011,Ohio State,9,33,29
2011,Wisconsin,9,29,33
2011,USC,9,48,56
2011,Stanford,9,56,48
2011,UTEP,9,13,31
2011,Southern Miss,9,31,13
2011,New Mexico State,9,34,48
2011,Nevada,9,48,34
2011,Georgia Tech,9,31,17
2011,Clemson,9,17,31
2011,San Diego State,9,27,30
2011,Wyoming,9,30,27
2011,Washington,9,42,31
2011,Arizona,9,31,42
2011,Toledo,10,60,63
2011,Northern Illinois,10,63,60
2011,Ohio,10,35,31
2011,Temple,10,31,35
2011,Miami (OH),10,35,3
2011,Akron,10,3,35
2011,UCF,10,17,24
2011,Tulsa,10,24,17
2011,Boston College,10,7,38
2011,Florida State,10,38,7
2011,Kent State,10,24,21
2011,Central Michigan,10,21,24
2011,Colorado,10,17,42
2011,USC,10,42,17
2011,Ohio State,10,34,20
2011,Indiana,10,20,34
2011,Michigan State,10,31,24
2011,Minnesota,10,24,31
2011,Texas,10,52,20
2011,Texas Tech,10,20,52
2011,West Virginia,10,35,38
2011,Louisville,10,38,35
2011,UConn,10,28,21
2011,Syracuse,10,21,28
2011,Iowa,10,24,16
2011,Michigan,10,16,24
2011,Eastern Michigan,10,31,33
2011,Ball State,10,33,31
2011,Florida,10,26,21
2011,Vanderbilt,10,21,26
2011,Maryland,10,13,31
2011,Virginia,10,31,13
2011,Georgia,10,63,16
2011,New Mexico State,10,16,63
2011,Iowa State,10,13,10
2011,Kansas,10,10,13
2011,NC State,10,13,0
2011,North Carolina,10,0,13
2011,Wyoming,10,20,31
2011,TCU,10,31,20
2011,SMU,10,45,24
2011,Tulane,10,24,45
2011,Miami,10,49,14
2011,Duke,10,14,49
2011,Nebraska,10,25,28
2011,Northwestern,10,28,25
2011,Louisiana,10,36,35
2011,UL Monroe,10,35,36
2011,Air Force,10,24,14
2011,Army,10,14,24
2011,Wisconsin,10,62,17
2011,Purdue,10,17,62
2011,Oregon State,10,13,38
2011,Stanford,10,38,13
2011,Navy,10,42,14
2011,Troy,10,14,42
2011,Oklahoma,10,41,25
2011,Texas A&M,10,25,41
2011,Rice,10,41,37
2011,UTEP,10,37,41
2011,Kentucky,10,30,13
2011,Ole Miss,10,13,30
2011,San José State,10,29,32
2011,Idaho,10,32,29
2011,Western Kentucky,10,10,9
2011,Florida International,10,9,10
2011,Florida Atlantic,10,21,39
2011,Arkansas State,10,39,21
2011,East Carolina,10,28,48
2011,Southern Miss,10,48,28
2011,California,10,30,7
2011,Washington State,10,7,30
2011,UAB,10,13,56
2011,Houston,10,56,13
2011,Pittsburgh,10,23,26
2011,Cincinnati,10,26,23
2011,Tennessee,10,24,0
2011,Middle Tennessee,10,0,24
2011,Rutgers,10,20,17
2011,South Florida,10,17,20
2011,Baylor,10,42,39
2011,Missouri,10,39,42
2011,Arizona,10,21,34
2011,Utah,10,34,21
2011,Arkansas,10,44,28
2011,South Carolina,10,28,44
2011,UCLA,10,29,28
2011,Arizona State,10,28,29
2011,Mississippi State,10,55,17
2011,UT Martin,10,17,55
2011,Wake Forest,10,17,24
2011,Notre Dame,10,24,17
2011,Oklahoma State,10,52,45
2011,Kansas State,10,45,52
2011,Alabama,10,6,9
2011,LSU,10,9,6
2011,San Diego State,10,35,7
2011,New Mexico,10,7,35
2011,UNLV,10,21,48
2011,Boise State,10,48,21
2011,Fresno State,10,21,41
2011,Louisiana Tech,10,41,21
2011,Washington,10,17,34
2011,Oregon,10,34,17
2011,Hawai'i,10,31,35
2011,Utah State,10,35,31
2011,Bowling Green,11,14,45
2011,Northern Illinois,11,45,14
2011,Toledo,11,66,63
2011,Western Michigan,11,63,66
2011,Temple,11,24,21
2011,Miami (OH),11,21,24
2011,Central Michigan,11,28,43
2011,Ohio,11,43,28
2011,Tulane,11,17,73
2011,Houston,11,73,17
2011,Georgia Tech,11,26,37
2011,Virginia Tech,11,37,26
2011,Syracuse,11,17,37
2011,South Florida,11,37,17
2011,Cincinnati,11,21,24
2011,West Virginia,11,24,21
2011,Missouri,11,17,5
2011,Texas,11,5,17
2011,Purdue,11,26,23
2011,Ohio State,11,23,26
2011,Louisville,11,14,21
2011,Pittsburgh,11,21,14
2011,Northwestern,11,28,6
2011,Rice,11,6,28
2011,Iowa,11,21,37
2011,Michigan State,11,37,21
2011,South Carolina,11,17,12
2011,Florida,11,12,17
2011,Texas Tech,11,6,66
2011,Oklahoma State,11,66,6
2011,Tulsa,11,59,17
2011,Marshall,11,17,59
2011,Clemson,11,31,28
2011,Wake Forest,11,28,31
2011,Penn State,11,14,17
2011,Nebraska,11,17,14
2011,Vanderbilt,11,38,8
2011,Kentucky,11,8,38
2011,Boston College,11,14,10
2011,NC State,11,10,14
2011,Troy,11,33,38
2011,North Texas,11,38,33
2011,Eastern Michigan,11,30,17
2011,Buffalo,11,17,30
2011,Kansas,11,30,31
2011,Baylor,11,31,30
2011,Air Force,11,17,25
2011,Wyoming,11,25,17
2011,Akron,11,3,35
2011,Kent State,11,35,3
2011,Colorado,11,48,29
2011,Arizona,11,29,48
2011,Arkansas State,11,30,21
2011,Louisiana,11,21,30
2011,Utah State,11,34,33
2011,San José State,11,33,34
2011,Virginia,11,31,21
2011,Duke,11,21,31
2011,Minnesota,11,13,42
2011,Wisconsin,11,42,13
2011,Boise State,11,35,36
2011,TCU,11,36,35
2011,Illinois,11,14,31
2011,Michigan,11,31,14
2011,Georgia,11,45,7
2011,Auburn,11,7,45
2011,Kansas State,11,53,50
2011,Texas A&M,11,50,53
2011,Florida State,11,23,19
2011,Miami,11,19,23
2011,SMU,11,17,24
2011,Navy,11,24,17
2011,UL Monroe,11,42,14
2011,Middle Tennessee,11,14,42
2011,Army,11,12,27
2011,Rutgers,11,27,12
2011,USC,11,40,17
2011,Washington,11,17,40
2011,Memphis,11,35,41
2011,UAB,11,41,35
2011,Florida International,11,41,7
2011,Florida Atlantic,11,7,41
2011,Arkansas,11,49,7
2011,Tennessee,11,7,49
2011,Colorado State,11,15,18
2011,San Diego State,11,18,15
2011,California,11,23,6
2011,Oregon State,11,6,23
2011,Utah,11,31,6
2011,UCLA,11,6,31
2011,LSU,11,42,9
2011,Western Kentucky,11,9,42
2011,Ole Miss,11,7,27
2011,Louisiana Tech,11,27,7
2011,Notre Dame,11,45,21
2011,Maryland,11,21,45
2011,Mississippi State,11,7,24
2011,Alabama,11,24,7
2011,New Mexico State,11,48,45
2011,Fresno State,11,45,48
2011,Southern Miss,11,30,29
2011,UCF,11,29,30
2011,Stanford,11,30,53
2011,Oregon,11,53,30
2011,UTEP,11,22,17
2011,East Carolina,11,17,22
2011,BYU,11,42,7
2011,Idaho,11,7,42
2011,New Mexico,11,21,14
2011,UNLV,11,14,21
2011,Nevada,11,42,28
2011,Hawai'i,11,28,42
2011,Washington State,11,37,27
2011,Arizona State,11,27,37
2011,Northern Illinois,12,41,38
2011,Ball State,12,38,41
2011,Bowling Green,12,28,29
2011,Ohio,12,29,28
2011,Miami (OH),12,21,24
2011,Western Michigan,12,24,21
2011,Memphis,12,22,23
2011,Marshall,12,23,22
2011,Virginia Tech,12,24,21
2011,North Carolina,12,21,24
2011,UAB,12,34,31
2011,Southern Miss,12,31,34
2011,Central Michigan,12,17,44
2011,Toledo,12,44,17
2011,Iowa State,12,37,31
2011,Oklahoma State,12,31,37
2011,Michigan State,12,55,3
2011,Indiana,12,3,55
2011,Illinois,12,17,28
2011,Wisconsin,12,28,17
2011,UConn,12,20,34
2011,Louisville,12,34,20
2011,South Carolina,12,41,20
2011,The Citadel,12,20,41
2011,Texas A&M,12,61,7
2011,Kansas,12,7,61
2011,Northwestern,12,28,13
2011,Minnesota,12,13,28
2011,Rutgers,12,20,3
2011,Cincinnati,12,3,20
2011,Purdue,12,21,31
2011,Iowa,12,31,21
2011,Buffalo,12,51,10
2011,Akron,12,10,51
2011,Michigan,12,45,17
2011,Nebraska,12,17,45
2011,Georgia,12,19,10
2011,Kentucky,12,10,19
2011,Duke,12,31,38
2011,Georgia Tech,12,38,31
2011,Auburn,12,35,16
2011,Samford,12,16,35
2011,Kent State,12,28,22
2011,Eastern Michigan,12,22,28
2011,Florida,12,54,32
2011,Furman,12,32,54
2011,Temple,12,42,14
2011,Army,12,14,42
2011,Alabama,12,45,21
2011,Georgia Southern,12,21,45
2011,Wyoming,12,31,10
2011,New Mexico,12,10,31
2011,Middle Tennessee,12,19,45
2011,Arkansas State,12,45,19
2011,UTEP,12,28,57
2011,Tulsa,12,57,28
2011,Wake Forest,12,31,10
2011,Maryland,12,10,31
2011,Ohio State,12,14,20
2011,Penn State,12,20,14
2011,South Florida,12,3,6
2011,Miami,12,6,3
2011,Arkansas,12,44,17
2011,Mississippi State,12,17,44
2011,Houston,12,37,7
2011,SMU,12,7,37
2011,Missouri,12,31,27
2011,Texas Tech,12,27,31
2011,Troy,12,34,7
2011,Florida Atlantic,12,7,34
2011,Rice,12,19,7
2011,Tulane,12,7,19
2011,NC State,12,37,13
2011,Clemson,12,13,37
2011,Oregon State,12,38,21
2011,Washington,12,21,38
2011,TCU,12,34,10
2011,Colorado State,12,10,34
2011,San José State,12,27,24
2011,Navy,12,24,27
2011,Notre Dame,12,16,14
2011,Boston College,12,14,16
2011,Nevada,12,20,24
2011,Louisiana Tech,12,24,20
2011,Idaho,12,42,49
2011,Utah State,12,49,42
2011,UL Monroe,12,17,28
2011,Florida International,12,28,17
2011,Washington State,12,27,30
2011,Utah,12,30,27
2011,Air Force,12,45,17
2011,UNLV,12,17,45
2011,Tennessee,12,27,21
2011,Vanderbilt,12,21,27
2011,East Carolina,12,38,31
2011,UCF,12,31,38
2011,North Texas,12,21,31
2011,Western Kentucky,12,31,21
2011,Ole Miss,12,3,52
2011,LSU,12,52,3
2011,Florida State,12,13,14
2011,Virginia,12,14,13
2011,UCLA,12,45,6
2011,Colorado,12,6,45
2011,San Diego State,12,35,52
2011,Boise State,12,52,35
2011,Baylor,12,45,38
2011,Oklahoma,12,38,45
2011,Texas,12,13,17
2011,Kansas State,12,17,13
2011,Oregon,12,35,38
2011,USC,12,38,35
2011,Arizona State,12,27,31
2011,Arizona,12,31,27
2011,BYU,12,42,7
2011,New Mexico State,12,7,42
2011,Stanford,12,31,28
2011,California,12,28,31
2011,Hawai'i,12,21,24
2011,Fresno State,12,24,21
2011,Ohio,13,21,14
2011,Miami (OH),13,14,21
2011,Texas A&M,13,25,27
2011,Texas,13,27,25
2011,South Florida,13,24,34
2011,Louisville,13,34,24
2011,Northern Illinois,13,18,12
2011,Eastern Michigan,13,12,18
2011,Buffalo,13,28,42
2011,Bowling Green,13,42,28
2011,Tulsa,13,16,48
2011,Houston,13,48,16
2011,Nebraska,13,20,7
2011,Iowa,13,7,20
2011,Temple,13,34,16
2011,Kent State,13,16,34
2011,Western Michigan,13,68,19
2011,Akron,13,19,68
2011,Ball State,13,28,45
2011,Toledo,13,45,28
2011,LSU,13,41,17
2011,Arkansas,13,17,41
2011,Miami,13,17,24
2011,Boston College,13,24,17
2011,Utah,13,14,17
2011,Colorado,13,17,14
2011,UCF,13,31,14
2011,UTEP,13,14,31
2011,West Virginia,13,21,20
2011,Pittsburgh,13,20,21
2011,Arizona State,13,38,47
2011,California,13,47,38
2011,Northwestern,13,17,31
2011,Michigan State,13,31,17
2011,Oklahoma,13,26,6
2011,Iowa State,13,6,26
2011,Georgia Tech,13,17,31
2011,Georgia,13,31,17
2011,UConn,13,40,22
2011,Rutgers,13,22,40
2011,SMU,13,27,24
2011,Rice,13,24,27
2011,Syracuse,13,13,30
2011,Cincinnati,13,30,13
2011,Michigan,13,40,34
2011,Ohio State,13,34,40
2011,Kentucky,13,10,7
2011,Tennessee,13,7,10
2011,NC State,13,56,41
2011,Maryland,13,41,56
2011,Western Kentucky,13,41,18
2011,Troy,13,18,41
2011,Utah State,13,21,17
2011,Nevada,13,17,21
2011,Boise State,13,36,14
2011,Wyoming,13,14,36
2011,Auburn,13,14,42
2011,Alabama,13,42,14
2011,Kansas,13,10,24
2011,Missouri,13,24,10
2011,Indiana,13,25,33
2011,Purdue,13,33,25
2011,Oregon,13,49,21
2011,Oregon State,13,21,49
2011,Wisconsin,13,45,7
2011,Penn State,13,7,45
2011,Virginia,13,0,38
2011,Virginia Tech,13,38,0
2011,Minnesota,13,27,7
2011,Illinois,13,7,27
2011,Wake Forest,13,7,41
2011,Vanderbilt,13,41,7
2011,Middle Tennessee,13,18,31
2011,Florida International,13,31,18
2011,North Carolina,13,37,21
2011,Duke,13,21,37
2011,Marshall,13,34,27
2011,East Carolina,13,27,34
2011,Louisiana Tech,13,44,0
2011,New Mexico State,13,0,44
2011,Southern Miss,13,44,7
2011,Memphis,13,7,44
2011,Arizona,13,45,37
2011,Louisiana,13,37,45
2011,Florida Atlantic,13,38,35
2011,UAB,13,35,38
2011,Colorado State,13,21,45
2011,Air Force,13,45,21
2011,Mississippi State,13,31,3
2011,Ole Miss,13,3,31
2011,Baylor,13,66,42
2011,Texas Tech,13,42,66
2011,Florida,13,7,21
2011,Florida State,13,21,7
2011,Washington,13,38,21
2011,Washington State,13,21,38
2011,South Carolina,13,34,13
2011,Clemson,13,13,34
2011,Stanford,13,28,14
2011,Notre Dame,13,14,28
2011,Fresno State,13,24,27
2011,San José State,13,27,24
2011,USC,13,50,0
2011,UCLA,13,0,50
2011,UNLV,13,14,31
2011,San Diego State,13,31,14
2011,Hawai'i,13,35,23
2011,Tulane,13,23,35
2011,South Florida,14,27,30
2011,West Virginia,14,30,27
2011,Northern Illinois,14,23,20
2011,Ohio,14,20,23
2011,Oregon,14,49,31
2011,UCLA,14,31,49
2011,Pittsburgh,14,33,20
2011,Syracuse,14,20,33
2011,Houston,14,28,49
2011,Southern Miss,14,49,28
2011,Cincinnati,14,35,27
2011,UConn,14,27,35
2011,Kansas State,14,30,23
2011,Iowa State,14,23,30
2011,Colorado State,14,19,22
2011,Wyoming,14,22,19
2011,TCU,14,56,9
2011,UNLV,14,9,56
2011,New Mexico State,14,21,24
2011,Utah State,14,24,21
2011,Baylor,14,48,24
2011,Texas,14,24,48
2011,LSU,14,42,10
2011,Georgia,14,10,42
2011,North Texas,14,59,7
2011,Middle Tennessee,14,7,59
2011,Florida Atlantic,14,0,26
2011,UL Monroe,14,26,0
2011,Nevada,14,56,3
2011,Idaho,14,3,56
2011,Arkansas State,14,45,14
2011,Troy,14,14,45
2011,Boise State,14,45,0
2011,New Mexico,14,0,45
2011,Hawai'i,14,20,41
2011,BYU,14,41,20
2011,San Diego State,14,35,28
2011,Fresno State,14,28,35
2011,Oklahoma State,14,44,10
2011,Oklahoma,14,10,44
2011,Clemson,14,38,10
2011,Virginia Tech,14,10,38
2011,Michigan State,14,39,42
2011,Wisconsin,14,42,39
2011,Navy,15,27,21
2011,Army,15,21,27
2012,Kent State,1,41,21
2012,Towson,1,21,41
2012,Vanderbilt,1,13,17
2012,South Carolina,1,17,13
2012,Central Michigan,1,38,27
2012,Southeast Missouri State,1,27,38
2012,Akron,1,14,56
2012,UCF,1,56,14
2012,Ball State,1,37,26
2012,Eastern Michigan,1,26,37
2012,Utah,1,41,0
2012,Northern Colorado,1,0,41
2012,Middle Tennessee,1,21,27
2012,McNeese,1,27,21
2012,UConn,1,37,0
2012,Massachusetts,1,0,37
2012,Rice,1,24,49
2012,UCLA,1,49,24
2012,Utah State,1,34,3
2012,Southern Utah,1,3,34
2012,New Mexico State,1,49,19
2012,Sacramento State,1,19,49
2012,Idaho,1,3,20
2012,Eastern Washington,1,20,3
2012,BYU,1,30,6
2012,Washington State,1,6,30
2012,Arizona State,1,63,6
2012,Northern Arizona,1,6,63
2012,UNLV,1,27,30
2012,Minnesota,1,30,27
2012,Temple,1,41,10
2012,Villanova,1,10,41
2012,Tennessee,1,35,21
2012,NC State,1,21,35
2012,Michigan State,1,17,13
2012,Boise State,1,13,17
2012,Florida Atlantic,1,7,3
2012,Wagner,1,3,7
2012,Stanford,1,20,17
2012,San José State,1,17,20
2012,Navy,1,10,50
2012,Notre Dame,1,50,10
2012,Georgia,1,45,23
2012,Buffalo,1,23,45
2012,Ohio State,1,56,10
2012,Miami (OH),1,10,56
2012,Syracuse,1,41,42
2012,Northwestern,1,42,41
2012,Penn State,1,14,24
2012,Ohio,1,24,14
2012,West Virginia,1,69,34
2012,Marshall,1,34,69
2012,UAB,1,29,39
2012,Troy,1,39,29
2012,Illinois,1,24,7
2012,Western Michigan,1,7,24
2012,East Carolina,1,35,13
2012,App State,1,13,35
2012,North Carolina,1,62,0
2012,Elon,1,0,62
2012,Air Force,1,49,21
2012,Idaho State,1,21,49
2012,South Alabama,1,31,33
2012,UTSA,1,33,31
2012,Maryland,1,7,6
2012,William & Mary,1,6,7
2012,California,1,24,31
2012,Nevada,1,31,24
2012,Virginia,1,43,19
2012,Richmond,1,19,43
2012,Florida,1,27,14
2012,Bowling Green,1,14,27
2012,Boston College,1,32,41
2012,Miami,1,41,32
2012,Wisconsin,1,26,21
2012,Northern Iowa,1,21,26
2012,Nebraska,1,49,20
2012,Southern Miss,1,20,49
2012,Purdue,1,48,6
2012,Eastern Kentucky,1,6,48
2012,Northern Illinois,1,17,18
2012,Iowa,1,18,17
2012,Iowa State,1,38,23
2012,Tulsa,1,23,38
2012,Colorado,1,17,22
2012,Colorado State,1,22,17
2012,New Mexico,1,66,21
2012,Southern,1,21,66
2012,Florida State,1,69,3
2012,Murray State,1,3,69
2012,Wake Forest,1,20,17
2012,Liberty,1,17,20
2012,Pittsburgh,1,17,31
2012,Youngstown State,1,31,17
2012,Ole Miss,1,49,27
2012,Central Arkansas,1,27,49
2012,Louisiana,1,40,0
2012,Lamar,1,0,40
2012,Missouri,1,62,10
2012,SE Louisiana,1,10,62
2012,Auburn,1,19,26
2012,Clemson,1,26,19
2012,Arkansas,1,49,24
2012,Jacksonville State,1,24,49
2012,Mississippi State,1,56,9
2012,Jackson State,1,9,56
2012,Memphis,1,17,20
2012,UT Martin,1,20,17
2012,South Florida,1,34,13
2012,Chattanooga,1,13,34
2012,Texas Tech,1,44,6
2012,Northwestern State,1,6,44
2012,LSU,1,41,14
2012,North Texas,1,14,41
2012,Western Kentucky,1,49,10
2012,Austin Peay,1,10,49
2012,Oklahoma State,1,84,0
2012,Savannah State,1,0,84
2012,Kansas,1,31,17
2012,South Dakota State,1,17,31
2012,Duke,1,46,26
2012,Florida International,1,26,46
2012,Kansas State,1,51,9
2012,Missouri State,1,9,51
2012,USC,1,49,10
2012,Hawai'i,1,10,49
2012,Houston,1,13,30
2012,Texas State,1,30,13
2012,Texas,1,37,17
2012,Wyoming,1,17,37
2012,Alabama,1,41,14
2012,Michigan,1,14,41
2012,Tulane,1,12,24
2012,Rutgers,1,24,12
2012,Indiana,1,24,17
2012,Indiana State,1,17,24
2012,Fresno State,1,37,10
2012,Weber State,1,10,37
2012,UTEP,1,7,24
2012,Oklahoma,1,24,7
2012,Arizona,1,24,17
2012,Toledo,1,17,24
2012,Oregon,1,57,34
2012,Arkansas State,1,34,57
2012,Washington,1,21,12
2012,San Diego State,1,12,21
2012,Louisville,1,32,14
2012,Kentucky,1,14,32
2012,Baylor,1,59,24
2012,SMU,1,24,59
2012,Virginia Tech,1,20,17
2012,Georgia Tech,1,17,20
2012,Cincinnati,2,34,10
2012,Pittsburgh,2,10,34
2012,Utah State,2,27,20
2012,Utah,2,20,27
2012,Ohio State,2,31,16
2012,UCF,2,16,31
2012,Temple,2,27,36
2012,Maryland,2,36,27
2012,Minnesota,2,44,7
2012,New Hampshire,2,7,44
2012,Mississippi State,2,28,10
2012,Auburn,2,10,28
2012,Kansas State,2,52,13
2012,Miami,2,13,52
2012,Virginia,2,17,16
2012,Penn State,2,16,17
2012,Tulsa,2,45,10
2012,Tulane,2,10,45
2012,UConn,2,7,10
2012,NC State,2,10,7
2012,South Carolina,2,48,10
2012,East Carolina,2,10,48
2012,Clemson,2,52,27
2012,Ball State,2,27,52
2012,Miami (OH),2,30,14
2012,Southern Illinois,2,14,30
2012,Eastern Michigan,2,14,31
2012,Illinois State,2,31,14
2012,Boston College,2,34,3
2012,Maine,2,3,34
2012,Virginia Tech,2,42,7
2012,Austin Peay,2,7,42
2012,UTSA,2,27,16
2012,East Texas A&M,2,16,27
2012,BYU,2,45,13
2012,Weber State,2,13,45
2012,California,2,50,31
2012,Southern Utah,2,31,50
2012,Washington State,2,24,20
2012,Eastern Washington,2,20,24
2012,Colorado,2,28,30
2012,Sacramento State,2,30,28
2012,Rutgers,2,26,0
2012,Howard,2,0,26
2012,Texas A&M,2,17,20
2012,Florida,2,20,17
2012,Kansas,2,24,25
2012,Rice,2,25,24
2012,Notre Dame,2,20,17
2012,Purdue,2,17,20
2012,Massachusetts,2,6,45
2012,Indiana,2,45,6
2012,Syracuse,2,29,42
2012,USC,2,42,29
2012,Central Michigan,2,7,41
2012,Michigan State,2,41,7
2012,Iowa,2,6,9
2012,Iowa State,2,9,6
2012,Louisville,2,35,7
2012,Missouri State,2,7,35
2012,Michigan,2,31,25
2012,Air Force,2,25,31
2012,Alabama,2,35,0
2012,Western Kentucky,2,0,35
2012,Nevada,2,31,32
2012,South Florida,2,32,31
2012,Wyoming,2,31,34
2012,Toledo,2,34,31
2012,Oregon State,2,10,7
2012,Wisconsin,2,7,10
2012,Tennessee,2,51,13
2012,Georgia State,2,13,51
2012,Wake Forest,2,28,27
2012,North Carolina,2,27,28
2012,South Alabama,2,9,3
2012,Nicholls,2,3,9
2012,Florida International,2,41,38
2012,Akron,2,38,41
2012,Florida State,2,55,0
2012,Savannah State,2,0,55
2012,Buffalo,2,56,34
2012,Morgan State,2,34,56
2012,Oregon,2,42,25
2012,Fresno State,2,25,42
2012,Marshall,2,52,24
2012,Western Carolina,2,24,52
2012,Middle Tennessee,2,31,17
2012,Florida Atlantic,2,17,31
2012,Georgia Tech,2,59,3
2012,Presbyterian,2,3,59
2012,Ohio,2,51,24
2012,New Mexico State,2,24,51
2012,Arkansas,2,31,34
2012,UL Monroe,2,34,31
2012,Troy,2,24,37
2012,Louisiana,2,37,24
2012,Oklahoma,2,69,13
2012,Florida A&M,2,13,69
2012,TCU,2,56,0
2012,Grambling,2,0,56
2012,Northern Illinois,2,35,7
2012,UT Martin,2,7,35
2012,Texas State,2,10,58
2012,Texas Tech,2,58,10
2012,North Texas,2,34,7
2012,Texas Southern,2,7,34
2012,Western Michigan,2,52,21
2012,Eastern Illinois,2,21,52
2012,Ole Miss,2,28,10
2012,UTEP,2,10,28
2012,Bowling Green,2,21,13
2012,Idaho,2,13,21
2012,Colorado State,2,7,22
2012,North Dakota State,2,22,7
2012,LSU,2,41,3
2012,Washington,2,3,41
2012,Arkansas State,2,33,28
2012,Memphis,2,28,33
2012,Kentucky,2,47,14
2012,Kent State,2,14,47
2012,San Diego State,2,42,7
2012,Army,2,7,42
2012,Missouri,2,20,41
2012,Georgia,2,41,20
2012,UCLA,2,36,30
2012,Nebraska,2,30,36
2012,San José State,2,45,13
2012,UC Davis,2,13,45
2012,Northwestern,2,23,13
2012,Vanderbilt,2,13,23
2012,Houston,2,49,56
2012,Louisiana Tech,2,56,49
2012,Texas,2,45,0
2012,New Mexico,2,0,45
2012,SMU,2,52,0
2012,Stephen F. Austin,2,0,52
2012,UNLV,2,14,17
2012,Northern Arizona,2,17,14
2012,Stanford,2,50,13
2012,Duke,2,13,50
2012,Arizona State,2,45,14
2012,Illinois,2,14,45
2012,Arizona,2,59,38
2012,Oklahoma State,2,38,59
2012,South Florida,3,13,23
2012,Rutgers,3,23,13
2012,UNLV,3,27,35
2012,Washington State,3,35,27
2012,Miami,3,38,10
2012,Bethune-Cookman,3,10,38
2012,Purdue,3,54,16
2012,Eastern Michigan,3,16,54
2012,Kansas,3,6,20
2012,TCU,3,20,6
2012,Illinois,3,44,0
2012,Charleston Southern,3,0,44
2012,Ohio State,3,35,28
2012,California,3,28,35
2012,Army,3,40,41
2012,Northern Illinois,3,41,40
2012,Minnesota,3,28,23
2012,Western Michigan,3,23,28
2012,Oklahoma State,3,65,24
2012,Louisiana,3,24,65
2012,Nebraska,3,42,13
2012,Arkansas State,3,13,42
2012,Pittsburgh,3,35,17
2012,Virginia Tech,3,17,35
2012,Florida State,3,52,0
2012,Wake Forest,3,0,52
2012,Auburn,3,31,28
2012,UL Monroe,3,28,31
2012,Vanderbilt,3,58,0
2012,Presbyterian,3,0,58
2012,Maryland,3,21,24
2012,UConn,3,24,21
2012,Clemson,3,41,7
2012,Furman,3,7,41
2012,Oregon,3,63,14
2012,Tennessee Tech,3,14,63
2012,Penn State,3,34,7
2012,Navy,3,7,34
2012,Louisville,3,39,34
2012,North Carolina,3,34,39
2012,Iowa,3,27,16
2012,Northern Iowa,3,16,27
2012,SMU,3,3,48
2012,Texas A&M,3,48,3
2012,Michigan,3,63,13
2012,Massachusetts,3,13,63
2012,Arkansas,3,0,52
2012,Alabama,3,52,0
2012,Akron,3,66,6
2012,Morgan State,3,6,66
2012,Southern Miss,3,14,24
2012,East Carolina,3,24,14
2012,Georgia Tech,3,56,20
2012,Virginia,3,20,56
2012,Northwestern,3,22,13
2012,Boston College,3,13,22
2012,Boise State,3,39,12
2012,Miami (OH),3,12,39
2012,UCF,3,33,20
2012,Florida International,3,20,33
2012,Washington,3,52,13
2012,Portland State,3,13,52
2012,Syracuse,3,28,17
2012,Stony Brook,3,17,28
2012,West Virginia,3,42,12
2012,James Madison,3,12,42
2012,Georgia State,3,14,38
2012,UTSA,3,38,14
2012,Wyoming,3,22,24
2012,Cal Poly,3,24,22
2012,Tennessee,3,20,37
2012,Florida,3,37,20
2012,NC State,3,31,7
2012,South Alabama,3,7,31
2012,Marshall,3,24,27
2012,Ohio,3,27,24
2012,Cincinnati,3,23,7
2012,Delaware State,3,7,23
2012,Louisiana Tech,3,56,37
2012,Rice,3,37,56
2012,Memphis,3,30,48
2012,Middle Tennessee,3,48,30
2012,Kansas State,3,35,21
2012,North Texas,3,21,35
2012,Kentucky,3,31,32
2012,Western Kentucky,3,32,31
2012,Troy,3,24,30
2012,Mississippi State,3,30,24
2012,Tulsa,3,66,16
2012,Nicholls,3,16,66
2012,Missouri,3,24,20
2012,Arizona State,3,20,24
2012,South Carolina,3,49,6
2012,UAB,3,6,49
2012,Duke,3,54,17
2012,North Carolina Central,3,17,54
2012,Toledo,3,27,15
2012,Bowling Green,3,15,27
2012,Texas Tech,3,49,14
2012,New Mexico,3,14,49
2012,Nevada,3,45,34
2012,Northwestern State,3,34,45
2012,Baylor,3,48,23
2012,Sam Houston,3,23,48
2012,Stanford,3,21,14
2012,USC,3,14,21
2012,Georgia,3,56,20
2012,Florida Atlantic,3,20,56
2012,UTEP,3,41,28
2012,New Mexico State,3,28,41
2012,Michigan State,3,3,20
2012,Notre Dame,3,20,3
2012,San José State,3,40,20
2012,Colorado State,3,20,40
2012,LSU,3,63,14
2012,Idaho,3,14,63
2012,Indiana,3,39,41
2012,Ball State,3,41,39
2012,Fresno State,3,69,14
2012,Colorado,3,14,69
2012,Iowa State,3,37,3
2012,Western Illinois,3,3,37
2012,Wisconsin,3,16,14
2012,Utah State,3,14,16
2012,San Diego State,3,49,41
2012,North Dakota,3,41,49
2012,Ole Miss,3,31,66
2012,Texas,3,66,31
2012,Utah,3,24,21
2012,BYU,3,21,24
2012,UCLA,3,37,6
2012,Houston,3,6,37
2012,Arizona,3,56,0
2012,South Carolina State,3,0,56
2012,Hawai'i,3,54,2
2012,Lamar,3,2,54
2012,Buffalo,4,7,23
2012,Kent State,4,23,7
2012,Boise State,4,7,6
2012,BYU,4,6,7
2012,UL Monroe,4,42,47
2012,Baylor,4,47,42
2012,Virginia Tech,4,37,0
2012,Bowling Green,4,0,37
2012,Wisconsin,4,37,26
2012,UTEP,4,26,37
2012,Florida,4,38,0
2012,Kentucky,4,0,38
2012,West Virginia,4,31,21
2012,Maryland,4,21,31
2012,Ohio State,4,29,15
2012,UAB,4,15,29
2012,Miami (OH),4,27,16
2012,Massachusetts,4,16,27
2012,Tulane,4,0,39
2012,Ole Miss,4,39,0
2012,TCU,4,27,7
2012,Virginia,4,7,27
2012,Iowa,4,31,32
2012,Central Michigan,4,32,31
2012,Wake Forest,4,49,37
2012,Army,4,37,49
2012,Ohio,4,44,10
2012,Norfolk State,4,10,44
2012,UTSA,4,56,3
2012,Northwestern (OK),4,3,56
2012,Western Michigan,4,30,24
2012,UConn,4,24,30
2012,Georgia Tech,4,36,42
2012,Miami,4,42,36
2012,Navy,4,41,3
2012,VMI,4,3,41
2012,Penn State,4,24,13
2012,Temple,4,13,24
2012,Northern Illinois,4,30,23
2012,Kansas,4,23,30
2012,Rice,4,51,54
2012,Marshall,4,54,51
2012,Nebraska,4,73,7
2012,Idaho State,4,7,73
2012,Northwestern,4,38,7
2012,South Dakota,4,7,38
2012,Pittsburgh,4,55,10
2012,Gardner-Webb,4,10,55
2012,UCLA,4,20,27
2012,Oregon State,4,27,20
2012,Michigan State,4,23,7
2012,Eastern Michigan,4,7,23
2012,South Carolina,4,31,10
2012,Missouri,4,10,31
2012,North Carolina,4,27,6
2012,East Carolina,4,6,27
2012,Washington State,4,34,35
2012,Colorado,4,35,34
2012,Ball State,4,31,27
2012,South Florida,4,27,31
2012,Idaho,4,37,40
2012,Wyoming,4,40,37
2012,Alabama,4,40,7
2012,Florida Atlantic,4,7,40
2012,Duke,4,38,14
2012,Memphis,4,14,38
2012,NC State,4,52,14
2012,The Citadel,4,14,52
2012,USC,4,27,9
2012,California,4,9,27
2012,Arkansas State,4,56,0
2012,Alcorn State,4,0,56
2012,Western Kentucky,4,42,17
2012,Southern Miss,4,17,42
2012,Colorado State,4,19,31
2012,Utah State,4,31,19
2012,Texas State,4,41,37
2012,Stephen F. Austin,4,37,41
2012,Toledo,4,38,28
2012,Coastal Carolina,4,28,38
2012,Texas A&M,4,70,14
2012,South Carolina State,4,14,70
2012,Auburn,4,10,12
2012,LSU,4,12,10
2012,Arkansas,4,26,35
2012,Rutgers,4,35,26
2012,Mississippi State,4,30,10
2012,South Alabama,4,10,30
2012,North Texas,4,7,14
2012,Troy,4,14,7
2012,Florida International,4,21,28
2012,Louisville,4,28,21
2012,Notre Dame,4,13,6
2012,Michigan,4,6,13
2012,Tennessee,4,47,26
2012,Akron,4,26,47
2012,Georgia,4,48,3
2012,Vanderbilt,4,3,48
2012,Oklahoma,4,19,24
2012,Kansas State,4,24,19
2012,New Mexico State,4,14,27
2012,New Mexico,4,27,14
2012,Minnesota,4,17,10
2012,Syracuse,4,10,17
2012,San Diego State,4,34,38
2012,San José State,4,38,34
2012,Florida State,4,49,37
2012,Clemson,4,37,49
2012,Tulsa,4,27,26
2012,Fresno State,4,26,27
2012,Illinois,4,24,52
2012,Louisiana Tech,4,52,24
2012,UNLV,4,38,35
2012,Air Force,4,35,38
2012,Arizona State,4,37,7
2012,Utah,4,7,37
2012,Oregon,4,49,0
2012,Arizona,4,0,49
2012,Hawai'i,4,24,69
2012,Nevada,4,69,24
2012,Washington,5,17,13
2012,Stanford,5,13,17
2012,BYU,5,47,0
2012,Hawai'i,5,0,47
2012,Kent State,5,45,43
2012,Ball State,5,43,45
2012,Illinois,5,7,35
2012,Penn State,5,35,7
2012,UConn,5,24,17
2012,Buffalo,5,17,24
2012,Army,5,3,23
2012,Stony Brook,5,23,3
2012,West Virginia,5,70,63
2012,Baylor,5,63,70
2012,Iowa,5,31,13
2012,Minnesota,5,13,31
2012,Georgia Tech,5,28,49
2012,Middle Tennessee,5,49,28
2012,UCF,5,16,21
2012,Missouri,5,21,16
2012,Miami,5,44,37
2012,NC State,5,37,44
2012,Northwestern,5,44,29
2012,Indiana,5,29,44
2012,Texas A&M,5,58,10
2012,Arkansas,5,10,58
2012,Wake Forest,5,27,34
2012,Duke,5,34,27
2012,Texas State,5,21,34
2012,Nevada,5,34,21
2012,Akron,5,49,56
2012,Miami (OH),5,56,49
2012,Air Force,5,42,21
2012,Colorado State,5,21,42
2012,UAB,5,42,49
2012,Tulsa,5,49,42
2012,Purdue,5,51,41
2012,Marshall,5,41,51
2012,Virginia,5,38,44
2012,Louisiana Tech,5,44,38
2012,Boston College,5,31,45
2012,Clemson,5,45,31
2012,Rice,5,14,35
2012,Houston,5,35,14
2012,Michigan State,5,16,17
2012,Ohio State,5,17,16
2012,South Alabama,5,10,31
2012,Troy,5,31,10
2012,Tulane,5,10,63
2012,UL Monroe,5,63,10
2012,Georgia,5,51,44
2012,Tennessee,5,44,51
2012,North Carolina,5,66,0
2012,Idaho,5,0,66
2012,Northern Illinois,5,55,24
2012,Central Michigan,5,24,55
2012,Navy,5,0,12
2012,San José State,5,12,0
2012,Massachusetts,5,34,37
2012,Ohio,5,37,34
2012,Bowling Green,5,48,8
2012,Rhode Island,5,8,48
2012,Cincinnati,5,27,24
2012,Virginia Tech,5,24,27
2012,California,5,17,27
2012,Arizona State,5,27,17
2012,Florida Atlantic,5,14,20
2012,North Texas,5,20,14
2012,Colorado,5,14,42
2012,UCLA,5,42,14
2012,South Florida,5,17,30
2012,Florida State,5,30,17
2012,New Mexico,5,29,32
2012,Boise State,5,32,29
2012,SMU,5,16,24
2012,TCU,5,24,16
2012,Iowa State,5,13,24
2012,Texas Tech,5,24,13
2012,Kentucky,5,17,38
2012,South Carolina,5,38,17
2012,East Carolina,5,28,18
2012,UTEP,5,18,28
2012,Louisiana,5,48,20
2012,Florida International,5,20,48
2012,Arkansas State,5,13,26
2012,Western Kentucky,5,26,13
2012,LSU,5,38,22
2012,Towson,5,22,38
2012,Western Michigan,5,17,37
2012,Toledo,5,37,17
2012,Oklahoma State,5,36,41
2012,Texas,5,41,36
2012,Southern Miss,5,17,21
2012,Louisville,5,21,17
2012,Utah State,5,35,13
2012,UNLV,5,13,35
2012,New Mexico State,5,14,35
2012,UTSA,5,35,14
2012,Nebraska,5,30,27
2012,Wisconsin,5,27,30
2012,Alabama,5,33,14
2012,Ole Miss,5,14,33
2012,Fresno State,5,52,40
2012,San Diego State,5,40,52
2012,Arizona,5,35,38
2012,Oregon State,5,38,35
2012,Washington State,5,26,51
2012,Oregon,5,51,26
2012,Florida International,6,20,34
2012,Arkansas State,6,34,20
2012,UCF,6,40,20
2012,East Carolina,6,20,40
2012,Utah,6,28,38
2012,USC,6,38,28
2012,Syracuse,6,14,13
2012,Pittsburgh,6,13,14
2012,BYU,6,6,3
2012,Utah State,6,3,6
2012,Air Force,6,21,28
2012,Navy,6,28,21
2012,Rutgers,6,19,3
2012,UConn,6,3,19
2012,Indiana,6,27,31
2012,Michigan State,6,31,27
2012,Auburn,6,7,24
2012,Arkansas,6,24,7
2012,Penn State,6,39,28
2012,Northwestern,6,28,39
2012,Temple,6,37,28
2012,South Florida,6,28,37
2012,Southern Miss,6,14,40
2012,Boise State,6,40,14
2012,Kansas State,6,56,16
2012,Kansas,6,16,56
2012,Army,6,34,31
2012,Boston College,6,31,34
2012,Ohio,6,38,31
2012,Buffalo,6,31,38
2012,Kentucky,6,14,27
2012,Mississippi State,6,27,14
2012,North Carolina,6,48,34
2012,Virginia Tech,6,34,48
2012,Eastern Michigan,6,14,41
2012,Kent State,6,41,14
2012,Akron,6,10,24
2012,Bowling Green,6,24,10
2012,Western Michigan,6,52,14
2012,Massachusetts,6,14,52
2012,Ball State,6,23,35
2012,Northern Illinois,6,35,23
2012,UAB,6,52,3
2012,SE Louisiana,6,3,52
2012,Stanford,6,54,48
2012,Arizona,6,48,54
2012,Duke,6,42,17
2012,Virginia,6,17,42
2012,Toledo,6,50,35
2012,Central Michigan,6,35,50
2012,Texas Tech,6,20,41
2012,Oklahoma,6,41,20
2012,Marshall,6,38,45
2012,Tulsa,6,45,38
2012,Florida,6,14,6
2012,LSU,6,6,14
2012,Wisconsin,6,31,14
2012,Illinois,6,14,31
2012,Maryland,6,19,14
2012,Wake Forest,6,14,19
2012,TCU,6,23,37
2012,Iowa State,6,37,23
2012,Middle Tennessee,6,17,31
2012,UL Monroe,6,31,17
2012,Clemson,6,47,31
2012,Georgia Tech,6,31,47
2012,Purdue,6,13,44
2012,Michigan,6,44,13
2012,Idaho,6,26,18
2012,New Mexico State,6,18,26
2012,Louisiana,6,41,13
2012,Tulane,6,13,41
2012,Oregon State,6,19,6
2012,Washington State,6,6,19
2012,New Mexico,6,35,14
2012,Texas State,6,14,35
2012,Texas,6,45,48
2012,West Virginia,6,48,45
2012,Louisiana Tech,6,58,31
2012,UNLV,6,31,58
2012,Memphis,6,14,10
2012,Rice,6,10,14
2012,Cincinnati,6,52,14
2012,Miami (OH),6,14,52
2012,Colorado State,6,7,28
2012,Fresno State,6,28,7
2012,Houston,6,44,21
2012,North Texas,6,21,44
2012,Ole Miss,6,27,30
2012,Texas A&M,6,30,27
2012,Missouri,6,15,19
2012,Vanderbilt,6,19,15
2012,Nevada,6,35,28
2012,Wyoming,6,28,35
2012,South Carolina,6,35,7
2012,Georgia,6,7,35
2012,Notre Dame,6,41,3
2012,Miami,6,3,41
2012,NC State,6,17,16
2012,Florida State,6,16,17
2012,UTEP,6,0,17
2012,SMU,6,17,0
2012,San Diego State,6,52,14
2012,Hawai'i,6,14,52
2012,Ohio State,6,63,38
2012,Nebraska,6,38,63
2012,California,6,43,17
2012,UCLA,6,17,43
2012,Oregon,6,52,21
2012,Washington,6,21,52
2012,Troy,7,26,31
2012,Western Kentucky,7,31,26
2012,Tulsa,7,33,11
2012,UTEP,7,11,33
2012,Colorado,7,17,51
2012,Arizona State,7,51,17
2012,Central Michigan,7,13,31
2012,Navy,7,31,13
2012,Pittsburgh,7,35,45
2012,Louisville,7,45,35
2012,Oklahoma,7,63,21
2012,Texas,7,21,63
2012,Army,7,17,31
2012,Kent State,7,31,17
2012,Iowa State,7,21,27
2012,Kansas State,7,27,21
2012,Purdue,7,14,38
2012,Wisconsin,7,38,14
2012,Rutgers,7,23,15
2012,Syracuse,7,15,23
2012,Michigan State,7,16,19
2012,Iowa,7,19,16
2012,Houston,7,39,17
2012,UAB,7,17,39
2012,Minnesota,7,13,21
2012,Northwestern,7,21,13
2012,Ole Miss,7,41,20
2012,Auburn,7,20,41
2012,Virginia Tech,7,41,20
2012,Duke,7,20,41
2012,UConn,7,14,17
2012,Temple,7,17,14
2012,Eastern Michigan,7,47,52
2012,Toledo,7,52,47
2012,Tulane,7,27,26
2012,SMU,7,26,27
2012,Ohio,7,34,28
2012,Akron,7,28,34
2012,Miami,7,14,18
2012,North Carolina,7,18,14
2012,UCLA,7,21,14
2012,Utah,7,14,21
2012,Virginia,7,20,27
2012,Maryland,7,27,20
2012,UNLV,7,37,42
2012,Nevada,7,42,37
2012,Ball State,7,30,24
2012,Western Michigan,7,24,30
2012,Missouri,7,10,42
2012,Alabama,7,42,10
2012,Boise State,7,20,10
2012,Fresno State,7,10,20
2012,Kansas,7,14,20
2012,Oklahoma State,7,20,14
2012,BYU,7,24,42
2012,Oregon State,7,42,24
2012,Northern Illinois,7,45,3
2012,Buffalo,7,3,45
2012,Notre Dame,7,20,13
2012,Stanford,7,13,20
2012,Rice,7,34,14
2012,UTSA,7,14,34
2012,Texas Tech,7,49,14
2012,West Virginia,7,14,49
2012,Bowling Green,7,37,12
2012,Miami (OH),7,12,37
2012,Michigan,7,45,0
2012,Illinois,7,0,45
2012,San José State,7,27,49
2012,Utah State,7,49,27
2012,East Carolina,7,41,7
2012,Memphis,7,7,41
2012,Florida State,7,51,7
2012,Boston College,7,7,51
2012,Florida International,7,30,34
2012,Middle Tennessee,7,34,30
2012,Vanderbilt,7,17,31
2012,Florida,7,31,17
2012,San Diego State,7,38,14
2012,Colorado State,7,14,38
2012,Arkansas State,7,36,29
2012,South Alabama,7,29,36
2012,Cincinnati,7,49,17
2012,Fordham,7,17,49
2012,Texas State,7,38,7
2012,Idaho,7,7,38
2012,Baylor,7,21,49
2012,TCU,7,49,21
2012,Wyoming,7,27,28
2012,Air Force,7,28,27
2012,Arkansas,7,49,7
2012,Kentucky,7,7,49
2012,Washington,7,14,24
2012,USC,7,24,14
2012,UCF,7,38,31
2012,Southern Miss,7,31,38
2012,Indiana,7,49,52
2012,Ohio State,7,52,49
2012,UL Monroe,7,35,14
2012,Florida Atlantic,7,14,35
2012,LSU,7,23,21
2012,South Carolina,7,21,23
2012,Mississippi State,7,41,31
2012,Tennessee,7,31,41
2012,Louisiana Tech,7,57,59
2012,Texas A&M,7,59,57
2012,Washington State,7,17,31
2012,California,7,31,17
2012,Hawai'i,7,23,35
2012,New Mexico,7,35,23
2012,North Texas,8,30,23
2012,Louisiana,8,23,30
2012,SMU,8,72,42
2012,Houston,8,42,72
2012,Arizona State,8,21,43
2012,Oregon,8,43,21
2012,Syracuse,8,40,10
2012,UConn,8,10,40
2012,Ohio State,8,29,22
2012,Purdue,8,22,29
2012,Massachusetts,8,0,24
2012,Bowling Green,8,24,0
2012,Temple,8,10,35
2012,Rutgers,8,35,10
2012,Clemson,8,38,17
2012,Virginia Tech,8,17,38
2012,Oklahoma State,8,31,10
2012,Iowa State,8,10,31
2012,Wisconsin,8,38,13
2012,Minnesota,8,13,38
2012,Akron,8,7,37
2012,Northern Illinois,8,37,7
2012,Texas A&M,8,19,24
2012,LSU,8,24,19
2012,Vanderbilt,8,17,13
2012,Auburn,8,13,17
2012,Virginia,8,10,16
2012,Wake Forest,8,16,10
2012,Eastern Michigan,8,48,38
2012,Army,8,38,48
2012,Troy,8,38,37
2012,Florida International,8,37,38
2012,UTSA,8,24,52
2012,San José State,8,52,24
2012,Utah State,8,41,7
2012,New Mexico State,8,7,41
2012,California,8,3,21
2012,Stanford,8,21,3
2012,Georgia Tech,8,37,17
2012,Boston College,8,17,37
2012,Michigan,8,12,10
2012,Michigan State,8,10,12
2012,South Alabama,8,37,34
2012,Florida Atlantic,8,34,37
2012,TCU,8,53,56
2012,Texas Tech,8,56,53
2012,Florida,8,44,11
2012,South Carolina,8,11,44
2012,Louisville,8,27,25
2012,South Florida,8,25,27
2012,Buffalo,8,6,20
2012,Pittsburgh,8,20,6
2012,Maryland,8,18,20
2012,NC State,8,20,18
2012,Kent State,8,41,24
2012,Western Michigan,8,24,41
2012,Central Michigan,8,30,41
2012,Ball State,8,41,30
2012,Notre Dame,8,17,14
2012,BYU,8,14,17
2012,Boise State,8,32,7
2012,UNLV,8,7,32
2012,Northwestern,8,28,29
2012,Nebraska,8,29,28
2012,Tulsa,8,28,24
2012,Rice,8,24,28
2012,Navy,8,31,30
2012,Indiana,8,30,31
2012,Western Kentucky,8,42,43
2012,UL Monroe,8,43,42
2012,USC,8,50,6
2012,Colorado,8,6,50
2012,Oklahoma,8,52,7
2012,Kansas,8,7,52
2012,Tennessee,8,13,44
2012,Alabama,8,44,13
2012,Louisiana Tech,8,70,28
2012,Idaho,8,28,70
2012,UAB,8,35,42
2012,East Carolina,8,42,35
2012,West Virginia,8,14,55
2012,Kansas State,8,55,14
2012,Duke,8,33,30
2012,North Carolina,8,30,33
2012,Mississippi State,8,45,3
2012,Middle Tennessee,8,3,45
2012,Toledo,8,29,23
2012,Cincinnati,8,23,29
2012,Southern Miss,8,24,59
2012,Marshall,8,59,24
2012,Kentucky,8,24,29
2012,Georgia,8,29,24
2012,Air Force,8,28,23
2012,New Mexico,8,23,28
2012,Texas,8,56,50
2012,Baylor,8,50,56
2012,Iowa,8,14,38
2012,Penn State,8,38,14
2012,UTEP,8,24,20
2012,Tulane,8,20,24
2012,Miami,8,20,33
2012,Florida State,8,33,20
2012,Memphis,8,17,35
2012,UCF,8,35,17
2012,Arizona,8,52,17
2012,Washington,8,17,52
2012,Oregon State,8,21,7
2012,Utah,8,7,21
2012,Fresno State,8,42,14
2012,Wyoming,8,14,42
2012,Nevada,8,38,39
2012,San Diego State,8,39,38
2012,Louisiana,9,27,50
2012,Arkansas State,9,50,27
2012,Wake Forest,9,13,42
2012,Clemson,9,42,13
2012,Air Force,9,48,31
2012,Nevada,9,31,48
2012,Louisville,9,34,31
2012,Cincinnati,9,31,34
2012,Northwestern,9,28,17
2012,Iowa,9,17,28
2012,South Carolina,9,38,35
2012,Tennessee,9,35,38
2012,Illinois,9,17,31
2012,Indiana,9,31,17
2012,Army,9,22,30
2012,Ball State,9,30,22
2012,Pittsburgh,9,47,17
2012,Temple,9,17,47
2012,Western Michigan,9,34,48
2012,Northern Illinois,9,48,34
2012,Kansas,9,17,21
2012,Texas,9,21,17
2012,Missouri,9,33,10
2012,Kentucky,9,10,33
2012,Arkansas,9,27,30
2012,Ole Miss,9,30,27
2012,North Carolina,9,43,35
2012,NC State,9,35,43
2012,Rice,9,44,17
2012,Southern Miss,9,17,44
2012,Boston College,9,20,17
2012,Maryland,9,17,20
2012,UTSA,9,17,48
2012,Utah State,9,48,17
2012,Arizona State,9,43,45
2012,UCLA,9,45,43
2012,Georgia Tech,9,17,41
2012,BYU,9,41,17
2012,Oregon,9,70,14
2012,Colorado,9,14,70
2012,SMU,9,44,13
2012,Memphis,9,13,44
2012,Oklahoma State,9,36,14
2012,TCU,9,14,36
2012,Buffalo,9,20,25
2012,Toledo,9,25,20
2012,Kansas State,9,55,24
2012,Texas Tech,9,24,55
2012,Miami (OH),9,23,20
2012,Ohio,9,20,23
2012,New Mexico,9,32,49
2012,Fresno State,9,49,32
2012,Wyoming,9,14,45
2012,Boise State,9,45,14
2012,Tulane,9,55,45
2012,UAB,9,45,55
2012,Central Michigan,9,35,14
2012,Akron,9,14,35
2012,Minnesota,9,44,28
2012,Purdue,9,28,44
2012,Rutgers,9,23,35
2012,Kent State,9,35,23
2012,Bowling Green,9,24,3
2012,Eastern Michigan,9,3,24
2012,Florida State,9,48,7
2012,Duke,9,7,48
2012,Middle Tennessee,9,38,21
2012,North Texas,9,21,38
2012,East Carolina,9,28,56
2012,Navy,9,56,28
2012,Wisconsin,9,13,16
2012,Michigan State,9,16,13
2012,Arizona,9,39,36
2012,USC,9,36,39
2012,Georgia,9,17,9
2012,Florida,9,9,17
2012,San José State,9,31,20
2012,Texas State,9,20,31
2012,Houston,9,45,35
2012,UTEP,9,35,45
2012,Florida Atlantic,9,34,27
2012,Troy,9,27,34
2012,Penn State,9,23,35
2012,Ohio State,9,35,23
2012,Florida International,9,6,14
2012,Western Kentucky,9,14,6
2012,Stanford,9,24,17
2012,Washington State,9,17,24
2012,Vanderbilt,9,49,7
2012,Massachusetts,9,7,49
2012,UL Monroe,9,38,24
2012,South Alabama,9,24,38
2012,Colorado State,9,42,27
2012,Hawai'i,9,27,42
2012,Auburn,9,21,63
2012,Texas A&M,9,63,21
2012,South Florida,9,36,37
2012,Syracuse,9,37,36
2012,Iowa State,9,35,21
2012,Baylor,9,21,35
2012,Oklahoma,9,13,30
2012,Notre Dame,9,30,13
2012,Nebraska,9,23,9
2012,Michigan,9,9,23
2012,New Mexico State,9,14,28
2012,Louisiana Tech,9,28,14
2012,San Diego State,9,24,13
2012,UNLV,9,13,24
2012,Marshall,9,17,54
2012,UCF,9,54,17
2012,Alabama,9,38,7
2012,Mississippi State,9,7,38
2012,Utah,9,49,27
2012,California,9,27,49
2012,Washington,9,20,17
2012,Oregon State,9,17,20
2012,Ohio,10,45,14
2012,Eastern Michigan,10,14,45
2012,Miami,10,30,12
2012,Virginia Tech,10,12,30
2012,Western Kentucky,10,29,34
2012,Middle Tennessee,10,34,29
2012,California,10,13,21
2012,Washington,10,21,13
2012,Louisville,10,45,17
2012,Temple,10,17,45
2012,Florida,10,14,7
2012,Missouri,10,7,14
2012,Iowa State,10,20,35
2012,Oklahoma,10,35,20
2012,Kentucky,10,0,40
2012,Vanderbilt,10,40,0
2012,Minnesota,10,13,35
2012,Michigan,10,35,13
2012,East Carolina,10,48,28
2012,Houston,10,28,48
2012,Mississippi State,10,13,38
2012,Texas A&M,10,38,13
2012,Army,10,41,21
2012,Air Force,10,21,41
2012,Buffalo,10,27,24
2012,Miami (OH),10,24,27
2012,Cincinnati,10,35,24
2012,Syracuse,10,24,35
2012,Tennessee,10,55,48
2012,Troy,10,48,55
2012,Arkansas,10,19,15
2012,Tulsa,10,15,19
2012,Auburn,10,42,7
2012,New Mexico State,10,7,42
2012,Maryland,10,13,33
2012,Georgia Tech,10,33,13
2012,NC State,10,6,33
2012,Virginia,10,33,6
2012,Central Michigan,10,31,42
2012,Western Michigan,10,42,31
2012,Colorado,10,0,48
2012,Stanford,10,48,0
2012,Marshall,10,38,28
2012,Memphis,10,28,38
2012,Kent State,10,35,24
2012,Akron,10,24,35
2012,Utah State,10,38,7
2012,Texas State,10,7,38
2012,West Virginia,10,38,39
2012,TCU,10,39,38
2012,Utah,10,49,6
2012,Washington State,10,6,49
2012,Wake Forest,10,28,14
2012,Boston College,10,14,28
2012,Tulane,10,47,49
2012,Rice,10,49,47
2012,Texas Tech,10,22,31
2012,Texas,10,31,22
2012,Georgia,10,37,10
2012,Ole Miss,10,10,37
2012,Baylor,10,41,14
2012,Kansas,10,14,41
2012,Notre Dame,10,29,26
2012,Pittsburgh,10,26,29
2012,Northern Illinois,10,63,0
2012,Massachusetts,10,0,63
2012,Navy,10,24,17
2012,Florida Atlantic,10,17,24
2012,Michigan State,10,24,28
2012,Nebraska,10,28,24
2012,South Alabama,10,20,28
2012,Florida International,10,28,20
2012,Ohio State,10,52,22
2012,Illinois,10,22,52
2012,Purdue,10,9,34
2012,Penn State,10,34,9
2012,Indiana,10,24,21
2012,Iowa,10,21,24
2012,UNLV,10,35,7
2012,New Mexico,10,7,35
2012,Louisiana Tech,10,51,27
2012,UTSA,10,27,51
2012,UL Monroe,10,24,40
2012,Louisiana,10,40,24
2012,Wyoming,10,45,31
2012,Colorado State,10,31,45
2012,Idaho,10,13,42
2012,San José State,10,42,13
2012,North Texas,10,19,37
2012,Arkansas State,10,37,19
2012,Fresno State,10,45,10
2012,Hawai'i,10,10,45
2012,Duke,10,20,56
2012,Clemson,10,56,20
2012,South Florida,10,13,6
2012,UConn,10,6,13
2012,USC,10,51,62
2012,Oregon,10,62,51
2012,UCF,10,42,17
2012,SMU,10,17,42
2012,Southern Miss,10,19,27
2012,UAB,10,27,19
2012,LSU,10,17,21
2012,Alabama,10,21,17
2012,Kansas State,10,44,30
2012,Oklahoma State,10,30,44
2012,UCLA,10,66,10
2012,Arizona,10,10,66
2012,Oregon State,10,36,26
2012,Arizona State,10,26,36
2012,Boise State,10,19,21
2012,San Diego State,10,21,19
2012,Toledo,11,27,34
2012,Ball State,11,34,27
2012,Ohio,11,14,26
2012,Bowling Green,11,26,14
2012,Arkansas State,11,45,23
2012,UL Monroe,11,23,45
2012,Virginia Tech,11,22,28
2012,Florida State,11,28,22
2012,UConn,11,24,17
2012,Pittsburgh,11,17,24
2012,Virginia,11,41,40
2012,Miami,11,40,41
2012,Texas,11,33,7
2012,Iowa State,11,7,33
2012,Syracuse,11,45,26
2012,Louisville,11,26,45
2012,Michigan,11,38,31
2012,Northwestern,11,31,38
2012,Temple,11,10,34
2012,Cincinnati,11,34,10
2012,Rutgers,11,28,7
2012,Army,11,7,28
2012,Iowa,11,24,27
2012,Purdue,11,27,24
2012,Indiana,11,14,62
2012,Wisconsin,11,62,14
2012,Texas Tech,11,41,34
2012,Kansas,11,34,41
2012,South Carolina,11,38,20
2012,Arkansas,11,20,38
2012,Tennessee,11,48,51
2012,Missouri,11,51,48
2012,Florida,11,27,20
2012,Louisiana,11,20,27
2012,North Carolina,11,50,68
2012,Georgia Tech,11,68,50
2012,Western Kentucky,11,28,37
2012,Florida Atlantic,11,37,28
2012,Miami (OH),11,32,48
2012,Kent State,11,48,32
2012,Eastern Michigan,11,31,34
2012,Central Michigan,11,34,31
2012,Arizona,11,56,31
2012,Colorado,11,31,56
2012,Akron,11,14,22
2012,Massachusetts,11,22,14
2012,NC State,11,37,6
2012,Wake Forest,11,6,37
2012,Stanford,11,27,23
2012,Oregon State,11,23,27
2012,USC,11,38,17
2012,Arizona State,11,17,38
2012,Nebraska,11,32,23
2012,Penn State,11,23,32
2012,New Mexico,11,23,28
2012,Wyoming,11,28,23
2012,Buffalo,11,29,24
2012,Western Michigan,11,24,29
2012,Oklahoma State,11,55,34
2012,West Virginia,11,34,55
2012,Troy,11,41,31
2012,Navy,11,31,41
2012,Oklahoma,11,42,34
2012,Baylor,11,34,42
2012,Alabama,11,24,29
2012,Texas A&M,11,29,24
2012,San Diego State,11,28,9
2012,Air Force,11,9,28
2012,New Mexico State,11,7,47
2012,San José State,11,47,7
2012,Illinois,11,3,17
2012,Minnesota,11,17,3
2012,Clemson,11,45,10
2012,Maryland,11,10,45
2012,UAB,11,38,31
2012,Marshall,11,31,38
2012,North Texas,11,24,14
2012,South Alabama,11,14,24
2012,Houston,11,7,41
2012,Tulsa,11,41,7
2012,UTSA,11,31,24
2012,McNeese,11,24,31
2012,Auburn,11,0,38
2012,Georgia,11,38,0
2012,TCU,11,10,23
2012,Kansas State,11,23,10
2012,Colorado State,11,33,11
2012,UNLV,11,11,33
2012,Memphis,11,37,23
2012,Tulane,11,23,37
2012,Hawai'i,11,14,49
2012,Boise State,11,49,14
2012,LSU,11,37,17
2012,Mississippi State,11,17,37
2012,Texas State,11,55,62
2012,Louisiana Tech,11,62,55
2012,UTEP,11,24,31
2012,UCF,11,31,24
2012,SMU,11,34,6
2012,Southern Miss,11,6,34
2012,Ole Miss,11,26,27
2012,Vanderbilt,11,27,26
2012,Boston College,11,6,21
2012,Notre Dame,11,21,6
2012,BYU,11,52,13
2012,Idaho,11,13,52
2012,California,11,17,59
2012,Oregon,11,59,17
2012,Washington,11,34,15
2012,Utah,11,15,34
2012,Washington State,11,36,44
2012,UCLA,11,44,36
2012,Nevada,11,36,52
2012,Fresno State,11,52,36
2012,Ball State,12,52,27
2012,Ohio,12,27,52
2012,Northern Illinois,12,31,24
2012,Toledo,12,24,31
2012,Virginia,12,13,37
2012,North Carolina,12,37,13
2012,Florida Atlantic,12,24,34
2012,Florida International,12,34,24
2012,Air Force,12,21,7
2012,Hawai'i,12,7,21
2012,Maryland,12,14,41
2012,Florida State,12,41,14
2012,Cincinnati,12,3,10
2012,Rutgers,12,10,3
2012,Army,12,32,63
2012,Temple,12,63,32
2012,Bowling Green,12,24,31
2012,Kent State,12,31,24
2012,Marshall,12,44,41
2012,Houston,12,41,44
2012,Tulsa,12,23,21
2012,UCF,12,21,23
2012,Michigan,12,42,17
2012,Iowa,12,17,42
2012,Penn State,12,45,22
2012,Indiana,12,22,45
2012,Michigan State,12,20,23
2012,Northwestern,12,23,20
2012,Alabama,12,49,0
2012,Western Carolina,12,0,49
2012,Mississippi State,12,45,14
2012,Arkansas,12,14,45
2012,Boston College,12,23,30
2012,Virginia Tech,12,30,23
2012,South Carolina,12,24,7
2012,Wofford,12,7,24
2012,Central Michigan,12,30,16
2012,Miami (OH),12,16,30
2012,Florida,12,23,0
2012,Jacksonville State,12,0,23
2012,Colorado,12,3,38
2012,Washington,12,38,3
2012,Georgia,12,45,14
2012,Georgia Southern,12,14,45
2012,UAB,12,9,46
2012,Memphis,12,46,9
2012,Western Michigan,12,23,29
2012,Eastern Michigan,12,29,23
2012,Auburn,12,51,7
2012,Alabama A&M,12,7,51
2012,Massachusetts,12,19,29
2012,Buffalo,12,29,19
2012,Miami,12,40,9
2012,South Florida,12,9,40
2012,Arizona State,12,46,7
2012,Washington State,12,7,46
2012,UCLA,12,38,28
2012,USC,12,28,38
2012,Illinois,12,17,20
2012,Purdue,12,20,17
2012,Oklahoma State,12,59,21
2012,Texas Tech,12,21,59
2012,Navy,12,21,10
2012,Texas State,12,10,21
2012,Boise State,12,42,14
2012,Colorado State,12,14,42
2012,Rice,12,36,14
2012,SMU,12,14,36
2012,Texas A&M,12,47,28
2012,Sam Houston,12,28,47
2012,Troy,12,34,41
2012,Arkansas State,12,41,34
2012,South Alabama,12,12,20
2012,Middle Tennessee,12,20,12
2012,Notre Dame,12,38,0
2012,Wake Forest,12,0,38
2012,Clemson,12,62,48
2012,NC State,12,48,62
2012,Tulane,12,23,28
2012,East Carolina,12,28,23
2012,Georgia Tech,12,42,24
2012,Duke,12,24,42
2012,New Mexico,12,24,31
2012,Nevada,12,31,24
2012,Wisconsin,12,14,21
2012,Ohio State,12,21,14
2012,LSU,12,41,35
2012,Ole Miss,12,35,41
2012,Nebraska,12,38,14
2012,Minnesota,12,14,38
2012,Louisiana Tech,12,41,48
2012,Utah State,12,48,41
2012,UL Monroe,12,42,16
2012,North Texas,12,16,42
2012,UNLV,12,23,28
2012,Wyoming,12,28,23
2012,Idaho,12,27,34
2012,UTSA,12,34,27
2012,Kansas,12,23,51
2012,Iowa State,12,51,23
2012,Vanderbilt,12,41,18
2012,Tennessee,12,18,41
2012,Louisiana,12,31,27
2012,Western Kentucky,12,27,31
2012,West Virginia,12,49,50
2012,Oklahoma,12,50,49
2012,Missouri,12,27,31
2012,Syracuse,12,31,27
2012,Kentucky,12,34,3
2012,Samford,12,3,34
2012,Baylor,12,52,24
2012,Kansas State,12,24,52
2012,Southern Miss,12,33,34
2012,UTEP,12,34,33
2012,Oregon,12,14,17
2012,Stanford,12,17,14
2012,Utah,12,24,34
2012,Arizona,12,34,24
2012,San José State,12,20,14
2012,BYU,12,14,20
2012,Oregon State,12,62,14
2012,California,12,14,62
2012,Toledo,13,35,23
2012,Akron,13,23,35
2012,Texas,13,13,20
2012,TCU,13,20,13
2012,Kent State,13,28,6
2012,Ohio,13,6,28
2012,Temple,13,20,38
2012,Syracuse,13,38,20
2012,Iowa,13,7,13
2012,Nebraska,13,13,7
2012,Miami (OH),13,24,31
2012,Ball State,13,31,24
2012,Eastern Michigan,13,7,49
2012,Northern Illinois,13,49,7
2012,Bowling Green,13,21,7
2012,Buffalo,13,7,21
2012,East Carolina,13,65,59
2012,Marshall,13,59,65
2012,Arkansas,13,13,20
2012,LSU,13,20,13
2012,Colorado,13,35,42
2012,Utah,13,42,35
2012,Massachusetts,13,21,42
2012,Central Michigan,13,42,21
2012,Iowa State,13,24,31
2012,West Virginia,13,31,24
2012,Washington State,13,31,28
2012,Washington,13,28,31
2012,Cincinnati,13,27,10
2012,South Florida,13,10,27
2012,Arizona,13,34,41
2012,Arizona State,13,41,34
2012,Georgia,13,42,10
2012,Georgia Tech,13,10,42
2012,Pittsburgh,13,27,6
2012,Rutgers,13,6,27
2012,Purdue,13,56,35
2012,Indiana,13,35,56
2012,SMU,13,35,27
2012,Tulsa,13,27,35
2012,Ohio State,13,26,21
2012,Michigan,13,21,26
2012,Virginia Tech,13,17,14
2012,Virginia,13,14,17
2012,UCF,13,49,24
2012,UAB,13,24,49
2012,Northwestern,13,50,14
2012,Illinois,13,14,50
2012,Louisville,13,20,23
2012,UConn,13,23,20
2012,Tennessee,13,37,17
2012,Kentucky,13,17,37
2012,Duke,13,45,52
2012,Miami,13,52,45
2012,Western Kentucky,13,25,24
2012,North Texas,13,24,25
2012,UTSA,13,38,31
2012,Texas State,13,31,38
2012,Texas Tech,13,45,52
2012,Baylor,13,52,45
2012,Oregon State,13,24,48
2012,Oregon,13,48,24
2012,Utah State,13,45,9
2012,Idaho,13,9,45
2012,NC State,13,27,10
2012,Boston College,13,10,27
2012,North Carolina,13,45,38
2012,Maryland,13,38,45
2012,Middle Tennessee,13,24,21
2012,Troy,13,21,24
2012,Houston,13,40,17
2012,Tulane,13,17,40
2012,Minnesota,13,10,26
2012,Michigan State,13,26,10
2012,Penn State,13,24,21
2012,Wisconsin,13,21,24
2012,Florida State,13,26,37
2012,Florida,13,37,26
2012,Wyoming,13,28,42
2012,San Diego State,13,42,28
2012,Wake Forest,13,21,55
2012,Vanderbilt,13,55,21
2012,Fresno State,13,48,15
2012,Air Force,13,15,48
2012,Oklahoma,13,51,48
2012,Oklahoma State,13,48,51
2012,Alabama,13,49,0
2012,Auburn,13,0,49
2012,New Mexico State,13,14,50
2012,BYU,13,50,14
2012,Memphis,13,42,24
2012,Southern Miss,13,24,42
2012,Louisiana,13,52,30
2012,South Alabama,13,30,52
2012,Florida International,13,17,23
2012,UL Monroe,13,23,17
2012,UCLA,13,17,35
2012,Stanford,13,35,17
2012,UTEP,13,24,33
2012,Rice,13,33,24
2012,Colorado State,13,24,20
2012,New Mexico,13,20,24
2012,Texas A&M,13,59,29
2012,Missouri,13,29,59
2012,Clemson,13,17,27
2012,South Carolina,13,27,17
2012,Ole Miss,13,41,24
2012,Mississippi State,13,24,41
2012,USC,13,13,22
2012,Notre Dame,13,22,13
2012,San José State,13,52,43
2012,Louisiana Tech,13,43,52
2012,Hawai'i,13,48,10
2012,UNLV,13,10,48
2012,Rutgers,14,17,20
2012,Louisville,14,20,17
2012,Kent State,14,37,44
2012,Northern Illinois,14,44,37
2012,Stanford,14,27,24
2012,UCLA,14,24,27
2012,Tulsa,14,33,27
2012,UCF,14,27,33
2012,Baylor,14,41,34
2012,Oklahoma State,14,34,41
2012,TCU,14,17,24
2012,Oklahoma,14,24,17
2012,Oregon State,14,77,3
2012,Nicholls,14,3,77
2012,West Virginia,14,59,10
2012,Kansas,14,10,59
2012,Arkansas State,14,45,0
2012,Middle Tennessee,14,0,45
2012,Florida Atlantic,14,21,35
2012,Louisiana,14,35,21
2012,Nevada,14,21,27
2012,Boise State,14,27,21
2012,UConn,14,17,34
2012,Cincinnati,14,34,17
2012,Georgia,14,28,32
2012,Alabama,14,32,28
2012,Texas State,14,66,28
2012,New Mexico State,14,28,66
2012,South Florida,14,3,27
2012,Pittsburgh,14,27,3
2012,Georgia Tech,14,15,21
2012,Florida State,14,21,15
2012,Kansas State,14,42,24
2012,Texas,14,24,42
2012,Wisconsin,14,70,31
2012,Nebraska,14,31,70
2012,Hawai'i,14,23,7
2012,South Alabama,14,7,23
2012,Army,15,13,17
2012,Navy,15,17,13
2013,Kent State,1,17,10
2013,Liberty,1,10,17
2013,South Carolina,1,27,10
2013,North Carolina,1,10,27
2013,Wake Forest,1,31,7
2013,Presbyterian,1,7,31
2013,Ball State,1,51,28
2013,Illinois State,1,28,51
2013,Indiana,1,73,35
2013,Indiana State,1,35,73
2013,Minnesota,1,51,23
2013,UNLV,1,23,51
2013,UCF,1,38,7
2013,Akron,1,7,38
2013,Bowling Green,1,34,7
2013,Tulsa,1,7,34
2013,Middle Tennessee,1,45,24
2013,Western Carolina,1,24,45
2013,South Alabama,1,21,22
2013,Southern Utah,1,22,21
2013,UConn,1,18,33
2013,Towson,1,33,18
2013,Tulane,1,34,7
2013,Jackson State,1,7,34
2013,Utah,1,30,26
2013,Utah State,1,26,30
2013,Vanderbilt,1,35,39
2013,Ole Miss,1,39,35
2013,San José State,1,24,0
2013,Sacramento State,1,0,24
2013,Fresno State,1,52,51
2013,Rutgers,1,51,52
2013,Hawai'i,1,13,30
2013,USC,1,30,13
2013,Army,1,28,12
2013,Morgan State,1,12,28
2013,Georgia State,1,21,31
2013,Samford,1,31,21
2013,Michigan State,1,26,13
2013,Western Michigan,1,13,26
2013,SMU,1,23,41
2013,Texas Tech,1,41,23
2013,Miami,1,34,6
2013,Florida Atlantic,1,6,34
2013,Kansas State,1,21,24
2013,North Dakota State,1,24,21
2013,Houston,1,62,13
2013,Southern,1,13,62
2013,Arizona,1,35,0
2013,Northern Arizona,1,0,35
2013,Georgia Tech,1,70,0
2013,Elon,1,0,70
2013,Cincinnati,1,42,7
2013,Purdue,1,7,42
2013,Wisconsin,1,45,0
2013,Massachusetts,1,0,45
2013,West Virginia,1,24,17
2013,William & Mary,1,17,24
2013,Boston College,1,24,14
2013,Villanova,1,14,24
2013,Illinois,1,42,34
2013,Southern Illinois,1,34,42
2013,Ohio State,1,40,20
2013,Buffalo,1,20,40
2013,Florida,1,24,6
2013,Toledo,1,6,24
2013,Maryland,1,43,10
2013,Florida International,1,10,43
2013,NC State,1,40,14
2013,Louisiana Tech,1,14,40
2013,Texas A&M,1,52,31
2013,Rice,1,31,52
2013,Air Force,1,38,13
2013,Colgate,1,13,38
2013,Iowa,1,27,30
2013,Northern Illinois,1,30,27
2013,Virginia,1,19,16
2013,BYU,1,16,19
2013,Penn State,1,23,17
2013,Syracuse,1,17,23
2013,Oklahoma State,1,21,3
2013,Mississippi State,1,3,21
2013,Notre Dame,1,28,6
2013,Temple,1,6,28
2013,Michigan,1,59,9
2013,Central Michigan,1,9,59
2013,Oregon,1,66,3
2013,Nicholls,1,3,66
2013,Arkansas,1,34,14
2013,Louisiana,1,14,34
2013,Duke,1,45,0
2013,North Carolina Central,1,0,45
2013,Virginia Tech,1,10,35
2013,Alabama,1,35,10
2013,Tennessee,1,45,0
2013,Austin Peay,1,0,45
2013,Eastern Michigan,1,34,24
2013,Howard,1,24,34
2013,Oregon State,1,46,49
2013,Eastern Washington,1,49,46
2013,North Texas,1,40,6
2013,Idaho,1,6,40
2013,Missouri,1,58,14
2013,Murray State,1,14,58
2013,East Carolina,1,52,38
2013,Old Dominion,1,38,52
2013,Arkansas State,1,62,11
2013,Arkansas-Pine Bluff,1,11,62
2013,Troy,1,34,31
2013,UAB,1,31,34
2013,South Florida,1,21,53
2013,McNeese,1,53,21
2013,Oklahoma,1,34,0
2013,UL Monroe,1,0,34
2013,Southern Miss,1,15,22
2013,Texas State,1,22,15
2013,Marshall,1,52,14
2013,Miami (OH),1,14,52
2013,Auburn,1,31,24
2013,Washington State,1,24,31
2013,Western Kentucky,1,35,26
2013,Kentucky,1,26,35
2013,Baylor,1,69,3
2013,Wofford,1,3,69
2013,San Diego State,1,19,40
2013,Eastern Illinois,1,40,19
2013,Iowa State,1,20,28
2013,Northern Iowa,1,28,20
2013,Nebraska,1,37,34
2013,Wyoming,1,34,37
2013,Texas,1,56,7
2013,New Mexico State,1,7,56
2013,New Mexico,1,13,21
2013,UTSA,1,21,13
2013,Clemson,1,38,35
2013,Georgia,1,35,38
2013,TCU,1,27,37
2013,LSU,1,37,27
2013,Washington,1,38,6
2013,Boise State,1,6,38
2013,UCLA,1,58,20
2013,Nevada,1,20,58
2013,California,1,30,44
2013,Northwestern,1,44,30
2013,Louisville,1,49,7
2013,Ohio,1,7,49
2013,Colorado State,1,27,41
2013,Colorado,1,41,27
2013,Pittsburgh,1,13,41
2013,Florida State,1,41,13
2013,East Carolina,2,31,13
2013,Florida Atlantic,2,13,31
2013,Arizona State,2,55,0
2013,Sacramento State,2,0,55
2013,Boston College,2,24,10
2013,Wake Forest,2,10,24
2013,Florida International,2,0,38
2013,UCF,2,38,0
2013,Temple,2,13,22
2013,Houston,2,22,13
2013,Miami,2,21,16
2013,Florida,2,16,21
2013,Illinois,2,45,17
2013,Cincinnati,2,17,45
2013,Kent State,2,22,41
2013,Bowling Green,2,41,22
2013,UTSA,2,35,56
2013,Oklahoma State,2,56,35
2013,TCU,2,38,17
2013,SE Louisiana,2,17,38
2013,Purdue,2,20,14
2013,Indiana State,2,14,20
2013,Kentucky,2,41,7
2013,Miami (OH),2,7,41
2013,Louisville,2,44,7
2013,Eastern Kentucky,2,7,44
2013,Iowa,2,28,14
2013,Missouri State,2,14,28
2013,Michigan State,2,21,6
2013,South Florida,2,6,21
2013,Rutgers,2,38,0
2013,Norfolk State,2,0,38
2013,Penn State,2,45,7
2013,Eastern Michigan,2,7,45
2013,Wisconsin,2,48,0
2013,Tennessee Tech,2,0,48
2013,Tennessee,2,52,20
2013,Western Kentucky,2,20,52
2013,Clemson,2,52,13
2013,South Carolina State,2,13,52
2013,North Carolina,2,40,20
2013,Middle Tennessee,2,20,40
2013,Ball State,2,40,14
2013,Army,2,14,40
2013,Virginia Tech,2,45,3
2013,Western Carolina,2,3,45
2013,Massachusetts,2,14,24
2013,Maine,2,24,14
2013,Georgia State,2,14,42
2013,Chattanooga,2,42,14
2013,Utah,2,70,7
2013,Weber State,2,7,70
2013,Central Michigan,2,24,21
2013,New Hampshire,2,21,24
2013,Boise State,2,63,14
2013,UT Martin,2,14,63
2013,Virginia,2,10,59
2013,Oregon,2,59,10
2013,Air Force,2,20,52
2013,Utah State,2,52,20
2013,Baylor,2,70,13
2013,Buffalo,2,13,70
2013,Mississippi State,2,51,7
2013,Alcorn State,2,7,51
2013,Tulane,2,39,41
2013,South Alabama,2,41,39
2013,Missouri,2,38,23
2013,Toledo,2,23,38
2013,Ohio State,2,42,7
2013,San Diego State,2,7,42
2013,Maryland,2,47,10
2013,Old Dominion,2,10,47
2013,Wyoming,2,42,10
2013,Idaho,2,10,42
2013,Memphis,2,14,28
2013,Duke,2,28,14
2013,Georgia,2,41,30
2013,South Carolina,2,30,41
2013,California,2,37,30
2013,Portland State,2,30,37
2013,Indiana,2,35,41
2013,Navy,2,41,35
2013,Akron,2,35,33
2013,James Madison,2,33,35
2013,Nebraska,2,56,13
2013,Southern Miss,2,13,56
2013,NC State,2,23,21
2013,Richmond,2,21,23
2013,Northwestern,2,48,27
2013,Syracuse,2,27,48
2013,Marshall,2,55,0
2013,Gardner-Webb,2,0,55
2013,Kansas State,2,48,27
2013,Louisiana,2,27,48
2013,Texas State,2,28,3
2013,Prairie View A&M,2,3,28
2013,Ole Miss,2,31,13
2013,Southeast Missouri State,2,13,31
2013,Tulsa,2,30,27
2013,Colorado State,2,27,30
2013,UL Monroe,2,48,10
2013,Grambling,2,10,48
2013,BYU,2,40,21
2013,Texas,2,21,40
2013,Western Michigan,2,23,27
2013,Nicholls,2,27,23
2013,Texas A&M,2,65,28
2013,Sam Houston,2,28,65
2013,Louisiana Tech,2,27,14
2013,Lamar,2,14,27
2013,Arkansas,2,31,21
2013,Samford,2,21,31
2013,Kansas,2,31,14
2013,South Dakota,2,14,31
2013,Ohio,2,27,21
2013,North Texas,2,21,27
2013,Texas Tech,2,61,13
2013,Stephen F. Austin,2,13,61
2013,Troy,2,66,3
2013,Savannah State,2,3,66
2013,Oklahoma,2,16,7
2013,West Virginia,2,7,16
2013,Vanderbilt,2,38,3
2013,Austin Peay,2,3,38
2013,Auburn,2,38,9
2013,Arkansas State,2,9,38
2013,LSU,2,56,17
2013,UAB,2,17,56
2013,Oregon State,2,33,14
2013,Hawai'i,2,14,33
2013,Colorado,2,38,24
2013,Central Arkansas,2,24,38
2013,New Mexico State,2,21,44
2013,Minnesota,2,44,21
2013,UTEP,2,35,42
2013,New Mexico,2,42,35
2013,SMU,2,31,30
2013,Montana State,2,30,31
2013,Michigan,2,41,30
2013,Notre Dame,2,30,41
2013,Nevada,2,36,7
2013,UC Davis,2,7,36
2013,Fresno State,2,41,25
2013,Cal Poly,2,25,41
2013,UNLV,2,13,58
2013,Arizona,2,58,13
2013,USC,2,7,10
2013,Washington State,2,10,7
2013,Stanford,2,34,13
2013,San José State,2,13,34
2013,Arkansas State,3,41,34
2013,Troy,3,34,41
2013,Louisiana Tech,3,15,24
2013,Tulane,3,24,15
2013,Texas Tech,3,20,10
2013,TCU,3,10,20
2013,Boise State,3,42,20
2013,Air Force,3,20,42
2013,West Virginia,3,41,7
2013,Georgia State,3,7,41
2013,Minnesota,3,29,12
2013,Western Illinois,3,12,29
2013,Nebraska,3,21,41
2013,UCLA,3,41,21
2013,Oklahoma,3,51,20
2013,Tulsa,3,20,51
2013,Indiana,3,42,10
2013,Bowling Green,3,10,42
2013,Michigan,3,28,24
2013,Akron,3,24,28
2013,Kentucky,3,13,27
2013,Louisville,3,27,13
2013,Army,3,20,34
2013,Stanford,3,34,20
2013,East Carolina,3,10,15
2013,Virginia Tech,3,15,10
2013,Arkansas,3,24,3
2013,Southern Miss,3,3,24
2013,Pittsburgh,3,49,27
2013,New Mexico,3,27,49
2013,Wake Forest,3,19,21
2013,UL Monroe,3,21,19
2013,Rutgers,3,28,10
2013,Eastern Michigan,3,10,28
2013,Temple,3,29,30
2013,Fordham,3,30,29
2013,Michigan State,3,55,17
2013,Youngstown State,3,17,55
2013,USC,3,35,7
2013,Boston College,3,7,35
2013,Oregon,3,59,14
2013,Tennessee,3,14,59
2013,Buffalo,3,26,23
2013,Stony Brook,3,23,26
2013,Colorado State,3,34,17
2013,Cal Poly,3,17,34
2013,Navy,3,51,7
2013,Delaware,3,7,51
2013,Texas A&M,3,42,49
2013,Alabama,3,49,42
2013,Florida State,3,62,7
2013,Nevada,3,7,62
2013,Duke,3,14,38
2013,Georgia Tech,3,38,14
2013,North Texas,3,34,27
2013,Ball State,3,27,34
2013,Wyoming,3,35,7
2013,Northern Colorado,3,7,35
2013,Syracuse,3,54,0
2013,Wagner,3,0,54
2013,Idaho,3,35,45
2013,Northern Illinois,3,45,35
2013,Florida International,3,13,34
2013,Bethune-Cookman,3,34,13
2013,Penn State,3,31,34
2013,UCF,3,34,31
2013,Iowa State,3,21,27
2013,Iowa,3,27,21
2013,Illinois,3,24,34
2013,Washington,3,34,24
2013,Washington State,3,48,10
2013,Southern Utah,3,10,48
2013,Toledo,3,33,21
2013,Eastern Washington,3,21,33
2013,Cincinnati,3,66,9
2013,Northwestern State,3,9,66
2013,South Florida,3,10,28
2013,Florida Atlantic,3,28,10
2013,Auburn,3,24,20
2013,Mississippi State,3,20,24
2013,South Carolina,3,35,25
2013,Vanderbilt,3,25,35
2013,Middle Tennessee,3,17,15
2013,Memphis,3,15,17
2013,Kansas State,3,37,7
2013,Massachusetts,3,7,37
2013,LSU,3,45,13
2013,Kent State,3,13,45
2013,Louisiana,3,70,7
2013,Nicholls,3,7,70
2013,California,3,34,52
2013,Ohio State,3,52,34
2013,UConn,3,21,32
2013,Maryland,3,32,21
2013,South Alabama,3,31,24
2013,Western Kentucky,3,24,31
2013,Oklahoma State,3,59,3
2013,Lamar,3,3,59
2013,Rice,3,23,14
2013,Kansas,3,14,23
2013,New Mexico State,3,21,42
2013,UTEP,3,42,21
2013,Purdue,3,24,31
2013,Notre Dame,3,31,24
2013,Utah State,3,70,6
2013,Weber State,3,6,70
2013,Ohio,3,34,31
2013,Marshall,3,31,34
2013,Texas,3,23,44
2013,Ole Miss,3,44,23
2013,Northwestern,3,38,17
2013,Western Michigan,3,17,38
2013,UNLV,3,31,21
2013,Central Michigan,3,21,31
2013,Utah,3,48,51
2013,Oregon State,3,51,48
2013,Arizona,3,38,13
2013,UTSA,3,13,38
2013,Arizona State,3,32,30
2013,Wisconsin,3,30,32
2013,NC State,4,14,26
2013,Clemson,4,26,14
2013,Fresno State,4,41,40
2013,Boise State,4,40,41
2013,Army,4,11,25
2013,Wake Forest,4,25,11
2013,Central Michigan,4,17,38
2013,Toledo,4,38,17
2013,Minnesota,4,43,24
2013,San José State,4,24,43
2013,Florida Atlantic,4,35,42
2013,Middle Tennessee,4,42,35
2013,Iowa,4,59,3
2013,Western Michigan,4,3,59
2013,Massachusetts,4,7,24
2013,Vanderbilt,4,24,7
2013,Louisville,4,72,0
2013,Florida International,4,0,72
2013,Virginia Tech,4,29,21
2013,Marshall,4,21,29
2013,Georgia Tech,4,28,20
2013,North Carolina,4,20,28
2013,Kansas,4,13,10
2013,Louisiana Tech,4,10,13
2013,Ohio State,4,76,0
2013,Florida A&M,4,0,76
2013,Georgia,4,45,21
2013,North Texas,4,21,45
2013,Syracuse,4,52,17
2013,Tulane,4,17,52
2013,Duke,4,55,58
2013,Pittsburgh,4,58,55
2013,Eastern Michigan,4,20,51
2013,Ball State,4,51,20
2013,Ohio,4,38,0
2013,Austin Peay,4,0,38
2013,Georgia State,4,26,32
2013,Jacksonville State,4,32,26
2013,UAB,4,52,28
2013,Northwestern State,4,28,52
2013,Washington,4,56,0
2013,Idaho State,4,0,56
2013,Rice,4,26,31
2013,Houston,4,31,26
2013,Virginia,4,49,0
2013,VMI,4,0,49
2013,Notre Dame,4,17,13
2013,Michigan State,4,13,17
2013,USC,4,17,14
2013,Utah State,4,14,17
2013,Maryland,4,37,0
2013,West Virginia,4,0,37
2013,Nebraska,4,59,20
2013,South Dakota State,4,20,59
2013,Rutgers,4,28,24
2013,Arkansas,4,24,28
2013,Penn State,4,34,0
2013,Kent State,4,0,34
2013,Wisconsin,4,41,10
2013,Purdue,4,10,41
2013,Florida,4,31,17
2013,Tennessee,4,17,31
2013,Bowling Green,4,48,7
2013,Murray State,4,7,48
2013,Northwestern,4,35,21
2013,Maine,4,21,35
2013,Miami (OH),4,0,14
2013,Cincinnati,4,14,0
2013,Baylor,4,70,7
2013,UL Monroe,4,7,70
2013,Memphis,4,31,7
2013,Arkansas State,4,7,31
2013,Akron,4,30,35
2013,Louisiana,4,35,30
2013,Florida State,4,54,6
2013,Bethune-Cookman,4,6,54
2013,Alabama,4,31,6
2013,Colorado State,4,6,31
2013,Texas Tech,4,33,7
2013,Texas State,4,7,33
2013,Texas A&M,4,42,13
2013,SMU,4,13,42
2013,Stanford,4,42,28
2013,Arizona State,4,28,42
2013,Miami,4,77,7
2013,Savannah State,4,7,77
2013,Northern Illinois,4,43,39
2013,Eastern Illinois,4,39,43
2013,Western Kentucky,4,58,17
2013,Morgan State,4,17,58
2013,San Diego State,4,30,34
2013,Oregon State,4,34,30
2013,Mississippi State,4,62,7
2013,Troy,4,7,62
2013,LSU,4,35,21
2013,Auburn,4,21,35
2013,Indiana,4,28,45
2013,Missouri,4,45,28
2013,Texas,4,31,21
2013,Kansas State,4,21,31
2013,UConn,4,21,24
2013,Michigan,4,24,21
2013,UTEP,4,13,32
2013,UTSA,4,32,13
2013,Nevada,4,31,9
2013,Hawai'i,4,9,31
2013,UNLV,4,38,7
2013,Western Illinois,4,7,38
2013,BYU,4,13,20
2013,Utah,4,20,13
2013,Air Force,4,23,56
2013,Wyoming,4,56,23
2013,Washington State,4,42,0
2013,Idaho,4,0,42
2013,UCLA,4,59,13
2013,New Mexico State,4,13,59
2013,Tulsa,5,21,38
2013,Iowa State,5,38,21
2013,Georgia Tech,5,10,17
2013,Virginia Tech,5,17,10
2013,San José State,5,12,40
2013,Utah State,5,40,12
2013,BYU,5,37,10
2013,Middle Tennessee,5,10,37
2013,South Florida,5,21,49
2013,Miami,5,49,21
2013,UCF,5,25,28
2013,South Carolina,5,28,25
2013,Illinois,5,50,14
2013,Miami (OH),5,14,50
2013,TCU,5,48,17
2013,SMU,5,17,48
2013,West Virginia,5,30,21
2013,Oklahoma State,5,21,30
2013,Purdue,5,24,55
2013,Northern Illinois,5,55,24
2013,Tennessee,5,31,24
2013,South Alabama,5,24,31
2013,North Carolina,5,31,55
2013,East Carolina,5,55,31
2013,Pittsburgh,5,14,3
2013,Virginia,5,3,14
2013,Western Kentucky,5,19,7
2013,Navy,5,7,19
2013,Bowling Green,5,31,14
2013,Akron,5,14,31
2013,Ball State,5,31,24
2013,Toledo,5,24,31
2013,Duke,5,38,31
2013,Troy,5,31,38
2013,Oregon State,5,44,17
2013,Colorado,5,17,44
2013,Georgia,5,44,41
2013,LSU,5,41,44
2013,Buffalo,5,41,12
2013,UConn,5,12,41
2013,NC State,5,48,14
2013,Central Michigan,5,14,48
2013,Minnesota,5,7,23
2013,Iowa,5,23,7
2013,Notre Dame,5,21,35
2013,Oklahoma,5,35,21
2013,Boston College,5,34,48
2013,Florida State,5,48,34
2013,Clemson,5,56,7
2013,Wake Forest,5,7,56
2013,Colorado State,5,59,42
2013,UTEP,5,42,59
2013,Louisiana Tech,5,16,35
2013,Army,5,35,16
2013,UTSA,5,28,59
2013,Houston,5,59,28
2013,Idaho,5,26,24
2013,Temple,5,24,26
2013,Alabama,5,25,0
2013,Ole Miss,5,0,25
2013,Arkansas,5,33,45
2013,Texas A&M,5,45,33
2013,Washington,5,31,13
2013,Arizona,5,13,31
2013,UL Monroe,5,14,31
2013,Tulane,5,31,14
2013,Western Michigan,5,14,32
2013,Kent State,5,32,14
2013,Rice,5,18,14
2013,Florida Atlantic,5,14,18
2013,Kentucky,5,7,24
2013,Florida,5,24,7
2013,Texas State,5,42,21
2013,Wyoming,5,21,42
2013,Missouri,5,41,19
2013,Arkansas State,5,19,41
2013,Vanderbilt,5,52,24
2013,UAB,5,24,52
2013,New Mexico State,5,16,26
2013,San Diego State,5,26,16
2013,Nevada,5,45,42
2013,Air Force,5,42,45
2013,New Mexico,5,42,56
2013,UNLV,5,56,42
2013,Ohio State,5,31,24
2013,Wisconsin,5,24,31
2013,Washington State,5,17,55
2013,Stanford,5,55,17
2013,Boise State,5,60,7
2013,Southern Miss,5,7,60
2013,Oregon,5,55,16
2013,California,5,16,55
2013,Arizona State,5,62,41
2013,USC,5,41,62
2013,Hawai'i,5,37,42
2013,Fresno State,5,42,37
2013,Iowa State,6,30,31
2013,Texas,6,31,30
2013,UL Monroe,6,10,31
2013,Western Kentucky,6,31,10
2013,Utah,6,27,34
2013,UCLA,6,34,27
2013,Utah State,6,14,31
2013,BYU,6,31,14
2013,San Diego State,6,51,44
2013,Nevada,6,44,51
2013,Navy,6,28,10
2013,Air Force,6,10,28
2013,Temple,6,7,30
2013,Louisville,6,30,7
2013,Kansas,6,16,54
2013,Texas Tech,6,54,16
2013,Florida State,6,63,0
2013,Maryland,6,0,63
2013,SMU,6,52,55
2013,Rutgers,6,55,52
2013,Iowa,6,14,26
2013,Michigan State,6,26,14
2013,Nebraska,6,39,19
2013,Illinois,6,19,39
2013,Indiana,6,44,24
2013,Penn State,6,24,44
2013,Buffalo,6,42,14
2013,Eastern Michigan,6,14,42
2013,Virginia,6,27,48
2013,Ball State,6,48,27
2013,Alabama,6,45,3
2013,Georgia State,6,3,45
2013,Virginia Tech,6,27,17
2013,North Carolina,6,17,27
2013,Troy,6,34,33
2013,South Alabama,6,33,34
2013,Boston College,6,48,27
2013,Army,6,27,48
2013,Miami (OH),6,9,21
2013,Central Michigan,6,21,9
2013,Akron,6,3,43
2013,Ohio,6,43,3
2013,Marshall,6,34,10
2013,UTSA,6,10,34
2013,UAB,6,23,37
2013,Florida Atlantic,6,37,23
2013,Toledo,6,47,20
2013,Western Michigan,6,20,47
2013,Tulane,6,24,21
2013,North Texas,6,21,24
2013,Michigan,6,42,13
2013,Minnesota,6,13,42
2013,Bowling Green,6,28,7
2013,Massachusetts,6,7,28
2013,Wake Forest,6,28,13
2013,NC State,6,13,28
2013,Syracuse,6,14,49
2013,Clemson,6,49,14
2013,Oklahoma State,6,33,29
2013,Kansas State,6,29,33
2013,Tulsa,6,27,30
2013,Rice,6,30,27
2013,Kent State,6,24,38
2013,Northern Illinois,6,38,24
2013,Miami,6,45,30
2013,Georgia Tech,6,30,45
2013,Middle Tennessee,6,17,24
2013,East Carolina,6,24,17
2013,Tennessee,6,31,34
2013,Georgia,6,34,31
2013,Southern Miss,6,23,24
2013,Florida International,6,24,23
2013,California,6,22,44
2013,Washington State,6,44,22
2013,Memphis,6,17,24
2013,UCF,6,24,17
2013,Idaho,6,14,61
2013,Fresno State,6,61,14
2013,Colorado,6,16,57
2013,Oregon,6,57,16
2013,New Mexico,6,66,17
2013,New Mexico State,6,17,66
2013,Oklahoma,6,20,17
2013,TCU,6,17,20
2013,Florida,6,30,10
2013,Arkansas,6,10,30
2013,Auburn,6,30,22
2013,Ole Miss,6,22,30
2013,Mississippi State,6,26,59
2013,LSU,6,59,26
2013,South Florida,6,26,20
2013,Cincinnati,6,20,26
2013,Louisiana,6,48,24
2013,Texas State,6,24,48
2013,Notre Dame,6,37,34
2013,Arizona State,6,34,37
2013,Vanderbilt,6,28,51
2013,Missouri,6,51,28
2013,UTEP,6,35,38
2013,Louisiana Tech,6,38,35
2013,South Carolina,6,35,28
2013,Kentucky,6,28,35
2013,Baylor,6,73,42
2013,West Virginia,6,42,73
2013,Northwestern,6,30,40
2013,Ohio State,6,40,30
2013,Stanford,6,31,28
2013,Washington,6,28,31
2013,Hawai'i,6,27,37
2013,San José State,6,37,27
2013,Louisville,7,24,10
2013,Rutgers,7,10,24
2013,Air Force,7,20,27
2013,San Diego State,7,27,20
2013,USC,7,38,31
2013,Arizona,7,31,38
2013,Cincinnati,7,38,20
2013,Temple,7,20,38
2013,Texas,7,36,20
2013,Oklahoma,7,20,36
2013,Purdue,7,7,44
2013,Nebraska,7,44,7
2013,Virginia Tech,7,19,9
2013,Pittsburgh,7,9,19
2013,Georgia,7,26,41
2013,Missouri,7,41,26
2013,Houston,7,25,15
2013,Memphis,7,15,25
2013,Michigan State,7,42,28
2013,Indiana,7,28,42
2013,TCU,7,27,17
2013,Kansas,7,17,27
2013,Army,7,50,25
2013,Eastern Michigan,7,25,50
2013,Texas Tech,7,42,35
2013,Iowa State,7,35,42
2013,UConn,7,10,13
2013,South Florida,7,13,10
2013,Arkansas,7,7,52
2013,South Carolina,7,52,7
2013,Duke,7,35,7
2013,Navy,7,7,35
2013,Ohio,7,23,26
2013,Central Michigan,7,26,23
2013,Western Michigan,7,0,33
2013,Buffalo,7,33,0
2013,Auburn,7,62,3
2013,Western Carolina,7,3,62
2013,Massachusetts,7,17,10
2013,Miami (OH),7,10,17
2013,Ball State,7,27,24
2013,Kent State,7,24,27
2013,Maryland,7,27,26
2013,Virginia,7,26,27
2013,Georgia State,7,28,35
2013,Troy,7,35,28
2013,Wisconsin,7,35,6
2013,Northwestern,7,6,35
2013,Clemson,7,24,14
2013,Boston College,7,14,24
2013,Wyoming,7,38,31
2013,New Mexico,7,31,38
2013,LSU,7,17,6
2013,Florida,7,6,17
2013,Kansas State,7,25,35
2013,Baylor,7,35,25
2013,Tulane,7,36,33
2013,East Carolina,7,33,36
2013,NC State,7,10,24
2013,Syracuse,7,24,10
2013,Colorado State,7,27,34
2013,San José State,7,34,27
2013,UTSA,7,21,27
2013,Rice,7,27,21
2013,Washington,7,24,45
2013,Oregon,7,45,24
2013,Penn State,7,43,40
2013,Michigan,7,40,43
2013,Northern Illinois,7,27,20
2013,Akron,7,20,27
2013,Florida Atlantic,7,23,24
2013,Marshall,7,24,23
2013,Utah,7,27,21
2013,Stanford,7,21,27
2013,Texas State,7,14,21
2013,UL Monroe,7,21,14
2013,Kentucky,7,7,48
2013,Alabama,7,48,7
2013,Arkansas State,7,48,24
2013,Idaho,7,24,48
2013,North Texas,7,34,7
2013,Middle Tennessee,7,7,34
2013,BYU,7,38,20
2013,Georgia Tech,7,20,38
2013,Florida International,7,24,27
2013,UAB,7,27,24
2013,Mississippi State,7,21,20
2013,Bowling Green,7,20,21
2013,UNLV,7,39,37
2013,Hawai'i,7,37,39
2013,UTEP,7,20,34
2013,Tulsa,7,34,20
2013,Utah State,7,23,34
2013,Boise State,7,34,23
2013,Ole Miss,7,38,41
2013,Texas A&M,7,41,38
2013,Arizona State,7,54,13
2013,Colorado,7,13,54
2013,Washington State,7,24,52
2013,Oregon State,7,52,24
2013,UCLA,7,37,10
2013,California,7,10,37
2013,Western Kentucky,8,20,37
2013,Louisiana,8,37,20
2013,North Carolina,8,23,27
2013,Miami,8,27,23
2013,Louisville,8,35,38
2013,UCF,8,38,35
2013,Cincinnati,8,41,16
2013,UConn,8,16,41
2013,Oklahoma State,8,24,10
2013,TCU,8,10,24
2013,Northwestern,8,17,20
2013,Minnesota,8,20,17
2013,Memphis,8,29,34
2013,SMU,8,34,29
2013,West Virginia,8,27,37
2013,Texas Tech,8,37,27
2013,Michigan State,8,14,0
2013,Purdue,8,0,14
2013,Toledo,8,45,44
2013,Navy,8,44,45
2013,Tennessee,8,23,21
2013,South Carolina,8,21,23
2013,East Carolina,8,55,14
2013,Southern Miss,8,14,55
2013,Vanderbilt,8,31,27
2013,Georgia,8,27,31
2013,Missouri,8,36,17
2013,Florida,8,17,36
2013,Georgia Tech,8,56,0
2013,Syracuse,8,0,56
2013,Eastern Michigan,8,28,56
2013,Ohio,8,56,28
2013,Miami (OH),8,17,24
2013,Akron,8,24,17
2013,Temple,8,33,14
2013,Army,8,14,33
2013,Western Michigan,8,17,38
2013,Ball State,8,38,17
2013,Wyoming,8,22,52
2013,Colorado State,8,52,22
2013,Colorado,8,43,10
2013,Charleston Southern,8,10,43
2013,Central Michigan,8,17,38
2013,Northern Illinois,8,38,17
2013,South Alabama,8,38,21
2013,Kent State,8,21,38
2013,Houston,8,46,47
2013,BYU,8,47,46
2013,Michigan,8,63,47
2013,Indiana,8,47,63
2013,Wake Forest,8,34,10
2013,Maryland,8,10,34
2013,Buffalo,8,32,3
2013,Massachusetts,8,3,32
2013,Virginia,8,22,35
2013,Duke,8,35,22
2013,Stanford,8,24,10
2013,UCLA,8,10,24
2013,Kansas,8,19,34
2013,Oklahoma,8,34,19
2013,Louisiana Tech,8,13,28
2013,North Texas,8,28,13
2013,Texas A&M,8,41,45
2013,Auburn,8,45,41
2013,Ohio State,8,34,24
2013,Iowa,8,24,34
2013,Arizona State,8,53,24
2013,Washington,8,24,53
2013,Ole Miss,8,27,24
2013,LSU,8,24,27
2013,Texas State,8,24,17
2013,Georgia State,8,17,24
2013,Pittsburgh,8,35,24
2013,Old Dominion,8,24,35
2013,Baylor,8,71,7
2013,Iowa State,8,7,71
2013,Alabama,8,52,0
2013,Arkansas,8,0,52
2013,Notre Dame,8,14,10
2013,USC,8,10,14
2013,Clemson,8,14,51
2013,Florida State,8,51,14
2013,New Mexico State,8,19,45
2013,Rice,8,45,19
2013,Boise State,8,34,17
2013,Nevada,8,17,34
2013,Illinois,8,32,56
2013,Wisconsin,8,56,32
2013,New Mexico,8,10,45
2013,Utah State,8,45,10
2013,Fresno State,8,38,14
2013,UNLV,8,14,38
2013,Oregon,8,62,38
2013,Washington State,8,38,62
2013,Arizona,8,35,24
2013,Utah,8,24,35
2013,California,8,17,49
2013,Oregon State,8,49,17
2013,Arkansas State,9,7,23
2013,Louisiana,9,23,7
2013,Middle Tennessee,9,51,49
2013,Marshall,9,49,51
2013,Mississippi State,9,28,22
2013,Kentucky,9,22,28
2013,BYU,9,37,20
2013,Boise State,9,20,37
2013,UCF,9,62,17
2013,UConn,9,17,62
2013,Akron,9,24,42
2013,Ball State,9,42,24
2013,Miami,9,24,21
2013,Wake Forest,9,21,24
2013,Iowa,9,17,10
2013,Northwestern,9,10,17
2013,Minnesota,9,34,23
2013,Nebraska,9,23,34
2013,Rutgers,9,14,49
2013,Houston,9,49,14
2013,South Florida,9,3,34
2013,Louisville,9,34,3
2013,Iowa State,9,27,58
2013,Oklahoma State,9,58,27
2013,Texas A&M,9,56,24
2013,Vanderbilt,9,24,56
2013,Virginia,9,25,35
2013,Georgia Tech,9,35,25
2013,Navy,9,24,21
2013,Pittsburgh,9,21,24
2013,Ohio,9,41,16
2013,Miami (OH),9,16,41
2013,Bowling Green,9,25,28
2013,Toledo,9,28,25
2013,Massachusetts,9,30,31
2013,Western Michigan,9,31,30
2013,SMU,9,59,49
2013,Temple,9,49,59
2013,North Carolina,9,34,10
2013,Boston College,9,10,34
2013,Florida State,9,49,17
2013,NC State,9,17,49
2013,Alabama,9,45,10
2013,Tennessee,9,10,45
2013,Northern Illinois,9,59,20
2013,Eastern Michigan,9,20,59
2013,Kent State,9,21,41
2013,Buffalo,9,41,21
2013,Tulane,9,14,7
2013,Tulsa,9,7,14
2013,Virginia Tech,9,10,13
2013,Duke,9,13,10
2013,Illinois,9,3,42
2013,Michigan State,9,42,3
2013,Rice,9,45,7
2013,UTEP,9,7,45
2013,Maryland,9,27,40
2013,Clemson,9,40,27
2013,Kansas State,9,35,12
2013,West Virginia,9,12,35
2013,USC,9,19,3
2013,Utah,9,3,19
2013,Western Kentucky,9,26,32
2013,Troy,9,32,26
2013,Oklahoma,9,38,30
2013,Texas Tech,9,30,38
2013,UTSA,9,52,31
2013,UAB,9,31,52
2013,Air Force,9,10,45
2013,Notre Dame,9,45,10
2013,Florida International,9,7,23
2013,Louisiana Tech,9,23,7
2013,Nevada,9,22,27
2013,UNLV,9,27,22
2013,Texas State,9,33,31
2013,South Alabama,9,31,33
2013,San José State,9,51,44
2013,Wyoming,9,44,51
2013,Oregon,9,42,14
2013,UCLA,9,14,42
2013,UL Monroe,9,38,10
2013,Georgia State,9,10,38
2013,Missouri,9,24,27
2013,South Carolina,9,27,24
2013,LSU,9,48,16
2013,Furman,9,16,48
2013,Southern Miss,9,14,55
2013,North Texas,9,55,14
2013,Kansas,9,14,59
2013,Baylor,9,59,14
2013,TCU,9,7,30
2013,Texas,9,30,7
2013,Auburn,9,45,10
2013,Florida Atlantic,9,10,45
2013,Ole Miss,9,59,14
2013,Idaho,9,14,59
2013,Ohio State,9,63,14
2013,Penn State,9,14,63
2013,Colorado,9,20,44
2013,Arizona,9,44,20
2013,New Mexico State,9,34,29
2013,Abilene Christian,9,29,34
2013,San Diego State,9,28,35
2013,Fresno State,9,35,28
2013,Oregon State,9,12,20
2013,Stanford,9,20,12
2013,Washington,9,41,17
2013,California,9,17,41
2013,Hawai'i,9,28,35
2013,Colorado State,9,35,28
2013,Memphis,10,21,34
2013,Cincinnati,10,34,21
2013,Houston,10,35,23
2013,South Florida,10,23,35
2013,Troy,10,37,49
2013,UL Monroe,10,49,37
2013,North Texas,10,28,16
2013,Rice,10,16,28
2013,Washington State,10,21,55
2013,Arizona State,10,55,21
2013,Oregon State,10,14,31
2013,USC,10,31,14
2013,Boston College,10,34,27
2013,Virginia Tech,10,27,34
2013,Air Force,10,42,28
2013,Army,10,28,42
2013,Penn State,10,24,17
2013,Illinois,10,17,24
2013,Massachusetts,10,19,63
2013,Northern Illinois,10,63,19
2013,Iowa,10,9,28
2013,Wisconsin,10,28,9
2013,Purdue,10,0,56
2013,Ohio State,10,56,0
2013,Marshall,10,61,13
2013,Southern Miss,10,13,61
2013,Rutgers,10,23,20
2013,Temple,10,20,23
2013,South Carolina,10,34,16
2013,Mississippi State,10,16,34
2013,Syracuse,10,13,0
2013,Wake Forest,10,0,13
2013,NC State,10,19,27
2013,North Carolina,10,27,19
2013,Georgia State,10,28,44
2013,Western Kentucky,10,44,28
2013,UAB,10,21,24
2013,Middle Tennessee,10,24,21
2013,Tulsa,10,15,34
2013,UTSA,10,34,15
2013,Michigan State,10,29,6
2013,Michigan,10,6,29
2013,Akron,10,16,7
2013,Kent State,10,7,16
2013,California,10,28,33
2013,Arizona,10,33,28
2013,Nebraska,10,27,24
2013,Northwestern,10,24,27
2013,Florida,10,20,23
2013,Georgia,10,23,20
2013,Kansas State,10,41,7
2013,Iowa State,10,7,41
2013,Notre Dame,10,38,34
2013,Navy,10,34,38
2013,Virginia,10,10,59
2013,Clemson,10,59,10
2013,Texas,10,35,13
2013,Kansas,10,13,35
2013,Indiana,10,39,42
2013,Minnesota,10,42,39
2013,TCU,10,27,30
2013,West Virginia,10,30,27
2013,UNLV,10,24,34
2013,San José State,10,34,24
2013,Utah State,10,47,10
2013,Hawai'i,10,10,47
2013,Louisiana,10,49,35
2013,New Mexico State,10,35,49
2013,Idaho,10,21,37
2013,Texas State,10,37,21
2013,Florida Atlantic,10,34,17
2013,Tulane,10,17,34
2013,Florida International,10,13,34
2013,East Carolina,10,34,13
2013,Arkansas,10,17,35
2013,Auburn,10,35,17
2013,Georgia Tech,10,21,10
2013,Pittsburgh,10,10,21
2013,Missouri,10,31,3
2013,Tennessee,10,3,31
2013,Toledo,10,55,16
2013,Eastern Michigan,10,16,55
2013,Texas Tech,10,34,52
2013,Oklahoma State,10,52,34
2013,South Alabama,10,16,17
2013,Arkansas State,10,17,16
2013,Kentucky,10,48,14
2013,Alabama State,10,14,48
2013,UCLA,10,45,23
2013,Colorado,10,23,45
2013,San Diego State,10,35,30
2013,New Mexico,10,30,35
2013,Florida State,10,41,14
2013,Miami,10,14,41
2013,Colorado State,10,30,42
2013,Boise State,10,42,30
2013,Texas A&M,10,57,7
2013,UTEP,10,7,57
2013,Fresno State,10,41,23
2013,Nevada,10,23,41
2013,Buffalo,11,30,3
2013,Ohio,11,3,30
2013,Miami (OH),11,3,45
2013,Bowling Green,11,45,3
2013,Ball State,11,44,24
2013,Central Michigan,11,24,44
2013,Louisiana,11,41,36
2013,Troy,11,36,41
2013,Baylor,11,41,12
2013,Oklahoma,11,12,41
2013,Stanford,11,26,20
2013,Oregon,11,20,26
2013,UConn,11,10,31
2013,Louisville,11,31,10
2013,New Mexico,11,45,37
2013,Air Force,11,37,45
2013,Army,11,17,21
2013,Western Kentucky,11,21,17
2013,Minnesota,11,24,10
2013,Penn State,11,10,24
2013,Purdue,11,14,38
2013,Iowa,11,38,14
2013,Marshall,11,56,14
2013,UAB,11,14,56
2013,Kentucky,11,17,48
2013,Missouri,11,48,17
2013,Tennessee,11,23,55
2013,Auburn,11,55,23
2013,Wake Forest,11,3,59
2013,Florida State,11,59,3
2013,Cincinnati,11,28,25
2013,SMU,11,25,28
2013,Iowa State,11,17,21
2013,TCU,11,21,17
2013,Florida,11,17,34
2013,Vanderbilt,11,34,17
2013,Texas Tech,11,26,49
2013,Kansas State,11,49,26
2013,Ole Miss,11,34,24
2013,Arkansas,11,24,34
2013,North Carolina,11,45,14
2013,Virginia,11,14,45
2013,Georgia,11,45,6
2013,App State,11,6,45
2013,Eastern Michigan,11,35,32
2013,Western Michigan,11,32,35
2013,UTSA,11,10,7
2013,Tulane,11,7,10
2013,California,11,28,62
2013,USC,11,62,28
2013,Maryland,11,3,20
2013,Syracuse,11,20,3
2013,Colorado State,11,38,17
2013,Nevada,11,17,38
2013,Indiana,11,52,35
2013,Illinois,11,35,52
2013,Wisconsin,11,27,17
2013,BYU,11,17,27
2013,Michigan,11,13,17
2013,Nebraska,11,17,13
2013,North Texas,11,41,7
2013,UTEP,11,7,41
2013,Navy,11,42,28
2013,Hawai'i,11,28,42
2013,New Mexico State,11,34,48
2013,Boston College,11,48,34
2013,Texas A&M,11,51,41
2013,Mississippi State,11,41,51
2013,East Carolina,11,58,24
2013,Tulsa,11,24,58
2013,Duke,11,38,20
2013,NC State,11,20,38
2013,Middle Tennessee,11,48,0
2013,Florida International,11,0,48
2013,Oklahoma State,11,42,6
2013,Kansas,11,6,42
2013,Utah,11,19,20
2013,Arizona State,11,20,19
2013,Memphis,11,21,6
2013,UT Martin,11,6,21
2013,Idaho,11,38,59
2013,Old Dominion,11,59,38
2013,UL Monroe,11,14,42
2013,Arkansas State,11,42,14
2013,Louisiana Tech,11,36,13
2013,Southern Miss,11,13,36
2013,West Virginia,11,40,47
2013,Texas,11,47,40
2013,Miami,11,24,42
2013,Virginia Tech,11,42,24
2013,UCF,11,19,14
2013,Houston,11,14,19
2013,UNLV,11,24,28
2013,Utah State,11,28,24
2013,Washington,11,59,7
2013,Colorado,11,7,59
2013,Alabama,11,38,17
2013,LSU,11,17,38
2013,Pittsburgh,11,28,21
2013,Notre Dame,11,21,28
2013,Arizona,11,26,31
2013,UCLA,11,31,26
2013,Wyoming,11,10,48
2013,Fresno State,11,48,10
2013,San José State,11,30,34
2013,San Diego State,11,34,30
2013,Bowling Green,12,49,0
2013,Ohio,12,0,49
2013,Toledo,12,51,41
2013,Buffalo,12,41,51
2013,Northern Illinois,12,48,27
2013,Ball State,12,27,48
2013,Kent State,12,24,6
2013,Miami (OH),12,6,24
2013,Clemson,12,55,31
2013,Georgia Tech,12,31,55
2013,Tulsa,12,34,45
2013,Marshall,12,45,34
2013,UCLA,12,41,31
2013,Washington,12,31,41
2013,Ole Miss,12,51,21
2013,Troy,12,21,51
2013,Temple,12,36,39
2013,UCF,12,39,36
2013,Illinois,12,35,60
2013,Ohio State,12,60,35
2013,Penn State,12,45,21
2013,Purdue,12,21,45
2013,Wisconsin,12,51,3
2013,Indiana,12,3,51
2013,Western Michigan,12,22,27
2013,Central Michigan,12,27,22
2013,Oklahoma,12,48,10
2013,Iowa State,12,10,48
2013,Rutgers,12,17,52
2013,Cincinnati,12,52,17
2013,Kansas,12,31,19
2013,West Virginia,12,19,31
2013,Vanderbilt,12,22,6
2013,Kentucky,12,6,22
2013,Pittsburgh,12,27,34
2013,North Carolina,12,34,27
2013,Boston College,12,38,21
2013,NC State,12,21,38
2013,Southern Miss,12,7,41
2013,Florida Atlantic,12,41,7
2013,Virginia Tech,12,24,27
2013,Maryland,12,27,24
2013,Massachusetts,12,13,14
2013,Akron,12,14,13
2013,Georgia State,12,21,35
2013,Louisiana,12,35,21
2013,East Carolina,12,63,14
2013,UAB,12,14,63
2013,Arizona,12,17,24
2013,Washington State,12,24,17
2013,BYU,12,59,13
2013,Idaho State,12,13,59
2013,SMU,12,38,21
2013,UConn,12,21,38
2013,Duke,12,48,30
2013,Miami,12,30,48
2013,Northwestern,12,19,27
2013,Michigan,12,27,19
2013,Kansas State,12,33,31
2013,TCU,12,31,33
2013,Texas,12,13,38
2013,Oklahoma State,12,38,13
2013,Florida State,12,59,3
2013,Syracuse,12,3,59
2013,Auburn,12,43,38
2013,Georgia,12,38,43
2013,Nebraska,12,28,41
2013,Michigan State,12,41,28
2013,Navy,12,42,14
2013,South Alabama,12,14,42
2013,Oregon,12,44,21
2013,Utah,12,21,44
2013,Colorado,12,41,24
2013,California,12,24,41
2013,South Florida,12,10,23
2013,Memphis,12,23,10
2013,Louisville,12,20,13
2013,Houston,12,13,20
2013,Rice,12,52,14
2013,Louisiana Tech,12,14,52
2013,South Carolina,12,19,14
2013,Florida,12,14,19
2013,New Mexico,12,42,66
2013,Colorado State,12,66,42
2013,Baylor,12,63,34
2013,Texas Tech,12,34,63
2013,Arkansas State,12,38,21
2013,Texas State,12,21,38
2013,Mississippi State,12,7,20
2013,Alabama,12,20,7
2013,USC,12,20,17
2013,Stanford,12,17,20
2013,UTEP,12,33,10
2013,Florida International,12,10,33
2013,Arizona State,12,30,17
2013,Oregon State,12,17,30
2013,Boise State,12,48,7
2013,Wyoming,12,7,48
2013,Nevada,12,38,16
2013,San José State,12,16,38
2013,Hawai'i,12,21,28
2013,San Diego State,12,28,21
2013,Ohio,13,13,44
2013,Kent State,13,44,13
2013,Miami (OH),13,7,44
2013,Buffalo,13,44,7
2013,Toledo,13,17,35
2013,Northern Illinois,13,35,17
2013,UAB,13,34,37
2013,Rice,13,37,34
2013,UCF,13,41,17
2013,Rutgers,13,17,41
2013,Air Force,13,21,41
2013,UNLV,13,41,21
2013,San José State,13,52,58
2013,Navy,13,58,52
2013,North Carolina,13,80,20
2013,Old Dominion,13,20,80
2013,Northwestern,13,6,30
2013,Michigan State,13,30,6
2013,Houston,13,17,24
2013,Cincinnati,13,24,17
2013,Iowa,13,24,21
2013,Michigan,13,21,24
2013,Miami,13,45,26
2013,Virginia,13,26,45
2013,Wake Forest,13,21,28
2013,Duke,13,28,21
2013,Clemson,13,52,6
2013,The Citadel,13,6,52
2013,Purdue,13,16,20
2013,Illinois,13,20,16
2013,Louisville,13,24,17
2013,Memphis,13,17,24
2013,Kansas State,13,31,41
2013,Oklahoma,13,41,31
2013,Arkansas,13,17,24
2013,Mississippi State,13,24,17
2013,NC State,13,28,42
2013,East Carolina,13,42,28
2013,Syracuse,13,16,17
2013,Pittsburgh,13,17,16
2013,Eastern Michigan,13,7,58
2013,Bowling Green,13,58,7
2013,South Carolina,13,70,10
2013,Coastal Carolina,13,10,70
2013,Central Michigan,13,37,0
2013,Massachusetts,13,0,37
2013,Georgia Tech,13,66,7
2013,Alabama A&M,13,7,66
2013,Florida,13,20,26
2013,Georgia Southern,13,26,20
2013,Alabama,13,49,0
2013,Chattanooga,13,0,49
2013,Wyoming,13,59,56
2013,Hawai'i,13,56,59
2013,Florida Atlantic,13,55,10
2013,New Mexico State,13,10,55
2013,Arkansas State,13,35,33
2013,Georgia State,13,33,35
2013,Florida State,13,80,14
2013,Idaho,13,14,80
2013,Washington State,13,49,37
2013,Utah,13,37,49
2013,Maryland,13,26,29
2013,Boston College,13,29,26
2013,Utah State,13,13,0
2013,Colorado State,13,0,13
2013,LSU,13,34,10
2013,Texas A&M,13,10,34
2013,Tulane,13,45,3
2013,UTEP,13,3,45
2013,Ohio State,13,42,14
2013,Indiana,13,14,42
2013,Arizona,13,42,16
2013,Oregon,13,16,42
2013,Minnesota,13,7,20
2013,Wisconsin,13,20,7
2013,Southern Miss,13,21,42
2013,Middle Tennessee,13,42,21
2013,Penn State,13,20,23
2013,Nebraska,13,23,20
2013,North Texas,13,13,21
2013,UTSA,13,21,13
2013,Notre Dame,13,23,13
2013,BYU,13,13,23
2013,Stanford,13,63,13
2013,California,13,13,63
2013,Fresno State,13,69,28
2013,New Mexico,13,28,69
2013,Florida International,13,10,48
2013,Marshall,13,48,10
2013,Georgia,13,59,17
2013,Kentucky,13,17,59
2013,Louisiana Tech,13,14,24
2013,Tulsa,13,24,14
2013,Temple,13,21,28
2013,UConn,13,28,21
2013,UCLA,13,33,38
2013,Arizona State,13,38,33
2013,Tennessee,13,10,14
2013,Vanderbilt,13,14,10
2013,South Alabama,13,36,14
2013,UL Monroe,13,14,36
2013,South Florida,13,6,16
2013,SMU,13,16,6
2013,Texas State,13,7,38
2013,Western Kentucky,13,38,7
2013,Ole Miss,13,10,24
2013,Missouri,13,24,10
2013,Iowa State,13,34,0
2013,Kansas,13,0,34
2013,Oklahoma State,13,49,17
2013,Baylor,13,17,49
2013,Colorado,13,29,47
2013,USC,13,47,29
2013,San Diego State,13,34,31
2013,Boise State,13,31,34
2013,Oregon State,13,27,69
2013,Washington,13,69,27
2013,Northern Illinois,14,33,14
2013,Western Michigan,14,14,33
2013,Texas,14,41,16
2013,Texas Tech,14,16,41
2013,Mississippi State,14,17,10
2013,Ole Miss,14,10,17
2013,Houston,14,34,0
2013,SMU,14,0,34
2013,Marshall,14,59,28
2013,East Carolina,14,28,59
2013,Nebraska,14,17,38
2013,Iowa,14,38,17
2013,Akron,14,31,29
2013,Toledo,14,29,31
2013,Ball State,14,55,14
2013,Miami (OH),14,14,55
2013,Buffalo,14,7,24
2013,Bowling Green,14,24,7
2013,Central Michigan,14,42,10
2013,Eastern Michigan,14,10,42
2013,Troy,14,42,28
2013,Texas State,14,28,42
2013,Ohio,14,51,23
2013,Massachusetts,14,23,51
2013,LSU,14,31,27
2013,Arkansas,14,27,31
2013,Florida Atlantic,14,21,6
2013,Florida International,14,6,21
2013,Pittsburgh,14,31,41
2013,Miami,14,41,31
2013,Washington,14,27,17
2013,Washington State,14,17,27
2013,San José State,14,62,52
2013,Fresno State,14,52,62
2013,Oregon,14,36,35
2013,Oregon State,14,35,36
2013,UCF,14,23,20
2013,South Florida,14,20,23
2013,North Carolina,14,25,27
2013,Duke,14,27,25
2013,Florida,14,7,37
2013,Florida State,14,37,7
2013,Michigan,14,41,42
2013,Ohio State,14,42,41
2013,Kansas,14,10,31
2013,Kansas State,14,31,10
2013,UConn,14,28,17
2013,Rutgers,14,17,28
2013,Memphis,14,21,41
2013,Temple,14,41,21
2013,Michigan State,14,14,3
2013,Minnesota,14,3,14
2013,Vanderbilt,14,23,21
2013,Wake Forest,14,21,23
2013,NC State,14,21,41
2013,Maryland,14,41,21
2013,UAB,14,27,62
2013,Southern Miss,14,62,27
2013,Colorado State,14,58,13
2013,Air Force,14,13,58
2013,Georgia State,14,17,38
2013,South Alabama,14,38,17
2013,Utah,14,24,17
2013,Colorado,14,17,24
2013,Utah State,14,35,7
2013,Wyoming,14,7,35
2013,Tulsa,14,10,42
2013,North Texas,14,42,10
2013,Nevada,14,23,28
2013,BYU,14,28,23
2013,Rice,14,17,13
2013,Tulane,14,13,17
2013,Virginia,14,6,16
2013,Virginia Tech,14,16,6
2013,Illinois,14,34,37
2013,Northwestern,14,37,34
2013,Auburn,14,34,28
2013,Alabama,14,28,34
2013,TCU,14,38,41
2013,Baylor,14,41,38
2013,New Mexico State,14,24,16
2013,Idaho,14,16,24
2013,Syracuse,14,34,31
2013,Boston College,14,31,34
2013,UTSA,14,30,10
2013,Louisiana Tech,14,10,30
2013,Wisconsin,14,24,31
2013,Penn State,14,31,24
2013,Georgia Tech,14,34,41
2013,Georgia,14,41,34
2013,Indiana,14,56,36
2013,Purdue,14,36,56
2013,Middle Tennessee,14,48,17
2013,UTEP,14,17,48
2013,West Virginia,14,44,52
2013,Iowa State,14,52,44
2013,Western Kentucky,14,34,31
2013,Arkansas State,14,31,34
2013,Louisiana,14,28,31
2013,UL Monroe,14,31,28
2013,Stanford,14,27,20
2013,Notre Dame,14,20,27
2013,South Carolina,14,31,17
2013,Clemson,14,17,31
2013,Kentucky,14,14,27
2013,Tennessee,14,27,14
2013,Missouri,14,28,21
2013,Texas A&M,14,21,28
2013,USC,14,14,35
2013,UCLA,14,35,14
2013,Arizona State,14,58,21
2013,Arizona,14,21,58
2013,Boise State,14,45,17
2013,New Mexico,14,17,45
2013,UNLV,14,45,19
2013,San Diego State,14,19,45
2013,Hawai'i,14,49,42
2013,Army,14,42,49
2013,Cincinnati,15,24,31
2013,Louisville,15,31,24
2013,Northern Illinois,15,27,47
2013,Bowling Green,15,47,27
2013,SMU,15,13,17
2013,UCF,15,17,13
2013,Oklahoma State,15,24,33
2013,Oklahoma,15,33,24
2013,Rice,15,41,24
2013,Marshall,15,24,41
2013,UConn,15,45,10
2013,Memphis,15,10,45
2013,Baylor,15,30,10
2013,Texas,15,10,30
2013,Auburn,15,59,42
2013,Missouri,15,42,59
2013,Rutgers,15,31,6
2013,South Florida,15,6,31
2013,Arizona State,15,14,38
2013,Stanford,15,38,14
2013,Florida State,15,45,7
2013,Duke,15,7,45
2013,South Alabama,15,30,8
2013,Louisiana,15,8,30
2013,Michigan State,15,34,24
2013,Ohio State,15,24,34
2013,Fresno State,15,24,17
2013,Utah State,15,17,24
2013,Navy,16,34,7
2013,Army,16,7,34
2014,Georgia State,1,38,37
2014,Abilene Christian,1,37,38
2014,South Carolina,1,28,52
2014,Texas A&M,1,52,28
2014,Akron,1,41,0
2014,Howard,1,0,41
2014,Central Michigan,1,20,16
2014,Chattanooga,1,16,20
2014,UL Monroe,1,17,10
2014,Wake Forest,1,10,17
2014,Minnesota,1,42,20
2014,Eastern Illinois,1,20,42
2014,Northern Illinois,1,55,3
2014,Presbyterian,1,3,55
2014,Utah,1,56,14
2014,Idaho State,1,14,56
2014,Ole Miss,1,35,13
2014,Boise State,1,13,35
2014,Tulsa,1,38,31
2014,Tulane,1,31,38
2014,New Mexico State,1,28,10
2014,Cal Poly,1,10,28
2014,San José State,1,42,10
2014,North Dakota,1,10,42
2014,Washington State,1,38,41
2014,Rutgers,1,41,38
2014,Arizona State,1,45,14
2014,Weber State,1,14,45
2014,Vanderbilt,1,7,37
2014,Temple,1,37,7
2014,UConn,1,10,35
2014,BYU,1,35,10
2014,Western Kentucky,1,59,31
2014,Bowling Green,1,31,59
2014,Michigan State,1,45,7
2014,Jacksonville State,1,7,45
2014,Syracuse,1,27,26
2014,Villanova,1,26,27
2014,Houston,1,7,27
2014,UTSA,1,27,7
2014,Colorado,1,17,31
2014,Colorado State,1,31,17
2014,Arizona,1,58,13
2014,UNLV,1,13,58
2014,UCF,1,24,26
2014,Penn State,1,26,24
2014,Michigan,1,52,14
2014,App State,1,14,52
2014,UAB,1,48,10
2014,Troy,1,10,48
2014,Iowa,1,31,23
2014,Northern Iowa,1,23,31
2014,Iowa State,1,14,34
2014,North Dakota State,1,34,14
2014,Navy,1,17,34
2014,Ohio State,1,34,17
2014,Purdue,1,43,34
2014,Western Michigan,1,34,43
2014,Indiana,1,28,10
2014,Indiana State,1,10,28
2014,Virginia,1,20,28
2014,UCLA,1,28,20
2014,Pittsburgh,1,62,0
2014,Delaware,1,0,62
2014,Kentucky,1,59,14
2014,UT Martin,1,14,59
2014,Illinois,1,28,17
2014,Youngstown State,1,17,28
2014,Georgia Tech,1,38,19
2014,Wofford,1,19,38
2014,NC State,1,24,23
2014,Georgia Southern,1,23,24
2014,Ball State,1,30,10
2014,Colgate,1,10,30
2014,Air Force,1,44,16
2014,Nicholls,1,16,44
2014,Nevada,1,28,19
2014,Southern Utah,1,19,28
2014,Massachusetts,1,7,30
2014,Boston College,1,30,7
2014,Notre Dame,1,48,17
2014,Rice,1,17,48
2014,Buffalo,1,38,28
2014,Duquesne,1,28,38
2014,Alabama,1,33,23
2014,West Virginia,1,23,33
2014,Nebraska,1,55,7
2014,Florida Atlantic,1,7,55
2014,Maryland,1,52,7
2014,James Madison,1,7,52
2014,Old Dominion,1,41,28
2014,Hampton,1,28,41
2014,Missouri,1,38,18
2014,South Dakota State,1,18,38
2014,Miami (OH),1,27,42
2014,Marshall,1,42,27
2014,Northwestern,1,24,31
2014,California,1,31,24
2014,Virginia Tech,1,34,9
2014,William & Mary,1,9,34
2014,Wyoming,1,17,12
2014,Montana,1,12,17
2014,Stanford,1,45,0
2014,UC Davis,1,0,45
2014,Oregon State,1,29,14
2014,Portland State,1,14,29
2014,Auburn,1,45,21
2014,Arkansas,1,21,45
2014,Georgia,1,45,21
2014,Clemson,1,21,45
2014,Kent State,1,14,17
2014,Ohio,1,17,14
2014,North Carolina,1,56,29
2014,Liberty,1,29,56
2014,Eastern Michigan,1,31,28
2014,Morgan State,1,28,31
2014,Duke,1,52,13
2014,Elon,1,13,52
2014,San Diego State,1,38,7
2014,Northern Arizona,1,7,38
2014,Middle Tennessee,1,61,7
2014,Savannah State,1,7,61
2014,Texas State,1,65,0
2014,Arkansas-Pine Bluff,1,0,65
2014,TCU,1,48,14
2014,Samford,1,14,48
2014,Texas Tech,1,42,35
2014,Central Arkansas,1,35,42
2014,Louisiana,1,45,6
2014,Southern,1,6,45
2014,Toledo,1,54,20
2014,New Hampshire,1,20,54
2014,Memphis,1,63,0
2014,Austin Peay,1,0,63
2014,Arkansas State,1,37,10
2014,Montana State,1,10,37
2014,South Florida,1,36,31
2014,Western Carolina,1,31,36
2014,Florida International,1,12,14
2014,Bethune-Cookman,1,14,12
2014,Oklahoma,1,48,16
2014,Louisiana Tech,1,16,48
2014,Kansas State,1,55,16
2014,Stephen F. Austin,1,16,55
2014,USC,1,52,13
2014,Fresno State,1,13,52
2014,Mississippi State,1,49,0
2014,Southern Miss,1,0,49
2014,New Mexico,1,24,31
2014,UTEP,1,31,24
2014,Oklahoma State,1,31,37
2014,Florida State,1,37,31
2014,Texas,1,38,7
2014,North Texas,1,7,38
2014,East Carolina,1,52,7
2014,North Carolina Central,1,7,52
2014,LSU,1,28,24
2014,Wisconsin,1,24,28
2014,Hawai'i,1,16,17
2014,Washington,1,17,16
2014,Oregon,1,62,13
2014,South Dakota,1,13,62
2014,Tennessee,1,38,7
2014,Utah State,1,7,38
2014,Baylor,1,45,0
2014,SMU,1,0,45
2014,Louisville,1,31,13
2014,Miami,1,13,31
2014,UTSA,2,23,26
2014,Arizona,2,26,23
2014,Boston College,2,20,30
2014,Pittsburgh,2,30,20
2014,Nevada,2,24,13
2014,Washington State,2,13,24
2014,Rutgers,2,38,25
2014,Howard,2,25,38
2014,Tulsa,2,7,52
2014,Oklahoma,2,52,7
2014,Alabama,2,41,0
2014,Florida Atlantic,2,0,41
2014,Army,2,47,39
2014,Buffalo,2,39,47
2014,Illinois,2,42,34
2014,Western Kentucky,2,34,42
2014,Iowa State,2,28,32
2014,Kansas State,2,32,28
2014,Toledo,2,24,49
2014,Missouri,2,49,24
2014,Penn State,2,21,3
2014,Akron,2,3,21
2014,North Texas,2,43,6
2014,SMU,2,6,43
2014,Tennessee,2,34,19
2014,Arkansas State,2,19,34
2014,UConn,2,19,16
2014,Stony Brook,2,16,19
2014,Wisconsin,2,37,3
2014,Western Illinois,2,3,37
2014,Purdue,2,17,38
2014,Central Michigan,2,38,17
2014,Nebraska,2,31,24
2014,McNeese,2,24,31
2014,Clemson,2,73,7
2014,South Carolina State,2,7,73
2014,Temple,2,24,31
2014,Navy,2,31,24
2014,Mississippi State,2,47,34
2014,UAB,2,34,47
2014,Kent State,2,13,23
2014,South Alabama,2,23,13
2014,Georgia State,2,31,34
2014,New Mexico State,2,34,31
2014,Massachusetts,2,38,41
2014,Colorado,2,41,38
2014,Utah,2,59,27
2014,Fresno State,2,27,59
2014,California,2,55,14
2014,Sacramento State,2,14,55
2014,Washington,2,59,52
2014,Eastern Washington,2,52,59
2014,Miami (OH),2,10,17
2014,Eastern Kentucky,2,17,10
2014,Oklahoma State,2,40,23
2014,Missouri State,2,23,40
2014,Bowling Green,2,48,7
2014,VMI,2,7,48
2014,Virginia,2,45,13
2014,Richmond,2,13,45
2014,South Florida,2,17,24
2014,Maryland,2,24,17
2014,Iowa,2,17,13
2014,Ball State,2,13,17
2014,Stanford,2,10,13
2014,USC,2,13,10
2014,Northwestern,2,15,23
2014,Northern Illinois,2,23,15
2014,Kentucky,2,20,3
2014,Ohio,2,3,20
2014,Minnesota,2,35,24
2014,Middle Tennessee,2,24,35
2014,Tulane,2,21,38
2014,Georgia Tech,2,38,21
2014,Arkansas,2,73,7
2014,Nicholls,2,7,73
2014,Florida,2,65,0
2014,Eastern Michigan,2,0,65
2014,Vanderbilt,2,3,41
2014,Ole Miss,2,41,3
2014,NC State,2,46,34
2014,Old Dominion,2,34,46
2014,Georgia Southern,2,83,9
2014,Savannah State,2,9,83
2014,App State,2,66,0
2014,Campbell,2,0,66
2014,Florida International,2,34,3
2014,Wagner,2,3,34
2014,Wake Forest,2,23,7
2014,Gardner-Webb,2,7,23
2014,Oregon,2,46,27
2014,Michigan State,2,27,46
2014,New Mexico,2,23,58
2014,Arizona State,2,58,23
2014,UL Monroe,2,38,31
2014,Idaho,2,31,38
2014,South Carolina,2,33,23
2014,East Carolina,2,23,33
2014,Troy,2,17,34
2014,Duke,2,34,17
2014,Southern Miss,2,26,20
2014,Alcorn State,2,20,26
2014,Auburn,2,59,13
2014,San José State,2,13,59
2014,Louisiana,2,20,48
2014,Louisiana Tech,2,48,20
2014,Kansas,2,34,28
2014,Southeast Missouri State,2,28,34
2014,Marshall,2,48,7
2014,Rhode Island,2,7,48
2014,Louisville,2,66,21
2014,Murray State,2,21,66
2014,Miami,2,41,7
2014,Florida A&M,2,7,41
2014,West Virginia,2,54,0
2014,Towson,2,0,54
2014,Texas,2,7,41
2014,BYU,2,41,7
2014,Texas A&M,2,73,3
2014,Lamar,2,3,73
2014,LSU,2,56,0
2014,Sam Houston,2,0,56
2014,Florida State,2,37,12
2014,The Citadel,2,12,37
2014,Baylor,2,70,6
2014,Northwestern State,2,6,70
2014,Notre Dame,2,31,0
2014,Michigan,2,0,31
2014,North Carolina,2,31,27
2014,San Diego State,2,27,31
2014,Houston,2,47,0
2014,Grambling,2,0,47
2014,Ohio State,2,21,35
2014,Virginia Tech,2,35,21
2014,Utah State,2,40,20
2014,Idaho State,2,20,40
2014,UNLV,2,13,12
2014,Northern Colorado,2,12,13
2014,UCLA,2,42,35
2014,Memphis,2,35,42
2014,Wyoming,2,17,13
2014,Air Force,2,13,17
2014,Boise State,2,37,24
2014,Colorado State,2,24,37
2014,Hawai'i,2,30,38
2014,Oregon State,2,38,30
2014,UTEP,2,26,30
2014,Texas Tech,2,30,26
2014,North Texas,3,21,42
2014,Louisiana Tech,3,42,21
2014,BYU,3,33,25
2014,Houston,3,25,33
2014,Cincinnati,3,58,34
2014,Toledo,3,34,58
2014,Buffalo,3,21,63
2014,Baylor,3,63,21
2014,Missouri,3,38,10
2014,UCF,3,10,38
2014,Georgia Tech,3,42,38
2014,Georgia Southern,3,38,42
2014,Ohio State,3,66,0
2014,Kent State,3,0,66
2014,Bowling Green,3,45,42
2014,Indiana,3,42,45
2014,UConn,3,21,38
2014,Boise State,3,38,21
2014,Florida International,3,25,42
2014,Pittsburgh,3,42,25
2014,Virginia Tech,3,21,28
2014,East Carolina,3,28,21
2014,Central Michigan,3,3,40
2014,Syracuse,3,40,3
2014,Vanderbilt,3,34,31
2014,Massachusetts,3,31,34
2014,Marshall,3,44,14
2014,Ohio,3,14,44
2014,Maryland,3,37,40
2014,West Virginia,3,40,37
2014,Virginia,3,23,21
2014,Louisville,3,21,23
2014,Oregon,3,48,14
2014,Wyoming,3,14,48
2014,Georgia State,3,38,48
2014,Air Force,3,48,38
2014,Colorado State,3,49,21
2014,UC Davis,3,21,49
2014,Ball State,3,20,27
2014,Indiana State,3,27,20
2014,Iowa,3,17,20
2014,Iowa State,3,20,17
2014,UAB,3,41,14
2014,Alabama A&M,3,14,41
2014,South Florida,3,17,49
2014,NC State,3,49,17
2014,Duke,3,41,3
2014,Kansas,3,3,41
2014,Michigan,3,34,10
2014,Miami (OH),3,10,34
2014,Texas Tech,3,28,49
2014,Arkansas,3,49,28
2014,South Carolina,3,38,35
2014,Georgia,3,35,38
2014,Miami,3,41,20
2014,Arkansas State,3,20,41
2014,Washington,3,44,19
2014,Illinois,3,19,44
2014,Ole Miss,3,56,15
2014,Louisiana,3,15,56
2014,South Alabama,3,3,35
2014,Mississippi State,3,35,3
2014,TCU,3,30,7
2014,Minnesota,3,7,30
2014,Idaho,3,33,45
2014,Western Michigan,3,45,33
2014,Stanford,3,35,0
2014,Army,3,0,35
2014,Alabama,3,52,12
2014,Southern Miss,3,12,52
2014,Old Dominion,3,17,3
2014,Eastern Michigan,3,3,17
2014,UNLV,3,34,48
2014,Northern Illinois,3,48,34
2014,Utah State,3,36,24
2014,Wake Forest,3,24,36
2014,Oklahoma State,3,43,13
2014,UTSA,3,13,43
2014,Florida Atlantic,3,50,21
2014,Tulsa,3,21,50
2014,Middle Tennessee,3,50,47
2014,Western Kentucky,3,47,50
2014,Troy,3,35,38
2014,Abilene Christian,3,38,35
2014,LSU,3,31,0
2014,UL Monroe,3,0,31
2014,Notre Dame,3,30,14
2014,Purdue,3,14,30
2014,Florida,3,36,30
2014,Kentucky,3,30,36
2014,Texas State,3,21,35
2014,Navy,3,35,21
2014,Washington State,3,59,21
2014,Portland State,3,21,59
2014,Oklahoma,3,34,10
2014,Tennessee,3,10,34
2014,UTEP,3,42,24
2014,New Mexico State,3,24,42
2014,Rutgers,3,10,13
2014,Penn State,3,13,10
2014,Tulane,3,35,20
2014,SE Louisiana,3,20,35
2014,Boston College,3,37,31
2014,USC,3,31,37
2014,Texas,3,17,20
2014,UCLA,3,20,17
2014,Texas A&M,3,38,10
2014,Rice,3,10,38
2014,Colorado,3,24,38
2014,Arizona State,3,38,24
2014,Fresno State,3,19,55
2014,Nebraska,3,55,19
2014,Arizona,3,35,28
2014,Nevada,3,28,35
2014,Hawai'i,3,27,24
2014,Northern Iowa,3,24,27
2014,Kansas State,4,14,20
2014,Auburn,4,20,14
2014,South Florida,4,17,14
2014,UConn,4,14,17
2014,Wisconsin,4,68,17
2014,Bowling Green,4,17,68
2014,Rice,4,42,45
2014,Old Dominion,4,45,42
2014,Michigan State,4,73,14
2014,Eastern Michigan,4,14,73
2014,Georgia,4,66,0
2014,Troy,4,0,66
2014,Pittsburgh,4,20,24
2014,Iowa,4,24,20
2014,Northwestern,4,24,7
2014,Western Illinois,4,7,24
2014,Virginia Tech,4,24,27
2014,Georgia Tech,4,27,24
2014,Purdue,4,35,13
2014,Southern Illinois,4,13,35
2014,Duke,4,47,13
2014,Tulane,4,13,47
2014,Syracuse,4,20,34
2014,Maryland,4,34,20
2014,Temple,4,59,0
2014,Delaware State,4,0,59
2014,Boston College,4,40,10
2014,Maine,4,10,40
2014,Akron,4,17,48
2014,Marshall,4,48,17
2014,Colorado,4,21,12
2014,Hawai'i,4,12,21
2014,Navy,4,24,31
2014,Rutgers,4,31,24
2014,Alabama,4,42,21
2014,Florida,4,21,42
2014,BYU,4,41,33
2014,Virginia,4,33,41
2014,North Texas,4,77,3
2014,Nicholls,4,3,77
2014,SMU,4,6,58
2014,Texas A&M,4,58,6
2014,Florida International,4,3,34
2014,Louisville,4,34,3
2014,Kansas,4,24,10
2014,Central Michigan,4,10,24
2014,Wake Forest,4,24,21
2014,Army,4,21,24
2014,East Carolina,4,70,41
2014,North Carolina,4,41,70
2014,Michigan,4,10,26
2014,Utah,4,26,10
2014,Buffalo,4,36,7
2014,Norfolk State,4,7,36
2014,Minnesota,4,24,7
2014,San José State,4,7,24
2014,Wyoming,4,20,19
2014,Florida Atlantic,4,19,20
2014,Missouri,4,27,31
2014,Indiana,4,31,27
2014,Illinois,4,42,35
2014,Texas State,4,35,42
2014,Penn State,4,48,7
2014,Massachusetts,4,7,48
2014,UCF,4,41,7
2014,Bethune-Cookman,4,7,41
2014,Washington,4,45,14
2014,Georgia State,4,14,45
2014,NC State,4,42,0
2014,Presbyterian,4,0,42
2014,Arkansas,4,52,14
2014,Northern Illinois,4,14,52
2014,LSU,4,29,34
2014,Mississippi State,4,34,29
2014,Memphis,4,36,17
2014,Middle Tennessee,4,17,36
2014,Ohio,4,36,24
2014,Idaho,4,24,36
2014,Toledo,4,34,23
2014,Ball State,4,23,34
2014,Western Michigan,4,45,14
2014,Murray State,4,14,45
2014,Louisiana Tech,4,27,30
2014,Northwestern State,4,30,27
2014,Southern Miss,4,21,20
2014,App State,4,20,21
2014,Cincinnati,4,31,24
2014,Miami (OH),4,24,31
2014,Arkansas State,4,21,14
2014,Utah State,4,14,21
2014,Vanderbilt,4,34,48
2014,South Carolina,4,48,34
2014,South Alabama,4,6,28
2014,Georgia Southern,4,28,6
2014,West Virginia,4,33,45
2014,Oklahoma,4,45,33
2014,New Mexico State,4,35,38
2014,New Mexico,4,38,35
2014,Florida State,4,23,17
2014,Clemson,4,17,23
2014,Nebraska,4,41,31
2014,Miami,4,31,41
2014,Houston,4,47,14
2014,UNLV,4,14,47
2014,Fresno State,4,56,16
2014,Southern Utah,4,16,56
2014,Arizona,4,49,45
2014,California,4,45,49
2014,Boise State,4,34,9
2014,Louisiana,4,9,34
2014,Oregon State,4,28,7
2014,San Diego State,4,7,28
2014,Washington State,4,31,38
2014,Oregon,4,38,31
2014,Georgia Southern,5,34,14
2014,App State,5,14,34
2014,Oklahoma State,5,45,35
2014,Texas Tech,5,35,45
2014,Arizona State,5,27,62
2014,UCLA,5,62,27
2014,New Mexico,5,24,35
2014,Fresno State,5,35,24
2014,Old Dominion,5,28,41
2014,Middle Tennessee,5,41,28
2014,Kansas State,5,58,28
2014,UTEP,5,28,58
2014,Penn State,5,6,29
2014,Northwestern,5,29,6
2014,SMU,5,0,56
2014,TCU,5,56,0
2014,Georgia,5,35,32
2014,Tennessee,5,32,35
2014,Kentucky,5,17,7
2014,Vanderbilt,5,7,17
2014,Rutgers,5,31,6
2014,Tulane,5,6,31
2014,Wisconsin,5,27,10
2014,South Florida,5,10,27
2014,Michigan State,5,56,14
2014,Wyoming,5,14,56
2014,Purdue,5,10,24
2014,Iowa,5,24,10
2014,Virginia Tech,5,35,17
2014,Western Michigan,5,17,35
2014,Boston College,5,21,24
2014,Colorado State,5,24,21
2014,Yale,5,49,43
2014,Army,5,43,49
2014,Indiana,5,15,37
2014,Maryland,5,37,15
2014,Pittsburgh,5,10,21
2014,Akron,5,21,10
2014,Ohio,5,34,19
2014,Eastern Illinois,5,19,34
2014,Massachusetts,5,42,47
2014,Bowling Green,5,47,42
2014,UAB,5,20,34
2014,Florida International,5,34,20
2014,Navy,5,27,36
2014,Western Kentucky,5,36,27
2014,NC State,5,41,56
2014,Florida State,5,56,41
2014,Virginia,5,45,13
2014,Kent State,5,13,45
2014,Buffalo,5,35,27
2014,Miami (OH),5,27,35
2014,Michigan,5,14,30
2014,Minnesota,5,30,14
2014,Texas A&M,5,35,28
2014,Arkansas,5,28,35
2014,Louisville,5,20,10
2014,Wake Forest,5,10,20
2014,Auburn,5,45,17
2014,Louisiana Tech,5,17,45
2014,UConn,5,10,36
2014,Temple,5,36,10
2014,California,5,59,56
2014,Colorado,5,56,59
2014,Kansas,5,0,23
2014,Texas,5,23,0
2014,Washington,5,13,20
2014,Stanford,5,20,13
2014,Florida Atlantic,5,41,37
2014,UTSA,5,37,41
2014,Idaho,5,10,34
2014,South Alabama,5,34,10
2014,Ohio State,5,50,28
2014,Cincinnati,5,28,50
2014,Clemson,5,50,35
2014,North Carolina,5,35,50
2014,South Carolina,5,20,21
2014,Missouri,5,21,20
2014,UL Monroe,5,22,20
2014,Troy,5,20,22
2014,Southern Miss,5,23,41
2014,Rice,5,41,23
2014,Toledo,5,42,28
2014,Central Michigan,5,28,42
2014,Air Force,5,28,14
2014,Boise State,5,14,28
2014,Miami,5,22,10
2014,Duke,5,10,22
2014,Ole Miss,5,24,3
2014,Memphis,5,3,24
2014,LSU,5,63,7
2014,New Mexico State,5,7,63
2014,Tulsa,5,34,37
2014,Texas State,5,37,34
2014,San Diego State,5,34,17
2014,UNLV,5,17,34
2014,Syracuse,5,15,31
2014,Notre Dame,5,31,15
2014,Utah,5,27,28
2014,Washington State,5,28,27
2014,Iowa State,5,28,49
2014,Baylor,5,49,28
2014,Nebraska,5,45,14
2014,Illinois,5,14,45
2014,USC,5,35,10
2014,Oregon State,5,10,35
2014,San José State,5,10,21
2014,Nevada,5,21,10
2014,Houston,6,12,17
2014,UCF,6,17,12
2014,Florida International,6,38,10
2014,Florida Atlantic,6,10,38
2014,Oregon,6,24,31
2014,Arizona,6,31,24
2014,Syracuse,6,6,28
2014,Louisville,6,28,6
2014,Fresno State,6,24,13
2014,San Diego State,6,13,24
2014,BYU,6,20,35
2014,Utah State,6,35,20
2014,Maryland,6,24,52
2014,Ohio State,6,52,24
2014,Army,6,33,24
2014,Ball State,6,24,33
2014,Mississippi State,6,48,31
2014,Texas A&M,6,31,48
2014,East Carolina,6,45,24
2014,SMU,6,24,45
2014,Old Dominion,6,14,56
2014,Marshall,6,56,14
2014,Illinois,6,27,38
2014,Purdue,6,38,27
2014,Middle Tennessee,6,37,31
2014,Southern Miss,6,31,37
2014,Oklahoma State,6,37,20
2014,Iowa State,6,20,37
2014,Tennessee,6,9,10
2014,Florida,6,10,9
2014,North Carolina,6,17,34
2014,Virginia Tech,6,34,17
2014,Akron,6,31,6
2014,Eastern Michigan,6,6,31
2014,Miami (OH),6,42,41
2014,Massachusetts,6,41,42
2014,Indiana,6,49,24
2014,North Texas,6,24,49
2014,Colorado State,6,42,17
2014,Tulsa,6,17,42
2014,TCU,6,37,33
2014,Oklahoma,6,33,37
2014,Central Michigan,6,28,10
2014,Ohio,6,10,28
2014,Air Force,6,30,21
2014,Navy,6,21,30
2014,UTSA,6,9,21
2014,New Mexico,6,21,9
2014,Notre Dame,6,17,14
2014,Stanford,6,14,17
2014,Texas,6,7,28
2014,Baylor,6,28,7
2014,Bowling Green,6,36,35
2014,Buffalo,6,35,36
2014,Florida State,6,43,3
2014,Wake Forest,6,3,43
2014,Northwestern,6,20,14
2014,Wisconsin,6,14,20
2014,Clemson,6,41,0
2014,NC State,6,0,41
2014,Ole Miss,6,23,17
2014,Alabama,6,17,23
2014,Georgia,6,44,17
2014,Vanderbilt,6,17,44
2014,Colorado,6,31,36
2014,Oregon State,6,36,31
2014,West Virginia,6,33,14
2014,Kansas,6,14,33
2014,Northern Illinois,6,17,14
2014,Kent State,6,14,17
2014,App State,6,21,47
2014,South Alabama,6,47,21
2014,Western Kentucky,6,39,42
2014,UAB,6,42,39
2014,Cincinnati,6,14,41
2014,Memphis,6,41,14
2014,Texas State,6,35,30
2014,Idaho,6,30,35
2014,Louisiana,6,34,31
2014,Georgia State,6,31,34
2014,Rice,6,28,14
2014,Hawai'i,6,14,28
2014,Rutgers,6,26,24
2014,Michigan,6,24,26
2014,Auburn,6,41,7
2014,LSU,6,7,41
2014,Louisiana Tech,6,55,3
2014,UTEP,6,3,55
2014,Arkansas State,6,28,14
2014,UL Monroe,6,14,28
2014,Western Michigan,6,19,20
2014,Toledo,6,20,19
2014,Kansas State,6,45,13
2014,Texas Tech,6,13,45
2014,USC,6,34,38
2014,Arizona State,6,38,34
2014,Kentucky,6,45,38
2014,South Carolina,6,38,45
2014,Virginia,6,24,19
2014,Pittsburgh,6,19,24
2014,Georgia Tech,6,28,17
2014,Miami,6,17,28
2014,San José State,6,33,10
2014,UNLV,6,10,33
2014,New Mexico State,6,28,36
2014,Georgia Southern,6,36,28
2014,Michigan State,6,27,22
2014,Nebraska,6,22,27
2014,Nevada,6,46,51
2014,Boise State,6,51,46
2014,UCLA,6,28,30
2014,Utah,6,30,28
2014,Washington State,6,59,60
2014,California,6,60,59
2014,UCF,7,31,24
2014,BYU,7,24,31
2014,Stanford,7,34,17
2014,Washington State,7,17,34
2014,New Mexico,7,14,24
2014,San Diego State,7,24,14
2014,UNLV,7,30,27
2014,Fresno State,7,27,30
2014,Syracuse,7,20,38
2014,Florida State,7,38,20
2014,Wisconsin,7,38,28
2014,Illinois,7,28,38
2014,Oklahoma,7,31,26
2014,Texas,7,26,31
2014,Kentucky,7,48,14
2014,UL Monroe,7,14,48
2014,Texas Tech,7,34,37
2014,West Virginia,7,37,34
2014,Temple,7,35,24
2014,Tulsa,7,24,35
2014,Marshall,7,49,24
2014,Middle Tennessee,7,24,49
2014,Army,7,21,41
2014,Rice,7,41,21
2014,Missouri,7,0,34
2014,Georgia,7,34,0
2014,Miami,7,55,34
2014,Cincinnati,7,34,55
2014,Minnesota,7,24,17
2014,Northwestern,7,17,24
2014,Iowa,7,45,29
2014,Indiana,7,29,45
2014,Georgia Tech,7,25,31
2014,Duke,7,31,25
2014,Eastern Michigan,7,37,27
2014,Buffalo,7,27,37
2014,Ohio,7,13,31
2014,Bowling Green,7,31,13
2014,Georgia State,7,10,52
2014,Arkansas State,7,52,10
2014,Kent State,7,17,40
2014,Massachusetts,7,40,17
2014,Akron,7,29,19
2014,Miami (OH),7,19,29
2014,Ball State,7,38,42
2014,Western Michigan,7,42,38
2014,Troy,7,41,24
2014,New Mexico State,7,24,41
2014,UCLA,7,30,42
2014,Oregon,7,42,30
2014,Clemson,7,23,17
2014,Louisville,7,17,23
2014,Mississippi State,7,38,23
2014,Auburn,7,23,38
2014,NC State,7,14,30
2014,Boston College,7,30,14
2014,Navy,7,51,14
2014,VMI,7,14,51
2014,Baylor,7,61,58
2014,TCU,7,58,61
2014,UAB,7,56,21
2014,North Texas,7,21,56
2014,Purdue,7,31,45
2014,Michigan State,7,45,31
2014,Notre Dame,7,50,43
2014,North Carolina,7,43,50
2014,Iowa State,7,37,30
2014,Toledo,7,30,37
2014,App State,7,48,55
2014,Liberty,7,55,48
2014,Tennessee,7,45,10
2014,Chattanooga,7,10,45
2014,Kansas,7,20,27
2014,Oklahoma State,7,27,20
2014,Northern Illinois,7,17,34
2014,Central Michigan,7,34,17
2014,California,7,7,31
2014,Washington,7,31,7
2014,Georgia Southern,7,47,24
2014,Idaho,7,24,47
2014,Arkansas,7,13,14
2014,Alabama,7,14,13
2014,UTSA,7,16,13
2014,Florida International,7,13,16
2014,Memphis,7,24,28
2014,Houston,7,28,24
2014,South Florida,7,17,28
2014,East Carolina,7,28,17
2014,Michigan,7,18,13
2014,Penn State,7,13,18
2014,Vanderbilt,7,21,20
2014,Charleston Southern,7,20,21
2014,Florida,7,27,30
2014,LSU,7,30,27
2014,UTEP,7,42,35
2014,Old Dominion,7,35,42
2014,Tulane,7,12,3
2014,UConn,7,3,12
2014,Texas A&M,7,20,35
2014,Ole Miss,7,35,20
2014,Utah State,7,34,16
2014,Air Force,7,16,34
2014,Nevada,7,24,31
2014,Colorado State,7,31,24
2014,Arizona,7,26,28
2014,USC,7,28,26
2014,Hawai'i,7,38,28
2014,Wyoming,7,28,38
2014,Texas State,8,10,34
2014,Louisiana,8,34,10
2014,Pittsburgh,8,21,16
2014,Virginia Tech,8,16,21
2014,Oregon State,8,23,29
2014,Utah,8,29,23
2014,Boise State,8,37,27
2014,Fresno State,8,27,37
2014,Houston,8,31,10
2014,Temple,8,10,31
2014,Florida Atlantic,8,45,38
2014,Western Kentucky,8,38,45
2014,South Carolina,8,41,10
2014,Furman,8,10,41
2014,Louisiana Tech,8,27,20
2014,UTSA,8,20,27
2014,West Virginia,8,41,27
2014,Baylor,8,27,41
2014,Maryland,8,38,31
2014,Iowa,8,31,38
2014,Minnesota,8,39,38
2014,Purdue,8,38,39
2014,Wake Forest,8,7,30
2014,Syracuse,8,30,7
2014,Oklahoma,8,30,31
2014,Kansas State,8,31,30
2014,Tulsa,8,30,38
2014,South Florida,8,38,30
2014,UCF,8,20,13
2014,Tulane,8,13,20
2014,Duke,8,20,13
2014,Virginia,8,13,20
2014,Ohio,8,23,20
2014,Akron,8,20,23
2014,Bowling Green,8,14,26
2014,Western Michigan,8,26,14
2014,Massachusetts,8,36,14
2014,Eastern Michigan,8,14,36
2014,Troy,8,14,53
2014,App State,8,53,14
2014,Air Force,8,35,31
2014,New Mexico,8,31,35
2014,Central Michigan,8,29,32
2014,Ball State,8,32,29
2014,Middle Tennessee,8,34,22
2014,UAB,8,22,34
2014,SMU,8,3,41
2014,Cincinnati,8,41,3
2014,Texas Tech,8,34,21
2014,Kansas,8,21,34
2014,California,8,34,36
2014,UCLA,8,36,34
2014,Indiana,8,17,56
2014,Michigan State,8,56,17
2014,Boston College,8,13,17
2014,Clemson,8,17,13
2014,Ohio State,8,56,17
2014,Rutgers,8,17,56
2014,Louisville,8,30,18
2014,NC State,8,18,30
2014,Kent State,8,39,17
2014,Army,8,17,39
2014,Alabama,8,59,0
2014,Texas A&M,8,0,59
2014,TCU,8,42,9
2014,Oklahoma State,8,9,42
2014,Wyoming,8,20,27
2014,San José State,8,27,20
2014,Arkansas,8,32,45
2014,Georgia,8,45,32
2014,Northern Illinois,8,51,41
2014,Miami (OH),8,41,51
2014,Idaho,8,29,17
2014,New Mexico State,8,17,29
2014,USC,8,56,28
2014,Colorado,8,28,56
2014,Florida International,8,13,45
2014,Marshall,8,45,13
2014,North Texas,8,20,30
2014,Southern Miss,8,30,20
2014,Ole Miss,8,34,3
2014,Tennessee,8,3,34
2014,Florida,8,13,42
2014,Missouri,8,42,13
2014,Colorado State,8,16,13
2014,Utah State,8,13,16
2014,North Carolina,8,48,43
2014,Georgia Tech,8,43,48
2014,South Alabama,8,30,27
2014,Georgia State,8,27,30
2014,Northwestern,8,17,38
2014,Nebraska,8,38,17
2014,LSU,8,41,3
2014,Kentucky,8,3,41
2014,Texas,8,48,45
2014,Iowa State,8,45,48
2014,Oregon,8,45,20
2014,Washington,8,20,45
2014,Florida State,8,31,27
2014,Notre Dame,8,27,31
2014,BYU,8,35,42
2014,Nevada,8,42,35
2014,Arizona State,8,26,10
2014,Stanford,8,10,26
2014,San Diego State,8,20,10
2014,Hawai'i,8,10,20
2014,Louisiana,9,55,40
2014,Arkansas State,9,40,55
2014,East Carolina,9,31,21
2014,UConn,9,21,31
2014,Virginia Tech,9,6,30
2014,Miami,9,30,6
2014,Cincinnati,9,34,17
2014,South Florida,9,17,34
2014,South Alabama,9,27,13
2014,Troy,9,13,27
2014,Boise State,9,55,30
2014,BYU,9,30,55
2014,California,9,41,59
2014,Oregon,9,59,41
2014,Nebraska,9,42,24
2014,Rutgers,9,24,42
2014,SMU,9,10,48
2014,Memphis,9,48,10
2014,Rice,9,41,21
2014,North Texas,9,21,41
2014,Wisconsin,9,52,7
2014,Maryland,9,7,52
2014,Illinois,9,28,24
2014,Minnesota,9,24,28
2014,Kansas State,9,23,0
2014,Texas,9,0,23
2014,Arkansas,9,45,17
2014,UAB,9,17,45
2014,Virginia,9,27,28
2014,North Carolina,9,28,27
2014,Navy,9,41,31
2014,San José State,9,31,41
2014,Eastern Michigan,9,17,28
2014,Northern Illinois,9,28,17
2014,Western Michigan,9,42,21
2014,Ohio,9,21,42
2014,Ball State,9,35,21
2014,Akron,9,21,35
2014,Colorado,9,37,40
2014,UCLA,9,40,37
2014,Toledo,9,42,35
2014,Massachusetts,9,35,42
2014,Georgia State,9,31,69
2014,Georgia Southern,9,69,31
2014,Miami (OH),9,10,3
2014,Kent State,9,3,10
2014,Marshall,9,35,16
2014,Florida Atlantic,9,16,35
2014,Buffalo,9,14,20
2014,Central Michigan,9,20,14
2014,Kentucky,9,31,45
2014,Mississippi State,9,45,31
2014,TCU,9,82,27
2014,Texas Tech,9,27,82
2014,Southern Miss,9,20,31
2014,Louisiana Tech,9,31,20
2014,Pittsburgh,9,28,56
2014,Georgia Tech,9,56,28
2014,Wake Forest,9,17,23
2014,Boston College,9,23,17
2014,Stanford,9,38,14
2014,Oregon State,9,14,38
2014,Oklahoma State,9,10,34
2014,West Virginia,9,34,10
2014,Michigan State,9,35,11
2014,Michigan,9,11,35
2014,Western Kentucky,9,66,51
2014,Old Dominion,9,51,66
2014,Missouri,9,24,14
2014,Vanderbilt,9,14,24
2014,Utah State,9,34,20
2014,UNLV,9,20,34
2014,UCF,9,34,14
2014,Temple,9,14,34
2014,Washington State,9,37,59
2014,Arizona,9,59,37
2014,Colorado State,9,45,31
2014,Wyoming,9,31,45
2014,Clemson,9,16,6
2014,Syracuse,9,6,16
2014,UTSA,9,0,34
2014,UTEP,9,34,0
2014,UL Monroe,9,18,22
2014,Texas State,9,22,18
2014,LSU,9,10,7
2014,Ole Miss,9,7,10
2014,Auburn,9,42,35
2014,South Carolina,9,35,42
2014,Tennessee,9,20,34
2014,Alabama,9,34,20
2014,Penn State,9,24,31
2014,Ohio State,9,31,24
2014,Utah,9,24,21
2014,USC,9,21,24
2014,Washington,9,10,24
2014,Arizona State,9,24,10
2014,Hawai'i,9,18,26
2014,Nevada,9,26,18
2014,Louisville,10,31,42
2014,Florida State,10,42,31
2014,Georgia Southern,10,42,10
2014,Troy,10,10,42
2014,Tulane,10,14,38
2014,Cincinnati,10,38,14
2014,Memphis,10,40,20
2014,Tulsa,10,20,40
2014,Army,10,6,23
2014,Air Force,10,23,6
2014,Pittsburgh,10,48,51
2014,Duke,10,51,48
2014,Temple,10,20,10
2014,East Carolina,10,10,20
2014,Texas A&M,10,21,16
2014,UL Monroe,10,16,21
2014,Penn State,10,19,20
2014,Maryland,10,20,19
2014,Iowa,10,48,7
2014,Northwestern,10,7,48
2014,Rutgers,10,0,37
2014,Wisconsin,10,37,0
2014,UConn,10,37,29
2014,UCF,10,29,37
2014,Florida International,10,17,31
2014,Rice,10,31,17
2014,Iowa State,10,14,59
2014,Oklahoma,10,59,14
2014,Miami,10,47,20
2014,North Carolina,10,20,47
2014,Virginia Tech,10,31,33
2014,Boston College,10,33,31
2014,Colorado,10,23,38
2014,Washington,10,38,23
2014,Eastern Michigan,10,7,38
2014,Central Michigan,10,38,7
2014,Miami (OH),10,10,41
2014,Western Michigan,10,41,10
2014,Louisiana Tech,10,59,10
2014,Western Kentucky,10,10,59
2014,Syracuse,10,17,24
2014,NC State,10,24,17
2014,Michigan,10,34,10
2014,Indiana,10,10,34
2014,Georgia Tech,10,35,10
2014,Virginia,10,10,35
2014,Nebraska,10,35,14
2014,Purdue,10,14,35
2014,App State,10,44,0
2014,Georgia State,10,0,44
2014,West Virginia,10,30,31
2014,TCU,10,31,30
2014,Georgia,10,20,38
2014,Florida,10,38,20
2014,Middle Tennessee,10,7,27
2014,BYU,10,27,7
2014,Baylor,10,60,14
2014,Kansas,10,14,60
2014,South Florida,10,3,27
2014,Houston,10,27,3
2014,New Mexico State,10,29,37
2014,Texas State,10,37,29
2014,Missouri,10,20,10
2014,Kentucky,10,10,20
2014,Washington State,10,17,44
2014,USC,10,44,17
2014,Louisiana,10,19,9
2014,South Alabama,10,9,19
2014,Idaho,10,28,44
2014,Arkansas State,10,44,28
2014,UNLV,10,28,31
2014,New Mexico,10,31,28
2014,Vanderbilt,10,42,28
2014,Old Dominion,10,28,42
2014,Florida Atlantic,10,28,31
2014,UAB,10,31,28
2014,San José State,10,31,38
2014,Colorado State,10,38,31
2014,Ole Miss,10,31,35
2014,Auburn,10,35,31
2014,Mississippi State,10,17,10
2014,Arkansas,10,10,17
2014,South Carolina,10,42,45
2014,Tennessee,10,45,42
2014,Oregon,10,45,16
2014,Stanford,10,16,45
2014,Texas Tech,10,13,34
2014,Texas,10,34,13
2014,Kansas State,10,48,14
2014,Oklahoma State,10,14,48
2014,Ohio State,10,55,14
2014,Illinois,10,14,55
2014,UTEP,10,35,14
2014,Southern Miss,10,14,35
2014,Navy,10,39,49
2014,Notre Dame,10,49,39
2014,UCLA,10,17,7
2014,Arizona,10,7,17
2014,Oregon State,10,31,45
2014,California,10,45,31
2014,Nevada,10,30,14
2014,San Diego State,10,14,30
2014,Fresno State,10,17,45
2014,Wyoming,10,45,17
2014,Hawai'i,10,14,35
2014,Utah State,10,35,14
2014,Arizona State,10,19,16
2014,Utah,10,16,19
2014,Akron,11,10,27
2014,Bowling Green,11,27,10
2014,Kent State,11,20,30
2014,Toledo,11,30,20
2014,Ball State,11,21,35
2014,Northern Illinois,11,35,21
2014,Ohio,11,37,14
2014,Buffalo,11,14,37
2014,Wake Forest,11,20,34
2014,Clemson,11,34,20
2014,Temple,11,13,16
2014,Memphis,11,16,13
2014,Wyoming,11,3,20
2014,Utah State,11,20,3
2014,Kentucky,11,31,63
2014,Georgia,11,63,31
2014,UAB,11,24,40
2014,Louisiana Tech,11,40,24
2014,Minnesota,11,51,14
2014,Iowa,11,14,51
2014,Oklahoma,11,14,48
2014,Baylor,11,48,14
2014,Indiana,11,7,13
2014,Penn State,11,13,7
2014,Ole Miss,11,48,0
2014,Presbyterian,11,0,48
2014,Rice,11,17,7
2014,UTSA,11,7,17
2014,Purdue,11,16,34
2014,Wisconsin,11,34,16
2014,Tulsa,11,38,28
2014,SMU,11,28,38
2014,Syracuse,11,10,27
2014,Duke,11,27,10
2014,NC State,11,23,56
2014,Georgia Tech,11,56,23
2014,Troy,11,45,21
2014,Georgia State,11,21,45
2014,Arkansas State,11,45,10
2014,South Alabama,11,10,45
2014,Texas,11,33,16
2014,West Virginia,11,16,33
2014,Army,11,35,21
2014,UConn,11,21,35
2014,Northwestern,11,9,10
2014,Michigan,11,10,9
2014,Houston,11,24,31
2014,Tulane,11,31,24
2014,App State,11,31,29
2014,UL Monroe,11,29,31
2014,Auburn,11,38,41
2014,Texas A&M,11,41,38
2014,Old Dominion,11,38,35
2014,Florida International,11,35,38
2014,Arizona State,11,55,31
2014,Notre Dame,11,31,55
2014,Kansas,11,34,14
2014,Iowa State,11,14,34
2014,Oregon State,11,32,39
2014,Washington State,11,39,32
2014,Texas State,11,25,28
2014,Georgia Southern,11,28,25
2014,Mississippi State,11,45,16
2014,UT Martin,11,16,45
2014,Western Kentucky,11,35,27
2014,UTEP,11,27,35
2014,UNLV,11,21,48
2014,Air Force,11,48,21
2014,Florida State,11,34,20
2014,Virginia,11,20,34
2014,San Diego State,11,35,21
2014,Idaho,11,21,35
2014,North Texas,11,31,10
2014,Florida Atlantic,11,10,31
2014,Washington,11,30,44
2014,UCLA,11,44,30
2014,Southern Miss,11,17,63
2014,Marshall,11,63,17
2014,Colorado State,11,49,22
2014,Hawai'i,11,22,49
2014,New Mexico,11,49,60
2014,Boise State,11,60,49
2014,Boston College,11,19,38
2014,Louisville,11,38,19
2014,TCU,11,41,20
2014,Kansas State,11,20,41
2014,Vanderbilt,11,10,34
2014,Florida,11,34,10
2014,Michigan State,11,37,49
2014,Ohio State,11,49,37
2014,Arizona,11,38,20
2014,Colorado,11,20,38
2014,New Mexico State,11,16,44
2014,Louisiana,11,44,16
2014,LSU,11,13,20
2014,Alabama,11,20,13
2014,Utah,11,27,51
2014,Oregon,11,51,27
2014,Fresno State,11,38,24
2014,San José State,11,24,38
2014,Northern Illinois,12,27,24
2014,Toledo,12,24,27
2014,Buffalo,12,55,24
2014,Akron,12,24,55
2014,Massachusetts,12,24,10
2014,Ball State,12,10,24
2014,Bowling Green,12,30,20
2014,Kent State,12,20,30
2014,Cincinnati,12,54,46
2014,East Carolina,12,46,54
2014,UTSA,12,12,10
2014,Southern Miss,12,10,12
2014,USC,12,38,30
2014,California,12,30,38
2014,UCF,12,31,7
2014,Tulsa,12,7,31
2014,Georgia Tech,12,28,6
2014,Clemson,12,6,28
2014,Duke,12,16,17
2014,Virginia Tech,12,17,16
2014,Florida,12,20,23
2014,South Carolina,12,23,20
2014,Minnesota,12,24,31
2014,Ohio State,12,31,24
2014,Penn State,12,30,13
2014,Temple,12,13,30
2014,Illinois,12,14,30
2014,Iowa,12,30,14
2014,Western Kentucky,12,52,24
2014,Army,12,24,52
2014,North Carolina,12,40,35
2014,Pittsburgh,12,35,40
2014,Central Michigan,12,34,27
2014,Miami (OH),12,27,34
2014,Air Force,12,45,38
2014,Nevada,12,38,45
2014,Western Michigan,12,51,7
2014,Eastern Michigan,12,7,51
2014,Marshall,12,41,14
2014,Rice,12,14,41
2014,Kansas,12,30,34
2014,TCU,12,34,30
2014,NC State,12,42,13
2014,Wake Forest,12,13,42
2014,Arkansas State,12,32,37
2014,App State,12,37,32
2014,Rutgers,12,45,23
2014,Indiana,12,23,45
2014,Tulane,12,7,38
2014,Memphis,12,38,7
2014,Wisconsin,12,59,24
2014,Nebraska,12,24,59
2014,Navy,12,52,19
2014,Georgia Southern,12,19,52
2014,Arizona,12,27,26
2014,Washington,12,26,27
2014,Texas Tech,12,30,42
2014,Oklahoma,12,42,30
2014,Florida International,12,38,28
2014,Middle Tennessee,12,28,38
2014,Alabama,12,25,20
2014,Mississippi State,12,20,25
2014,Notre Dame,12,40,43
2014,Northwestern,12,43,40
2014,Tennessee,12,50,16
2014,Kentucky,12,16,50
2014,Utah State,12,28,21
2014,New Mexico,12,21,28
2014,San José State,12,0,13
2014,Hawai'i,12,13,0
2014,Idaho,12,17,34
2014,Troy,12,34,17
2014,Stanford,12,17,20
2014,Utah,12,20,17
2014,BYU,12,42,23
2014,UNLV,12,23,42
2014,UL Monroe,12,27,34
2014,Louisiana,12,34,27
2014,Georgia,12,34,7
2014,Auburn,12,7,34
2014,Texas A&M,12,27,34
2014,Missouri,12,34,27
2014,Oklahoma State,12,7,28
2014,Texas,12,28,7
2014,South Alabama,12,24,20
2014,Texas State,12,20,24
2014,SMU,12,13,14
2014,South Florida,12,14,13
2014,Arkansas,12,17,0
2014,LSU,12,0,17
2014,Miami,12,26,30
2014,Florida State,12,30,26
2014,Maryland,12,15,37
2014,Michigan State,12,37,15
2014,UTEP,12,35,17
2014,North Texas,12,17,35
2014,Boise State,12,38,29
2014,San Diego State,12,29,38
2014,Oregon State,12,35,27
2014,Arizona State,12,27,35
2014,Akron,13,30,6
2014,Massachusetts,13,6,30
2014,Ohio,13,14,21
2014,Northern Illinois,13,21,14
2014,Toledo,13,27,20
2014,Bowling Green,13,20,27
2014,West Virginia,13,20,26
2014,Kansas State,13,26,20
2014,Duke,13,20,45
2014,North Carolina,13,45,20
2014,Texas State,13,45,27
2014,Arkansas State,13,27,45
2014,Rice,13,31,13
2014,UTEP,13,13,31
2014,San Diego State,13,30,14
2014,Air Force,13,14,30
2014,Utah State,13,41,7
2014,San José State,13,7,41
2014,Houston,13,38,28
2014,Tulsa,13,28,38
2014,UAB,13,18,23
2014,Marshall,13,23,18
2014,Georgia,13,55,9
2014,Charleston Southern,13,9,55
2014,Western Kentucky,13,45,7
2014,UTSA,13,7,45
2014,Army,13,42,31
2014,Fordham,13,31,42
2014,UCF,13,53,7
2014,SMU,13,7,53
2014,Michigan State,13,45,3
2014,Rutgers,13,3,45
2014,Illinois,13,16,14
2014,Penn State,13,14,16
2014,Ohio State,13,42,27
2014,Indiana,13,27,42
2014,Florida,13,52,3
2014,Eastern Kentucky,13,3,52
2014,South Carolina,13,37,12
2014,South Alabama,13,12,37
2014,Purdue,13,14,38
2014,Northwestern,13,38,14
2014,Nebraska,13,24,28
2014,Minnesota,13,28,24
2014,Wake Forest,13,6,3
2014,Virginia Tech,13,3,6
2014,Central Michigan,13,20,32
2014,Western Michigan,13,32,20
2014,Arizona State,13,52,31
2014,Washington State,13,31,52
2014,Old Dominion,13,30,27
2014,Louisiana Tech,13,27,30
2014,Oklahoma,13,44,7
2014,Kansas,13,7,44
2014,Colorado State,13,58,20
2014,New Mexico,13,20,58
2014,Louisiana,13,16,35
2014,App State,13,35,16
2014,Ball State,13,45,30
2014,Eastern Michigan,13,30,45
2014,BYU,13,64,0
2014,Savannah State,13,0,64
2014,Arkansas,13,30,0
2014,Ole Miss,13,0,30
2014,North Texas,13,17,14
2014,Florida International,13,14,17
2014,Utah,13,10,42
2014,Arizona,13,42,10
2014,East Carolina,13,34,6
2014,Tulane,13,6,34
2014,Pittsburgh,13,30,7
2014,Syracuse,13,7,30
2014,Iowa State,13,31,34
2014,Texas Tech,13,34,31
2014,Michigan,13,16,23
2014,Maryland,13,23,16
2014,Iowa,13,24,26
2014,Wisconsin,13,26,24
2014,Notre Dame,13,28,31
2014,Louisville,13,31,28
2014,Clemson,13,28,0
2014,Georgia State,13,0,28
2014,Florida State,13,20,17
2014,Boston College,13,17,20
2014,New Mexico State,13,17,30
2014,UL Monroe,13,30,17
2014,Memphis,13,31,20
2014,South Florida,13,20,31
2014,California,13,17,38
2014,Stanford,13,38,17
2014,Alabama,13,48,14
2014,Western Carolina,13,14,48
2014,Oregon,13,44,10
2014,Colorado,13,10,44
2014,Middle Tennessee,13,35,34
2014,Florida Atlantic,13,34,35
2014,Auburn,13,31,7
2014,Samford,13,7,31
2014,Virginia,13,30,13
2014,Miami,13,13,30
2014,Baylor,13,49,28
2014,Oklahoma State,13,28,49
2014,Mississippi State,13,51,0
2014,Vanderbilt,13,0,51
2014,Tennessee,13,21,29
2014,Missouri,13,29,21
2014,UCLA,13,38,20
2014,USC,13,20,38
2014,UConn,13,0,41
2014,Cincinnati,13,41,0
2014,Wyoming,13,14,63
2014,Boise State,13,63,14
2014,Washington,13,37,13
2014,Oregon State,13,13,37
2014,Nevada,13,20,40
2014,Fresno State,13,40,20
2014,Hawai'i,13,37,35
2014,UNLV,13,35,37
2014,Miami (OH),14,21,24
2014,Ohio,14,24,21
2014,Texas A&M,14,17,23
2014,LSU,14,23,17
2014,Texas,14,10,48
2014,TCU,14,48,10
2014,Western Michigan,14,21,31
2014,Northern Illinois,14,31,21
2014,SMU,14,9,35
2014,Houston,14,35,9
2014,Marshall,14,66,67
2014,Western Kentucky,14,67,66
2014,Iowa,14,34,37
2014,Nebraska,14,37,34
2014,South Florida,14,0,16
2014,UCF,14,16,0
2014,Massachusetts,14,21,41
2014,Buffalo,14,41,21
2014,Kent State,14,27,24
2014,Akron,14,24,27
2014,Eastern Michigan,14,16,52
2014,Toledo,14,52,16
2014,Bowling Green,14,24,41
2014,Ball State,14,41,24
2014,Missouri,14,21,14
2014,Arkansas,14,14,21
2014,South Alabama,14,40,42
2014,Navy,14,42,40
2014,UCLA,14,10,31
2014,Stanford,14,31,10
2014,Air Force,14,27,24
2014,Colorado State,14,24,27
2014,Arizona,14,42,35
2014,Arizona State,14,35,42
2014,Virginia Tech,14,24,20
2014,Virginia,14,20,24
2014,Tulsa,14,32,49
2014,East Carolina,14,49,32
2014,UTSA,14,34,27
2014,North Texas,14,27,34
2014,Northwestern,14,33,47
2014,Illinois,14,47,33
2014,Indiana,14,23,16
2014,Purdue,14,16,23
2014,Florida Atlantic,14,28,31
2014,Old Dominion,14,31,28
2014,Ohio State,14,42,28
2014,Michigan,14,28,42
2014,Temple,14,6,14
2014,Cincinnati,14,14,6
2014,Louisiana Tech,14,76,31
2014,Rice,14,31,76
2014,Iowa State,14,24,37
2014,West Virginia,14,37,24
2014,Louisville,14,44,40
2014,Kentucky,14,40,44
2014,Clemson,14,35,17
2014,South Carolina,14,17,35
2014,Georgia,14,24,30
2014,Georgia Tech,14,30,24
2014,Troy,14,23,42
2014,Louisiana,14,42,23
2014,North Carolina,14,7,35
2014,NC State,14,35,7
2014,Boston College,14,28,7
2014,Syracuse,14,7,28
2014,Colorado,14,34,38
2014,Utah,14,38,34
2014,Georgia State,14,31,54
2014,Texas State,14,54,31
2014,App State,14,45,28
2014,Idaho,14,28,45
2014,Arkansas State,14,68,35
2014,New Mexico State,14,35,68
2014,New Mexico,14,36,30
2014,Wyoming,14,30,36
2014,Ole Miss,14,31,17
2014,Mississippi State,14,17,31
2014,Florida State,14,24,19
2014,Florida,14,19,24
2014,Southern Miss,14,24,45
2014,UAB,14,45,24
2014,San Diego State,14,38,7
2014,San José State,14,7,38
2014,Penn State,14,10,34
2014,Michigan State,14,34,10
2014,Maryland,14,38,41
2014,Rutgers,14,41,38
2014,Wisconsin,14,34,24
2014,Minnesota,14,24,34
2014,Texas Tech,14,46,48
2014,Baylor,14,48,46
2014,USC,14,49,14
2014,Notre Dame,14,14,49
2014,Kansas State,14,51,13
2014,Kansas,14,13,51
2014,Memphis,14,41,10
2014,UConn,14,10,41
2014,Vanderbilt,14,17,24
2014,Tennessee,14,24,17
2014,California,14,35,42
2014,BYU,14,42,35
2014,Georgia Southern,14,22,16
2014,UL Monroe,14,16,22
2014,Duke,14,41,21
2014,Wake Forest,14,21,41
2014,Miami,14,23,35
2014,Pittsburgh,14,35,23
2014,UTEP,14,24,21
2014,Middle Tennessee,14,21,24
2014,Fresno State,14,28,21
2014,Hawai'i,14,21,28
2014,Alabama,14,55,44
2014,Auburn,14,44,55
2014,Oregon State,14,19,47
2014,Oregon,14,47,19
2014,Boise State,14,50,19
2014,Utah State,14,19,50
2014,UNLV,14,27,49
2014,Nevada,14,49,27
2014,Washington State,14,13,31
2014,Washington,14,31,13
2014,East Carolina,15,30,32
2014,UCF,15,32,30
2014,Bowling Green,15,17,51
2014,Northern Illinois,15,51,17
2014,Oregon,15,51,13
2014,Arizona,15,13,51
2014,UConn,15,20,27
2014,SMU,15,27,20
2014,Cincinnati,15,38,31
2014,Houston,15,31,38
2014,Marshall,15,26,23
2014,Louisiana Tech,15,23,26
2014,TCU,15,55,3
2014,Iowa State,15,3,55
2014,Oklahoma,15,35,38
2014,Oklahoma State,15,38,35
2014,Missouri,15,13,42
2014,Alabama,15,42,13
2014,Tulane,15,3,10
2014,Temple,15,10,3
2014,Baylor,15,38,27
2014,Kansas State,15,27,38
2014,Georgia Tech,15,35,37
2014,Florida State,15,37,35
2014,Ohio State,15,59,0
2014,Wisconsin,15,0,59
2014,Boise State,15,28,14
2014,Fresno State,15,14,28
2014,Army,16,10,17
2014,Navy,16,17,10
2015,UCF,1,14,15
2015,Florida International,1,15,14
2015,South Carolina,1,17,13
2015,North Carolina,1,13,17
2015,Wake Forest,1,41,3
2015,Elon,1,3,41
2015,Ball State,1,48,36
2015,VMI,1,36,48
2015,Central Michigan,1,13,24
2015,Oklahoma State,1,24,13
2015,UConn,1,20,15
2015,Villanova,1,15,20
2015,Georgia Tech,1,69,6
2015,Alcorn State,1,6,69
2015,Vanderbilt,1,12,14
2015,Western Kentucky,1,14,12
2015,Utah,1,24,17
2015,Michigan,1,17,24
2015,Minnesota,1,17,23
2015,TCU,1,23,17
2015,Idaho,1,28,45
2015,Ohio,1,45,28
2015,Utah State,1,12,9
2015,Southern Utah,1,9,12
2015,Tulane,1,7,37
2015,Duke,1,37,7
2015,Nevada,1,31,17
2015,UC Davis,1,17,31
2015,Fresno State,1,34,13
2015,Abilene Christian,1,13,34
2015,Arizona,1,42,32
2015,UTSA,1,32,42
2015,San José State,1,43,13
2015,New Hampshire,1,13,43
2015,Hawai'i,1,28,20
2015,Colorado,1,20,28
2015,Georgia State,1,20,23
2015,Charlotte,1,23,20
2015,Syracuse,1,47,0
2015,Rhode Island,1,0,47
2015,SMU,1,21,56
2015,Baylor,1,56,21
2015,Army,1,35,37
2015,Fordham,1,37,35
2015,Western Michigan,1,24,37
2015,Michigan State,1,37,24
2015,Oregon State,1,26,7
2015,Weber State,1,7,26
2015,Boise State,1,16,13
2015,Washington,1,13,16
2015,Northwestern,1,16,6
2015,Stanford,1,6,16
2015,Iowa,1,31,14
2015,Illinois State,1,14,31
2015,Georgia,1,51,14
2015,UL Monroe,1,14,51
2015,Ole Miss,1,76,3
2015,UT Martin,1,3,76
2015,Navy,1,48,10
2015,Colgate,1,10,48
2015,Kansas,1,38,41
2015,South Dakota State,1,41,38
2015,Rutgers,1,63,13
2015,Norfolk State,1,13,63
2015,Maryland,1,50,21
2015,Richmond,1,21,50
2015,Clemson,1,49,10
2015,Wofford,1,10,49
2015,Boston College,1,24,3
2015,Maine,1,3,24
2015,Pittsburgh,1,45,37
2015,Youngstown State,1,37,45
2015,Illinois,1,52,3
2015,Kent State,1,3,52
2015,Washington State,1,17,24
2015,Portland State,1,24,17
2015,Tulsa,1,47,44
2015,Florida Atlantic,1,44,47
2015,Temple,1,27,10
2015,Penn State,1,10,27
2015,Buffalo,1,51,14
2015,UAlbany,1,14,51
2015,Miami (OH),1,26,7
2015,Presbyterian,1,7,26
2015,Arkansas,1,48,13
2015,UTEP,1,13,48
2015,Texas Tech,1,59,45
2015,Sam Houston,1,45,59
2015,App State,1,49,0
2015,Howard,1,0,49
2015,Auburn,1,31,24
2015,Louisville,1,24,31
2015,Air Force,1,63,7
2015,Morgan State,1,7,63
2015,UCLA,1,34,16
2015,Virginia,1,16,34
2015,Nebraska,1,28,33
2015,BYU,1,33,28
2015,Eastern Michigan,1,34,38
2015,Old Dominion,1,38,34
2015,Wyoming,1,13,24
2015,North Dakota,1,24,13
2015,Indiana,1,48,47
2015,Southern Illinois,1,47,48
2015,Colorado State,1,65,13
2015,Savannah State,1,13,65
2015,Tennessee,1,59,30
2015,Bowling Green,1,30,59
2015,Missouri,1,34,3
2015,Southeast Missouri State,1,3,34
2015,Rice,1,56,16
2015,Wagner,1,16,56
2015,California,1,73,14
2015,Grambling,1,14,73
2015,South Alabama,1,33,23
2015,Gardner-Webb,1,23,33
2015,NC State,1,49,21
2015,Troy,1,21,49
2015,Miami,1,45,0
2015,Bethune-Cookman,1,0,45
2015,East Carolina,1,28,20
2015,Towson,1,20,28
2015,Texas A&M,1,38,17
2015,Arizona State,1,17,38
2015,South Florida,1,51,3
2015,Florida A&M,1,3,51
2015,Memphis,1,63,7
2015,Missouri State,1,7,63
2015,Oklahoma,1,41,3
2015,Akron,1,3,41
2015,Middle Tennessee,1,70,14
2015,Jackson State,1,14,70
2015,Kentucky,1,40,33
2015,Louisiana,1,33,40
2015,Louisiana Tech,1,62,15
2015,Southern,1,15,62
2015,Kansas State,1,34,0
2015,South Dakota,1,0,34
2015,Northern Illinois,1,38,30
2015,UNLV,1,30,38
2015,Florida,1,61,13
2015,New Mexico State,1,13,61
2015,Notre Dame,1,38,3
2015,Texas,1,3,38
2015,West Virginia,1,44,0
2015,Georgia Southern,1,0,44
2015,San Diego State,1,37,3
2015,San Diego,1,3,37
2015,Iowa State,1,31,7
2015,Northern Iowa,1,7,31
2015,Oregon,1,61,42
2015,Eastern Washington,1,42,61
2015,Houston,1,52,24
2015,Tennessee Tech,1,24,52
2015,Alabama,1,35,17
2015,Wisconsin,1,17,35
2015,New Mexico,1,66,0
2015,Mississippi Valley State,1,0,66
2015,Cincinnati,1,52,10
2015,Alabama A&M,1,10,52
2015,Florida State,1,59,16
2015,Texas State,1,16,59
2015,Southern Miss,1,16,34
2015,Mississippi State,1,34,16
2015,USC,1,55,6
2015,Arkansas State,1,6,55
2015,Marshall,1,41,31
2015,Purdue,1,31,41
2015,Virginia Tech,1,24,42
2015,Ohio State,1,42,24
2015,Western Kentucky,2,41,38
2015,Louisiana Tech,2,38,41
2015,Florida Atlantic,2,20,44
2015,Miami,2,44,20
2015,Utah,2,24,14
2015,Utah State,2,14,24
2015,Florida State,2,34,14
2015,South Florida,2,14,34
2015,Louisville,2,31,34
2015,Houston,2,34,31
2015,Penn State,2,27,14
2015,Buffalo,2,14,27
2015,UConn,2,22,17
2015,Army,2,17,22
2015,UTSA,2,3,30
2015,Kansas State,2,30,3
2015,Wisconsin,2,58,0
2015,Miami (OH),2,0,58
2015,Maryland,2,27,48
2015,Bowling Green,2,48,27
2015,Charlotte,2,34,10
2015,Presbyterian,2,10,34
2015,Auburn,2,27,20
2015,Jacksonville State,2,20,27
2015,Purdue,2,38,14
2015,Indiana State,2,14,38
2015,Michigan,2,35,7
2015,Oregon State,2,7,35
2015,Illinois,2,44,0
2015,Western Illinois,2,0,44
2015,Syracuse,2,30,17
2015,Wake Forest,2,17,30
2015,Clemson,2,41,10
2015,App State,2,10,41
2015,Boston College,2,76,0
2015,Howard,2,0,76
2015,Colorado,2,48,14
2015,Massachusetts,2,14,48
2015,Washington,2,49,0
2015,Sacramento State,2,0,49
2015,Central Michigan,2,31,10
2015,Monmouth,2,10,31
2015,West Virginia,2,41,17
2015,Liberty,2,17,41
2015,Texas Tech,2,69,20
2015,UTEP,2,20,69
2015,Northern Illinois,2,57,26
2015,Murray State,2,26,57
2015,Virginia,2,27,34
2015,Notre Dame,2,34,27
2015,Colorado State,2,20,23
2015,Minnesota,2,23,20
2015,Vanderbilt,2,14,31
2015,Georgia,2,31,14
2015,Southern Miss,2,52,6
2015,Austin Peay,2,6,52
2015,Ohio State,2,38,0
2015,Hawai'i,2,0,38
2015,Virginia Tech,2,42,3
2015,Furman,2,3,42
2015,Georgia Tech,2,65,10
2015,Tulane,2,10,65
2015,TCU,2,70,7
2015,Stephen F. Austin,2,7,70
2015,Ole Miss,2,73,21
2015,Fresno State,2,21,73
2015,Rutgers,2,34,37
2015,Washington State,2,37,34
2015,Alabama,2,37,10
2015,Middle Tennessee,2,10,37
2015,Northwestern,2,41,0
2015,Eastern Illinois,2,0,41
2015,Wyoming,2,29,48
2015,Eastern Michigan,2,48,29
2015,Arkansas,2,12,16
2015,Toledo,2,16,12
2015,Iowa State,2,17,31
2015,Iowa,2,31,17
2015,California,2,35,7
2015,San Diego State,2,7,35
2015,NC State,2,35,0
2015,Eastern Kentucky,2,0,35
2015,Kent State,2,45,13
2015,Delaware State,2,13,45
2015,Duke,2,55,0
2015,North Carolina Central,2,0,55
2015,North Carolina,2,53,14
2015,North Carolina A&T,2,14,53
2015,Akron,2,7,24
2015,Pittsburgh,2,24,7
2015,Tennessee,2,24,31
2015,Oklahoma,2,31,24
2015,Georgia Southern,2,43,17
2015,Western Michigan,2,17,43
2015,Texas A&M,2,56,23
2015,Ball State,2,23,56
2015,Florida,2,31,24
2015,East Carolina,2,24,31
2015,Louisiana,2,44,17
2015,Northwestern State,2,17,44
2015,SMU,2,31,13
2015,North Texas,2,13,31
2015,Troy,2,44,16
2015,Charleston Southern,2,16,44
2015,Nevada,2,20,44
2015,Arizona,2,44,20
2015,Arkansas State,2,20,27
2015,Missouri,2,27,20
2015,UL Monroe,2,47,0
2015,Nicholls,2,0,47
2015,Ohio,2,21,10
2015,Marshall,2,10,21
2015,Texas State,2,63,24
2015,Prairie View A&M,2,24,63
2015,Kansas,2,23,55
2015,Memphis,2,55,23
2015,Old Dominion,2,24,10
2015,Norfolk State,2,10,24
2015,Oklahoma State,2,32,8
2015,Central Arkansas,2,8,32
2015,Baylor,2,66,31
2015,Lamar,2,31,66
2015,South Carolina,2,22,26
2015,Kentucky,2,26,22
2015,Indiana,2,36,22
2015,Florida International,2,22,36
2015,New Mexico State,2,32,34
2015,Georgia State,2,34,32
2015,Texas,2,42,28
2015,Rice,2,28,42
2015,Cincinnati,2,26,34
2015,Temple,2,34,26
2015,New Mexico,2,21,40
2015,Tulsa,2,40,21
2015,USC,2,59,9
2015,Idaho,2,9,59
2015,Michigan State,2,31,28
2015,Oregon,2,28,31
2015,Nebraska,2,48,9
2015,South Alabama,2,9,48
2015,Mississippi State,2,19,21
2015,LSU,2,21,19
2015,BYU,2,35,24
2015,Boise State,2,24,35
2015,Air Force,2,37,16
2015,San José State,2,16,37
2015,UNLV,2,3,37
2015,UCLA,2,37,3
2015,Stanford,2,31,7
2015,UCF,2,7,31
2015,Arizona State,2,35,21
2015,Cal Poly,2,21,35
2015,Louisville,3,17,20
2015,Clemson,3,20,17
2015,Boston College,3,0,14
2015,Florida State,3,14,0
2015,Boise State,3,52,0
2015,Idaho State,3,0,52
2015,Arizona State,3,34,10
2015,New Mexico,3,10,34
2015,Florida Atlantic,3,15,33
2015,Buffalo,3,33,15
2015,North Carolina,3,48,14
2015,Illinois,3,14,48
2015,Maryland,3,35,17
2015,South Florida,3,17,35
2015,Michigan State,3,35,21
2015,Air Force,3,21,35
2015,Michigan,3,28,7
2015,UNLV,3,7,28
2015,Missouri,3,9,6
2015,UConn,3,6,9
2015,Army,3,14,17
2015,Wake Forest,3,17,14
2015,Texas A&M,3,44,27
2015,Nevada,3,27,44
2015,Akron,3,52,9
2015,Savannah State,3,9,52
2015,Minnesota,3,10,7
2015,Kent State,3,7,10
2015,Oklahoma,3,52,38
2015,Tulsa,3,38,52
2015,Duke,3,10,19
2015,Northwestern,3,19,10
2015,Syracuse,3,30,27
2015,Central Michigan,3,27,30
2015,Ohio,3,35,14
2015,SE Louisiana,3,14,35
2015,Oregon,3,61,28
2015,Georgia State,3,28,61
2015,North Texas,3,24,38
2015,Rice,3,38,24
2015,Eastern Michigan,3,17,28
2015,Ball State,3,28,17
2015,Bowling Green,3,41,44
2015,Memphis,3,44,41
2015,Massachusetts,3,23,25
2015,Temple,3,25,23
2015,Kansas State,3,39,33
2015,Louisiana Tech,3,33,39
2015,Wisconsin,3,28,3
2015,Troy,3,3,28
2015,Marshall,3,45,7
2015,Norfolk State,3,7,45
2015,Notre Dame,3,30,22
2015,Georgia Tech,3,22,30
2015,Oklahoma State,3,69,14
2015,UTSA,3,14,69
2015,Miami,3,36,33
2015,Nebraska,3,33,36
2015,Ohio State,3,20,13
2015,Northern Illinois,3,13,20
2015,Purdue,3,24,51
2015,Virginia Tech,3,51,24
2015,Navy,3,45,21
2015,East Carolina,3,21,45
2015,Miami (OH),3,33,37
2015,Cincinnati,3,37,33
2015,LSU,3,45,21
2015,Auburn,3,21,45
2015,Virginia,3,35,29
2015,William & Mary,3,29,35
2015,Mississippi State,3,62,13
2015,Northwestern State,3,13,62
2015,Vanderbilt,3,47,7
2015,Austin Peay,3,7,47
2015,Indiana,3,38,35
2015,Western Kentucky,3,35,38
2015,Washington,3,31,17
2015,Utah State,3,17,31
2015,Idaho,3,41,38
2015,Wofford,3,38,41
2015,Georgia,3,52,20
2015,South Carolina,3,20,52
2015,Florida International,3,39,14
2015,North Carolina Central,3,14,39
2015,UCF,3,15,16
2015,Furman,3,16,15
2015,Georgia Southern,3,48,13
2015,The Citadel,3,13,48
2015,Middle Tennessee,3,73,14
2015,Charlotte,3,14,73
2015,Arkansas,3,24,35
2015,Texas Tech,3,35,24
2015,Colorado State,3,24,27
2015,Colorado,3,27,24
2015,Tennessee,3,55,10
2015,Western Carolina,3,10,55
2015,Western Michigan,3,52,20
2015,Murray State,3,20,52
2015,Arkansas State,3,70,7
2015,Missouri State,3,7,70
2015,Texas State,3,50,56
2015,Southern Miss,3,56,50
2015,Old Dominion,3,14,38
2015,NC State,3,38,14
2015,Kentucky,3,9,14
2015,Florida,3,14,9
2015,Texas,3,44,45
2015,California,3,45,44
2015,New Mexico State,3,47,50
2015,UTEP,3,50,47
2015,San Diego State,3,27,34
2015,South Alabama,3,34,27
2015,TCU,3,56,37
2015,SMU,3,37,56
2015,Oregon State,3,35,21
2015,San José State,3,21,35
2015,Iowa,3,27,24
2015,Pittsburgh,3,24,27
2015,Toledo,3,30,23
2015,Iowa State,3,23,30
2015,Tulane,3,38,7
2015,Maine,3,7,38
2015,Penn State,3,28,3
2015,Rutgers,3,3,28
2015,USC,3,31,41
2015,Stanford,3,41,31
2015,Washington State,3,31,14
2015,Wyoming,3,14,31
2015,Alabama,3,37,43
2015,Ole Miss,3,43,37
2015,Fresno State,3,24,45
2015,Utah,3,45,24
2015,UCLA,3,24,23
2015,BYU,3,23,24
2015,Arizona,3,77,13
2015,Northern Arizona,3,13,77
2015,Hawai'i,3,47,27
2015,UC Davis,3,27,47
2015,Memphis,4,53,46
2015,Cincinnati,4,46,53
2015,Virginia,4,14,56
2015,Boise State,4,56,14
2015,Oregon State,4,24,42
2015,Stanford,4,42,24
2015,South Carolina,4,31,14
2015,UCF,4,14,31
2015,Purdue,4,28,35
2015,Bowling Green,4,35,28
2015,Michigan,4,31,0
2015,BYU,4,0,31
2015,Georgia,4,48,6
2015,Southern,4,6,48
2015,Michigan State,4,30,10
2015,Central Michigan,4,10,30
2015,Rutgers,4,27,14
2015,Kansas,4,14,27
2015,Duke,4,34,20
2015,Georgia Tech,4,20,34
2015,Nebraska,4,36,28
2015,Southern Miss,4,28,36
2015,UConn,4,18,28
2015,Navy,4,28,18
2015,Syracuse,4,24,34
2015,LSU,4,34,24
2015,North Carolina,4,41,14
2015,Delaware,4,14,41
2015,Wake Forest,4,24,31
2015,Indiana,4,31,24
2015,Boston College,4,17,14
2015,Northern Illinois,4,14,17
2015,Colorado,4,48,0
2015,Nicholls,4,0,48
2015,Louisiana Tech,4,27,17
2015,Florida International,4,17,27
2015,Baylor,4,70,17
2015,Rice,4,17,70
2015,Wyoming,4,28,38
2015,New Mexico,4,38,28
2015,West Virginia,4,45,6
2015,Maryland,4,6,45
2015,Iowa,4,62,16
2015,North Texas,4,16,62
2015,East Carolina,4,35,28
2015,Virginia Tech,4,28,35
2015,Ohio State,4,38,12
2015,Western Michigan,4,12,38
2015,Western Kentucky,4,56,14
2015,Miami (OH),4,14,56
2015,Texas,4,27,30
2015,Oklahoma State,4,30,27
2015,Penn State,4,37,21
2015,San Diego State,4,21,37
2015,Florida,4,28,27
2015,Tennessee,4,27,28
2015,Notre Dame,4,62,27
2015,Massachusetts,4,27,62
2015,Minnesota,4,27,24
2015,Ohio,4,24,27
2015,Old Dominion,4,0,49
2015,App State,4,49,0
2015,Buffalo,4,21,24
2015,Nevada,4,24,21
2015,Kent State,4,29,36
2015,Marshall,4,36,29
2015,Illinois,4,27,25
2015,Middle Tennessee,4,25,27
2015,Alabama,4,34,0
2015,UL Monroe,4,0,34
2015,Texas Tech,4,52,55
2015,TCU,4,55,52
2015,Washington,4,24,30
2015,California,4,30,24
2015,Eastern Michigan,4,36,58
2015,Army,4,58,36
2015,Louisville,4,45,3
2015,Samford,4,3,45
2015,Arkansas,4,21,28
2015,Texas A&M,4,28,21
2015,Charlotte,4,7,17
2015,Florida Atlantic,4,17,7
2015,SMU,4,45,48
2015,James Madison,4,48,45
2015,UTSA,4,31,33
2015,Colorado State,4,33,31
2015,Ole Miss,4,27,16
2015,Vanderbilt,4,16,27
2015,Louisiana,4,14,35
2015,Akron,4,35,14
2015,Toledo,4,37,7
2015,Arkansas State,4,7,37
2015,Kentucky,4,21,13
2015,Missouri,4,13,21
2015,Auburn,4,9,17
2015,Mississippi State,4,17,9
2015,Houston,4,59,14
2015,Texas State,4,14,59
2015,Wisconsin,4,28,0
2015,Hawai'i,4,0,28
2015,South Alabama,4,13,63
2015,NC State,4,63,13
2015,UTEP,4,27,17
2015,Incarnate Word,4,17,27
2015,Arizona,4,30,56
2015,UCLA,4,56,30
2015,Northwestern,4,24,19
2015,Ball State,4,19,24
2015,Oregon,4,20,62
2015,Utah,4,62,20
2015,UNLV,4,80,8
2015,Idaho State,4,8,80
2015,Idaho,4,20,44
2015,Georgia Southern,4,44,20
2015,San José State,4,49,23
2015,Fresno State,4,23,49
2015,Arizona State,4,14,42
2015,USC,4,42,14
2015,Cincinnati,5,34,23
2015,Miami,5,23,34
2015,Charlotte,5,3,37
2015,Temple,5,37,3
2015,South Florida,5,17,24
2015,Memphis,5,24,17
2015,BYU,5,30,13
2015,UConn,5,13,30
2015,TCU,5,50,7
2015,Texas,5,7,50
2015,Tulane,5,45,31
2015,UCF,5,31,45
2015,Maryland,5,0,28
2015,Michigan,5,28,0
2015,Virginia Tech,5,13,17
2015,Pittsburgh,5,17,13
2015,Oklahoma,5,44,24
2015,West Virginia,5,24,44
2015,Tulsa,5,24,38
2015,Houston,5,38,24
2015,Penn State,5,20,14
2015,Army,5,14,20
2015,Northwestern,5,27,0
2015,Minnesota,5,0,27
2015,Wisconsin,5,6,10
2015,Iowa,5,10,6
2015,Iowa State,5,38,13
2015,Kansas,5,13,38
2015,Missouri,5,24,10
2015,South Carolina,5,10,24
2015,Michigan State,5,24,21
2015,Purdue,5,21,24
2015,NC State,5,13,20
2015,Louisville,5,20,13
2015,Akron,5,12,14
2015,Ohio,5,14,12
2015,Central Michigan,5,29,19
2015,Northern Illinois,5,19,29
2015,Massachusetts,5,24,14
2015,Florida International,5,14,24
2015,Ball State,5,10,24
2015,Toledo,5,24,10
2015,Georgia State,5,33,41
2015,Liberty,5,41,33
2015,Duke,5,9,7
2015,Boston College,5,7,9
2015,Kent State,5,20,14
2015,Miami (OH),5,14,20
2015,Baylor,5,63,35
2015,Texas Tech,5,35,63
2015,Navy,5,33,11
2015,Air Force,5,11,33
2015,Rice,5,10,49
2015,Western Kentucky,5,49,10
2015,Georgia Tech,5,31,38
2015,North Carolina,5,38,31
2015,Buffalo,5,22,28
2015,Bowling Green,5,28,22
2015,Indiana,5,27,34
2015,Ohio State,5,34,27
2015,Wake Forest,5,16,24
2015,Florida State,5,24,16
2015,Marshall,5,27,7
2015,Old Dominion,5,7,27
2015,Georgia,5,10,38
2015,Alabama,5,38,10
2015,App State,5,31,13
2015,Wyoming,5,13,31
2015,Oklahoma State,5,36,34
2015,Kansas State,5,34,36
2015,Auburn,5,35,21
2015,San José State,5,21,35
2015,SMU,5,23,49
2015,East Carolina,5,49,23
2015,California,5,34,28
2015,Washington State,5,28,34
2015,Illinois,5,14,13
2015,Nebraska,5,13,14
2015,Florida,5,38,10
2015,Ole Miss,5,10,38
2015,Southern Miss,5,49,14
2015,North Texas,5,14,49
2015,UL Monroe,5,31,51
2015,Georgia Southern,5,51,31
2015,Utah State,5,33,18
2015,Colorado State,5,18,33
2015,Middle Tennessee,5,13,17
2015,Vanderbilt,5,17,13
2015,LSU,5,44,22
2015,Eastern Michigan,5,22,44
2015,Louisiana Tech,5,43,14
2015,Louisiana,5,14,43
2015,Arkansas State,5,49,35
2015,Idaho,5,35,49
2015,Nevada,5,17,23
2015,UNLV,5,23,17
2015,Troy,5,18,24
2015,South Alabama,5,24,18
2015,Tennessee,5,20,24
2015,Arkansas,5,24,20
2015,Texas A&M,5,30,17
2015,Mississippi State,5,17,30
2015,Kentucky,5,34,27
2015,Eastern Kentucky,5,27,34
2015,UCLA,5,23,38
2015,Arizona State,5,38,23
2015,Clemson,5,24,22
2015,Notre Dame,5,22,24
2015,New Mexico,5,38,29
2015,New Mexico State,5,29,38
2015,UTEP,5,6,25
2015,UTSA,5,25,6
2015,Boise State,5,55,0
2015,Hawai'i,5,0,55
2015,Stanford,5,55,17
2015,Arizona,5,17,55
2015,San Diego State,5,21,7
2015,Fresno State,5,7,21
2015,Colorado,5,24,41
2015,Oregon,5,41,24
2015,Houston,6,49,28
2015,SMU,6,28,49
2015,USC,6,12,17
2015,Washington,6,17,12
2015,Marshall,6,31,10
2015,Southern Miss,6,10,31
2015,Virginia Tech,6,28,13
2015,NC State,6,13,28
2015,Florida International,6,52,12
2015,UTEP,6,12,52
2015,Texas,6,24,17
2015,Oklahoma,6,17,24
2015,Western Kentucky,6,58,28
2015,Middle Tennessee,6,28,58
2015,Kansas,6,7,66
2015,Baylor,6,66,7
2015,Ole Miss,6,52,3
2015,New Mexico State,6,3,52
2015,Iowa,6,29,20
2015,Illinois,6,20,29
2015,Army,6,3,44
2015,Duke,6,44,3
2015,Western Michigan,6,41,39
2015,Central Michigan,6,39,41
2015,Penn State,6,29,7
2015,Indiana,6,7,29
2015,Temple,6,49,10
2015,Tulane,6,10,49
2015,Ohio State,6,49,28
2015,Maryland,6,28,49
2015,Pittsburgh,6,26,19
2015,Virginia,6,19,26
2015,Bowling Green,6,62,38
2015,Massachusetts,6,38,62
2015,Ohio,6,34,3
2015,Miami (OH),6,3,34
2015,Florida Atlantic,6,26,27
2015,Rice,6,27,26
2015,Toledo,6,38,7
2015,Kent State,6,7,38
2015,Eastern Michigan,6,21,47
2015,Akron,6,47,21
2015,Boston College,6,0,3
2015,Wake Forest,6,3,0
2015,Texas Tech,6,66,31
2015,Iowa State,6,31,66
2015,South Florida,6,45,24
2015,Syracuse,6,24,45
2015,Tennessee,6,38,31
2015,Georgia,6,31,38
2015,Northern Illinois,6,59,41
2015,Ball State,6,41,59
2015,Michigan,6,38,0
2015,Northwestern,6,0,38
2015,Clemson,6,43,24
2015,Georgia Tech,6,24,43
2015,Purdue,6,13,41
2015,Minnesota,6,41,13
2015,Notre Dame,6,41,24
2015,Navy,6,24,41
2015,Nebraska,6,21,23
2015,Wisconsin,6,23,21
2015,Georgia State,6,3,37
2015,App State,6,37,3
2015,LSU,6,45,24
2015,South Carolina,6,24,45
2015,UCF,6,13,40
2015,UConn,6,40,13
2015,Arizona,6,44,7
2015,Oregon State,6,7,44
2015,Mississippi State,6,45,17
2015,Troy,6,17,45
2015,North Texas,6,7,66
2015,Portland State,6,66,7
2015,Tulsa,6,34,24
2015,UL Monroe,6,24,34
2015,Oregon,6,38,45
2015,Washington State,6,45,38
2015,UTSA,6,31,34
2015,Louisiana Tech,6,34,31
2015,Nevada,6,35,17
2015,New Mexico,6,17,35
2015,Alabama,6,27,14
2015,Arkansas,6,14,27
2015,West Virginia,6,26,33
2015,Oklahoma State,6,33,26
2015,Colorado State,6,10,41
2015,Boise State,6,41,10
2015,Louisiana,6,49,27
2015,Texas State,6,27,49
2015,Kansas State,6,45,52
2015,TCU,6,52,45
2015,BYU,6,45,38
2015,East Carolina,6,38,45
2015,Missouri,6,3,21
2015,Florida,6,21,3
2015,Florida State,6,29,24
2015,Miami,6,24,29
2015,Rutgers,6,24,31
2015,Michigan State,6,31,24
2015,UNLV,6,27,33
2015,San José State,6,33,27
2015,Arizona State,6,48,23
2015,Colorado,6,23,48
2015,Utah,6,30,24
2015,California,6,24,30
2015,Air Force,6,31,17
2015,Wyoming,6,17,31
2015,Fresno State,6,14,56
2015,Utah State,6,56,14
2015,Hawai'i,6,14,28
2015,San Diego State,6,28,14
2015,South Alabama,7,31,49
2015,Arkansas State,7,49,31
2015,Kentucky,7,27,30
2015,Auburn,7,30,27
2015,North Texas,7,28,55
2015,Western Kentucky,7,55,28
2015,Stanford,7,56,35
2015,UCLA,7,35,56
2015,BYU,7,38,24
2015,Cincinnati,7,24,38
2015,Utah State,7,52,26
2015,Boise State,7,26,52
2015,Tulane,7,7,42
2015,Houston,7,42,7
2015,Fresno State,7,31,28
2015,UNLV,7,28,31
2015,Memphis,7,37,24
2015,Ole Miss,7,24,37
2015,UConn,7,20,28
2015,South Florida,7,28,20
2015,Florida State,7,41,21
2015,Louisville,7,21,41
2015,Wisconsin,7,24,7
2015,Purdue,7,7,24
2015,Mississippi State,7,45,20
2015,Louisiana Tech,7,20,45
2015,Army,7,21,14
2015,Bucknell,7,14,21
2015,Florida Atlantic,7,17,33
2015,Marshall,7,33,17
2015,Kansas,7,20,30
2015,Texas Tech,7,30,20
2015,East Carolina,7,30,17
2015,Tulsa,7,17,30
2015,Toledo,7,63,20
2015,Eastern Michigan,7,20,63
2015,Middle Tennessee,7,42,34
2015,Florida International,7,34,42
2015,Baylor,7,62,38
2015,West Virginia,7,38,62
2015,Northwestern,7,10,40
2015,Iowa,7,40,10
2015,Ohio,7,14,49
2015,Western Michigan,7,49,14
2015,Georgia Tech,7,28,31
2015,Pittsburgh,7,31,28
2015,Central Michigan,7,51,14
2015,Buffalo,7,14,51
2015,Miami (OH),7,12,45
2015,Northern Illinois,7,45,12
2015,Bowling Green,7,59,10
2015,Akron,7,10,59
2015,Ball State,7,19,31
2015,Georgia State,7,31,19
2015,Troy,7,16,19
2015,Idaho,7,19,16
2015,Kansas State,7,0,55
2015,Oklahoma,7,55,0
2015,Old Dominion,7,37,34
2015,Charlotte,7,34,37
2015,Colorado State,7,38,23
2015,Air Force,7,23,38
2015,Texas A&M,7,23,41
2015,Alabama,7,41,23
2015,Massachusetts,7,10,15
2015,Kent State,7,15,10
2015,Miami,7,30,20
2015,Virginia Tech,7,20,30
2015,Indiana,7,52,55
2015,Rutgers,7,55,52
2015,Virginia,7,44,38
2015,Syracuse,7,38,44
2015,Minnesota,7,25,48
2015,Nebraska,7,48,25
2015,Michigan,7,23,27
2015,Michigan State,7,27,23
2015,Washington State,7,52,31
2015,Oregon State,7,31,52
2015,Wyoming,7,28,21
2015,Nevada,7,21,28
2015,South Carolina,7,19,10
2015,Vanderbilt,7,10,19
2015,Georgia Southern,7,56,26
2015,New Mexico State,7,26,56
2015,UL Monroe,7,14,59
2015,App State,7,59,14
2015,Clemson,7,34,17
2015,Boston College,7,17,34
2015,North Carolina,7,50,14
2015,Wake Forest,7,14,50
2015,Iowa State,7,21,45
2015,TCU,7,45,21
2015,Southern Miss,7,32,10
2015,UTSA,7,10,32
2015,New Mexico,7,28,27
2015,Hawai'i,7,27,28
2015,LSU,7,35,28
2015,Florida,7,28,35
2015,Notre Dame,7,41,31
2015,USC,7,31,41
2015,Georgia,7,9,6
2015,Missouri,7,6,9
2015,Temple,7,30,16
2015,UCF,7,16,30
2015,Ohio State,7,38,10
2015,Penn State,7,10,38
2015,Colorado,7,31,38
2015,Arizona,7,38,31
2015,Utah,7,34,18
2015,Arizona State,7,18,34
2015,Washington,7,20,26
2015,Oregon,7,26,20
2015,San José State,7,7,30
2015,San Diego State,7,30,7
2015,Arkansas State,8,37,27
2015,Louisiana,8,27,37
2015,East Carolina,8,14,24
2015,Temple,8,24,14
2015,App State,8,31,13
2015,Georgia Southern,8,13,31
2015,UCLA,8,40,24
2015,California,8,24,40
2015,Tulsa,8,42,66
2015,Memphis,8,66,42
2015,San Diego State,8,48,14
2015,Utah State,8,14,48
2015,Syracuse,8,20,23
2015,Pittsburgh,8,23,20
2015,Wake Forest,8,17,35
2015,NC State,8,35,17
2015,Arkansas,8,54,46
2015,Auburn,8,46,54
2015,Rice,8,38,31
2015,Army,8,31,38
2015,Nebraska,8,28,30
2015,Northwestern,8,30,28
2015,Texas,8,23,9
2015,Kansas State,8,9,23
2015,Baylor,8,45,27
2015,Iowa State,8,27,45
2015,Charlotte,8,10,44
2015,Southern Miss,8,44,10
2015,Miami,8,0,58
2015,Clemson,8,58,0
2015,UCF,8,10,59
2015,Houston,8,59,10
2015,Louisville,8,17,14
2015,Boston College,8,14,17
2015,Navy,8,31,14
2015,Tulane,8,14,31
2015,Kent State,8,0,48
2015,Bowling Green,8,48,0
2015,Air Force,8,42,14
2015,Fresno State,8,14,42
2015,Western Michigan,8,35,13
2015,Miami (OH),8,13,35
2015,Ball State,8,21,23
2015,Central Michigan,8,23,21
2015,Massachusetts,8,35,51
2015,Toledo,8,51,35
2015,BYU,8,70,6
2015,Wagner,8,6,70
2015,Louisiana Tech,8,45,16
2015,Middle Tennessee,8,16,45
2015,Illinois,8,13,24
2015,Wisconsin,8,24,13
2015,Michigan State,8,52,26
2015,Indiana,8,26,52
2015,Oklahoma State,8,58,10
2015,Kansas,8,10,58
2015,Northern Illinois,8,49,21
2015,Eastern Michigan,8,21,49
2015,Alabama,8,19,14
2015,Tennessee,8,14,19
2015,North Carolina,8,26,13
2015,Virginia,8,13,26
2015,Buffalo,8,41,17
2015,Ohio,8,17,41
2015,Marshall,8,30,13
2015,North Texas,8,13,30
2015,Virginia Tech,8,43,45
2015,Duke,8,45,43
2015,Maryland,8,30,31
2015,Penn State,8,31,30
2015,Oklahoma,8,63,27
2015,Texas Tech,8,27,63
2015,South Florida,8,38,14
2015,SMU,8,14,38
2015,Arizona,8,42,45
2015,Washington State,8,45,42
2015,Vanderbilt,8,10,3
2015,Missouri,8,3,10
2015,Nevada,8,30,20
2015,Hawai'i,8,20,30
2015,Cincinnati,8,37,13
2015,UConn,8,13,37
2015,Idaho,8,27,13
2015,UL Monroe,8,13,27
2015,Florida International,8,41,12
2015,Old Dominion,8,12,41
2015,Ole Miss,8,23,3
2015,Texas A&M,8,3,23
2015,LSU,8,48,20
2015,Western Kentucky,8,20,48
2015,Georgia Tech,8,22,16
2015,Florida State,8,16,22
2015,Texas State,8,36,18
2015,South Alabama,8,18,36
2015,UTEP,8,27,17
2015,Florida Atlantic,8,17,27
2015,San José State,8,31,21
2015,New Mexico,8,21,31
2015,USC,8,42,24
2015,Utah,8,24,42
2015,Mississippi State,8,42,16
2015,Kentucky,8,16,42
2015,New Mexico State,8,7,52
2015,Troy,8,52,7
2015,Rutgers,8,7,49
2015,Ohio State,8,49,7
2015,Boise State,8,34,14
2015,Wyoming,8,14,34
2015,Oregon State,8,13,17
2015,Colorado,8,17,13
2015,Stanford,8,31,14
2015,Washington,8,14,31
2015,Pittsburgh,9,19,26
2015,North Carolina,9,26,19
2015,Miami (OH),9,24,29
2015,Buffalo,9,29,24
2015,TCU,9,40,10
2015,West Virginia,9,10,40
2015,Eastern Michigan,9,28,58
2015,Western Michigan,9,58,28
2015,Georgia Southern,9,37,13
2015,Texas State,9,13,37
2015,Arizona State,9,55,61
2015,Oregon,9,61,55
2015,UConn,9,31,13
2015,East Carolina,9,13,31
2015,Wake Forest,9,19,20
2015,Louisville,9,20,19
2015,Rice,9,17,42
2015,Louisiana Tech,9,42,17
2015,Utah State,9,58,27
2015,Wyoming,9,27,58
2015,Auburn,9,19,27
2015,Ole Miss,9,27,19
2015,Penn State,9,39,0
2015,Illinois,9,0,39
2015,Old Dominion,9,30,55
2015,Western Kentucky,9,55,30
2015,Cincinnati,9,52,7
2015,UCF,9,7,52
2015,Purdue,9,55,45
2015,Nebraska,9,45,55
2015,Texas A&M,9,35,28
2015,South Carolina,9,28,35
2015,Navy,9,29,17
2015,South Florida,9,17,29
2015,Wisconsin,9,48,10
2015,Rutgers,9,10,48
2015,Florida State,9,45,21
2015,Syracuse,9,21,45
2015,Boston College,9,10,26
2015,Virginia Tech,9,26,10
2015,Ball State,9,20,10
2015,Massachusetts,9,10,20
2015,Akron,9,6,14
2015,Central Michigan,9,14,6
2015,Southern Miss,9,34,13
2015,UTEP,9,13,34
2015,UCLA,9,35,31
2015,Colorado,9,31,35
2015,California,9,21,27
2015,USC,9,27,21
2015,Virginia,9,27,21
2015,Georgia Tech,9,21,27
2015,Florida,9,27,3
2015,Georgia,9,3,27
2015,Florida Atlantic,9,31,17
2015,Florida International,9,17,31
2015,Iowa,9,31,15
2015,Maryland,9,15,31
2015,UNLV,9,27,55
2015,Boise State,9,55,27
2015,Charlotte,9,10,34
2015,Marshall,9,34,10
2015,App State,9,44,41
2015,Troy,9,41,44
2015,NC State,9,41,56
2015,Clemson,9,56,41
2015,Colorado State,9,17,41
2015,San Diego State,9,41,17
2015,Texas Tech,9,53,70
2015,Oklahoma State,9,70,53
2015,Kansas,9,7,62
2015,Oklahoma,9,62,7
2015,Arkansas,9,63,28
2015,UT Martin,9,28,63
2015,SMU,9,31,40
2015,Tulsa,9,40,31
2015,Louisiana,9,30,24
2015,UL Monroe,9,24,30
2015,Iowa State,9,24,0
2015,Texas,9,0,24
2015,Utah,9,27,12
2015,Oregon State,9,12,27
2015,Houston,9,34,0
2015,Vanderbilt,9,0,34
2015,Minnesota,9,26,29
2015,Michigan,9,29,26
2015,Memphis,9,41,13
2015,Tulane,9,13,41
2015,Duke,9,27,30
2015,Miami,9,30,27
2015,North Texas,9,30,23
2015,UTSA,9,23,30
2015,Arkansas State,9,48,34
2015,Georgia State,9,34,48
2015,Kentucky,9,21,52
2015,Tennessee,9,52,21
2015,New Mexico State,9,55,48
2015,Idaho,9,48,55
2015,Temple,9,20,24
2015,Notre Dame,9,24,20
2015,Hawai'i,9,7,58
2015,Air Force,9,58,7
2015,Washington State,9,28,30
2015,Stanford,9,30,28
2015,Washington,9,49,3
2015,Arizona,9,3,49
2015,Toledo,10,27,32
2015,Northern Illinois,10,32,27
2015,Bowling Green,10,62,24
2015,Ohio,10,24,62
2015,Kent State,10,17,18
2015,Buffalo,10,18,17
2015,Kansas State,10,24,31
2015,Baylor,10,31,24
2015,Western Michigan,10,54,7
2015,Ball State,10,7,54
2015,App State,10,27,40
2015,Arkansas State,10,40,27
2015,Missouri,10,13,31
2015,Mississippi State,10,31,13
2015,Fresno State,10,16,30
2015,Nevada,10,30,16
2015,UTEP,10,24,21
2015,Rice,10,21,24
2015,SMU,10,40,60
2015,Temple,10,60,40
2015,San José State,10,16,17
2015,BYU,10,17,16
2015,Northwestern,10,23,21
2015,Penn State,10,21,23
2015,Florida International,10,48,31
2015,Charlotte,10,31,48
2015,Florida,10,9,7
2015,Vanderbilt,10,7,9
2015,Purdue,10,14,48
2015,Illinois,10,48,14
2015,North Carolina,10,66,31
2015,Duke,10,31,66
2015,Massachusetts,10,13,17
2015,Akron,10,17,13
2015,Pittsburgh,10,30,42
2015,Notre Dame,10,42,30
2015,West Virginia,10,31,26
2015,Texas Tech,10,26,31
2015,Georgia,10,27,3
2015,Kentucky,10,3,27
2015,Tulsa,10,45,30
2015,UCF,10,30,45
2015,Western Kentucky,10,35,19
2015,Florida Atlantic,10,19,35
2015,Louisville,10,41,17
2015,Syracuse,10,17,41
2015,Boston College,10,8,24
2015,NC State,10,24,8
2015,Colorado,10,10,42
2015,Stanford,10,42,10
2015,Georgia State,10,21,23
2015,Louisiana,10,23,21
2015,Miami (OH),10,28,13
2015,Eastern Michigan,10,13,28
2015,South Alabama,10,52,45
2015,Idaho,10,45,52
2015,Wyoming,10,7,26
2015,Colorado State,10,26,7
2015,Miami,10,27,21
2015,Virginia,10,21,27
2015,Troy,10,51,14
2015,UL Monroe,10,14,51
2015,New Mexico,10,14,13
2015,Utah State,10,13,14
2015,Ole Miss,10,52,53
2015,Arkansas,10,53,52
2015,Maryland,10,24,31
2015,Wisconsin,10,31,24
2015,Louisiana Tech,10,56,13
2015,North Texas,10,13,56
2015,Washington State,10,38,24
2015,Arizona State,10,24,38
2015,Clemson,10,23,13
2015,Florida State,10,13,23
2015,Indiana,10,27,35
2015,Iowa,10,35,27
2015,Middle Tennessee,10,27,24
2015,Marshall,10,24,27
2015,Michigan,10,49,16
2015,Rutgers,10,16,49
2015,Oklahoma State,10,49,29
2015,TCU,10,29,49
2015,Air Force,10,20,3
2015,Army,10,3,20
2015,Houston,10,33,30
2015,Cincinnati,10,30,33
2015,Texas State,10,21,31
2015,New Mexico State,10,31,21
2015,Tulane,10,3,7
2015,UConn,10,7,3
2015,Tennessee,10,27,24
2015,South Carolina,10,24,27
2015,Oregon State,10,0,41
2015,UCLA,10,41,0
2015,UNLV,10,41,21
2015,Hawai'i,10,21,41
2015,Oklahoma,10,52,16
2015,Iowa State,10,16,52
2015,Nebraska,10,39,38
2015,Michigan State,10,38,39
2015,Memphis,10,20,45
2015,Navy,10,45,20
2015,UTSA,10,31,36
2015,Old Dominion,10,36,31
2015,East Carolina,10,17,22
2015,South Florida,10,22,17
2015,Texas A&M,10,10,26
2015,Auburn,10,26,10
2015,Washington,10,23,34
2015,Utah,10,34,23
2015,Alabama,10,30,16
2015,LSU,10,16,30
2015,Ohio State,10,28,14
2015,Minnesota,10,14,28
2015,Texas,10,59,20
2015,Kansas,10,20,59
2015,Oregon,10,44,28
2015,California,10,28,44
2015,USC,10,38,30
2015,Arizona,10,30,38
2015,Central Michigan,11,23,28
2015,Toledo,11,28,23
2015,Ohio,11,27,0
2015,Kent State,11,0,27
2015,Western Michigan,11,27,41
2015,Bowling Green,11,41,27
2015,Buffalo,11,30,41
2015,Northern Illinois,11,41,30
2015,South Alabama,11,32,25
2015,Louisiana,11,25,32
2015,Georgia Tech,11,21,23
2015,Virginia Tech,11,23,21
2015,Colorado,11,24,27
2015,USC,11,27,24
2015,Michigan State,11,24,7
2015,Maryland,11,7,24
2015,West Virginia,11,38,20
2015,Texas,11,20,38
2015,Tennessee,11,24,0
2015,North Texas,11,0,24
2015,TCU,11,23,17
2015,Kansas,11,17,23
2015,South Carolina,11,14,24
2015,Florida,11,24,14
2015,Illinois,11,3,28
2015,Ohio State,11,28,3
2015,Florida Atlantic,11,17,24
2015,Middle Tennessee,11,24,17
2015,Duke,11,13,31
2015,Pittsburgh,11,31,13
2015,Army,11,31,34
2015,Tulane,11,34,31
2015,Northwestern,11,21,14
2015,Purdue,11,14,21
2015,Auburn,11,13,20
2015,Georgia,11,20,13
2015,Miami (OH),11,28,37
2015,Akron,11,37,28
2015,Old Dominion,11,31,21
2015,UTEP,11,21,31
2015,Florida State,11,34,17
2015,NC State,11,17,34
2015,Louisville,11,38,31
2015,Virginia,11,31,38
2015,Air Force,11,35,28
2015,Utah State,11,28,35
2015,Charlotte,11,27,30
2015,UTSA,11,30,27
2015,UL Monroe,11,21,59
2015,Arkansas State,11,59,21
2015,Arizona State,11,27,17
2015,Washington,11,17,27
2015,Eastern Michigan,11,17,28
2015,Massachusetts,11,28,17
2015,Mississippi State,11,6,31
2015,Alabama,11,31,6
2015,Troy,11,10,45
2015,Georgia Southern,11,45,10
2015,Texas Tech,11,59,44
2015,Kansas State,11,44,59
2015,Navy,11,55,14
2015,SMU,11,14,55
2015,Iowa State,11,31,35
2015,Oklahoma State,11,35,31
2015,Notre Dame,11,28,7
2015,Wake Forest,11,7,28
2015,North Carolina,11,59,21
2015,Miami,11,21,59
2015,Indiana,11,41,48
2015,Michigan,11,48,41
2015,Rice,11,10,65
2015,Southern Miss,11,65,10
2015,Marshall,11,52,0
2015,Florida International,11,0,52
2015,Rutgers,11,14,31
2015,Nebraska,11,31,14
2015,Syracuse,11,27,37
2015,Clemson,11,37,27
2015,Texas State,11,19,41
2015,Georgia State,11,41,19
2015,Nevada,11,37,34
2015,San José State,11,34,37
2015,Vanderbilt,11,21,17
2015,Kentucky,11,17,21
2015,Idaho,11,20,47
2015,App State,11,47,20
2015,Houston,11,35,34
2015,Memphis,11,34,35
2015,Colorado State,11,49,35
2015,UNLV,11,35,49
2015,South Florida,11,44,23
2015,Temple,11,23,44
2015,Texas A&M,11,41,17
2015,Western Carolina,11,17,41
2015,LSU,11,14,31
2015,Arkansas,11,31,14
2015,Missouri,11,20,16
2015,BYU,11,16,20
2015,Cincinnati,11,49,38
2015,Tulsa,11,38,49
2015,Stanford,11,36,38
2015,Oregon,11,38,36
2015,Baylor,11,34,44
2015,Oklahoma,11,44,34
2015,Iowa,11,40,35
2015,Minnesota,11,35,40
2015,Arizona,11,37,30
2015,Utah,11,30,37
2015,Boise State,11,24,31
2015,New Mexico,11,31,24
2015,San Diego State,11,38,3
2015,Wyoming,11,3,38
2015,California,11,54,24
2015,Oregon State,11,24,54
2015,UCLA,11,27,31
2015,Washington State,11,31,27
2015,Hawai'i,11,14,42
2015,Fresno State,11,42,14
2015,Bowling Green,12,28,44
2015,Toledo,12,44,28
2015,Ohio,12,48,31
2015,Ball State,12,31,48
2015,Northern Illinois,12,27,19
2015,Western Michigan,12,19,27
2015,Kent State,12,14,27
2015,Central Michigan,12,27,14
2015,UCF,12,7,44
2015,East Carolina,12,44,7
2015,Texas State,12,16,3
2015,UL Monroe,12,3,16
2015,South Florida,12,65,27
2015,Cincinnati,12,27,65
2015,Boise State,12,30,37
2015,Air Force,12,37,30
2015,Middle Tennessee,12,41,7
2015,North Texas,12,7,41
2015,Army,12,21,31
2015,Rutgers,12,31,21
2015,Virginia Tech,12,27,30
2015,North Carolina,12,30,27
2015,Penn State,12,16,28
2015,Michigan,12,28,16
2015,Iowa,12,40,20
2015,Purdue,12,20,40
2015,South Carolina,12,22,23
2015,The Citadel,12,23,22
2015,Maryland,12,28,47
2015,Indiana,12,47,28
2015,Kansas,12,0,49
2015,West Virginia,12,49,0
2015,Minnesota,12,32,23
2015,Illinois,12,23,32
2015,Temple,12,31,12
2015,Memphis,12,12,31
2015,Florida,12,20,14
2015,Florida Atlantic,12,14,20
2015,Kansas State,12,38,35
2015,Iowa State,12,35,38
2015,Miami,12,38,21
2015,Georgia Tech,12,21,38
2015,NC State,12,42,29
2015,Syracuse,12,29,42
2015,Massachusetts,12,13,20
2015,Miami (OH),12,20,13
2015,Georgia State,12,24,10
2015,South Alabama,12,10,24
2015,Florida International,12,7,63
2015,Western Kentucky,12,63,7
2015,BYU,12,52,10
2015,Fresno State,12,10,52
2015,Florida State,12,52,13
2015,Chattanooga,12,13,52
2015,Ohio State,12,14,17
2015,Michigan State,12,17,14
2015,Oregon,12,48,28
2015,USC,12,28,48
2015,Clemson,12,33,13
2015,Wake Forest,12,13,33
2015,Akron,12,42,21
2015,Buffalo,12,21,42
2015,UTEP,12,15,17
2015,Louisiana Tech,12,17,15
2015,UConn,12,20,17
2015,Houston,12,17,20
2015,Ole Miss,12,38,17
2015,LSU,12,17,38
2015,Arizona State,12,52,37
2015,Arizona,12,37,52
2015,Wisconsin,12,7,13
2015,Northwestern,12,13,7
2015,Southern Miss,12,56,31
2015,Old Dominion,12,31,56
2015,Virginia,12,42,34
2015,Duke,12,34,42
2015,Utah,12,9,17
2015,UCLA,12,17,9
2015,Utah State,12,31,27
2015,Nevada,12,27,31
2015,Pittsburgh,12,45,34
2015,Louisville,12,34,45
2015,Alabama,12,56,6
2015,Charleston Southern,12,6,56
2015,Auburn,12,56,34
2015,Idaho,12,34,56
2015,Louisiana,12,34,37
2015,New Mexico State,12,37,34
2015,New Mexico,12,21,28
2015,Colorado State,12,28,21
2015,Oregon State,12,7,52
2015,Washington,12,52,7
2015,Georgia,12,23,17
2015,Georgia Southern,12,17,23
2015,UTSA,12,34,24
2015,Rice,12,24,34
2015,Arkansas,12,50,51
2015,Mississippi State,12,51,50
2015,Tulsa,12,21,44
2015,Navy,12,44,21
2015,Missouri,12,8,19
2015,Tennessee,12,19,8
2015,Notre Dame,12,19,16
2015,Boston College,12,16,19
2015,Kentucky,12,58,10
2015,Charlotte,12,10,58
2015,Vanderbilt,12,0,25
2015,Texas A&M,12,25,0
2015,Oklahoma State,12,35,45
2015,Baylor,12,45,35
2015,SMU,12,49,21
2015,Tulane,12,21,49
2015,Oklahoma,12,30,29
2015,TCU,12,29,30
2015,Stanford,12,35,22
2015,California,12,22,35
2015,UNLV,12,14,52
2015,San Diego State,12,52,14
2015,Washington State,12,27,3
2015,Colorado,12,3,27
2015,Hawai'i,12,23,42
2015,San José State,12,42,23
2015,Ball State,13,10,48
2015,Bowling Green,13,48,10
2015,Northern Illinois,13,21,26
2015,Ohio,13,26,21
2015,Texas,13,45,48
2015,Texas Tech,13,48,45
2015,UCF,13,3,44
2015,South Florida,13,44,3
2015,Toledo,13,30,35
2015,Western Michigan,13,35,30
2015,Houston,13,52,31
2015,Navy,13,31,52
2015,Pittsburgh,13,24,29
2015,Miami,13,29,24
2015,Western Kentucky,13,49,28
2015,Marshall,13,28,49
2015,Akron,13,20,0
2015,Kent State,13,0,20
2015,Central Michigan,13,35,28
2015,Eastern Michigan,13,28,35
2015,Georgia State,13,31,21
2015,Troy,13,21,31
2015,Arkansas,13,28,3
2015,Missouri,13,3,28
2015,Washington,13,45,10
2015,Washington State,13,10,45
2015,San José State,13,23,40
2015,Boise State,13,40,23
2015,Nebraska,13,20,28
2015,Iowa,13,28,20
2015,Oregon,13,52,42
2015,Oregon State,13,42,52
2015,Buffalo,13,26,31
2015,Massachusetts,13,31,26
2015,TCU,13,28,21
2015,Baylor,13,21,28
2015,Tulane,13,34,45
2015,Tulsa,13,45,34
2015,South Carolina,13,32,37
2015,Clemson,13,37,32
2015,Memphis,13,63,0
2015,SMU,13,0,63
2015,Virginia,13,20,23
2015,Virginia Tech,13,23,20
2015,West Virginia,13,30,6
2015,Iowa State,13,6,30
2015,Old Dominion,13,31,33
2015,Florida Atlantic,13,33,31
2015,East Carolina,13,16,19
2015,Cincinnati,13,19,16
2015,Michigan,13,13,42
2015,Ohio State,13,42,13
2015,Kentucky,13,24,38
2015,Louisville,13,38,24
2015,Purdue,13,36,54
2015,Indiana,13,54,36
2015,Louisiana Tech,13,24,58
2015,Southern Miss,13,58,24
2015,Georgia Tech,13,7,13
2015,Georgia,13,13,7
2015,Rutgers,13,41,46
2015,Maryland,13,46,41
2015,Syracuse,13,20,17
2015,Boston College,13,17,20
2015,Wake Forest,13,21,27
2015,Duke,13,27,21
2015,App State,13,28,7
2015,Louisiana,13,7,28
2015,Georgia Southern,13,55,17
2015,South Alabama,13,17,55
2015,Wyoming,13,35,28
2015,UNLV,13,28,35
2015,UTSA,13,7,42
2015,Middle Tennessee,13,42,7
2015,Utah,13,20,14
2015,Colorado,13,14,20
2015,Minnesota,13,21,31
2015,Wisconsin,13,31,21
2015,USC,13,40,21
2015,UCLA,13,21,40
2015,Rice,13,27,7
2015,Charlotte,13,7,27
2015,North Texas,13,17,20
2015,UTEP,13,20,17
2015,Auburn,13,13,29
2015,Alabama,13,29,13
2015,NC State,13,34,45
2015,North Carolina,13,45,34
2015,Michigan State,13,55,16
2015,Penn State,13,16,55
2015,Illinois,13,14,24
2015,Northwestern,13,24,14
2015,Utah State,13,28,51
2015,BYU,13,51,28
2015,New Mexico State,13,28,52
2015,Arkansas State,13,52,28
2015,Kansas,13,14,45
2015,Kansas State,13,45,14
2015,Tennessee,13,53,28
2015,Vanderbilt,13,28,53
2015,Idaho,13,38,31
2015,Texas State,13,31,38
2015,Temple,13,27,3
2015,UConn,13,3,27
2015,Mississippi State,13,27,38
2015,Ole Miss,13,38,27
2015,LSU,13,19,7
2015,Texas A&M,13,7,19
2015,Florida,13,2,27
2015,Florida State,13,27,2
2015,Stanford,13,38,36
2015,Notre Dame,13,36,38
2015,Oklahoma State,13,23,58
2015,Oklahoma,13,58,23
2015,Fresno State,13,31,34
2015,Colorado State,13,34,31
2015,California,13,48,46
2015,Arizona State,13,46,48
2015,New Mexico,13,47,35
2015,Air Force,13,35,47
2015,San Diego State,13,31,14
2015,Nevada,13,14,31
2015,Hawai'i,13,28,26
2015,UL Monroe,13,26,28
2015,Northern Illinois,14,14,34
2015,Bowling Green,14,34,14
2015,Houston,14,24,13
2015,Temple,14,13,24
2015,Western Kentucky,14,45,28
2015,Southern Miss,14,28,45
2015,Baylor,14,17,23
2015,Texas,14,23,17
2015,Georgia Southern,14,7,34
2015,Georgia State,14,34,7
2015,Arkansas State,14,55,17
2015,Texas State,14,17,55
2015,UL Monroe,14,42,35
2015,New Mexico State,14,35,42
2015,Alabama,14,29,15
2015,Florida,14,15,29
2015,Kansas State,14,24,23
2015,West Virginia,14,23,24
2015,Louisiana,14,17,41
2015,Troy,14,41,17
2015,South Alabama,14,27,34
2015,App State,14,34,27
2015,San Diego State,14,27,24
2015,Air Force,14,24,27
2015,Stanford,14,41,22
2015,USC,14,22,41
2015,Iowa,14,13,16
2015,Michigan State,14,16,13
2015,Clemson,14,45,37
2015,North Carolina,14,37,45
2015,Navy,15,21,17
2015,Army,15,17,21
2016,California,1,51,31
2016,Hawai'i,1,31,51
2016,Wake Forest,1,7,3
2016,Tulane,1,3,7
2016,UConn,1,24,21
2016,Maine,1,21,24
2016,Louisville,1,70,14
2016,Charlotte,1,14,70
2016,Central Michigan,1,49,3
2016,Presbyterian,1,3,49
2016,Cincinnati,1,28,7
2016,UT Martin,1,7,28
2016,Tennessee,1,20,13
2016,App State,1,13,20
2016,Florida International,1,13,34
2016,Indiana,1,34,13
2016,NC State,1,48,14
2016,William & Mary,1,14,48
2016,Vanderbilt,1,10,13
2016,South Carolina,1,13,10
2016,Utah,1,24,0
2016,Southern Utah,1,0,24
2016,Western Kentucky,1,46,14
2016,Rice,1,14,46
2016,Utah State,1,45,6
2016,Weber State,1,6,45
2016,New Mexico,1,48,21
2016,South Dakota,1,21,48
2016,Minnesota,1,30,23
2016,Oregon State,1,23,30
2016,Idaho,1,20,17
2016,Montana State,1,17,20
2016,UNLV,1,63,13
2016,Jackson State,1,13,63
2016,Eastern Michigan,1,61,14
2016,Mississippi Valley State,1,14,61
2016,Georgia State,1,21,31
2016,Ball State,1,31,21
2016,Michigan State,1,28,13
2016,Furman,1,13,28
2016,Syracuse,1,33,7
2016,Colgate,1,7,33
2016,Temple,1,13,28
2016,Army,1,28,13
2016,Buffalo,1,16,22
2016,UAlbany,1,22,16
2016,Baylor,1,55,7
2016,Northwestern State,1,7,55
2016,Colorado,1,44,7
2016,Colorado State,1,7,44
2016,Stanford,1,26,13
2016,Kansas State,1,13,26
2016,Arkansas State,1,10,31
2016,Toledo,1,31,10
2016,Nevada,1,30,27
2016,Cal Poly,1,27,30
2016,Boston College,1,14,17
2016,Georgia Tech,1,17,14
2016,Houston,1,33,23
2016,Oklahoma,1,23,33
2016,Louisiana,1,10,45
2016,Boise State,1,45,10
2016,Ohio State,1,77,10
2016,Bowling Green,1,10,77
2016,Mississippi State,1,20,21
2016,South Alabama,1,21,20
2016,West Virginia,1,26,11
2016,Missouri,1,11,26
2016,Michigan,1,63,3
2016,Hawai'i,1,3,63
2016,Maryland,1,52,13
2016,Howard,1,13,52
2016,Purdue,1,45,24
2016,Eastern Kentucky,1,24,45
2016,Navy,1,52,16
2016,Fordham,1,16,52
2016,Northwestern,1,21,22
2016,Western Michigan,1,22,21
2016,Virginia Tech,1,36,13
2016,Liberty,1,13,36
2016,Pittsburgh,1,28,7
2016,Villanova,1,7,28
2016,Air Force,1,37,21
2016,Abilene Christian,1,21,37
2016,Washington,1,48,13
2016,Rutgers,1,13,48
2016,Ohio,1,54,56
2016,Texas State,1,56,54
2016,Illinois,1,52,3
2016,Murray State,1,3,52
2016,Virginia,1,20,37
2016,Richmond,1,37,20
2016,Texas A&M,1,31,24
2016,UCLA,1,24,31
2016,Oklahoma State,1,61,7
2016,SE Louisiana,1,7,61
2016,Iowa,1,45,21
2016,Miami (OH),1,21,45
2016,Penn State,1,33,13
2016,Kent State,1,13,33
2016,Wisconsin,1,16,14
2016,LSU,1,14,16
2016,Arkansas,1,21,20
2016,Louisiana Tech,1,20,21
2016,Oregon,1,53,28
2016,UC Davis,1,28,53
2016,North Carolina,1,24,33
2016,Georgia,1,33,24
2016,Georgia Southern,1,54,0
2016,Savannah State,1,0,54
2016,Troy,1,57,17
2016,Austin Peay,1,17,57
2016,Miami,1,70,3
2016,Florida A&M,1,3,70
2016,Florida Atlantic,1,38,30
2016,Southern Illinois,1,30,38
2016,Duke,1,49,6
2016,North Carolina Central,1,6,49
2016,East Carolina,1,52,7
2016,Western Carolina,1,7,52
2016,Akron,1,47,24
2016,VMI,1,24,47
2016,UCF,1,38,0
2016,South Carolina State,1,0,38
2016,UTSA,1,26,13
2016,Alabama State,1,13,26
2016,Tulsa,1,45,10
2016,San José State,1,10,45
2016,Memphis,1,35,17
2016,Southeast Missouri State,1,17,35
2016,South Florida,1,56,20
2016,Towson,1,20,56
2016,Kansas,1,55,6
2016,Rhode Island,1,6,55
2016,North Texas,1,21,34
2016,SMU,1,34,21
2016,Middle Tennessee,1,55,0
2016,Alabama A&M,1,0,55
2016,UL Monroe,1,38,21
2016,Southern,1,21,38
2016,Kentucky,1,35,44
2016,Southern Miss,1,44,35
2016,Florida,1,24,7
2016,Massachusetts,1,7,24
2016,TCU,1,59,41
2016,South Dakota State,1,41,59
2016,Washington State,1,42,45
2016,Eastern Washington,1,45,42
2016,Iowa State,1,20,25
2016,Northern Iowa,1,25,20
2016,Nebraska,1,43,10
2016,Fresno State,1,10,43
2016,Alabama,1,52,6
2016,USC,1,6,52
2016,Texas Tech,1,69,17
2016,Stephen F. Austin,1,17,69
2016,UTEP,1,38,22
2016,New Mexico State,1,22,38
2016,San Diego State,1,31,0
2016,New Hampshire,1,0,31
2016,Auburn,1,13,19
2016,Clemson,1,19,13
2016,Wyoming,1,40,34
2016,Northern Illinois,1,34,40
2016,Arizona,1,16,18
2016,BYU,1,18,16
2016,Arizona State,1,44,13
2016,Northern Arizona,1,13,44
2016,Old Dominion,1,54,21
2016,Hampton,1,21,54
2016,Texas,1,50,47
2016,Notre Dame,1,47,50
2016,Florida State,1,45,34
2016,Ole Miss,1,34,45
2016,Florida International,2,14,41
2016,Maryland,2,41,14
2016,Syracuse,2,28,62
2016,Louisville,2,62,28
2016,Army,2,31,14
2016,Rice,2,14,31
2016,Oklahoma State,2,27,30
2016,Central Michigan,2,30,27
2016,Pittsburgh,2,42,39
2016,Penn State,2,39,42
2016,Nebraska,2,52,17
2016,Wyoming,2,17,52
2016,Georgia,2,26,24
2016,Nicholls,2,24,26
2016,Minnesota,2,58,28
2016,Indiana State,2,28,58
2016,Rutgers,2,52,14
2016,Howard,2,14,52
2016,Purdue,2,20,38
2016,Cincinnati,2,38,20
2016,Houston,2,42,0
2016,Lamar,2,0,42
2016,Texas A&M,2,67,0
2016,Prairie View A&M,2,0,67
2016,Michigan,2,51,14
2016,UCF,2,14,51
2016,Massachusetts,2,7,26
2016,Boston College,2,26,7
2016,East Carolina,2,33,30
2016,NC State,2,30,33
2016,Florida State,2,52,8
2016,Charleston Southern,2,8,52
2016,Clemson,2,30,24
2016,Troy,2,24,30
2016,Temple,2,38,0
2016,Stony Brook,2,0,38
2016,West Virginia,2,38,21
2016,Youngstown State,2,21,38
2016,USC,2,45,7
2016,Utah State,2,7,45
2016,Air Force,2,48,14
2016,Georgia State,2,14,48
2016,Kansas,2,21,37
2016,Ohio,2,37,21
2016,Georgia Tech,2,35,10
2016,Mercer,2,10,35
2016,Ohio State,2,48,3
2016,Tulsa,2,3,48
2016,Wisconsin,2,54,10
2016,Akron,2,10,54
2016,App State,2,31,7
2016,Old Dominion,2,7,31
2016,Duke,2,14,24
2016,Wake Forest,2,24,14
2016,Bowling Green,2,27,26
2016,North Dakota,2,26,27
2016,Notre Dame,2,39,10
2016,Nevada,2,10,39
2016,Northwestern,2,7,9
2016,Illinois State,2,9,7
2016,Alabama,2,38,10
2016,Western Kentucky,2,10,38
2016,Navy,2,28,24
2016,UConn,2,24,28
2016,Baylor,2,40,13
2016,SMU,2,13,40
2016,Florida,2,45,7
2016,Kentucky,2,7,45
2016,Indiana,2,30,20
2016,Ball State,2,20,30
2016,Vanderbilt,2,47,24
2016,Middle Tennessee,2,24,47
2016,Colorado State,2,23,14
2016,UTSA,2,14,23
2016,Ole Miss,2,38,13
2016,Wofford,2,13,38
2016,Miami (OH),2,17,21
2016,Eastern Illinois,2,21,17
2016,San José State,2,66,35
2016,Portland State,2,35,66
2016,Washington,2,59,14
2016,Idaho,2,14,59
2016,Colorado,2,56,7
2016,Idaho State,2,7,56
2016,Kent State,2,36,39
2016,North Carolina A&T,2,39,36
2016,Miami,2,38,10
2016,Florida Atlantic,2,10,38
2016,Charlotte,2,47,14
2016,Elon,2,14,47
2016,Marshall,2,62,0
2016,Morgan State,2,0,62
2016,Louisiana,2,30,22
2016,McNeese,2,22,30
2016,North Texas,2,41,20
2016,Bethune-Cookman,2,20,41
2016,Louisiana Tech,2,53,24
2016,South Carolina State,2,24,53
2016,Texas,2,41,7
2016,UTEP,2,7,41
2016,South Alabama,2,9,24
2016,Georgia Southern,2,24,9
2016,Mississippi State,2,27,14
2016,South Carolina,2,14,27
2016,Toledo,2,45,3
2016,Maine,2,3,45
2016,South Florida,2,48,17
2016,Northern Illinois,2,17,48
2016,Oklahoma,2,59,17
2016,UL Monroe,2,17,59
2016,Southern Miss,2,56,0
2016,Savannah State,2,0,56
2016,TCU,2,38,41
2016,Arkansas,2,41,38
2016,Western Michigan,2,70,21
2016,North Carolina Central,2,21,70
2016,LSU,2,34,13
2016,Jacksonville State,2,13,34
2016,Utah,2,20,19
2016,BYU,2,19,20
2016,Auburn,2,51,14
2016,Arkansas State,2,14,51
2016,Missouri,2,61,21
2016,Eastern Michigan,2,21,61
2016,Iowa,2,42,3
2016,Iowa State,2,3,42
2016,Illinois,2,23,48
2016,North Carolina,2,48,23
2016,New Mexico State,2,32,31
2016,New Mexico,2,31,32
2016,Tennessee,2,45,24
2016,Virginia Tech,2,24,45
2016,Tulane,2,66,21
2016,Southern,2,21,66
2016,UCLA,2,42,21
2016,UNLV,2,21,42
2016,Fresno State,2,31,3
2016,Sacramento State,2,3,31
2016,Arizona State,2,68,55
2016,Texas Tech,2,55,68
2016,Boise State,2,31,28
2016,Washington State,2,28,31
2016,Oregon,2,44,26
2016,Virginia,2,26,44
2016,San Diego State,2,45,40
2016,California,2,40,45
2016,Arizona,2,31,21
2016,Grambling,2,21,31
2016,Hawai'i,2,41,36
2016,UT Martin,2,36,41
2016,Cincinnati,3,16,40
2016,Houston,3,40,16
2016,Rice,3,10,38
2016,Baylor,3,38,10
2016,Utah State,3,34,20
2016,Arkansas State,3,20,34
2016,UTSA,3,28,32
2016,Arizona State,3,32,28
2016,App State,3,10,45
2016,Miami,3,45,10
2016,Iowa,3,21,23
2016,North Dakota State,3,23,21
2016,Louisville,3,63,20
2016,Florida State,3,20,63
2016,Clemson,3,59,0
2016,South Carolina State,3,0,59
2016,Rutgers,3,37,28
2016,New Mexico,3,28,37
2016,Marshall,3,38,65
2016,Akron,3,65,38
2016,Tennessee,3,28,19
2016,Ohio,3,19,28
2016,Wisconsin,3,23,17
2016,Georgia State,3,17,23
2016,TCU,3,41,20
2016,Iowa State,3,20,41
2016,Memphis,3,43,7
2016,Kansas,3,7,43
2016,Penn State,3,34,27
2016,Temple,3,27,34
2016,Bowling Green,3,21,41
2016,Middle Tennessee,3,41,21
2016,Georgia Tech,3,38,7
2016,Vanderbilt,3,7,38
2016,UConn,3,13,10
2016,Virginia,3,10,13
2016,Tulsa,3,58,21
2016,North Carolina A&T,3,21,58
2016,Washington State,3,56,6
2016,Idaho,3,6,56
2016,Kansas State,3,63,7
2016,Florida Atlantic,3,7,63
2016,Ball State,3,41,14
2016,Eastern Kentucky,3,14,41
2016,Toledo,3,52,17
2016,Fresno State,3,17,52
2016,Central Michigan,3,44,21
2016,UNLV,3,21,44
2016,North Carolina,3,56,28
2016,James Madison,3,28,56
2016,Michigan,3,45,28
2016,Colorado,3,28,45
2016,Nebraska,3,35,32
2016,Oregon,3,32,35
2016,Virginia Tech,3,49,0
2016,Boston College,3,0,49
2016,Oklahoma State,3,45,38
2016,Pittsburgh,3,38,45
2016,Kent State,3,27,7
2016,Monmouth,3,7,27
2016,Miami (OH),3,24,31
2016,Western Kentucky,3,31,24
2016,Syracuse,3,20,45
2016,South Florida,3,45,20
2016,Ole Miss,3,43,48
2016,Alabama,3,48,43
2016,Northern Illinois,3,28,42
2016,San Diego State,3,42,28
2016,Massachusetts,3,21,13
2016,Florida International,3,13,21
2016,South Carolina,3,20,15
2016,East Carolina,3,15,20
2016,Illinois,3,10,34
2016,Western Michigan,3,34,10
2016,Kentucky,3,62,42
2016,New Mexico State,3,42,62
2016,Wyoming,3,45,22
2016,UC Davis,3,22,45
2016,Colorado State,3,47,21
2016,Northern Colorado,3,21,47
2016,Oregon State,3,37,7
2016,Idaho State,3,7,37
2016,Georgia Southern,3,23,21
2016,UL Monroe,3,21,23
2016,Charlotte,3,19,37
2016,Eastern Michigan,3,37,19
2016,NC State,3,49,22
2016,Old Dominion,3,22,49
2016,Wake Forest,3,38,21
2016,Delaware,3,21,38
2016,Texas Tech,3,59,45
2016,Louisiana Tech,3,45,59
2016,UTEP,3,14,66
2016,Army,3,66,14
2016,Tulane,3,14,21
2016,Navy,3,21,14
2016,Auburn,3,16,29
2016,Texas A&M,3,29,16
2016,SMU,3,29,14
2016,Liberty,3,14,29
2016,UCF,3,24,30
2016,Maryland,3,30,24
2016,Southern Miss,3,31,37
2016,Troy,3,37,31
2016,LSU,3,23,20
2016,Mississippi State,3,20,23
2016,Louisiana,3,28,23
2016,South Alabama,3,23,28
2016,Missouri,3,27,28
2016,Georgia,3,28,27
2016,Florida,3,32,0
2016,North Texas,3,0,32
2016,Arkansas,3,42,3
2016,Texas State,3,3,42
2016,Notre Dame,3,28,36
2016,Michigan State,3,36,28
2016,Oklahoma,3,24,45
2016,Ohio State,3,45,24
2016,Northwestern,3,24,13
2016,Duke,3,13,24
2016,Washington,3,41,3
2016,Portland State,3,3,41
2016,Stanford,3,27,10
2016,USC,3,10,27
2016,Nevada,3,38,14
2016,Buffalo,3,14,38
2016,BYU,3,14,17
2016,UCLA,3,17,14
2016,California,3,50,43
2016,Texas,3,43,50
2016,San José State,3,17,34
2016,Utah,3,34,17
2016,Arizona,3,47,28
2016,Hawai'i,3,28,47
2016,Georgia Tech,4,7,26
2016,Clemson,4,26,7
2016,Eastern Michigan,4,27,24
2016,Wyoming,4,24,27
2016,SMU,4,3,33
2016,TCU,4,33,3
2016,Utah,4,31,27
2016,USC,4,27,31
2016,Alabama,4,48,0
2016,Kent State,4,0,48
2016,South Florida,4,35,55
2016,Florida State,4,55,35
2016,Michigan State,4,6,30
2016,Wisconsin,4,30,6
2016,Purdue,4,24,14
2016,Nevada,4,14,24
2016,Temple,4,48,20
2016,Charlotte,4,20,48
2016,Rutgers,4,7,14
2016,Iowa,4,14,7
2016,Iowa State,4,44,10
2016,San José State,4,10,44
2016,Ole Miss,4,45,14
2016,Georgia,4,14,45
2016,Minnesota,4,31,24
2016,Colorado State,4,24,31
2016,Virginia,4,49,35
2016,Central Michigan,4,35,49
2016,Virginia Tech,4,54,17
2016,East Carolina,4,17,54
2016,UConn,4,24,31
2016,Syracuse,4,31,24
2016,Boston College,4,42,10
2016,Wagner,4,10,42
2016,Ohio,4,37,21
2016,Gardner-Webb,4,21,37
2016,Notre Dame,4,35,38
2016,Duke,4,38,35
2016,Michigan,4,49,10
2016,Penn State,4,10,49
2016,Northern Illinois,4,23,28
2016,Western Illinois,4,28,23
2016,West Virginia,4,35,32
2016,BYU,4,32,35
2016,Indiana,4,28,33
2016,Wake Forest,4,33,28
2016,Massachusetts,4,35,47
2016,Mississippi State,4,47,35
2016,Tennessee,4,38,28
2016,Florida,4,28,38
2016,North Carolina,4,37,36
2016,Pittsburgh,4,36,37
2016,Oregon State,4,24,38
2016,Boise State,4,38,24
2016,Old Dominion,4,33,19
2016,UTSA,4,19,33
2016,Akron,4,38,45
2016,App State,4,45,38
2016,Cincinnati,4,27,20
2016,Miami (OH),4,20,27
2016,Missouri,4,79,0
2016,Delaware State,4,0,79
2016,Western Kentucky,4,30,31
2016,Vanderbilt,4,31,30
2016,Fresno State,4,41,48
2016,Tulsa,4,48,41
2016,Oregon,4,38,41
2016,Colorado,4,41,38
2016,Rice,4,35,42
2016,North Texas,4,42,35
2016,Auburn,4,18,13
2016,LSU,4,13,18
2016,Florida Atlantic,4,27,31
2016,Ball State,4,31,27
2016,Florida International,4,14,53
2016,UCF,4,53,14
2016,Troy,4,52,6
2016,New Mexico State,4,6,52
2016,Arkansas State,4,23,28
2016,Central Arkansas,4,28,23
2016,Texas State,4,3,64
2016,Houston,4,64,3
2016,Middle Tennessee,4,38,34
2016,Louisiana Tech,4,34,38
2016,Buffalo,4,23,20
2016,Army,4,20,23
2016,Western Michigan,4,49,31
2016,Georgia Southern,4,31,49
2016,South Alabama,4,41,40
2016,Nicholls,4,40,41
2016,Kansas State,4,35,0
2016,Missouri State,4,0,35
2016,Baylor,4,35,24
2016,Oklahoma State,4,24,35
2016,Kentucky,4,17,10
2016,South Carolina,4,10,17
2016,Northwestern,4,13,24
2016,Nebraska,4,24,13
2016,UTEP,4,7,34
2016,Southern Miss,4,34,7
2016,Memphis,4,77,3
2016,Bowling Green,4,3,77
2016,Marshall,4,28,59
2016,Louisville,4,59,28
2016,Tulane,4,41,39
2016,Louisiana,4,39,41
2016,UCLA,4,13,22
2016,Stanford,4,22,13
2016,UNLV,4,30,33
2016,Idaho,4,33,30
2016,Texas A&M,4,45,24
2016,Arkansas,4,24,45
2016,Arizona State,4,51,41
2016,California,4,41,51
2016,Utah State,4,20,27
2016,Air Force,4,27,20
2016,Arizona,4,28,35
2016,Washington,4,35,28
2016,Houston,5,42,14
2016,UConn,5,14,42
2016,Texas Tech,5,55,19
2016,Kansas,5,19,55
2016,Washington,5,44,6
2016,Stanford,5,6,44
2016,BYU,5,55,53
2016,Toledo,5,53,55
2016,Georgia Tech,5,21,35
2016,Miami,5,35,21
2016,Iowa State,5,42,45
2016,Baylor,5,45,42
2016,East Carolina,5,29,47
2016,UCF,5,47,29
2016,Oklahoma State,5,49,31
2016,Texas,5,31,49
2016,Vanderbilt,5,6,13
2016,Florida,5,13,6
2016,Iowa,5,31,38
2016,Northwestern,5,38,31
2016,Arkansas,5,52,10
2016,Alcorn State,5,10,52
2016,Syracuse,5,33,50
2016,Notre Dame,5,50,33
2016,Ohio State,5,58,0
2016,Rutgers,5,0,58
2016,App State,5,17,3
2016,Georgia State,5,3,17
2016,Temple,5,45,20
2016,SMU,5,20,45
2016,Duke,5,20,34
2016,Virginia,5,34,20
2016,Boston College,5,35,3
2016,Buffalo,5,3,35
2016,Miami (OH),5,7,17
2016,Ohio,5,17,7
2016,Colorado,5,47,6
2016,Oregon State,5,6,47
2016,Bowling Green,5,25,28
2016,Eastern Michigan,5,28,25
2016,Maryland,5,50,7
2016,Purdue,5,7,50
2016,Michigan,5,14,7
2016,Wisconsin,5,7,14
2016,West Virginia,5,17,16
2016,Kansas State,5,16,17
2016,Air Force,5,28,14
2016,Navy,5,14,28
2016,NC State,5,33,16
2016,Wake Forest,5,16,33
2016,Florida State,5,35,37
2016,North Carolina,5,37,35
2016,Massachusetts,5,24,31
2016,Tulane,5,31,24
2016,Ball State,5,24,31
2016,Northern Illinois,5,31,24
2016,Georgia,5,31,34
2016,Tennessee,5,34,31
2016,Nebraska,5,31,16
2016,Illinois,5,16,31
2016,Kent State,5,27,31
2016,Akron,5,31,27
2016,Auburn,5,58,7
2016,UL Monroe,5,7,58
2016,Penn State,5,29,26
2016,Minnesota,5,26,29
2016,South Carolina,5,13,24
2016,Texas A&M,5,24,13
2016,New Mexico,5,48,41
2016,San José State,5,41,48
2016,Idaho,5,13,34
2016,Troy,5,34,13
2016,TCU,5,46,52
2016,Oklahoma,5,52,46
2016,Charlotte,5,17,52
2016,Old Dominion,5,52,17
2016,California,5,28,23
2016,Utah,5,23,28
2016,Central Michigan,5,10,49
2016,Western Michigan,5,49,10
2016,Southern Miss,5,44,28
2016,Rice,5,28,44
2016,Louisiana Tech,5,28,7
2016,UTEP,5,7,28
2016,Ole Miss,5,48,28
2016,Memphis,5,28,48
2016,Western Kentucky,5,50,3
2016,Houston Christian,5,3,50
2016,Florida International,5,33,31
2016,Florida Atlantic,5,31,33
2016,Cincinnati,5,20,45
2016,South Florida,5,45,20
2016,North Texas,5,13,30
2016,Middle Tennessee,5,30,13
2016,Alabama,5,34,6
2016,Kentucky,5,6,34
2016,Texas State,5,48,17
2016,Incarnate Word,5,17,48
2016,LSU,5,42,7
2016,Missouri,5,7,42
2016,Pittsburgh,5,43,27
2016,Marshall,5,27,43
2016,New Mexico State,5,37,31
2016,Louisiana,5,31,37
2016,South Alabama,5,42,24
2016,San Diego State,5,24,42
2016,Indiana,5,24,21
2016,Michigan State,5,21,24
2016,Clemson,5,42,36
2016,Louisville,5,36,42
2016,USC,5,41,20
2016,Arizona State,5,20,41
2016,Washington State,5,51,33
2016,Oregon,5,33,51
2016,Boise State,5,21,10
2016,Utah State,5,10,21
2016,Colorado State,5,17,38
2016,Wyoming,5,38,17
2016,UCLA,5,45,24
2016,Arizona,5,24,45
2016,UNLV,5,45,20
2016,Fresno State,5,20,45
2016,Hawai'i,5,38,17
2016,Nevada,5,17,38
2016,Arkansas State,6,27,26
2016,Georgia Southern,6,26,27
2016,Louisiana Tech,6,55,52
2016,Western Kentucky,6,52,55
2016,Memphis,6,34,27
2016,Temple,6,27,34
2016,Boston College,6,10,56
2016,Clemson,6,56,10
2016,Old Dominion,6,36,16
2016,Massachusetts,6,16,36
2016,Tulsa,6,43,40
2016,SMU,6,40,43
2016,New Mexico,6,21,49
2016,Boise State,6,49,21
2016,UConn,6,20,9
2016,Cincinnati,6,9,20
2016,NC State,6,10,3
2016,Notre Dame,6,3,10
2016,Minnesota,6,7,14
2016,Iowa,6,14,7
2016,UTSA,6,55,32
2016,Southern Miss,6,32,55
2016,South Florida,6,38,22
2016,East Carolina,6,22,38
2016,Mississippi State,6,14,38
2016,Auburn,6,38,14
2016,Oklahoma,6,45,40
2016,Texas,6,40,45
2016,Penn State,6,38,14
2016,Maryland,6,14,38
2016,Kansas,6,23,24
2016,TCU,6,24,23
2016,Pittsburgh,6,37,34
2016,Georgia Tech,6,34,37
2016,Ohio,6,30,24
2016,Bowling Green,6,24,30
2016,Navy,6,46,40
2016,Houston,6,40,46
2016,Eastern Michigan,6,20,35
2016,Toledo,6,35,20
2016,Akron,6,35,13
2016,Miami (OH),6,13,35
2016,Ohio State,6,38,17
2016,Indiana,6,17,38
2016,Oklahoma State,6,38,31
2016,Iowa State,6,31,38
2016,Buffalo,6,20,44
2016,Kent State,6,44,20
2016,Central Michigan,6,24,21
2016,Ball State,6,21,24
2016,North Carolina,6,3,34
2016,Virginia Tech,6,34,3
2016,Georgia State,6,41,21
2016,Texas State,6,21,41
2016,Michigan State,6,14,31
2016,BYU,6,31,14
2016,Texas A&M,6,45,38
2016,Tennessee,6,38,45
2016,Wyoming,6,35,26
2016,Air Force,6,26,35
2016,Illinois,6,31,34
2016,Purdue,6,34,31
2016,Duke,6,13,6
2016,Army,6,6,13
2016,USC,6,21,17
2016,Colorado,6,17,21
2016,Kentucky,6,20,13
2016,Vanderbilt,6,13,20
2016,San José State,6,17,34
2016,Hawai'i,6,34,17
2016,Western Michigan,6,45,30
2016,Northern Illinois,6,30,45
2016,Arkansas,6,30,49
2016,Alabama,6,49,30
2016,UL Monroe,6,31,34
2016,Idaho,6,34,31
2016,Kansas State,6,44,38
2016,Texas Tech,6,38,44
2016,Nevada,6,27,22
2016,Fresno State,6,22,27
2016,Rutgers,6,0,78
2016,Michigan,6,78,0
2016,North Texas,6,38,21
2016,Marshall,6,21,38
2016,Wake Forest,6,28,9
2016,Syracuse,6,9,28
2016,Oregon,6,21,70
2016,Washington,6,70,21
2016,UTEP,6,21,35
2016,Florida International,6,35,21
2016,Miami,6,19,20
2016,Florida State,6,20,19
2016,Oregon State,6,47,44
2016,California,6,44,47
2016,Colorado State,6,31,24
2016,Utah State,6,24,31
2016,Utah,6,36,23
2016,Arizona,6,23,36
2016,San Diego State,6,26,7
2016,UNLV,6,7,26
2016,Stanford,6,16,42
2016,Washington State,6,42,16
2016,Arizona State,6,23,20
2016,UCLA,6,20,23
2016,Florida Atlantic,6,23,28
2016,Charlotte,6,28,23
2016,South Carolina,6,14,28
2016,Georgia,6,28,14
2016,Louisiana,7,0,24
2016,App State,7,24,0
2016,Louisville,7,24,14
2016,Duke,7,14,24
2016,Tulane,7,14,24
2016,Memphis,7,24,14
2016,Fresno State,7,3,17
2016,San Diego State,7,17,3
2016,BYU,7,28,21
2016,Mississippi State,7,21,28
2016,Oklahoma,7,38,17
2016,Kansas State,7,17,38
2016,Maryland,7,10,31
2016,Minnesota,7,31,10
2016,Purdue,7,35,49
2016,Iowa,7,49,35
2016,Clemson,7,24,17
2016,NC State,7,17,24
2016,Rutgers,7,7,24
2016,Illinois,7,24,7
2016,Georgia,7,16,17
2016,Vanderbilt,7,17,16
2016,Texas Tech,7,17,48
2016,West Virginia,7,48,17
2016,Army,7,62,7
2016,Lafayette,7,7,62
2016,Virginia,7,31,45
2016,Pittsburgh,7,45,31
2016,Georgia Tech,7,35,24
2016,Georgia Southern,7,24,35
2016,Ohio,7,20,27
2016,Eastern Michigan,7,27,20
2016,Miami (OH),7,18,14
2016,Kent State,7,14,18
2016,Middle Tennessee,7,43,44
2016,Western Kentucky,7,44,43
2016,Baylor,7,49,7
2016,Kansas,7,7,49
2016,Michigan State,7,40,54
2016,Northwestern,7,54,40
2016,Florida State,7,17,6
2016,Wake Forest,7,6,17
2016,Akron,7,0,41
2016,Western Michigan,7,41,0
2016,Tennessee,7,10,49
2016,Alabama,7,49,10
2016,Troy,7,31,21
2016,Georgia State,7,21,31
2016,Indiana,7,22,27
2016,Nebraska,7,27,22
2016,Air Force,7,40,45
2016,New Mexico,7,45,40
2016,Miami,7,13,20
2016,North Carolina,7,20,13
2016,Arizona,7,14,48
2016,USC,7,48,14
2016,Massachusetts,7,28,56
2016,Louisiana Tech,7,56,28
2016,Northern Illinois,7,28,34
2016,Central Michigan,7,34,28
2016,Buffalo,7,21,31
2016,Ball State,7,31,21
2016,Toledo,7,42,35
2016,Bowling Green,7,35,42
2016,Syracuse,7,31,17
2016,Virginia Tech,7,17,31
2016,Florida,7,40,14
2016,Missouri,7,14,40
2016,Oregon State,7,14,19
2016,Utah,7,19,14
2016,Idaho,7,55,23
2016,New Mexico State,7,23,55
2016,Charlotte,7,26,27
2016,Florida International,7,27,26
2016,South Florida,7,42,27
2016,UConn,7,27,42
2016,Houston,7,38,31
2016,Tulsa,7,31,38
2016,Texas,7,27,6
2016,Iowa State,7,6,27
2016,Arkansas State,7,17,7
2016,South Alabama,7,7,17
2016,Marshall,7,27,21
2016,Florida Atlantic,7,21,27
2016,UL Monroe,7,40,34
2016,Texas State,7,34,40
2016,Arkansas,7,34,30
2016,Ole Miss,7,30,34
2016,Rice,7,13,14
2016,UTSA,7,14,13
2016,Notre Dame,7,10,17
2016,Stanford,7,17,10
2016,UCF,7,25,26
2016,Temple,7,26,25
2016,LSU,7,45,10
2016,Southern Miss,7,10,45
2016,Wisconsin,7,23,30
2016,Ohio State,7,30,23
2016,Colorado,7,40,16
2016,Arizona State,7,16,40
2016,Boise State,7,28,23
2016,Colorado State,7,23,28
2016,San José State,7,14,10
2016,Nevada,7,10,14
2016,Washington State,7,27,21
2016,UCLA,7,21,27
2016,Hawai'i,7,38,41
2016,UNLV,7,41,38
2016,Virginia Tech,8,37,16
2016,Miami,8,16,37
2016,South Alabama,8,21,28
2016,Troy,8,28,21
2016,Boise State,8,28,27
2016,BYU,8,27,28
2016,Temple,8,46,30
2016,South Florida,8,30,46
2016,California,8,52,49
2016,Oregon,8,49,52
2016,San Diego State,8,42,3
2016,San José State,8,3,42
2016,South Carolina,8,34,28
2016,Massachusetts,8,28,34
2016,Toledo,8,31,17
2016,Central Michigan,8,17,31
2016,Kansas State,8,24,21
2016,Texas,8,21,24
2016,UConn,8,16,24
2016,UCF,8,24,16
2016,Louisville,8,54,13
2016,NC State,8,13,54
2016,Northwestern,8,24,14
2016,Indiana,8,14,24
2016,Army,8,18,35
2016,North Texas,8,35,18
2016,Minnesota,8,34,32
2016,Rutgers,8,32,34
2016,Bowling Green,8,26,40
2016,Miami (OH),8,40,26
2016,Iowa,8,9,17
2016,Wisconsin,8,17,9
2016,Kansas,8,20,44
2016,Oklahoma State,8,44,20
2016,Boston College,8,20,28
2016,Syracuse,8,28,20
2016,Kent State,8,10,14
2016,Ohio,8,14,10
2016,Air Force,8,27,34
2016,Hawai'i,8,34,27
2016,Virginia,8,14,35
2016,North Carolina,8,35,14
2016,Ball State,8,25,35
2016,Akron,8,35,25
2016,Stanford,8,5,10
2016,Colorado,8,10,5
2016,Michigan,8,41,8
2016,Illinois,8,8,41
2016,Western Michigan,8,45,31
2016,Eastern Michigan,8,31,45
2016,West Virginia,8,34,10
2016,TCU,8,10,34
2016,Northern Illinois,8,44,7
2016,Buffalo,8,7,44
2016,Navy,8,42,28
2016,Memphis,8,28,42
2016,Rice,8,65,44
2016,Prairie View A&M,8,44,65
2016,Nebraska,8,27,14
2016,Purdue,8,14,27
2016,Georgia State,8,31,6
2016,UT Martin,8,6,31
2016,Alabama,8,33,14
2016,Texas A&M,8,14,33
2016,App State,8,37,19
2016,Idaho,8,19,37
2016,Tulsa,8,50,27
2016,Tulane,8,27,50
2016,Missouri,8,45,51
2016,Middle Tennessee,8,51,45
2016,UCLA,8,45,52
2016,Utah,8,52,45
2016,Marshall,8,24,27
2016,Charlotte,8,27,24
2016,UNLV,8,23,42
2016,Colorado State,8,42,23
2016,Auburn,8,56,3
2016,Arkansas,8,3,56
2016,Washington,8,41,17
2016,Oregon State,8,17,41
2016,Cincinnati,8,31,19
2016,East Carolina,8,19,31
2016,SMU,8,38,16
2016,Houston,8,16,38
2016,Florida International,8,24,44
2016,Louisiana Tech,8,44,24
2016,Texas State,8,3,27
2016,Louisiana,8,27,3
2016,UTSA,8,49,52
2016,UTEP,8,52,49
2016,Western Kentucky,8,59,24
2016,Old Dominion,8,24,59
2016,Vanderbilt,8,35,17
2016,Tennessee State,8,17,35
2016,Kentucky,8,40,38
2016,Mississippi State,8,38,40
2016,Maryland,8,28,17
2016,Michigan State,8,17,28
2016,New Mexico State,8,19,22
2016,Georgia Southern,8,22,19
2016,Texas Tech,8,59,66
2016,Oklahoma,8,66,59
2016,Penn State,8,24,21
2016,Ohio State,8,21,24
2016,New Mexico,8,59,17
2016,UL Monroe,8,17,59
2016,LSU,8,38,21
2016,Ole Miss,8,21,38
2016,Arizona State,8,32,37
2016,Washington State,8,37,32
2016,Utah State,8,38,20
2016,Fresno State,8,20,38
2016,Nevada,8,34,42
2016,Wyoming,8,42,34
2016,Pittsburgh,9,36,39
2016,Virginia Tech,9,39,36
2016,Toledo,9,26,31
2016,Ohio,9,31,26
2016,Buffalo,9,41,20
2016,Akron,9,20,41
2016,Georgia Southern,9,10,34
2016,App State,9,34,10
2016,USC,9,45,24
2016,California,9,24,45
2016,South Florida,9,52,45
2016,Navy,9,45,52
2016,Utah State,9,13,40
2016,San Diego State,9,40,13
2016,Fresno State,9,21,31
2016,Air Force,9,31,21
2016,Georgia Tech,9,38,35
2016,Duke,9,35,38
2016,Missouri,9,21,35
2016,Kentucky,9,35,21
2016,Purdue,9,24,62
2016,Penn State,9,62,24
2016,Central Michigan,9,24,27
2016,Kent State,9,27,24
2016,Michigan State,9,23,32
2016,Michigan,9,32,23
2016,Iowa State,9,26,31
2016,Kansas State,9,31,26
2016,Virginia,9,25,32
2016,Louisville,9,32,25
2016,East Carolina,9,41,3
2016,UConn,9,3,41
2016,Illinois,9,17,40
2016,Minnesota,9,40,17
2016,Oklahoma State,9,37,20
2016,West Virginia,9,20,37
2016,Massachusetts,9,34,10
2016,Wagner,9,10,34
2016,Houston,9,31,24
2016,UCF,9,24,31
2016,NC State,9,14,21
2016,Boston College,9,21,14
2016,Indiana,9,42,36
2016,Maryland,9,36,42
2016,Eastern Michigan,9,15,28
2016,Miami (OH),9,28,15
2016,Texas,9,35,34
2016,Baylor,9,34,35
2016,Florida Atlantic,9,3,52
2016,Western Kentucky,9,52,3
2016,Notre Dame,9,30,27
2016,Miami,9,27,30
2016,Wake Forest,9,13,21
2016,Army,9,21,13
2016,Temple,9,34,13
2016,Cincinnati,9,13,34
2016,Mississippi State,9,56,41
2016,Samford,9,41,56
2016,Ohio State,9,24,20
2016,Northwestern,9,20,24
2016,Utah,9,24,31
2016,Washington,9,31,24
2016,Georgia,9,10,24
2016,Florida,9,24,10
2016,TCU,9,24,27
2016,Texas Tech,9,27,24
2016,Tulane,9,31,35
2016,SMU,9,35,31
2016,South Alabama,9,13,10
2016,Georgia State,9,10,13
2016,Oregon,9,54,35
2016,Arizona State,9,35,54
2016,Wyoming,9,30,28
2016,Boise State,9,28,30
2016,UTSA,9,31,17
2016,North Texas,9,17,31
2016,Oklahoma,9,56,3
2016,Kansas,9,3,56
2016,Southern Miss,9,24,14
2016,Marshall,9,14,24
2016,Florida International,9,35,42
2016,Middle Tennessee,9,42,35
2016,Wisconsin,9,23,17
2016,Nebraska,9,17,23
2016,Louisiana Tech,9,61,16
2016,Rice,9,16,61
2016,Arkansas State,9,51,10
2016,UL Monroe,9,10,51
2016,South Carolina,9,24,21
2016,Tennessee,9,21,24
2016,Ole Miss,9,29,40
2016,Auburn,9,40,29
2016,Texas A&M,9,52,10
2016,New Mexico State,9,10,52
2016,UTEP,9,21,31
2016,Old Dominion,9,31,21
2016,Memphis,9,30,59
2016,Tulsa,9,59,30
2016,Florida State,9,34,37
2016,Clemson,9,37,34
2016,San José State,9,30,24
2016,UNLV,9,24,30
2016,Oregon State,9,31,35
2016,Washington State,9,35,31
2016,Arizona,9,10,34
2016,Stanford,9,34,10
2016,Hawai'i,9,21,28
2016,New Mexico,9,28,21
2016,Ball State,10,20,52
2016,Western Michigan,10,52,20
2016,Northern Illinois,10,45,20
2016,Bowling Green,10,20,45
2016,Akron,10,17,48
2016,Toledo,10,48,17
2016,Ohio,10,34,10
2016,Buffalo,10,10,34
2016,Iowa State,10,24,34
2016,Oklahoma,10,34,24
2016,Georgia State,10,16,31
2016,Arkansas State,10,31,16
2016,Colorado,10,20,10
2016,UCLA,10,10,20
2016,Miami (OH),10,37,17
2016,Central Michigan,10,17,37
2016,UConn,10,0,21
2016,Temple,10,21,0
2016,Boise State,10,45,31
2016,San José State,10,31,45
2016,Navy,10,28,27
2016,Notre Dame,10,27,28
2016,Mississippi State,10,35,28
2016,Texas A&M,10,28,35
2016,Rutgers,10,27,33
2016,Indiana,10,33,27
2016,Auburn,10,23,16
2016,Vanderbilt,10,16,23
2016,Illinois,10,31,27
2016,Michigan State,10,27,31
2016,Ole Miss,10,37,27
2016,Georgia Southern,10,27,37
2016,Army,10,12,31
2016,Air Force,10,31,12
2016,Boston College,10,7,52
2016,Louisville,10,52,7
2016,Northwestern,10,7,21
2016,Wisconsin,10,21,7
2016,Texas Tech,10,37,45
2016,Texas,10,45,37
2016,North Carolina,10,48,20
2016,Georgia Tech,10,20,48
2016,Miami,10,51,28
2016,Pittsburgh,10,28,51
2016,Middle Tennessee,10,25,45
2016,UTSA,10,45,25
2016,Wake Forest,10,27,20
2016,Virginia,10,20,27
2016,Arkansas,10,31,10
2016,Florida,10,10,31
2016,App State,10,35,10
2016,Texas State,10,10,35
2016,Stanford,10,26,15
2016,Oregon State,10,15,26
2016,Colorado State,10,37,0
2016,Fresno State,10,0,37
2016,Southern Miss,10,27,38
2016,Charlotte,10,38,27
2016,Clemson,10,54,0
2016,Syracuse,10,0,54
2016,Minnesota,10,44,31
2016,Purdue,10,31,44
2016,Rice,10,25,42
2016,Florida Atlantic,10,42,25
2016,Cincinnati,10,3,20
2016,BYU,10,20,3
2016,Troy,10,52,31
2016,Massachusetts,10,31,52
2016,Duke,10,21,24
2016,Virginia Tech,10,24,21
2016,Michigan,10,59,3
2016,Maryland,10,3,59
2016,Kansas State,10,37,43
2016,Oklahoma State,10,43,37
2016,Baylor,10,22,62
2016,TCU,10,62,22
2016,Washington State,10,69,7
2016,Arizona,10,7,69
2016,SMU,10,7,51
2016,Memphis,10,51,7
2016,South Carolina,10,31,21
2016,Missouri,10,21,31
2016,Tennessee,10,55,0
2016,Tennessee Tech,10,0,55
2016,UL Monroe,10,42,35
2016,South Alabama,10,35,42
2016,UCF,10,37,6
2016,Tulane,10,6,37
2016,Louisiana,10,13,23
2016,Idaho,10,23,13
2016,Western Kentucky,10,49,21
2016,Florida International,10,21,49
2016,North Texas,10,24,45
2016,Louisiana Tech,10,45,24
2016,NC State,10,20,24
2016,Florida State,10,24,20
2016,West Virginia,10,48,21
2016,Kansas,10,21,48
2016,San Diego State,10,55,0
2016,Hawai'i,10,0,55
2016,Old Dominion,10,38,14
2016,Marshall,10,14,38
2016,USC,10,45,20
2016,Oregon,10,20,45
2016,Kentucky,10,24,27
2016,Georgia,10,27,24
2016,Penn State,10,41,14
2016,Iowa,10,14,41
2016,Ohio State,10,62,3
2016,Nebraska,10,3,62
2016,Tulsa,10,45,24
2016,East Carolina,10,24,45
2016,LSU,10,0,10
2016,Alabama,10,10,0
2016,UTEP,10,42,10
2016,Houston Christian,10,10,42
2016,New Mexico,10,35,26
2016,Nevada,10,26,35
2016,Wyoming,10,52,28
2016,Utah State,10,28,52
2016,California,10,27,66
2016,Washington,10,66,27
2016,Ball State,11,41,48
2016,Eastern Michigan,11,48,41
2016,Kent State,11,21,37
2016,Western Michigan,11,37,21
2016,Northern Illinois,11,24,31
2016,Toledo,11,31,24
2016,Akron,11,28,38
2016,Bowling Green,11,38,28
2016,Duke,11,28,27
2016,North Carolina,11,27,28
2016,Georgia Southern,11,26,33
2016,Louisiana,11,33,26
2016,Arizona State,11,26,49
2016,Utah,11,49,26
2016,Florida State,11,45,7
2016,Boston College,11,7,45
2016,Purdue,11,17,45
2016,Northwestern,11,45,17
2016,Indiana,11,31,45
2016,Penn State,11,45,31
2016,Tennessee,11,49,36
2016,Kentucky,11,36,49
2016,East Carolina,11,31,55
2016,SMU,11,55,31
2016,Oklahoma,11,45,24
2016,Baylor,11,24,45
2016,Kansas,11,24,31
2016,Iowa State,11,31,24
2016,Alabama,11,51,3
2016,Mississippi State,11,3,51
2016,Texas,11,20,24
2016,West Virginia,11,24,20
2016,Michigan State,11,49,0
2016,Rutgers,11,0,49
2016,Navy,11,42,40
2016,Tulsa,11,40,42
2016,UCF,11,24,3
2016,Cincinnati,11,3,24
2016,Florida,11,20,7
2016,South Carolina,11,7,20
2016,Syracuse,11,20,35
2016,NC State,11,35,20
2016,Buffalo,11,24,35
2016,Miami (OH),11,35,24
2016,Charlotte,11,21,22
2016,Rice,11,22,21
2016,Virginia,11,14,34
2016,Miami,11,34,14
2016,Georgia State,11,23,37
2016,UL Monroe,11,37,23
2016,Arkansas State,11,41,22
2016,New Mexico State,11,22,41
2016,BYU,11,37,7
2016,Southern Utah,11,7,37
2016,Notre Dame,11,44,6
2016,Army,11,6,44
2016,UNLV,11,69,66
2016,Wyoming,11,66,69
2016,Old Dominion,11,51,35
2016,Southern Miss,11,35,51
2016,Houston,11,30,18
2016,Tulane,11,18,30
2016,Wisconsin,11,48,3
2016,Illinois,11,3,48
2016,Western Kentucky,11,45,7
2016,North Texas,11,7,45
2016,Virginia Tech,11,20,30
2016,Georgia Tech,11,30,20
2016,Clemson,11,42,43
2016,Pittsburgh,11,43,42
2016,Louisiana Tech,11,63,35
2016,UTSA,11,35,63
2016,Maryland,11,3,62
2016,Ohio State,11,62,3
2016,Georgia,11,13,7
2016,Auburn,11,7,13
2016,Oklahoma State,11,45,44
2016,Texas Tech,11,44,45
2016,Troy,11,28,24
2016,App State,11,24,28
2016,Missouri,11,26,17
2016,Vanderbilt,11,17,26
2016,Oregon,11,27,52
2016,Stanford,11,52,27
2016,Texas State,11,14,47
2016,Idaho,11,47,14
2016,Florida Atlantic,11,35,31
2016,UTEP,11,31,35
2016,Memphis,11,42,49
2016,South Florida,11,49,42
2016,Louisville,11,44,12
2016,Wake Forest,11,12,44
2016,Marshall,11,42,17
2016,Middle Tennessee,11,17,42
2016,Arkansas,11,10,38
2016,LSU,11,38,10
2016,Hawai'i,11,16,52
2016,Boise State,11,52,16
2016,Washington,11,13,26
2016,USC,11,26,13
2016,Nebraska,11,24,17
2016,Minnesota,11,17,24
2016,Texas A&M,11,28,29
2016,Ole Miss,11,29,28
2016,Iowa,11,14,13
2016,Michigan,11,13,14
2016,UCLA,11,38,24
2016,Oregon State,11,24,38
2016,Arizona,11,24,49
2016,Colorado,11,49,24
2016,Utah State,11,21,24
2016,New Mexico,11,24,21
2016,Air Force,11,49,46
2016,Colorado State,11,46,49
2016,Nevada,11,16,46
2016,San Diego State,11,46,16
2016,Washington State,11,56,21
2016,California,11,21,56
2016,Bowling Green,12,42,7
2016,Kent State,12,7,42
2016,Central Michigan,12,27,20
2016,Ohio,12,20,27
2016,Toledo,12,37,19
2016,Ball State,12,19,37
2016,Eastern Michigan,12,24,31
2016,Northern Illinois,12,31,24
2016,Houston,12,36,10
2016,Louisville,12,10,36
2016,Troy,12,3,35
2016,Arkansas State,12,35,3
2016,Cincinnati,12,7,34
2016,Memphis,12,34,7
2016,Boise State,12,42,25
2016,UNLV,12,25,42
2016,Baylor,12,21,42
2016,Kansas State,12,42,21
2016,Texas A&M,12,23,10
2016,UTSA,12,10,23
2016,Georgia,12,35,21
2016,Louisiana,12,21,35
2016,Illinois,12,0,28
2016,Iowa,12,28,0
2016,TCU,12,6,31
2016,Oklahoma State,12,31,6
2016,Michigan State,12,16,17
2016,Ohio State,12,17,16
2016,Purdue,12,20,49
2016,Wisconsin,12,49,20
2016,Army,12,60,3
2016,Morgan State,12,3,60
2016,Nebraska,12,28,7
2016,Maryland,12,7,28
2016,Rice,12,44,24
2016,UTEP,12,24,44
2016,NC State,12,13,27
2016,Miami,12,27,13
2016,Georgia Tech,12,31,17
2016,Virginia,12,17,31
2016,LSU,12,10,16
2016,Florida,12,16,10
2016,Boston College,12,30,0
2016,UConn,12,0,30
2016,Georgia State,12,30,24
2016,Georgia Southern,12,24,30
2016,Charlotte,12,31,38
2016,Middle Tennessee,12,38,31
2016,Utah,12,28,30
2016,Oregon,12,30,28
2016,BYU,12,51,9
2016,Massachusetts,12,9,51
2016,App State,12,42,17
2016,UL Monroe,12,17,42
2016,Pittsburgh,12,56,14
2016,Duke,12,14,56
2016,Tennessee,12,63,37
2016,Missouri,12,37,63
2016,Wyoming,12,34,33
2016,San Diego State,12,33,34
2016,Michigan,12,20,10
2016,Indiana,12,10,20
2016,Western Michigan,12,38,0
2016,Buffalo,12,0,38
2016,Minnesota,12,29,12
2016,Northwestern,12,12,29
2016,Tulane,12,0,31
2016,Temple,12,31,0
2016,Kansas,12,24,21
2016,Texas,12,21,24
2016,North Carolina,12,41,7
2016,The Citadel,12,7,41
2016,Notre Dame,12,31,34
2016,Virginia Tech,12,34,31
2016,Syracuse,12,14,45
2016,Florida State,12,45,14
2016,Iowa State,12,66,10
2016,Texas Tech,12,10,66
2016,Colorado,12,38,24
2016,Washington State,12,24,38
2016,Nevada,12,38,37
2016,Utah State,12,37,38
2016,East Carolina,12,31,66
2016,Navy,12,66,31
2016,South Carolina,12,44,31
2016,Western Carolina,12,31,44
2016,Kentucky,12,49,13
2016,Austin Peay,12,13,49
2016,New Mexico State,12,50,10
2016,Texas State,12,10,50
2016,California,12,31,45
2016,Stanford,12,45,31
2016,North Texas,12,29,23
2016,Southern Miss,12,23,29
2016,Florida Atlantic,12,24,42
2016,Old Dominion,12,42,24
2016,Mississippi State,12,42,58
2016,Arkansas,12,58,42
2016,Florida International,12,31,14
2016,Marshall,12,14,31
2016,SMU,12,27,35
2016,South Florida,12,35,27
2016,Alabama,12,31,3
2016,Chattanooga,12,3,31
2016,Fresno State,12,13,14
2016,Hawai'i,12,14,13
2016,South Alabama,12,31,7
2016,Presbyterian,12,7,31
2016,Wake Forest,12,13,35
2016,Clemson,12,35,13
2016,Auburn,12,55,0
2016,Alabama A&M,12,0,55
2016,Washington,12,44,18
2016,Arizona State,12,18,44
2016,Vanderbilt,12,38,17
2016,Ole Miss,12,17,38
2016,West Virginia,12,28,56
2016,Oklahoma,12,56,28
2016,Rutgers,12,0,39
2016,Penn State,12,39,0
2016,UCF,12,20,35
2016,Tulsa,12,35,20
2016,Colorado State,12,49,31
2016,New Mexico,12,31,49
2016,UCLA,12,14,36
2016,USC,12,36,14
2016,San José State,12,38,41
2016,Air Force,12,41,38
2016,Oregon State,12,42,17
2016,Arizona,12,17,42
2016,Eastern Michigan,13,26,21
2016,Central Michigan,13,21,26
2016,Ohio,13,9,3
2016,Akron,13,3,9
2016,Miami (OH),13,21,20
2016,Ball State,13,20,21
2016,Texas A&M,13,39,54
2016,LSU,13,54,39
2016,North Carolina,13,21,28
2016,NC State,13,28,21
2016,Kent State,13,21,31
2016,Northern Illinois,13,31,21
2016,Memphis,13,48,44
2016,Houston,13,44,48
2016,Missouri,13,28,24
2016,Arkansas,13,24,28
2016,Bowling Green,13,27,19
2016,Buffalo,13,19,27
2016,Texas,13,9,31
2016,TCU,13,31,9
2016,Iowa,13,40,10
2016,Nebraska,13,10,40
2016,Air Force,13,27,20
2016,Boise State,13,20,27
2016,Washington State,13,17,45
2016,Washington,13,45,17
2016,Southern Miss,13,39,24
2016,Louisiana Tech,13,24,39
2016,Western Michigan,13,55,35
2016,Toledo,13,35,55
2016,Texas Tech,13,54,35
2016,Baylor,13,35,54
2016,Tulsa,13,40,37
2016,Cincinnati,13,37,40
2016,Arizona,13,56,35
2016,Arizona State,13,35,56
2016,Maryland,13,31,13
2016,Rutgers,13,13,31
2016,Georgia,13,27,28
2016,Georgia Tech,13,28,27
2016,Virginia Tech,13,52,10
2016,Virginia,13,10,52
2016,Indiana,13,26,24
2016,Purdue,13,24,26
2016,Northwestern,13,42,21
2016,Illinois,13,21,42
2016,Ohio State,13,30,27
2016,Michigan,13,27,30
2016,Louisville,13,38,41
2016,Kentucky,13,41,38
2016,Louisiana,13,24,19
2016,Arkansas State,13,19,24
2016,Kansas State,13,34,19
2016,Kansas,13,19,34
2016,South Florida,13,48,31
2016,UCF,13,31,48
2016,Pittsburgh,13,76,61
2016,Syracuse,13,61,76
2016,Wake Forest,13,14,17
2016,Boston College,13,17,14
2016,Miami,13,40,21
2016,Duke,13,21,40
2016,Penn State,13,45,12
2016,Michigan State,13,12,45
2016,Idaho,13,38,31
2016,South Alabama,13,31,38
2016,USC,13,45,27
2016,Notre Dame,13,27,45
2016,Alabama,13,30,12
2016,Auburn,13,12,30
2016,SMU,13,31,75
2016,Navy,13,75,31
2016,Ole Miss,13,20,55
2016,Mississippi State,13,55,20
2016,Fresno State,13,14,16
2016,San José State,13,16,14
2016,Wisconsin,13,31,17
2016,Minnesota,13,17,31
2016,Iowa State,13,19,49
2016,West Virginia,13,49,19
2016,Old Dominion,13,42,28
2016,Florida International,13,28,42
2016,Texas State,13,7,40
2016,Troy,13,40,7
2016,Oregon State,13,34,24
2016,Oregon,13,24,34
2016,UTEP,13,52,24
2016,North Texas,13,24,52
2016,New Mexico State,13,7,37
2016,App State,13,37,7
2016,UNLV,13,10,45
2016,Nevada,13,45,10
2016,UConn,13,13,38
2016,Tulane,13,38,13
2016,Middle Tennessee,13,77,56
2016,Florida Atlantic,13,56,77
2016,UTSA,13,33,14
2016,Charlotte,13,14,33
2016,Marshall,13,6,60
2016,Western Kentucky,13,60,6
2016,California,13,36,10
2016,UCLA,13,10,36
2016,Vanderbilt,13,45,34
2016,Tennessee,13,34,45
2016,Temple,13,37,10
2016,East Carolina,13,10,37
2016,Clemson,13,56,7
2016,South Carolina,13,7,56
2016,Colorado,13,27,22
2016,Utah,13,22,27
2016,Florida State,13,31,13
2016,Florida,13,13,31
2016,Stanford,13,41,17
2016,Rice,13,17,41
2016,San Diego State,13,31,63
2016,Colorado State,13,63,31
2016,New Mexico,13,56,35
2016,Wyoming,13,35,56
2016,BYU,13,28,10
2016,Utah State,13,10,28
2016,Hawai'i,13,46,40
2016,Massachusetts,13,40,46
2016,Ohio,14,23,29
2016,Western Michigan,14,29,23
2016,Washington,14,41,10
2016,Colorado,14,10,41
2016,Georgia Southern,14,28,24
2016,Troy,14,24,28
2016,Navy,14,10,34
2016,Temple,14,34,10
2016,TCU,14,6,30
2016,Kansas State,14,30,6
2016,Western Kentucky,14,58,44
2016,Louisiana Tech,14,44,58
2016,Oklahoma,14,38,20
2016,Oklahoma State,14,20,38
2016,South Alabama,14,35,28
2016,New Mexico State,14,28,35
2016,UL Monroe,14,3,30
2016,Louisiana,14,30,3
2016,West Virginia,14,24,21
2016,Baylor,14,21,24
2016,Florida,14,16,54
2016,Alabama,14,54,16
2016,Idaho,14,37,12
2016,Georgia State,14,12,37
2016,Texas State,14,14,36
2016,Arkansas State,14,36,14
2016,Wyoming,14,24,27
2016,San Diego State,14,27,24
2016,Virginia Tech,14,35,42
2016,Clemson,14,42,35
2016,Penn State,14,38,31
2016,Wisconsin,14,31,38
2016,Army,15,21,17
2016,Navy,15,17,21
2017,Colorado State,1,58,27
2017,Oregon State,1,27,58
2017,BYU,1,20,6
2017,Portland State,1,6,20
2017,Massachusetts,1,35,38
2017,Hawai'i,1,38,35
2017,San José State,1,22,42
2017,South Florida,1,42,22
2017,Rice,1,7,62
2017,Stanford,1,62,7
2017,UCF,1,61,17
2017,Florida International,1,17,61
2017,Wake Forest,1,51,7
2017,Presbyterian,1,7,51
2017,Central Michigan,1,30,27
2017,Rhode Island,1,27,30
2017,Georgia State,1,10,17
2017,Tennessee State,1,17,10
2017,Minnesota,1,17,7
2017,Buffalo,1,7,17
2017,Toledo,1,47,13
2017,Elon,1,13,47
2017,Cincinnati,1,26,14
2017,Austin Peay,1,14,26
2017,Utah,1,37,16
2017,North Dakota,1,16,37
2017,Oklahoma State,1,59,24
2017,Tulsa,1,24,59
2017,UConn,1,27,20
2017,Holy Cross,1,20,27
2017,Indiana,1,21,49
2017,Ohio State,1,49,21
2017,Arkansas,1,49,7
2017,Florida A&M,1,7,49
2017,Idaho,1,28,6
2017,Sacramento State,1,6,28
2017,Memphis,1,37,29
2017,UL Monroe,1,29,37
2017,Arizona State,1,37,31
2017,New Mexico State,1,31,37
2017,Army,1,64,6
2017,Fordham,1,6,64
2017,Eastern Michigan,1,24,7
2017,Charlotte,1,7,24
2017,Syracuse,1,50,7
2017,Central Connecticut,1,7,50
2017,Colorado,1,17,3
2017,Colorado State,1,3,17
2017,Rutgers,1,14,30
2017,Washington,1,30,14
2017,Florida Atlantic,1,19,42
2017,Navy,1,42,19
2017,Wisconsin,1,59,10
2017,Utah State,1,10,59
2017,Northern Illinois,1,20,23
2017,Boston College,1,23,20
2017,Illinois,1,24,21
2017,Ball State,1,21,24
2017,Texas,1,41,51
2017,Maryland,1,51,41
2017,Iowa,1,24,3
2017,Wyoming,1,3,24
2017,Clemson,1,56,3
2017,Kent State,1,3,56
2017,Penn State,1,52,0
2017,Akron,1,0,52
2017,Missouri,1,72,43
2017,Missouri State,1,43,72
2017,Michigan State,1,35,10
2017,Bowling Green,1,10,35
2017,North Carolina,1,30,35
2017,California,1,35,30
2017,Miami,1,41,13
2017,Bethune-Cookman,1,13,41
2017,Pittsburgh,1,28,21
2017,Youngstown State,1,21,28
2017,Oregon State,1,35,32
2017,Portland State,1,32,35
2017,Air Force,1,62,0
2017,VMI,1,0,62
2017,South Carolina,1,35,28
2017,NC State,1,28,35
2017,Florida,1,17,33
2017,Michigan,1,33,17
2017,Virginia,1,28,10
2017,William & Mary,1,10,28
2017,Notre Dame,1,49,16
2017,Temple,1,16,49
2017,UAB,1,38,7
2017,Alabama A&M,1,7,38
2017,Oklahoma,1,56,7
2017,UTEP,1,7,56
2017,Northwestern,1,31,20
2017,Nevada,1,20,31
2017,Boise State,1,24,13
2017,Troy,1,13,24
2017,Mississippi State,1,49,0
2017,Charleston Southern,1,0,49
2017,South Florida,1,31,17
2017,Stony Brook,1,17,31
2017,Texas Tech,1,56,10
2017,Eastern Washington,1,10,56
2017,Southern Miss,1,17,24
2017,Kentucky,1,24,17
2017,USC,1,49,31
2017,Western Michigan,1,31,49
2017,Duke,1,60,7
2017,North Carolina Central,1,7,60
2017,Old Dominion,1,31,17
2017,UAlbany,1,17,31
2017,East Carolina,1,14,34
2017,James Madison,1,34,14
2017,Georgia,1,31,10
2017,App State,1,10,31
2017,Marshall,1,31,26
2017,Miami (OH),1,26,31
2017,Western Kentucky,1,31,17
2017,Eastern Kentucky,1,17,31
2017,Kansas,1,38,16
2017,Southeast Missouri State,1,16,38
2017,Ohio,1,59,0
2017,Hampton,1,0,59
2017,Baylor,1,45,48
2017,Liberty,1,48,45
2017,Louisiana Tech,1,52,24
2017,Northwestern State,1,24,52
2017,Texas State,1,20,11
2017,Houston Christian,1,11,20
2017,North Texas,1,59,14
2017,Lamar,1,14,59
2017,Coastal Carolina,1,38,28
2017,Massachusetts,1,28,38
2017,Louisiana,1,51,48
2017,SE Louisiana,1,48,51
2017,SMU,1,58,14
2017,Stephen F. Austin,1,14,58
2017,Kansas State,1,55,19
2017,Central Arkansas,1,19,55
2017,Ole Miss,1,47,27
2017,South Alabama,1,27,47
2017,San José State,1,34,13
2017,Cal Poly,1,13,34
2017,Purdue,1,28,35
2017,Louisville,1,35,28
2017,Auburn,1,41,7
2017,Georgia Southern,1,7,41
2017,New Mexico,1,38,14
2017,Abilene Christian,1,14,38
2017,Tulane,1,43,14
2017,Grambling,1,14,43
2017,Iowa State,1,42,24
2017,Northern Iowa,1,24,42
2017,Nebraska,1,43,36
2017,Arkansas State,1,36,43
2017,TCU,1,63,0
2017,Jackson State,1,0,63
2017,Middle Tennessee,1,6,28
2017,Vanderbilt,1,28,6
2017,Alabama,1,24,7
2017,Florida State,1,7,24
2017,Oregon,1,77,21
2017,Southern Utah,1,21,77
2017,San Diego State,1,38,17
2017,UC Davis,1,17,38
2017,UNLV,1,40,43
2017,Howard,1,43,40
2017,LSU,1,27,0
2017,BYU,1,0,27
2017,Fresno State,1,66,0
2017,Incarnate Word,1,0,66
2017,Washington State,1,31,0
2017,Montana State,1,0,31
2017,Arizona,1,62,24
2017,Northern Arizona,1,24,62
2017,Hawai'i,1,41,18
2017,Western Carolina,1,18,41
2017,Virginia Tech,1,31,24
2017,West Virginia,1,24,31
2017,UCLA,1,45,44
2017,Texas A&M,1,44,45
2017,Georgia Tech,1,41,42
2017,Tennessee,1,42,41
2017,Utah State,2,51,13
2017,Idaho State,2,13,51
2017,Florida International,2,17,10
2017,Alcorn State,2,10,17
2017,South Alabama,2,7,44
2017,Oklahoma State,2,44,7
2017,Purdue,2,44,21
2017,Ohio,2,21,44
2017,North Carolina,2,35,47
2017,Louisville,2,47,35
2017,Duke,2,41,17
2017,Northwestern,2,17,41
2017,Ole Miss,2,45,23
2017,UT Martin,2,23,45
2017,Kentucky,2,27,16
2017,Eastern Kentucky,2,16,27
2017,Michigan,2,36,14
2017,Cincinnati,2,14,36
2017,Iowa State,2,41,44
2017,Iowa,2,44,41
2017,West Virginia,2,56,20
2017,East Carolina,2,20,56
2017,Maryland,2,63,17
2017,Towson,2,17,63
2017,Kansas State,2,55,7
2017,Charlotte,2,7,55
2017,Wisconsin,2,31,14
2017,Florida Atlantic,2,14,31
2017,Army,2,21,17
2017,Buffalo,2,17,21
2017,Georgia Tech,2,37,10
2017,Jacksonville State,2,10,37
2017,Boston College,2,10,34
2017,Wake Forest,2,34,10
2017,Colorado,2,37,3
2017,Texas State,2,3,37
2017,Ball State,2,51,31
2017,UAB,2,31,51
2017,Alabama,2,41,10
2017,Fresno State,2,10,41
2017,Kent State,2,38,31
2017,Howard,2,31,38
2017,Virginia,2,17,34
2017,Indiana,2,34,17
2017,Penn State,2,33,14
2017,Pittsburgh,2,14,33
2017,Texas,2,56,0
2017,San José State,2,0,56
2017,Navy,2,23,21
2017,Tulane,2,21,23
2017,Virginia Tech,2,27,0
2017,Delaware,2,0,27
2017,Syracuse,2,23,30
2017,Middle Tennessee,2,30,23
2017,App State,2,54,7
2017,Savannah State,2,7,54
2017,Rutgers,2,13,16
2017,Eastern Michigan,2,16,13
2017,Temple,2,16,13
2017,Villanova,2,13,16
2017,Miami (OH),2,31,10
2017,Austin Peay,2,10,31
2017,Colorado State,2,38,10
2017,Abilene Christian,2,10,38
2017,Michigan State,2,28,14
2017,Western Michigan,2,14,28
2017,Massachusetts,2,7,17
2017,Old Dominion,2,17,7
2017,Arkansas,2,7,28
2017,TCU,2,28,7
2017,Northern Illinois,2,38,10
2017,Eastern Illinois,2,10,38
2017,Tennessee,2,42,7
2017,Indiana State,2,7,42
2017,Wyoming,2,27,0
2017,Gardner-Webb,2,0,27
2017,Tulsa,2,66,42
2017,Louisiana,2,42,66
2017,Kansas,2,27,45
2017,Central Michigan,2,45,27
2017,Vanderbilt,2,42,0
2017,Alabama A&M,2,0,42
2017,Georgia Southern,2,12,22
2017,New Hampshire,2,22,12
2017,Oregon,2,42,35
2017,Nebraska,2,35,42
2017,UCLA,2,56,23
2017,Hawai'i,2,23,56
2017,California,2,33,20
2017,Weber State,2,20,33
2017,NC State,2,37,20
2017,Marshall,2,20,37
2017,Bowling Green,2,27,35
2017,South Dakota,2,35,27
2017,Troy,2,34,7
2017,Alabama State,2,7,34
2017,Akron,2,52,3
2017,Arkansas-Pine Bluff,2,3,52
2017,Idaho,2,16,44
2017,UNLV,2,44,16
2017,Missouri,2,13,31
2017,South Carolina,2,31,13
2017,SMU,2,54,32
2017,North Texas,2,32,54
2017,Clemson,2,14,6
2017,Auburn,2,6,14
2017,Texas A&M,2,24,14
2017,Nicholls,2,14,24
2017,Southern Miss,2,45,0
2017,Southern,2,0,45
2017,Nevada,2,24,37
2017,Toledo,2,37,24
2017,Ohio State,2,16,31
2017,Oklahoma,2,31,16
2017,Notre Dame,2,19,20
2017,Georgia,2,20,19
2017,Louisiana Tech,2,21,57
2017,Mississippi State,2,57,21
2017,LSU,2,45,10
2017,Chattanooga,2,10,45
2017,Baylor,2,10,17
2017,UTSA,2,17,10
2017,UTEP,2,14,31
2017,Rice,2,31,14
2017,Illinois,2,20,7
2017,Western Kentucky,2,7,20
2017,Washington,2,63,7
2017,Montana,2,7,63
2017,New Mexico,2,28,30
2017,New Mexico State,2,30,28
2017,USC,2,42,24
2017,Stanford,2,24,42
2017,Oregon State,2,14,48
2017,Minnesota,2,48,14
2017,BYU,2,13,19
2017,Utah,2,19,13
2017,Washington State,2,47,44
2017,Boise State,2,44,47
2017,Arizona,2,16,19
2017,Houston,2,19,16
2017,Arizona State,2,20,30
2017,San Diego State,2,30,20
2017,Boise State,3,28,14
2017,New Mexico,3,14,28
2017,Temple,3,29,21
2017,Massachusetts,3,21,29
2017,South Florida,3,47,23
2017,Illinois,3,23,47
2017,UTEP,3,16,63
2017,Arizona,3,63,16
2017,Michigan,3,29,13
2017,Air Force,3,13,29
2017,Memphis,3,48,45
2017,UCLA,3,45,48
2017,Virginia,3,38,18
2017,UConn,3,18,38
2017,Akron,3,14,41
2017,Iowa State,3,41,14
2017,Texas A&M,3,45,21
2017,Louisiana,3,21,45
2017,Ohio,3,42,30
2017,Kansas,3,30,42
2017,West Virginia,3,59,16
2017,Delaware State,3,16,59
2017,Pittsburgh,3,21,59
2017,Oklahoma State,3,59,21
2017,Nebraska,3,17,21
2017,Northern Illinois,3,21,17
2017,NC State,3,49,16
2017,Furman,3,16,49
2017,Duke,3,34,20
2017,Baylor,3,20,34
2017,UAB,3,30,23
2017,Coastal Carolina,3,23,30
2017,Colorado,3,41,21
2017,Northern Colorado,3,21,41
2017,Ball State,3,28,13
2017,Tennessee Tech,3,13,28
2017,Wake Forest,3,46,10
2017,Utah State,3,10,46
2017,Iowa,3,31,14
2017,North Texas,3,14,31
2017,Florida,3,26,20
2017,Tennessee,3,20,26
2017,Old Dominion,3,23,53
2017,North Carolina,3,53,23
2017,TCU,3,56,36
2017,SMU,3,36,56
2017,Boston College,3,20,49
2017,Notre Dame,3,49,20
2017,BYU,3,6,40
2017,Wisconsin,3,40,6
2017,Minnesota,3,34,3
2017,Middle Tennessee,3,3,34
2017,East Carolina,3,17,64
2017,Virginia Tech,3,64,17
2017,Rutgers,3,65,0
2017,Morgan State,3,0,65
2017,Syracuse,3,41,17
2017,Central Michigan,3,17,41
2017,Auburn,3,24,10
2017,Mercer,3,10,24
2017,Missouri,3,3,35
2017,Purdue,3,35,3
2017,Ohio State,3,38,7
2017,Army,3,7,38
2017,Washington State,3,52,23
2017,Oregon State,3,23,52
2017,Charlotte,3,31,35
2017,North Carolina A&T,3,35,31
2017,Oklahoma,3,56,14
2017,Tulane,3,14,56
2017,Buffalo,3,33,10
2017,Colgate,3,10,33
2017,Marshall,3,21,0
2017,Kent State,3,0,21
2017,Florida Atlantic,3,45,0
2017,Bethune-Cookman,3,0,45
2017,Arkansas State,3,48,3
2017,Arkansas-Pine Bluff,3,3,48
2017,UTSA,3,51,17
2017,Southern,3,17,51
2017,UL Monroe,3,17,28
2017,Southern Miss,3,28,17
2017,Western Kentucky,3,22,23
2017,Louisiana Tech,3,23,22
2017,Mississippi State,3,37,7
2017,LSU,3,7,37
2017,Western Michigan,3,37,28
2017,Idaho,3,28,37
2017,South Alabama,3,45,0
2017,Alabama A&M,3,0,45
2017,Nevada,3,28,30
2017,Idaho State,3,30,28
2017,Toledo,3,54,51
2017,Tulsa,3,51,54
2017,Wyoming,3,13,49
2017,Oregon,3,49,13
2017,Alabama,3,41,23
2017,Colorado State,3,23,41
2017,Texas State,3,13,20
2017,App State,3,20,13
2017,Penn State,3,56,0
2017,Georgia State,3,0,56
2017,Georgia,3,42,14
2017,Samford,3,14,42
2017,South Carolina,3,13,23
2017,Kentucky,3,23,13
2017,Northwestern,3,49,7
2017,Bowling Green,3,7,49
2017,Vanderbilt,3,14,7
2017,Kansas State,3,7,14
2017,Texas Tech,3,52,45
2017,Arizona State,3,45,52
2017,Louisville,3,21,47
2017,Clemson,3,47,21
2017,Miami (OH),3,17,21
2017,Cincinnati,3,21,17
2017,New Mexico State,3,24,27
2017,Troy,3,27,24
2017,Houston,3,38,3
2017,Rice,3,3,38
2017,USC,3,27,24
2017,Texas,3,24,27
2017,Washington,3,48,16
2017,Fresno State,3,16,48
2017,Utah,3,54,16
2017,San José State,3,16,54
2017,San Diego State,3,20,17
2017,Stanford,3,17,20
2017,California,3,27,16
2017,Ole Miss,3,16,27
2017,South Florida,4,43,7
2017,Temple,4,7,43
2017,Boise State,4,23,42
2017,Virginia,4,42,23
2017,Arizona,4,24,30
2017,Utah,4,30,24
2017,Ohio State,4,54,21
2017,UNLV,4,21,54
2017,Tulane,4,21,17
2017,Army,4,17,21
2017,Arkansas,4,43,50
2017,Texas A&M,4,50,43
2017,Tennessee,4,17,13
2017,Massachusetts,4,13,17
2017,Houston,4,24,27
2017,Texas Tech,4,27,24
2017,Florida State,4,21,27
2017,NC State,4,27,21
2017,Kansas,4,34,56
2017,West Virginia,4,56,34
2017,Louisville,4,42,3
2017,Kent State,4,3,42
2017,Georgia Tech,4,35,17
2017,Pittsburgh,4,17,35
2017,Tulsa,4,13,16
2017,New Mexico,4,16,13
2017,South Alabama,4,23,29
2017,Idaho,4,29,23
2017,Virginia Tech,4,38,0
2017,Old Dominion,4,0,38
2017,Eastern Michigan,4,20,27
2017,Ohio,4,27,20
2017,Maryland,4,10,38
2017,UCF,4,38,10
2017,North Carolina,4,17,27
2017,Duke,4,27,17
2017,Oklahoma State,4,31,44
2017,TCU,4,44,31
2017,Navy,4,42,32
2017,Cincinnati,4,32,42
2017,California,4,20,30
2017,USC,4,30,20
2017,Clemson,4,34,7
2017,Boston College,4,7,34
2017,Central Michigan,4,14,31
2017,Miami (OH),4,31,14
2017,App State,4,19,20
2017,Wake Forest,4,20,19
2017,South Carolina,4,17,16
2017,Louisiana Tech,4,16,17
2017,Vanderbilt,4,0,59
2017,Alabama,4,59,0
2017,Indiana,4,52,17
2017,Georgia Southern,4,17,52
2017,Miami,4,52,30
2017,Toledo,4,30,52
2017,Nebraska,4,27,17
2017,Rutgers,4,17,27
2017,Purdue,4,10,28
2017,Michigan,4,28,10
2017,Louisiana,4,50,56
2017,UL Monroe,4,56,50
2017,Charlotte,4,0,28
2017,Georgia State,4,28,0
2017,Troy,4,22,17
2017,Akron,4,17,22
2017,Washington State,4,45,7
2017,Nevada,4,7,45
2017,Baylor,4,41,49
2017,Oklahoma,4,49,41
2017,Coastal Carolina,4,10,52
2017,Western Illinois,4,52,10
2017,North Texas,4,46,43
2017,UAB,4,43,46
2017,Georgia,4,31,3
2017,Mississippi State,4,3,31
2017,Air Force,4,24,28
2017,San Diego State,4,28,24
2017,Western Kentucky,4,33,21
2017,Ball State,4,21,33
2017,SMU,4,44,21
2017,Arkansas State,4,21,44
2017,Western Michigan,4,49,14
2017,Wagner,4,14,49
2017,LSU,4,35,26
2017,Syracuse,4,26,35
2017,Buffalo,4,34,31
2017,Florida Atlantic,4,31,34
2017,Middle Tennessee,4,24,13
2017,Bowling Green,4,13,24
2017,Rice,4,7,13
2017,Florida International,4,13,7
2017,Iowa,4,19,21
2017,Penn State,4,21,19
2017,Texas State,4,14,44
2017,UTSA,4,44,14
2017,Kentucky,4,27,28
2017,Florida,4,28,27
2017,Missouri,4,14,51
2017,Auburn,4,51,14
2017,San José State,4,10,61
2017,Utah State,4,61,10
2017,New Mexico State,4,41,14
2017,UTEP,4,14,41
2017,Memphis,4,44,31
2017,Southern Illinois,4,31,44
2017,Michigan State,4,18,38
2017,Notre Dame,4,38,18
2017,Arizona State,4,37,35
2017,Oregon,4,35,37
2017,Colorado,4,10,37
2017,Washington,4,37,10
2017,Wyoming,4,28,21
2017,Hawai'i,4,21,28
2017,Stanford,4,58,34
2017,UCLA,4,34,58
2017,UConn,4,38,41
2017,East Carolina,4,41,38
2017,Iowa State,5,7,17
2017,Texas,5,17,7
2017,Duke,5,6,31
2017,Miami,5,31,6
2017,Utah State,5,40,24
2017,BYU,5,24,40
2017,Illinois,5,6,28
2017,Nebraska,5,28,6
2017,Washington State,5,30,27
2017,USC,5,27,30
2017,Temple,5,13,20
2017,Houston,5,20,13
2017,Georgia Tech,5,33,7
2017,North Carolina,5,7,33
2017,Florida,5,38,24
2017,Vanderbilt,5,24,38
2017,Minnesota,5,24,31
2017,Maryland,5,31,24
2017,East Carolina,5,31,61
2017,South Florida,5,61,31
2017,Pittsburgh,5,42,10
2017,Rice,5,10,42
2017,Arkansas,5,42,24
2017,New Mexico State,5,24,42
2017,Wisconsin,5,33,24
2017,Northwestern,5,24,33
2017,NC State,5,33,25
2017,Syracuse,5,25,33
2017,Boston College,5,28,8
2017,Central Michigan,5,8,28
2017,Tulsa,5,21,31
2017,Navy,5,31,21
2017,Army,5,35,21
2017,UTEP,5,21,35
2017,Kent State,5,13,27
2017,Buffalo,5,27,13
2017,Tennessee,5,0,41
2017,Georgia,5,41,0
2017,Wake Forest,5,19,26
2017,Florida State,5,26,19
2017,Louisville,5,55,10
2017,Murray State,5,10,55
2017,Massachusetts,5,50,58
2017,Ohio,5,58,50
2017,Kansas State,5,33,20
2017,Baylor,5,20,33
2017,Penn State,5,45,14
2017,Indiana,5,14,45
2017,Stanford,5,34,24
2017,Arizona State,5,24,34
2017,Wyoming,5,45,10
2017,Texas State,5,10,45
2017,Michigan State,5,17,10
2017,Iowa,5,10,17
2017,SMU,5,49,28
2017,UConn,5,28,49
2017,Kentucky,5,24,20
2017,Eastern Michigan,5,20,24
2017,Notre Dame,5,52,17
2017,Miami (OH),5,17,52
2017,Auburn,5,49,10
2017,Mississippi State,5,10,49
2017,Bowling Green,5,23,34
2017,Akron,5,34,23
2017,New Mexico,5,56,38
2017,Air Force,5,38,56
2017,UL Monroe,5,51,43
2017,Coastal Carolina,5,43,51
2017,UCF,5,40,13
2017,Memphis,5,13,40
2017,Florida International,5,30,29
2017,Charlotte,5,29,30
2017,Cincinnati,5,21,38
2017,Marshall,5,38,21
2017,Southern Miss,5,28,43
2017,North Texas,5,43,28
2017,Louisiana Tech,5,34,16
2017,South Alabama,5,16,34
2017,LSU,5,21,24
2017,Troy,5,24,21
2017,Florida Atlantic,5,38,20
2017,Middle Tennessee,5,20,38
2017,Western Michigan,5,55,3
2017,Ball State,5,3,55
2017,Rutgers,5,0,56
2017,Ohio State,5,56,0
2017,Texas A&M,5,24,17
2017,South Carolina,5,17,24
2017,Virginia Tech,5,17,31
2017,Clemson,5,31,17
2017,Texas Tech,5,34,41
2017,Oklahoma State,5,41,34
2017,Oregon State,5,7,42
2017,Washington,5,42,7
2017,Alabama,5,66,3
2017,Ole Miss,5,3,66
2017,Fresno State,5,41,21
2017,Nevada,5,21,41
2017,San Diego State,5,34,28
2017,Northern Illinois,5,28,34
2017,UCLA,5,27,23
2017,Colorado,5,23,27
2017,UNLV,5,41,13
2017,San José State,5,13,41
2017,Oregon,5,45,24
2017,California,5,24,45
2017,Hawai'i,5,21,51
2017,Colorado State,5,51,21
2017,Georgia Southern,6,25,43
2017,Arkansas State,6,43,25
2017,NC State,6,39,25
2017,Louisville,6,25,39
2017,UConn,6,31,70
2017,Memphis,6,70,31
2017,BYU,6,7,24
2017,Boise State,6,24,7
2017,Tulane,6,62,28
2017,Tulsa,6,28,62
2017,Clemson,6,28,14
2017,Wake Forest,6,14,28
2017,Northwestern,6,7,31
2017,Penn State,6,31,7
2017,Auburn,6,44,23
2017,Ole Miss,6,23,44
2017,Vanderbilt,6,14,45
2017,Georgia,6,45,14
2017,Iowa,6,45,16
2017,Illinois,6,16,45
2017,Toledo,6,20,15
2017,Eastern Michigan,6,15,20
2017,Oklahoma,6,31,38
2017,Iowa State,6,38,31
2017,Kansas,6,19,65
2017,Texas Tech,6,65,19
2017,East Carolina,6,10,34
2017,Temple,6,34,10
2017,Virginia,6,28,21
2017,Duke,6,21,28
2017,Syracuse,6,27,24
2017,Pittsburgh,6,24,27
2017,Ohio,6,23,26
2017,Central Michigan,6,26,23
2017,Miami (OH),6,29,37
2017,Bowling Green,6,37,29
2017,Middle Tennessee,6,37,17
2017,Florida International,6,17,37
2017,Texas State,6,27,45
2017,UL Monroe,6,45,27
2017,Buffalo,6,68,71
2017,Western Michigan,6,71,68
2017,Florida State,6,20,24
2017,Miami,6,24,20
2017,Florida,6,16,17
2017,LSU,6,17,16
2017,TCU,6,31,24
2017,West Virginia,6,24,31
2017,Indiana,6,27,0
2017,Charleston Southern,6,0,27
2017,Purdue,6,31,17
2017,Minnesota,6,17,31
2017,North Carolina,6,10,33
2017,Notre Dame,6,33,10
2017,Northern Illinois,6,24,3
2017,Kent State,6,3,24
2017,Navy,6,48,45
2017,Air Force,6,45,48
2017,Akron,6,31,3
2017,Ball State,6,3,31
2017,App State,6,45,31
2017,New Mexico State,6,31,45
2017,South Carolina,6,48,22
2017,Arkansas,6,22,48
2017,USC,6,38,10
2017,Oregon State,6,10,38
2017,Ohio State,6,62,14
2017,Maryland,6,14,62
2017,UAB,6,23,22
2017,Louisiana Tech,6,22,23
2017,Utah State,6,14,27
2017,Colorado State,6,27,14
2017,Idaho,6,16,21
2017,Louisiana,6,21,16
2017,Old Dominion,6,28,58
2017,Florida Atlantic,6,58,28
2017,Charlotte,6,3,14
2017,Marshall,6,14,3
2017,Coastal Carolina,6,21,27
2017,Georgia State,6,27,21
2017,Rice,6,12,49
2017,Army,6,49,12
2017,Houston,6,35,22
2017,SMU,6,22,35
2017,UTSA,6,29,31
2017,Southern Miss,6,31,29
2017,Texas,6,40,34
2017,Kansas State,6,34,40
2017,Texas A&M,6,19,27
2017,Alabama,6,27,19
2017,Boston College,6,10,23
2017,Virginia Tech,6,23,10
2017,San José State,6,10,27
2017,Fresno State,6,27,10
2017,Kentucky,6,40,34
2017,Missouri,6,34,40
2017,Michigan,6,10,14
2017,Michigan State,6,14,10
2017,UTEP,6,14,15
2017,Western Kentucky,6,15,14
2017,Cincinnati,6,23,51
2017,UCF,6,51,23
2017,Colorado,6,42,45
2017,Arizona,6,45,42
2017,Oregon,6,10,33
2017,Washington State,6,33,10
2017,Nebraska,6,17,38
2017,Wisconsin,6,38,17
2017,Utah,6,20,23
2017,Stanford,6,23,20
2017,Nevada,6,35,21
2017,Hawai'i,6,21,35
2017,UNLV,6,10,41
2017,San Diego State,6,41,10
2017,Washington,6,38,7
2017,California,6,7,38
2017,Troy,7,8,19
2017,South Alabama,7,19,8
2017,Louisiana,7,24,7
2017,Texas State,7,7,24
2017,Syracuse,7,27,24
2017,Clemson,7,24,27
2017,California,7,37,3
2017,Washington State,7,3,37
2017,Iowa State,7,45,0
2017,Kansas,7,0,45
2017,Indiana,7,20,27
2017,Michigan,7,27,20
2017,Illinois,7,24,35
2017,Rutgers,7,35,24
2017,Tennessee,7,9,15
2017,South Carolina,7,15,9
2017,Pittsburgh,7,17,35
2017,NC State,7,35,17
2017,Mississippi State,7,35,10
2017,BYU,7,10,35
2017,Duke,7,10,17
2017,Florida State,7,17,10
2017,West Virginia,7,46,35
2017,Texas Tech,7,35,46
2017,Temple,7,24,28
2017,UConn,7,28,24
2017,Army,7,28,27
2017,Eastern Michigan,7,27,28
2017,Louisville,7,42,45
2017,Boston College,7,45,42
2017,Air Force,7,34,30
2017,UNLV,7,30,34
2017,Marshall,7,35,3
2017,Old Dominion,7,3,35
2017,Kansas State,7,6,26
2017,TCU,7,26,6
2017,Texas,7,24,29
2017,Oklahoma,7,29,24
2017,North Carolina,7,14,20
2017,Virginia,7,20,14
2017,Wisconsin,7,17,9
2017,Purdue,7,9,17
2017,Miami,7,25,24
2017,Georgia Tech,7,24,25
2017,Bowling Green,7,30,48
2017,Ohio,7,48,30
2017,Buffalo,7,13,14
2017,Northern Illinois,7,14,13
2017,Oklahoma State,7,59,16
2017,Baylor,7,16,59
2017,Central Michigan,7,10,30
2017,Toledo,7,30,10
2017,LSU,7,27,23
2017,Auburn,7,23,27
2017,Maryland,7,21,37
2017,Northwestern,7,37,21
2017,Kent State,7,17,14
2017,Miami (OH),7,14,17
2017,Ole Miss,7,57,35
2017,Vanderbilt,7,35,57
2017,Memphis,7,30,27
2017,Navy,7,27,30
2017,Oregon State,7,33,36
2017,Colorado,7,36,33
2017,Tulsa,7,45,17
2017,Houston,7,17,45
2017,Western Kentucky,7,45,14
2017,Charlotte,7,14,45
2017,Utah State,7,23,28
2017,Wyoming,7,28,23
2017,Idaho,7,20,23
2017,App State,7,23,20
2017,UL Monroe,7,37,47
2017,Georgia State,7,47,37
2017,Georgia Southern,7,27,35
2017,New Mexico State,7,35,27
2017,UAB,7,25,23
2017,Middle Tennessee,7,23,25
2017,Florida,7,17,19
2017,Texas A&M,7,19,17
2017,UCF,7,63,21
2017,East Carolina,7,21,63
2017,Florida International,7,23,10
2017,Tulane,7,10,23
2017,Southern Miss,7,24,0
2017,UTEP,7,0,24
2017,North Texas,7,29,26
2017,UTSA,7,26,29
2017,Arkansas State,7,51,17
2017,Coastal Carolina,7,17,51
2017,Alabama,7,41,9
2017,Arkansas,7,9,41
2017,Nebraska,7,14,56
2017,Ohio State,7,56,14
2017,Georgia,7,53,28
2017,Missouri,7,28,53
2017,South Florida,7,33,3
2017,Cincinnati,7,3,33
2017,Minnesota,7,27,30
2017,Michigan State,7,30,27
2017,USC,7,28,27
2017,Utah,7,27,28
2017,Arizona,7,47,30
2017,UCLA,7,30,47
2017,Fresno State,7,38,0
2017,New Mexico,7,0,38
2017,Colorado State,7,44,42
2017,Nevada,7,42,44
2017,San Diego State,7,14,31
2017,Boise State,7,31,14
2017,Arizona State,7,13,7
2017,Washington,7,7,13
2017,Stanford,7,49,7
2017,Oregon,7,7,49
2017,Hawai'i,7,37,26
2017,San José State,7,26,37
2017,Western Michigan,7,13,14
2017,Akron,7,14,13
2017,Arkansas State,8,47,3
2017,Louisiana,8,3,47
2017,Houston,8,38,42
2017,Memphis,8,42,38
2017,Old Dominion,8,31,35
2017,Western Kentucky,8,35,31
2017,Middle Tennessee,8,10,38
2017,Marshall,8,38,10
2017,Nevada,8,42,45
2017,Air Force,8,45,42
2017,New Mexico,8,24,27
2017,Colorado State,8,27,24
2017,Toledo,8,48,21
2017,Akron,8,21,48
2017,Texas,8,10,13
2017,Oklahoma State,8,13,10
2017,Rutgers,8,14,12
2017,Purdue,8,12,14
2017,Texas Tech,8,13,31
2017,Iowa State,8,31,13
2017,Florida State,8,28,31
2017,Louisville,8,31,28
2017,UConn,8,20,14
2017,Tulsa,8,14,20
2017,Army,8,31,28
2017,Temple,8,28,31
2017,Wisconsin,8,38,13
2017,Maryland,8,13,38
2017,Northwestern,8,17,10
2017,Iowa,8,10,17
2017,Missouri,8,68,21
2017,Idaho,8,21,68
2017,Duke,8,17,24
2017,Pittsburgh,8,24,17
2017,Virginia,8,10,41
2017,Boston College,8,41,10
2017,Bowling Green,8,17,48
2017,Northern Illinois,8,48,17
2017,Georgia State,8,10,34
2017,Troy,8,34,10
2017,Eastern Michigan,8,17,20
2017,Western Michigan,8,20,17
2017,Ohio,8,48,3
2017,Kent State,8,3,48
2017,Miami (OH),8,24,14
2017,Buffalo,8,14,24
2017,Ball State,8,9,56
2017,Central Michigan,8,56,9
2017,Utah,8,10,30
2017,Arizona State,8,30,10
2017,Alabama,8,45,7
2017,Tennessee,8,7,45
2017,Virginia Tech,8,59,7
2017,North Carolina,8,7,59
2017,Miami,8,27,19
2017,Syracuse,8,19,27
2017,Michigan State,8,17,9
2017,Indiana,8,9,17
2017,Minnesota,8,24,17
2017,Illinois,8,17,24
2017,Navy,8,21,31
2017,UCF,8,31,21
2017,Massachusetts,8,55,20
2017,Georgia Southern,8,20,55
2017,App State,8,37,29
2017,Coastal Carolina,8,29,37
2017,Cincinnati,8,28,31
2017,SMU,8,31,28
2017,Mississippi State,8,45,7
2017,Kentucky,8,7,45
2017,UCLA,8,31,14
2017,Oregon,8,14,31
2017,Kansas State,8,35,42
2017,Oklahoma,8,42,35
2017,Florida Atlantic,8,69,31
2017,North Texas,8,31,69
2017,South Alabama,8,33,23
2017,UL Monroe,8,23,33
2017,UNLV,8,28,52
2017,Utah State,8,52,28
2017,Charlotte,8,25,24
2017,UAB,8,24,25
2017,East Carolina,8,33,17
2017,BYU,8,17,33
2017,UTSA,8,20,7
2017,Rice,8,7,20
2017,Louisiana Tech,8,27,34
2017,Southern Miss,8,34,27
2017,Tulane,8,28,34
2017,South Florida,8,34,28
2017,Ole Miss,8,24,40
2017,LSU,8,40,24
2017,Notre Dame,8,49,14
2017,USC,8,14,49
2017,Georgia Tech,8,38,24
2017,Wake Forest,8,24,38
2017,Arkansas,8,20,52
2017,Auburn,8,52,20
2017,Penn State,8,42,13
2017,Michigan,8,13,42
2017,California,8,44,45
2017,Arizona,8,45,44
2017,Baylor,8,36,38
2017,West Virginia,8,38,36
2017,TCU,8,43,0
2017,Kansas,8,0,43
2017,Boise State,8,24,14
2017,Wyoming,8,14,24
2017,San Diego State,8,3,27
2017,Fresno State,8,27,3
2017,Washington State,8,28,0
2017,Colorado,8,0,28
2017,Northern Illinois,9,30,27
2017,Eastern Michigan,9,27,30
2017,Ball State,9,17,58
2017,Toledo,9,58,17
2017,Georgia State,9,21,13
2017,South Alabama,9,13,21
2017,Oregon State,9,14,15
2017,Stanford,9,15,14
2017,Memphis,9,56,26
2017,Tulane,9,26,56
2017,Boston College,9,35,3
2017,Florida State,9,3,35
2017,SMU,9,38,34
2017,Tulsa,9,34,38
2017,Akron,9,21,20
2017,Buffalo,9,20,21
2017,West Virginia,9,39,50
2017,Oklahoma State,9,50,39
2017,Baylor,9,7,38
2017,Texas,9,38,7
2017,Michigan,9,35,14
2017,Rutgers,9,14,35
2017,Illinois,9,10,24
2017,Wisconsin,9,24,10
2017,Ole Miss,9,37,38
2017,Arkansas,9,38,37
2017,North Carolina,9,19,24
2017,Miami,9,24,19
2017,Wake Forest,9,42,32
2017,Louisville,9,32,42
2017,Pittsburgh,9,31,14
2017,Virginia,9,14,31
2017,Colorado,9,44,28
2017,California,9,28,44
2017,Marshall,9,30,41
2017,Florida International,9,41,30
2017,Kansas,9,20,30
2017,Kansas State,9,30,20
2017,Colorado State,9,28,45
2017,Air Force,9,45,28
2017,BYU,9,41,20
2017,San José State,9,20,41
2017,Iowa State,9,14,7
2017,TCU,9,7,14
2017,Florida,9,7,42
2017,Georgia,9,42,7
2017,Maryland,9,42,39
2017,Indiana,9,39,42
2017,Massachusetts,9,30,27
2017,App State,9,27,30
2017,Rice,9,28,42
2017,Louisiana Tech,9,42,28
2017,Northwestern,9,39,31
2017,Michigan State,9,31,39
2017,Notre Dame,9,35,14
2017,NC State,9,14,35
2017,Washington,9,44,23
2017,UCLA,9,23,44
2017,Ohio State,9,39,38
2017,Penn State,9,38,39
2017,Troy,9,38,16
2017,Georgia Southern,9,16,38
2017,South Florida,9,24,28
2017,Houston,9,28,24
2017,South Carolina,9,34,27
2017,Vanderbilt,9,27,34
2017,Western Kentucky,9,28,42
2017,Florida Atlantic,9,42,28
2017,Idaho,9,31,23
2017,UL Monroe,9,23,31
2017,UCF,9,73,33
2017,Austin Peay,9,33,73
2017,Oregon,9,41,20
2017,Utah,9,20,41
2017,Coastal Carolina,9,7,27
2017,Texas State,9,27,7
2017,UConn,9,12,52
2017,Missouri,9,52,12
2017,North Texas,9,45,38
2017,Old Dominion,9,38,45
2017,Iowa,9,17,10
2017,Minnesota,9,10,17
2017,Southern Miss,9,12,30
2017,UAB,9,30,12
2017,Texas A&M,9,14,35
2017,Mississippi State,9,35,14
2017,Virginia Tech,9,24,3
2017,Duke,9,3,24
2017,Kentucky,9,29,26
2017,Tennessee,9,26,29
2017,Wyoming,9,42,3
2017,New Mexico,9,3,42
2017,Purdue,9,24,25
2017,Nebraska,9,25,24
2017,Oklahoma,9,49,27
2017,Texas Tech,9,27,49
2017,New Mexico State,9,21,37
2017,Arkansas State,9,37,21
2017,Clemson,9,24,10
2017,Georgia Tech,9,10,24
2017,UTEP,9,14,31
2017,UTSA,9,31,14
2017,Arizona,9,58,37
2017,Washington State,9,37,58
2017,Utah State,9,14,41
2017,Boise State,9,41,14
2017,Fresno State,9,16,26
2017,UNLV,9,26,16
2017,Arizona State,9,17,48
2017,USC,9,48,17
2017,Hawai'i,9,7,28
2017,San Diego State,9,28,7
2017,Ohio,10,45,28
2017,Miami (OH),10,28,45
2017,Kent State,10,16,44
2017,Bowling Green,10,44,16
2017,Western Michigan,10,28,35
2017,Central Michigan,10,35,28
2017,Toledo,10,27,17
2017,Northern Illinois,10,17,27
2017,Eastern Michigan,10,56,14
2017,Ball State,10,14,56
2017,Temple,10,34,26
2017,Navy,10,26,34
2017,Troy,10,24,21
2017,Idaho,10,21,24
2017,Florida Atlantic,10,30,25
2017,Marshall,10,25,30
2017,Tulsa,10,14,41
2017,Memphis,10,41,14
2017,Utah,10,48,17
2017,UCLA,10,17,48
2017,Texas Tech,10,35,42
2017,Kansas State,10,42,35
2017,Indiana,10,17,45
2017,Wisconsin,10,45,17
2017,Texas A&M,10,27,42
2017,Auburn,10,42,27
2017,Missouri,10,45,16
2017,Florida,10,16,45
2017,Michigan State,10,27,24
2017,Penn State,10,24,27
2017,Vanderbilt,10,31,17
2017,Western Kentucky,10,17,31
2017,Houston,10,52,27
2017,East Carolina,10,27,52
2017,Purdue,10,29,10
2017,Illinois,10,10,29
2017,Kansas,10,9,38
2017,Baylor,10,38,9
2017,Mississippi State,10,34,23
2017,Massachusetts,10,23,34
2017,Florida State,10,27,24
2017,Syracuse,10,24,27
2017,Georgia Southern,10,17,21
2017,Georgia State,10,21,17
2017,UL Monroe,10,52,45
2017,App State,10,45,52
2017,Virginia,10,40,36
2017,Georgia Tech,10,36,40
2017,Texas State,10,35,45
2017,New Mexico State,10,45,35
2017,UAB,10,52,21
2017,Rice,10,21,52
2017,Old Dominion,10,6,0
2017,Charlotte,10,0,6
2017,Air Force,10,0,21
2017,Army,10,21,0
2017,Rutgers,10,31,24
2017,Maryland,10,24,31
2017,Georgia,10,24,10
2017,South Carolina,10,10,24
2017,Louisiana Tech,10,23,24
2017,North Texas,10,24,23
2017,West Virginia,10,20,16
2017,Iowa State,10,16,20
2017,Washington State,10,24,21
2017,Stanford,10,21,24
2017,NC State,10,31,38
2017,Clemson,10,38,31
2017,Nebraska,10,24,31
2017,Northwestern,10,31,24
2017,Notre Dame,10,48,37
2017,Wake Forest,10,37,48
2017,Iowa,10,55,24
2017,Ohio State,10,24,55
2017,UConn,10,20,37
2017,South Florida,10,37,20
2017,Tulane,10,16,17
2017,Cincinnati,10,17,16
2017,Arkansas,10,39,38
2017,Coastal Carolina,10,38,39
2017,Oklahoma State,10,52,62
2017,Oklahoma,10,62,52
2017,South Alabama,10,14,19
2017,Louisiana,10,19,14
2017,Kentucky,10,34,37
2017,Ole Miss,10,37,34
2017,California,10,37,23
2017,Oregon State,10,23,37
2017,New Mexico,10,10,24
2017,Utah State,10,24,10
2017,UNLV,10,31,23
2017,Hawai'i,10,23,31
2017,Wyoming,10,16,13
2017,Colorado State,10,13,16
2017,Boise State,10,41,14
2017,Nevada,10,14,41
2017,Florida International,10,14,7
2017,UTSA,10,7,14
2017,TCU,10,24,7
2017,Texas,10,7,24
2017,SMU,10,24,31
2017,UCF,10,31,24
2017,Middle Tennessee,10,30,3
2017,UTEP,10,3,30
2017,Tennessee,10,24,10
2017,Southern Miss,10,10,24
2017,Miami,10,28,10
2017,Virginia Tech,10,10,28
2017,Alabama,10,24,10
2017,LSU,10,10,24
2017,Michigan,10,33,10
2017,Minnesota,10,10,33
2017,Arizona State,10,41,30
2017,Colorado,10,30,41
2017,Washington,10,38,3
2017,Oregon,10,3,38
2017,San José State,10,7,52
2017,San Diego State,10,52,7
2017,Fresno State,10,20,13
2017,BYU,10,13,20
2017,USC,10,49,35
2017,Arizona,10,35,49
2017,Buffalo,11,38,28
2017,Bowling Green,11,28,38
2017,Miami (OH),11,24,14
2017,Akron,11,14,24
2017,Western Michigan,11,48,20
2017,Kent State,11,20,48
2017,Ohio,11,38,10
2017,Toledo,11,10,38
2017,Central Michigan,11,42,30
2017,Eastern Michigan,11,30,42
2017,Northern Illinois,11,63,17
2017,Ball State,11,17,63
2017,App State,11,27,6
2017,Georgia Southern,11,6,27
2017,Pittsburgh,11,31,34
2017,North Carolina,11,34,31
2017,Cincinnati,11,24,35
2017,Temple,11,35,24
2017,Stanford,11,30,22
2017,Washington,11,22,30
2017,UNLV,11,21,31
2017,BYU,11,31,21
2017,LSU,11,33,10
2017,Arkansas,11,10,33
2017,Boston College,11,14,17
2017,NC State,11,17,14
2017,Baylor,11,24,38
2017,Texas Tech,11,38,24
2017,UCF,11,49,24
2017,UConn,11,24,49
2017,Penn State,11,35,6
2017,Rutgers,11,6,35
2017,South Carolina,11,28,20
2017,Florida,11,20,28
2017,Ole Miss,11,50,22
2017,Louisiana,11,22,50
2017,Illinois,11,14,24
2017,Indiana,11,24,14
2017,Ohio State,11,48,3
2017,Michigan State,11,3,48
2017,Army,11,21,16
2017,Duke,11,16,21
2017,Minnesota,11,54,21
2017,Nebraska,11,21,54
2017,Iowa State,11,42,49
2017,Oklahoma State,11,49,42
2017,Georgia Tech,11,28,22
2017,Virginia Tech,11,22,28
2017,Charlotte,11,21,35
2017,Middle Tennessee,11,35,21
2017,Syracuse,11,43,64
2017,Wake Forest,11,64,43
2017,Louisville,11,38,21
2017,Virginia,11,21,38
2017,Rice,11,34,43
2017,Southern Miss,11,43,34
2017,Wisconsin,11,38,14
2017,Iowa,11,14,38
2017,Maryland,11,10,35
2017,Michigan,11,35,10
2017,Navy,11,43,40
2017,SMU,11,40,43
2017,Clemson,11,31,14
2017,Florida State,11,14,31
2017,Auburn,11,40,17
2017,Georgia,11,17,40
2017,Kansas State,11,23,28
2017,West Virginia,11,28,23
2017,Louisiana Tech,11,23,48
2017,Florida Atlantic,11,48,23
2017,Colorado,11,24,38
2017,USC,11,38,24
2017,Massachusetts,11,44,31
2017,Maine,11,31,44
2017,Texas State,11,30,33
2017,Georgia State,11,33,30
2017,Vanderbilt,11,21,44
2017,Kentucky,11,44,21
2017,Nevada,11,59,14
2017,San José State,11,14,59
2017,Coastal Carolina,11,17,42
2017,Troy,11,42,17
2017,South Alabama,11,24,19
2017,Arkansas State,11,19,24
2017,North Texas,11,45,10
2017,UTEP,11,10,45
2017,Utah,11,25,33
2017,Washington State,11,33,25
2017,Texas,11,42,27
2017,Kansas,11,27,42
2017,Marshall,11,30,23
2017,Western Kentucky,11,23,30
2017,UTSA,11,19,24
2017,UAB,11,24,19
2017,Northwestern,11,23,13
2017,Purdue,11,13,23
2017,Florida International,11,30,37
2017,Old Dominion,11,37,30
2017,Mississippi State,11,24,31
2017,Alabama,11,31,24
2017,Texas A&M,11,55,14
2017,New Mexico,11,14,55
2017,East Carolina,11,24,31
2017,Tulane,11,31,24
2017,Missouri,11,50,17
2017,Tennessee,11,17,50
2017,Miami,11,41,8
2017,Notre Dame,11,8,41
2017,Oklahoma,11,38,20
2017,TCU,11,20,38
2017,UCLA,11,44,37
2017,Arizona State,11,37,44
2017,Arizona,11,49,28
2017,Oregon State,11,28,49
2017,Air Force,11,14,28
2017,Wyoming,11,28,14
2017,Colorado State,11,52,59
2017,Boise State,11,59,52
2017,Hawai'i,11,21,31
2017,Fresno State,11,31,21
2017,Akron,12,37,34
2017,Ohio,12,34,37
2017,Kent State,12,23,42
2017,Central Michigan,12,42,23
2017,Miami (OH),12,24,27
2017,Eastern Michigan,12,27,24
2017,Northern Illinois,12,35,31
2017,Western Michigan,12,31,35
2017,Bowling Green,12,37,66
2017,Toledo,12,66,37
2017,Ball State,12,24,40
2017,Buffalo,12,40,24
2017,South Florida,12,27,20
2017,Tulsa,12,20,27
2017,Western Kentucky,12,41,38
2017,Middle Tennessee,12,38,41
2017,New Mexico,12,35,38
2017,UNLV,12,38,35
2017,Florida State,12,77,6
2017,Delaware State,12,6,77
2017,Auburn,12,42,14
2017,UL Monroe,12,14,42
2017,Alabama,12,56,0
2017,Mercer,12,0,56
2017,Miami,12,44,28
2017,Virginia,12,28,44
2017,West Virginia,12,14,28
2017,Texas,12,28,14
2017,Northwestern,12,39,0
2017,Minnesota,12,0,39
2017,Memphis,12,66,45
2017,SMU,12,45,66
2017,Arkansas,12,21,28
2017,Mississippi State,12,28,21
2017,East Carolina,12,48,20
2017,Cincinnati,12,20,48
2017,Temple,12,19,45
2017,UCF,12,45,19
2017,Wisconsin,12,24,10
2017,Michigan,12,10,24
2017,Indiana,12,41,0
2017,Rutgers,12,0,41
2017,Texas Tech,12,3,27
2017,TCU,12,27,3
2017,Clemson,12,61,3
2017,The Citadel,12,3,61
2017,Virginia Tech,12,20,14
2017,Pittsburgh,12,14,20
2017,Wyoming,12,7,13
2017,Fresno State,12,13,7
2017,Old Dominion,12,24,21
2017,Rice,12,21,24
2017,Baylor,12,13,23
2017,Iowa State,12,23,13
2017,Arkansas State,12,30,12
2017,Texas State,12,12,30
2017,North Carolina,12,65,10
2017,Western Carolina,12,10,65
2017,Georgia Southern,12,52,0
2017,South Alabama,12,0,52
2017,Oregon State,12,24,40
2017,Arizona State,12,40,24
2017,UTEP,12,21,42
2017,Louisiana Tech,12,42,21
2017,Utah State,12,38,0
2017,Hawai'i,12,0,38
2017,Southern Miss,12,66,21
2017,Charlotte,12,21,66
2017,BYU,12,10,16
2017,Massachusetts,12,16,10
2017,Notre Dame,12,24,17
2017,Navy,12,17,24
2017,Kansas,12,3,41
2017,Oklahoma,12,41,3
2017,Oklahoma State,12,40,45
2017,Kansas State,12,45,40
2017,Iowa,12,15,24
2017,Purdue,12,24,15
2017,Ohio State,12,52,14
2017,Illinois,12,14,52
2017,Colorado State,12,42,14
2017,San José State,12,14,42
2017,Duke,12,43,20
2017,Georgia Tech,12,20,43
2017,Georgia,12,42,13
2017,Kentucky,12,13,42
2017,Louisville,12,56,10
2017,Syracuse,12,10,56
2017,South Carolina,12,31,10
2017,Wofford,12,10,31
2017,Tulane,12,20,17
2017,Houston,12,17,20
2017,Penn State,12,56,44
2017,Nebraska,12,44,56
2017,Michigan State,12,17,7
2017,Maryland,12,7,17
2017,Florida,12,36,7
2017,UAB,12,7,36
2017,Louisiana,12,47,34
2017,New Mexico State,12,34,47
2017,Idaho,12,7,13
2017,Coastal Carolina,12,13,7
2017,North Texas,12,52,49
2017,Army,12,49,52
2017,Tennessee,12,10,30
2017,LSU,12,30,10
2017,UConn,12,16,39
2017,Boston College,12,39,16
2017,Oregon,12,48,28
2017,Arizona,12,28,48
2017,Florida Atlantic,12,52,24
2017,Florida International,12,24,52
2017,Ole Miss,12,24,31
2017,Texas A&M,12,31,24
2017,UTSA,12,9,7
2017,Marshall,12,7,9
2017,Wake Forest,12,30,24
2017,NC State,12,24,30
2017,USC,12,28,23
2017,UCLA,12,23,28
2017,Stanford,12,17,14
2017,California,12,14,17
2017,Vanderbilt,12,17,45
2017,Missouri,12,45,17
2017,Boise State,12,44,19
2017,Air Force,12,19,44
2017,Washington,12,33,30
2017,Utah,12,30,33
2017,San Diego State,12,42,23
2017,Nevada,12,23,42
2017,Akron,13,24,14
2017,Kent State,13,14,24
2017,Eastern Michigan,13,34,31
2017,Bowling Green,13,31,34
2017,Ball State,13,7,28
2017,Miami (OH),13,28,7
2017,Mississippi State,13,28,31
2017,Ole Miss,13,31,28
2017,Toledo,13,37,10
2017,Western Michigan,13,10,37
2017,Houston,13,24,14
2017,Navy,13,14,24
2017,Pittsburgh,13,24,14
2017,Miami,13,14,24
2017,TCU,13,45,22
2017,Baylor,13,22,45
2017,Central Michigan,13,31,24
2017,Northern Illinois,13,24,31
2017,Buffalo,13,31,24
2017,Ohio,13,24,31
2017,Arkansas,13,45,48
2017,Missouri,13,48,45
2017,San Diego State,13,35,10
2017,New Mexico,13,10,35
2017,UCF,13,49,42
2017,South Florida,13,42,49
2017,Troy,13,62,9
2017,Texas State,13,9,62
2017,Nebraska,13,14,56
2017,Iowa,13,56,14
2017,Florida International,13,41,17
2017,Western Kentucky,13,17,41
2017,Texas,13,23,27
2017,Texas Tech,13,27,23
2017,Virginia,13,0,10
2017,Virginia Tech,13,10,0
2017,UCLA,13,30,27
2017,California,13,27,30
2017,Florida,13,22,38
2017,Florida State,13,38,22
2017,Memphis,13,70,13
2017,East Carolina,13,13,70
2017,Oklahoma State,13,58,17
2017,Kansas,13,17,58
2017,Purdue,13,31,24
2017,Indiana,13,24,31
2017,SMU,13,41,38
2017,Tulane,13,38,41
2017,Michigan,13,20,31
2017,Ohio State,13,31,20
2017,Kentucky,13,17,44
2017,Louisville,13,44,17
2017,Cincinnati,13,22,21
2017,UConn,13,21,22
2017,Georgia Tech,13,7,38
2017,Georgia,13,38,7
2017,Syracuse,13,14,42
2017,Boston College,13,42,14
2017,Wake Forest,13,23,31
2017,Duke,13,31,23
2017,Rice,13,14,30
2017,North Texas,13,30,14
2017,UAB,13,28,7
2017,UTEP,13,7,28
2017,Charlotte,13,12,31
2017,Florida Atlantic,13,31,12
2017,Georgia State,13,10,31
2017,App State,13,31,10
2017,Marshall,13,27,28
2017,Southern Miss,13,28,27
2017,UL Monroe,13,50,67
2017,Arkansas State,13,67,50
2017,Middle Tennessee,13,41,10
2017,Old Dominion,13,10,41
2017,Nevada,13,23,16
2017,UNLV,13,16,23
2017,Maryland,13,3,66
2017,Penn State,13,66,3
2017,Minnesota,13,0,31
2017,Wisconsin,13,31,0
2017,Auburn,13,26,14
2017,Alabama,13,14,26
2017,Fresno State,13,28,17
2017,Boise State,13,17,28
2017,NC State,13,33,21
2017,North Carolina,13,21,33
2017,Kansas State,13,20,19
2017,Iowa State,13,19,20
2017,Oklahoma,13,59,31
2017,West Virginia,13,31,59
2017,Tennessee,13,24,42
2017,Vanderbilt,13,42,24
2017,Rutgers,13,7,40
2017,Michigan State,13,40,7
2017,Tulsa,13,22,43
2017,Temple,13,43,22
2017,New Mexico State,13,17,10
2017,Idaho,13,10,17
2017,Illinois,13,7,42
2017,Northwestern,13,42,7
2017,Arizona State,13,42,30
2017,Arizona,13,30,42
2017,Louisiana,13,24,34
2017,Georgia Southern,13,34,24
2017,San José State,13,20,17
2017,Wyoming,13,17,20
2017,Oregon,13,69,10
2017,Oregon State,13,10,69
2017,South Carolina,13,10,34
2017,Clemson,13,34,10
2017,LSU,13,45,21
2017,Texas A&M,13,21,45
2017,Louisiana Tech,13,20,6
2017,UTSA,13,6,20
2017,Stanford,13,38,20
2017,Notre Dame,13,20,38
2017,Washington,13,41,14
2017,Washington State,13,14,41
2017,Hawai'i,13,20,30
2017,BYU,13,30,20
2017,Utah,13,34,13
2017,Colorado,13,13,34
2017,Air Force,13,38,35
2017,Utah State,13,35,38
2017,USC,14,31,28
2017,Stanford,14,28,31
2017,Florida Atlantic,14,41,17
2017,North Texas,14,17,41
2017,Toledo,14,45,28
2017,Akron,14,28,45
2017,Florida International,14,63,45
2017,Massachusetts,14,45,63
2017,Florida State,14,42,10
2017,UL Monroe,14,10,42
2017,UCF,14,62,55
2017,Memphis,14,55,62
2017,Oklahoma,14,41,17
2017,TCU,14,17,41
2017,Coastal Carolina,14,28,17
2017,Georgia Southern,14,17,28
2017,Georgia State,14,10,24
2017,Idaho,14,24,10
2017,App State,14,63,14
2017,Louisiana,14,14,63
2017,Auburn,14,7,28
2017,Georgia,14,28,7
2017,New Mexico State,14,22,17
2017,South Alabama,14,17,22
2017,Arkansas State,14,25,32
2017,Troy,14,32,25
2017,Boise State,14,17,14
2017,Fresno State,14,14,17
2017,Wisconsin,14,21,27
2017,Ohio State,14,27,21
2017,Clemson,14,38,3
2017,Miami,14,3,38
2017,Navy,15,13,14
2017,Army,15,14,13
2018,Massachusetts,1,63,15
2018,Duquesne,1,15,63
2018,Rice,1,31,28
2018,Prairie View A&M,1,28,31
2018,Colorado State,1,34,43
2018,Hawai'i,1,43,34
2018,New Mexico State,1,7,29
2018,Wyoming,1,29,7
2018,Ball State,1,42,6
2018,Central Connecticut,1,6,42
2018,Georgia State,1,24,20
2018,Kennesaw State,1,20,24
2018,Minnesota,1,48,10
2018,New Mexico State,1,10,48
2018,UConn,1,17,56
2018,UCF,1,56,17
2018,Oklahoma State,1,58,17
2018,Missouri State,1,17,58
2018,Purdue,1,27,31
2018,Northwestern,1,31,27
2018,Tulane,1,17,23
2018,Wake Forest,1,23,17
2018,Utah,1,41,10
2018,Weber State,1,10,41
2018,UL Monroe,1,34,31
2018,SE Louisiana,1,31,34
2018,UAB,1,52,0
2018,Savannah State,1,0,52
2018,Texas A&M,1,59,7
2018,Northwestern State,1,7,59
2018,San José State,1,38,44
2018,UC Davis,1,44,38
2018,Western Michigan,1,42,55
2018,Syracuse,1,55,42
2018,Eastern Michigan,1,51,17
2018,Monmouth,1,17,51
2018,Michigan State,1,38,31
2018,Utah State,1,31,38
2018,Duke,1,34,14
2018,Army,1,14,34
2018,Wisconsin,1,34,3
2018,Western Kentucky,1,3,34
2018,Stanford,1,31,10
2018,San Diego State,1,10,31
2018,Nevada,1,72,19
2018,Portland State,1,19,72
2018,Colorado State,1,13,45
2018,Colorado,1,45,13
2018,Rutgers,1,35,7
2018,Texas State,1,7,35
2018,Texas Tech,1,27,47
2018,Ole Miss,1,47,27
2018,NC State,1,24,13
2018,James Madison,1,13,24
2018,Maryland,1,34,29
2018,Texas,1,29,34
2018,South Carolina,1,49,15
2018,Coastal Carolina,1,15,49
2018,Ohio State,1,77,31
2018,Oregon State,1,31,77
2018,Rice,1,27,45
2018,Houston,1,45,27
2018,Oklahoma,1,63,14
2018,Florida Atlantic,1,14,63
2018,Temple,1,17,19
2018,Villanova,1,19,17
2018,TCU,1,55,7
2018,Southern,1,7,55
2018,Illinois,1,31,24
2018,Kent State,1,24,31
2018,Clemson,1,48,7
2018,Furman,1,7,48
2018,Georgia Tech,1,41,0
2018,Alcorn State,1,0,41
2018,Boston College,1,55,21
2018,Massachusetts,1,21,55
2018,Ohio,1,38,32
2018,Howard,1,32,38
2018,Air Force,1,38,0
2018,Stony Brook,1,0,38
2018,Auburn,1,21,16
2018,Washington,1,16,21
2018,Wyoming,1,19,41
2018,Washington State,1,41,19
2018,Georgia,1,45,0
2018,Austin Peay,1,0,45
2018,Pittsburgh,1,33,7
2018,UAlbany,1,7,33
2018,Penn State,1,45,38
2018,App State,1,38,45
2018,Tennessee,1,14,40
2018,West Virginia,1,40,14
2018,Kentucky,1,35,20
2018,Central Michigan,1,20,35
2018,Iowa,1,33,7
2018,Northern Illinois,1,7,33
2018,California,1,24,17
2018,North Carolina,1,17,24
2018,Missouri,1,51,14
2018,UT Martin,1,14,51
2018,USC,1,43,21
2018,UNLV,1,21,43
2018,Arkansas,1,55,20
2018,Eastern Illinois,1,20,55
2018,Miami (OH),1,28,35
2018,Marshall,1,35,28
2018,Liberty,1,52,10
2018,Old Dominion,1,10,52
2018,Charlotte,1,34,10
2018,Fordham,1,10,34
2018,Buffalo,1,48,10
2018,Delaware State,1,10,48
2018,South Florida,1,34,14
2018,Elon,1,14,34
2018,Georgia Southern,1,37,6
2018,South Carolina State,1,6,37
2018,Virginia,1,42,13
2018,Richmond,1,13,42
2018,Troy,1,20,56
2018,Boise State,1,56,20
2018,Louisiana,1,49,17
2018,Grambling,1,17,49
2018,UCLA,1,17,26
2018,Cincinnati,1,26,17
2018,South Alabama,1,26,30
2018,Louisiana Tech,1,30,26
2018,Southern Miss,1,55,7
2018,Jackson State,1,7,55
2018,Arkansas State,1,48,21
2018,Southeast Missouri State,1,21,48
2018,Tulsa,1,38,27
2018,Central Arkansas,1,27,38
2018,Toledo,1,66,3
2018,VMI,1,3,66
2018,Florida International,1,28,38
2018,Indiana,1,38,28
2018,Kansas,1,23,26
2018,Nicholls,1,26,23
2018,Memphis,1,66,14
2018,Mercer,1,14,66
2018,Kansas State,1,27,24
2018,South Dakota,1,24,27
2018,Mississippi State,1,63,6
2018,Stephen F. Austin,1,6,63
2018,Notre Dame,1,24,17
2018,Michigan,1,17,24
2018,Florida,1,53,6
2018,Charleston Southern,1,6,53
2018,North Texas,1,46,23
2018,SMU,1,23,46
2018,UTEP,1,10,30
2018,Northern Arizona,1,30,10
2018,Vanderbilt,1,35,7
2018,Middle Tennessee,1,7,35
2018,New Mexico,1,62,30
2018,Incarnate Word,1,30,62
2018,Oregon,1,58,24
2018,Bowling Green,1,24,58
2018,Baylor,1,55,27
2018,Abilene Christian,1,27,55
2018,Alabama,1,51,14
2018,Louisville,1,14,51
2018,Fresno State,1,79,13
2018,Idaho,1,13,79
2018,Arizona State,1,49,7
2018,UTSA,1,7,49
2018,Arizona,1,23,28
2018,BYU,1,28,23
2018,Hawai'i,1,59,41
2018,Navy,1,41,59
2018,East Carolina,1,23,28
2018,North Carolina A&T,1,28,23
2018,LSU,1,33,17
2018,Miami,1,17,33
2018,Florida State,1,3,24
2018,Virginia Tech,1,24,3
2018,SMU,2,12,42
2018,TCU,2,42,12
2018,Army,2,38,14
2018,Liberty,2,14,38
2018,Kansas State,2,10,31
2018,Mississippi State,2,31,10
2018,Houston,2,45,18
2018,Arizona,2,18,45
2018,Michigan,2,49,3
2018,Western Michigan,2,3,49
2018,Wisconsin,2,45,14
2018,New Mexico,2,14,45
2018,Wake Forest,2,51,20
2018,Towson,2,20,51
2018,Purdue,2,19,20
2018,Eastern Michigan,2,20,19
2018,Vanderbilt,2,41,10
2018,Nevada,2,10,41
2018,Northwestern,2,7,21
2018,Duke,2,21,7
2018,South Florida,2,49,38
2018,Georgia Tech,2,38,49
2018,NC State,2,41,7
2018,Georgia State,2,7,41
2018,Boston College,2,62,14
2018,Holy Cross,2,14,62
2018,Oklahoma,2,49,21
2018,UCLA,2,21,49
2018,Florida Atlantic,2,33,26
2018,Air Force,2,26,33
2018,Oregon,2,62,14
2018,Portland State,2,14,62
2018,Virginia Tech,2,62,17
2018,William & Mary,2,17,62
2018,Central Michigan,2,7,31
2018,Kansas,2,31,7
2018,Temple,2,29,36
2018,Buffalo,2,36,29
2018,East Carolina,2,41,19
2018,North Carolina,2,19,41
2018,Kent State,2,54,14
2018,Howard,2,14,54
2018,Alabama,2,57,7
2018,Arkansas State,2,7,57
2018,Navy,2,22,21
2018,Memphis,2,21,22
2018,Notre Dame,2,24,16
2018,Ball State,2,16,24
2018,Syracuse,2,62,10
2018,Wagner,2,10,62
2018,Nebraska,2,28,33
2018,Colorado,2,33,28
2018,Ohio State,2,52,3
2018,Rutgers,2,3,52
2018,South Carolina,2,17,41
2018,Georgia,2,41,17
2018,Akron,2,41,7
2018,Morgan State,2,7,41
2018,Tennessee,2,59,3
2018,East Tennessee State,2,3,59
2018,Texas Tech,2,77,0
2018,Lamar,2,0,77
2018,Ole Miss,2,76,41
2018,Southern Illinois,2,41,76
2018,Washington,2,45,3
2018,North Dakota,2,3,45
2018,Iowa,2,13,3
2018,Iowa State,2,3,13
2018,Charlotte,2,9,45
2018,App State,2,45,9
2018,UCF,2,38,0
2018,South Carolina State,2,0,38
2018,Georgia Southern,2,34,13
2018,Massachusetts,2,13,34
2018,West Virginia,2,52,17
2018,Youngstown State,2,17,52
2018,Miami,2,77,0
2018,Savannah State,2,0,77
2018,Bowling Green,2,14,45
2018,Maryland,2,45,14
2018,Marshall,2,32,16
2018,Eastern Kentucky,2,16,32
2018,Middle Tennessee,2,61,37
2018,UT Martin,2,37,61
2018,Louisiana Tech,2,54,17
2018,Southern,2,17,54
2018,Troy,2,59,7
2018,Florida A&M,2,7,59
2018,LSU,2,31,0
2018,SE Louisiana,2,0,31
2018,Texas State,2,36,20
2018,Texas Southern,2,20,36
2018,Louisville,2,31,7
2018,Indiana State,2,7,31
2018,Missouri,2,40,13
2018,Wyoming,2,13,40
2018,Coastal Carolina,2,47,24
2018,UAB,2,24,47
2018,Texas A&M,2,26,28
2018,Clemson,2,28,26
2018,Southern Miss,2,20,21
2018,UL Monroe,2,21,20
2018,UTSA,2,20,37
2018,Baylor,2,37,20
2018,Florida State,2,36,26
2018,Samford,2,26,36
2018,Colorado State,2,34,27
2018,Arkansas,2,27,34
2018,Florida,2,16,27
2018,Kentucky,2,27,16
2018,Minnesota,2,21,14
2018,Fresno State,2,14,21
2018,Western Kentucky,2,28,31
2018,Maine,2,31,28
2018,Northern Illinois,2,6,17
2018,Utah,2,17,6
2018,Indiana,2,20,16
2018,Virginia,2,16,20
2018,North Texas,2,58,16
2018,Incarnate Word,2,16,58
2018,Illinois,2,34,14
2018,Western Illinois,2,14,34
2018,Auburn,2,63,9
2018,Alabama State,2,9,63
2018,Old Dominion,2,20,28
2018,Florida International,2,28,20
2018,Pittsburgh,2,6,51
2018,Penn State,2,51,6
2018,Oregon State,2,48,25
2018,Southern Utah,2,25,48
2018,Miami (OH),2,0,21
2018,Cincinnati,2,21,0
2018,Tulane,2,42,17
2018,Nicholls,2,17,42
2018,Utah State,2,60,13
2018,New Mexico State,2,13,60
2018,Oklahoma State,2,55,13
2018,South Alabama,2,13,55
2018,Texas,2,28,21
2018,Tulsa,2,21,28
2018,Stanford,2,17,3
2018,USC,2,3,17
2018,UNLV,2,52,24
2018,UTEP,2,24,52
2018,San Diego State,2,28,14
2018,Sacramento State,2,14,28
2018,Boise State,2,62,7
2018,UConn,2,7,62
2018,BYU,2,18,21
2018,California,2,21,18
2018,Arizona State,2,16,13
2018,Michigan State,2,13,16
2018,Washington State,2,31,0
2018,San José State,2,0,31
2018,Hawai'i,2,43,29
2018,Rice,2,29,43
2018,Campbell,3,21,58
2018,Coastal Carolina,3,58,21
2018,Charlotte,3,28,25
2018,Old Dominion,3,25,28
2018,Wake Forest,3,34,41
2018,Boston College,3,41,34
2018,Utah State,3,73,12
2018,Tennessee Tech,3,12,73
2018,Memphis,3,59,22
2018,Georgia State,3,22,59
2018,Kentucky,3,48,10
2018,Murray State,3,10,48
2018,Syracuse,3,30,7
2018,Florida State,3,7,30
2018,Toledo,3,24,49
2018,Miami,3,49,24
2018,Penn State,3,63,10
2018,Kent State,3,10,63
2018,UConn,3,56,49
2018,Rhode Island,3,49,56
2018,Iowa State,3,27,37
2018,Oklahoma,3,37,27
2018,Indiana,3,38,10
2018,Ball State,3,10,38
2018,Clemson,3,38,7
2018,Georgia Southern,3,7,38
2018,Army,3,28,21
2018,Hawai'i,3,21,28
2018,Nebraska,3,19,24
2018,Troy,3,24,19
2018,Kansas,3,55,14
2018,Rutgers,3,14,55
2018,Tennessee,3,24,0
2018,UTEP,3,0,24
2018,Georgia,3,49,7
2018,Middle Tennessee,3,7,49
2018,Maryland,3,14,35
2018,Temple,3,35,14
2018,Pittsburgh,3,24,19
2018,Georgia Tech,3,19,24
2018,UAB,3,31,24
2018,Tulane,3,24,31
2018,Stanford,3,30,10
2018,UC Davis,3,10,30
2018,Notre Dame,3,22,17
2018,Vanderbilt,3,17,22
2018,Auburn,3,21,22
2018,LSU,3,22,21
2018,Navy,3,51,21
2018,Lehigh,3,21,51
2018,Minnesota,3,26,3
2018,Miami (OH),3,3,26
2018,Northern Illinois,3,24,16
2018,Central Michigan,3,16,24
2018,Illinois,3,19,25
2018,South Florida,3,25,19
2018,Wisconsin,3,21,24
2018,BYU,3,24,21
2018,Michigan,3,45,20
2018,SMU,3,20,45
2018,Baylor,3,27,40
2018,Duke,3,40,27
2018,Oklahoma State,3,44,21
2018,Boise State,3,21,44
2018,Florida,3,48,10
2018,Colorado State,3,10,48
2018,Arkansas,3,17,44
2018,North Texas,3,44,17
2018,Bowling Green,3,42,35
2018,Eastern Kentucky,3,35,42
2018,Wyoming,3,17,14
2018,Wofford,3,14,17
2018,Kansas State,3,41,17
2018,UTSA,3,17,41
2018,Texas Tech,3,63,49
2018,Houston,3,49,63
2018,Virginia,3,45,31
2018,Ohio,3,31,45
2018,Oregon,3,35,22
2018,San José State,3,22,35
2018,Colorado,3,45,14
2018,New Hampshire,3,14,45
2018,California,3,45,23
2018,Idaho State,3,23,45
2018,Florida Atlantic,3,49,28
2018,Bethune-Cookman,3,28,49
2018,Buffalo,3,35,28
2018,Eastern Michigan,3,28,35
2018,Ole Miss,3,7,62
2018,Alabama,3,62,7
2018,South Alabama,3,41,31
2018,Texas State,3,31,41
2018,Tulsa,3,20,29
2018,Arkansas State,3,29,20
2018,Nevada,3,37,35
2018,Oregon State,3,35,37
2018,Cincinnati,3,63,7
2018,Alabama A&M,3,7,63
2018,Western Michigan,3,68,0
2018,Delaware State,3,0,68
2018,Northwestern,3,34,39
2018,Akron,3,39,34
2018,Texas A&M,3,48,10
2018,UL Monroe,3,10,48
2018,Louisville,3,20,17
2018,Western Kentucky,3,17,20
2018,Mississippi State,3,56,10
2018,Louisiana,3,10,56
2018,Purdue,3,37,40
2018,Missouri,3,40,37
2018,Florida International,3,63,24
2018,Massachusetts,3,24,63
2018,Iowa,3,38,14
2018,Northern Iowa,3,14,38
2018,Texas,3,37,14
2018,USC,3,14,37
2018,New Mexico State,3,25,42
2018,New Mexico,3,42,25
2018,TCU,3,28,40
2018,Ohio State,3,40,28
2018,Washington State,3,59,24
2018,Eastern Washington,3,24,59
2018,UNLV,3,46,17
2018,Prairie View A&M,3,17,46
2018,Utah,3,7,21
2018,Washington,3,21,7
2018,UCLA,3,14,38
2018,Fresno State,3,38,14
2018,San Diego State,3,28,21
2018,Arizona State,3,21,28
2018,Arizona,3,62,31
2018,Southern Utah,3,31,62
2018,Temple,4,31,17
2018,Tulsa,4,17,31
2018,UCF,4,56,36
2018,Florida Atlantic,4,36,56
2018,Illinois,4,24,63
2018,Penn State,4,63,24
2018,USC,4,39,36
2018,Washington State,4,36,39
2018,Cincinnati,4,34,30
2018,Ohio,4,30,34
2018,Maryland,4,42,13
2018,Minnesota,4,13,42
2018,Michigan,4,56,10
2018,Nebraska,4,10,56
2018,Toledo,4,63,44
2018,Nevada,4,44,63
2018,Rutgers,4,13,42
2018,Buffalo,4,42,13
2018,Iowa State,4,26,13
2018,Akron,4,13,26
2018,Missouri,4,29,43
2018,Georgia,4,43,29
2018,Wake Forest,4,27,56
2018,Notre Dame,4,56,27
2018,SMU,4,31,30
2018,Navy,4,30,31
2018,Purdue,4,30,13
2018,Boston College,4,13,30
2018,Ole Miss,4,38,17
2018,Kent State,4,17,38
2018,North Carolina,4,38,35
2018,Pittsburgh,4,35,38
2018,Virginia,4,27,3
2018,Louisville,4,3,27
2018,Georgia State,4,15,34
2018,Western Michigan,4,34,15
2018,Central Michigan,4,17,5
2018,Maine,4,5,17
2018,Colorado State,4,19,35
2018,Illinois State,4,35,19
2018,Ball State,4,20,28
2018,Western Kentucky,4,28,20
2018,Bowling Green,4,23,38
2018,Miami (OH),4,38,23
2018,Alabama,4,45,23
2018,Texas A&M,4,23,45
2018,West Virginia,4,35,6
2018,Kansas State,4,6,35
2018,Old Dominion,4,49,35
2018,Virginia Tech,4,35,49
2018,Massachusetts,4,49,31
2018,Charlotte,4,31,49
2018,Georgia Tech,4,21,49
2018,Clemson,4,49,21
2018,Baylor,4,26,7
2018,Kansas,4,7,26
2018,Ohio State,4,49,6
2018,Tulane,4,6,49
2018,Miami,4,31,17
2018,Florida International,4,17,31
2018,App State,4,72,7
2018,Gardner-Webb,4,7,72
2018,Duke,4,55,13
2018,North Carolina Central,4,13,55
2018,Florida State,4,37,19
2018,Northern Illinois,4,19,37
2018,Oregon State,4,14,35
2018,Arizona,4,35,14
2018,Syracuse,4,51,21
2018,UConn,4,21,51
2018,Vanderbilt,4,14,37
2018,South Carolina,4,37,14
2018,Texas,4,31,16
2018,TCU,4,16,31
2018,Liberty,4,7,47
2018,North Texas,4,47,7
2018,BYU,4,30,3
2018,McNeese,4,3,30
2018,Tennessee,4,21,47
2018,Florida,4,47,21
2018,Louisiana,4,28,30
2018,Coastal Carolina,4,30,28
2018,UL Monroe,4,27,35
2018,Troy,4,35,27
2018,UTSA,4,25,21
2018,Texas State,4,21,25
2018,Oklahoma State,4,17,41
2018,Texas Tech,4,41,17
2018,Kentucky,4,28,7
2018,Mississippi State,4,7,28
2018,Marshall,4,20,37
2018,NC State,4,37,20
2018,LSU,4,38,21
2018,Louisiana Tech,4,21,38
2018,Southern Miss,4,40,22
2018,Rice,4,22,40
2018,Oklahoma,4,28,21
2018,Army,4,21,28
2018,Arkansas State,4,27,20
2018,UNLV,4,20,27
2018,UTEP,4,20,27
2018,New Mexico State,4,27,20
2018,Auburn,4,34,3
2018,Arkansas,4,3,34
2018,Indiana,4,21,35
2018,Michigan State,4,35,21
2018,Houston,4,70,14
2018,Texas Southern,4,14,70
2018,Memphis,4,52,35
2018,South Alabama,4,35,52
2018,South Florida,4,20,13
2018,East Carolina,4,13,20
2018,Oregon,4,31,38
2018,Stanford,4,38,31
2018,Iowa,4,17,28
2018,Wisconsin,4,28,17
2018,San Diego State,4,23,20
2018,Eastern Michigan,4,20,23
2018,Utah State,4,42,32
2018,Air Force,4,32,42
2018,Washington,4,27,20
2018,Arizona State,4,20,27
2018,Hawai'i,4,42,21
2018,Duquesne,4,21,42
2018,Miami,5,47,10
2018,North Carolina,5,10,47
2018,Tulane,5,40,24
2018,Memphis,5,24,40
2018,Colorado,5,38,16
2018,UCLA,5,16,38
2018,Texas A&M,5,24,17
2018,Arkansas,5,17,24
2018,Rutgers,5,17,24
2018,Indiana,5,24,17
2018,Michigan State,5,31,20
2018,Central Michigan,5,20,31
2018,Georgia Tech,5,63,17
2018,Bowling Green,5,17,63
2018,Boston College,5,45,35
2018,Temple,5,35,45
2018,Clemson,5,27,23
2018,Syracuse,5,23,27
2018,Alabama,5,56,14
2018,Louisiana,5,14,56
2018,Kansas,5,28,48
2018,Oklahoma State,5,48,28
2018,Texas Tech,5,34,42
2018,West Virginia,5,42,34
2018,Buffalo,5,13,42
2018,Army,5,42,13
2018,NC State,5,35,21
2018,Virginia,5,21,35
2018,Georgia State,5,46,14
2018,UL Monroe,5,14,46
2018,Ohio,5,58,42
2018,Massachusetts,5,42,58
2018,Ball State,5,52,24
2018,Kent State,5,24,52
2018,UCF,5,45,14
2018,Pittsburgh,5,14,45
2018,Kansas State,5,14,19
2018,Texas,5,19,14
2018,Nebraska,5,28,42
2018,Purdue,5,42,28
2018,Oklahoma,5,66,33
2018,Baylor,5,33,66
2018,App State,5,52,7
2018,South Alabama,5,7,52
2018,Georgia,5,38,12
2018,Tennessee,5,12,38
2018,Miami (OH),5,39,40
2018,Western Michigan,5,40,39
2018,Troy,5,45,21
2018,Coastal Carolina,5,21,45
2018,East Carolina,5,37,35
2018,Old Dominion,5,35,37
2018,Louisville,5,24,28
2018,Florida State,5,28,24
2018,UConn,5,7,49
2018,Cincinnati,5,49,7
2018,Wake Forest,5,56,24
2018,Rice,5,24,56
2018,Auburn,5,24,13
2018,Southern Miss,5,13,24
2018,Vanderbilt,5,31,27
2018,Tennessee State,5,27,31
2018,Air Force,5,25,28
2018,Nevada,5,28,25
2018,Northwestern,5,17,20
2018,Michigan,5,20,17
2018,Georgia Southern,5,28,21
2018,Arkansas State,5,21,28
2018,Eastern Michigan,5,23,26
2018,Northern Illinois,5,26,23
2018,Washington State,5,28,24
2018,Utah,5,24,28
2018,New Mexico,5,43,52
2018,Liberty,5,52,43
2018,Mississippi State,5,6,13
2018,Florida,5,13,6
2018,Middle Tennessee,5,25,24
2018,Florida Atlantic,5,24,25
2018,SMU,5,63,27
2018,Houston Christian,5,27,63
2018,UTSA,5,30,21
2018,UTEP,5,21,30
2018,Wyoming,5,14,34
2018,Boise State,5,34,14
2018,UAB,5,28,7
2018,Charlotte,5,7,28
2018,Duke,5,14,31
2018,Virginia Tech,5,31,14
2018,San José State,5,41,44
2018,Hawai'i,5,44,41
2018,TCU,5,17,14
2018,Iowa State,5,14,17
2018,North Texas,5,27,29
2018,Louisiana Tech,5,29,27
2018,Penn State,5,26,27
2018,Ohio State,5,27,26
2018,Western Kentucky,5,17,20
2018,Marshall,5,20,17
2018,Kentucky,5,24,10
2018,South Carolina,5,10,24
2018,Notre Dame,5,38,17
2018,Stanford,5,17,38
2018,Florida International,5,55,9
2018,Arkansas-Pine Bluff,5,9,55
2018,Washington,5,35,7
2018,BYU,5,7,35
2018,LSU,5,45,16
2018,Ole Miss,5,16,45
2018,Arizona State,5,52,24
2018,Oregon State,5,24,52
2018,Fresno State,5,49,27
2018,Toledo,5,27,49
2018,Arizona,5,20,24
2018,USC,5,24,20
2018,California,5,24,42
2018,Oregon,5,42,24
2018,Troy,6,37,20
2018,Georgia State,6,20,37
2018,Houston,6,41,26
2018,Tulsa,6,26,41
2018,Louisville,6,31,66
2018,Georgia Tech,6,66,31
2018,Marshall,6,24,34
2018,Middle Tennessee,6,34,24
2018,BYU,6,20,45
2018,Utah State,6,45,20
2018,South Carolina,6,37,35
2018,Missouri,6,35,37
2018,Central Michigan,6,24,34
2018,Buffalo,6,34,24
2018,West Virginia,6,38,22
2018,Kansas,6,22,38
2018,Oklahoma,6,45,48
2018,Texas,6,48,45
2018,Michigan,6,42,21
2018,Maryland,6,21,42
2018,Temple,6,49,6
2018,East Carolina,6,6,49
2018,Rutgers,6,17,38
2018,Illinois,6,38,17
2018,Cincinnati,6,37,21
2018,Tulane,6,21,37
2018,Michigan State,6,19,29
2018,Northwestern,6,29,19
2018,Arkansas,6,31,65
2018,Alabama,6,65,31
2018,Western Michigan,6,27,24
2018,Eastern Michigan,6,24,27
2018,Pittsburgh,6,44,37
2018,Syracuse,6,37,44
2018,NC State,6,28,23
2018,Boston College,6,23,28
2018,Ball State,6,16,24
2018,Northern Illinois,6,24,16
2018,Baylor,6,37,34
2018,Kansas State,6,34,37
2018,Boise State,6,13,19
2018,San Diego State,6,19,13
2018,Massachusetts,6,42,58
2018,South Florida,6,58,42
2018,Oklahoma State,6,42,48
2018,Iowa State,6,48,42
2018,Miami,6,28,27
2018,Florida State,6,27,28
2018,Air Force,6,35,7
2018,Navy,6,7,35
2018,Kent State,6,26,27
2018,Ohio,6,27,26
2018,Minnesota,6,31,48
2018,Iowa,6,48,31
2018,Akron,6,17,41
2018,Miami (OH),6,41,17
2018,Florida,6,27,19
2018,LSU,6,19,27
2018,Georgia Southern,6,48,13
2018,South Alabama,6,13,48
2018,Wake Forest,6,3,63
2018,Clemson,6,63,3
2018,Toledo,6,52,36
2018,Bowling Green,6,36,52
2018,Ohio State,6,49,26
2018,Indiana,6,26,49
2018,UNLV,6,14,50
2018,New Mexico,6,50,14
2018,Ole Miss,6,70,21
2018,UL Monroe,6,21,70
2018,Colorado,6,28,21
2018,Arizona State,6,21,28
2018,Florida Atlantic,6,52,33
2018,Old Dominion,6,33,52
2018,Louisiana Tech,6,7,28
2018,UAB,6,28,7
2018,UCF,6,48,20
2018,SMU,6,20,48
2018,Rice,6,3,20
2018,UTSA,6,20,3
2018,Texas State,6,27,42
2018,Louisiana,6,42,27
2018,Texas A&M,6,20,14
2018,Kentucky,6,14,20
2018,Memphis,6,55,14
2018,UConn,6,14,55
2018,Georgia,6,41,13
2018,Vanderbilt,6,13,41
2018,Mississippi State,6,23,9
2018,Auburn,6,9,23
2018,UTEP,6,24,27
2018,North Texas,6,27,24
2018,Wisconsin,6,41,24
2018,Nebraska,6,24,41
2018,UCLA,6,24,31
2018,Washington,6,31,24
2018,New Mexico State,6,49,41
2018,Liberty,6,41,49
2018,Virginia Tech,6,23,45
2018,Notre Dame,6,45,23
2018,Oregon State,6,37,56
2018,Washington State,6,56,37
2018,Arizona,6,24,17
2018,California,6,17,24
2018,Nevada,6,3,21
2018,Fresno State,6,21,3
2018,Stanford,6,21,40
2018,Utah,6,40,21
2018,San José State,6,30,42
2018,Colorado State,6,42,30
2018,Hawai'i,6,17,13
2018,Wyoming,6,13,17
2018,Arkansas State,7,9,35
2018,App State,7,35,9
2018,Texas State,7,13,15
2018,Georgia Southern,7,15,13
2018,TCU,7,14,17
2018,Texas Tech,7,17,14
2018,Tulsa,7,24,25
2018,South Florida,7,25,24
2018,San Diego State,7,21,17
2018,Air Force,7,17,21
2018,Utah,7,42,10
2018,Arizona,7,10,42
2018,Northwestern,7,34,31
2018,Nebraska,7,31,34
2018,Vanderbilt,7,27,37
2018,Florida,7,37,27
2018,Ohio State,7,30,14
2018,Minnesota,7,14,30
2018,Eastern Michigan,7,28,26
2018,Toledo,7,26,28
2018,Indiana,7,16,42
2018,Iowa,7,42,16
2018,Kansas State,7,31,12
2018,Oklahoma State,7,12,31
2018,Maryland,7,34,7
2018,Rutgers,7,7,34
2018,Buffalo,7,24,6
2018,Akron,7,6,24
2018,Auburn,7,24,30
2018,Tennessee,7,30,24
2018,Georgia Tech,7,14,28
2018,Duke,7,28,14
2018,Boston College,7,38,20
2018,Louisville,7,20,38
2018,Rice,7,0,42
2018,UAB,7,42,0
2018,Liberty,7,22,16
2018,Troy,7,16,22
2018,North Texas,7,30,7
2018,Southern Miss,7,7,30
2018,Notre Dame,7,19,14
2018,Pittsburgh,7,14,19
2018,Miami (OH),7,31,6
2018,Kent State,7,6,31
2018,Bowling Green,7,35,42
2018,Western Michigan,7,42,35
2018,Central Michigan,7,23,24
2018,Ball State,7,24,23
2018,Charlotte,7,40,14
2018,Western Kentucky,7,14,40
2018,Penn State,7,17,21
2018,Michigan State,7,21,17
2018,South Carolina,7,23,26
2018,Texas A&M,7,26,23
2018,San José State,7,3,52
2018,Army,7,52,3
2018,Old Dominion,7,20,42
2018,Marshall,7,42,20
2018,Oregon,7,30,27
2018,Washington,7,27,30
2018,Northern Illinois,7,24,21
2018,Ohio,7,21,24
2018,Illinois,7,7,46
2018,Purdue,7,46,7
2018,Texas,7,23,17
2018,Baylor,7,17,23
2018,Memphis,7,30,31
2018,UCF,7,31,30
2018,LSU,7,36,16
2018,Georgia,7,16,36
2018,Navy,7,17,24
2018,Temple,7,24,17
2018,Utah State,7,59,28
2018,UNLV,7,28,59
2018,Colorado State,7,20,18
2018,New Mexico,7,18,20
2018,Louisiana,7,66,38
2018,New Mexico State,7,38,66
2018,South Alabama,7,45,7
2018,Alabama State,7,7,45
2018,Coastal Carolina,7,20,45
2018,UL Monroe,7,45,20
2018,East Carolina,7,20,42
2018,Houston,7,42,20
2018,Iowa State,7,30,14
2018,West Virginia,7,14,30
2018,Alabama,7,39,10
2018,Missouri,7,10,39
2018,California,7,7,37
2018,UCLA,7,37,7
2018,North Carolina,7,19,22
2018,Virginia Tech,7,22,19
2018,UTSA,7,3,31
2018,Louisiana Tech,7,31,3
2018,Virginia,7,16,13
2018,Miami,7,13,16
2018,Arkansas,7,33,37
2018,Ole Miss,7,37,33
2018,Michigan,7,38,13
2018,Wisconsin,7,13,38
2018,Florida International,7,24,21
2018,Middle Tennessee,7,21,24
2018,BYU,7,49,23
2018,Hawai'i,7,23,49
2018,USC,7,31,20
2018,Colorado,7,20,31
2018,Fresno State,7,27,3
2018,Wyoming,7,3,27
2018,Nevada,7,27,31
2018,Boise State,7,31,27
2018,Arkansas State,8,51,35
2018,Georgia State,8,35,51
2018,Arizona State,8,13,20
2018,Stanford,8,20,13
2018,Boise State,8,56,28
2018,Colorado State,8,28,56
2018,UNLV,8,35,41
2018,Air Force,8,41,35
2018,Toledo,8,17,31
2018,Buffalo,8,31,17
2018,Ole Miss,8,16,31
2018,Auburn,8,31,16
2018,Iowa,8,23,0
2018,Maryland,8,0,23
2018,Michigan State,8,7,21
2018,Michigan,8,21,7
2018,Army,8,31,30
2018,Miami (OH),8,30,31
2018,Temple,8,24,17
2018,Cincinnati,8,17,24
2018,Wisconsin,8,49,20
2018,Illinois,8,20,49
2018,Rutgers,8,15,18
2018,Northwestern,8,18,15
2018,TCU,8,27,52
2018,Oklahoma,8,52,27
2018,Arkansas,8,23,0
2018,Tulsa,8,0,23
2018,Syracuse,8,40,37
2018,North Carolina,8,37,40
2018,Duke,8,14,28
2018,Virginia,8,28,14
2018,Liberty,8,48,41
2018,Idaho State,8,41,48
2018,Ohio,8,49,14
2018,Bowling Green,8,14,49
2018,Wyoming,8,16,24
2018,Utah State,8,24,16
2018,Marshall,8,31,7
2018,Florida Atlantic,8,7,31
2018,Middle Tennessee,8,21,13
2018,Charlotte,8,13,21
2018,Ball State,8,20,42
2018,Eastern Michigan,8,42,20
2018,Central Michigan,8,10,35
2018,Western Michigan,8,35,10
2018,Nebraska,8,53,28
2018,Minnesota,8,28,53
2018,Louisiana Tech,8,31,24
2018,UTEP,8,24,31
2018,Massachusetts,8,13,24
2018,Coastal Carolina,8,24,13
2018,App State,8,27,17
2018,Louisiana,8,17,27
2018,Texas Tech,8,48,16
2018,Kansas,8,16,48
2018,Clemson,8,41,7
2018,NC State,8,7,41
2018,Florida State,8,38,17
2018,Wake Forest,8,17,38
2018,Washington,8,27,13
2018,Colorado,8,13,27
2018,Indiana,8,28,33
2018,Penn State,8,33,28
2018,Tulane,8,23,27
2018,SMU,8,27,23
2018,Navy,8,36,49
2018,Houston,8,49,36
2018,Tennessee,8,21,58
2018,Alabama,8,58,21
2018,Kent State,8,23,24
2018,Akron,8,24,23
2018,Oregon State,8,7,49
2018,California,8,49,7
2018,Missouri,8,65,33
2018,Memphis,8,33,65
2018,New Mexico State,8,31,48
2018,Georgia Southern,8,48,31
2018,South Florida,8,38,30
2018,UConn,8,30,38
2018,East Carolina,8,10,37
2018,UCF,8,37,10
2018,UL Monroe,8,20,14
2018,Texas State,8,14,20
2018,Southern Miss,8,27,17
2018,UTSA,8,17,27
2018,LSU,8,19,3
2018,Mississippi State,8,3,19
2018,Purdue,8,49,20
2018,Ohio State,8,20,49
2018,Washington State,8,34,20
2018,Oregon,8,20,34
2018,Western Kentucky,8,34,37
2018,Old Dominion,8,37,34
2018,UAB,8,29,21
2018,North Texas,8,21,29
2018,New Mexico,8,7,38
2018,Fresno State,8,38,7
2018,Florida International,8,36,17
2018,Rice,8,17,36
2018,Kentucky,8,14,7
2018,Vanderbilt,8,7,14
2018,Utah,8,41,28
2018,USC,8,28,41
2018,UCLA,8,31,30
2018,Arizona,8,30,31
2018,San Diego State,8,16,13
2018,San José State,8,13,16
2018,Hawai'i,8,22,40
2018,Nevada,8,40,22
2018,South Alabama,9,17,38
2018,Troy,9,38,17
2018,West Virginia,9,58,14
2018,Baylor,9,14,58
2018,Ohio,9,52,14
2018,Ball State,9,14,52
2018,Western Michigan,9,24,51
2018,Toledo,9,51,24
2018,Virginia Tech,9,28,49
2018,Georgia Tech,9,49,28
2018,Georgia Southern,9,34,14
2018,App State,9,14,34
2018,Florida Atlantic,9,13,21
2018,Louisiana Tech,9,21,13
2018,Boston College,9,27,14
2018,Miami,9,14,27
2018,Minnesota,9,38,31
2018,Indiana,9,31,38
2018,Colorado State,9,21,34
2018,Wyoming,9,34,21
2018,UCLA,9,10,41
2018,Utah,9,41,10
2018,Iowa State,9,40,31
2018,Texas Tech,9,31,40
2018,Louisville,9,35,56
2018,Wake Forest,9,56,35
2018,Florida State,9,10,59
2018,Clemson,9,59,10
2018,Northwestern,9,31,17
2018,Wisconsin,9,17,31
2018,Nebraska,9,45,9
2018,Bethune-Cookman,9,9,45
2018,Akron,9,17,10
2018,Central Michigan,9,10,17
2018,Eastern Michigan,9,22,37
2018,Army,9,37,22
2018,UConn,9,17,22
2018,Massachusetts,9,22,17
2018,Arkansas,9,31,45
2018,Vanderbilt,9,45,31
2018,Michigan State,9,23,13
2018,Purdue,9,13,23
2018,Virginia,9,31,21
2018,North Carolina,9,21,31
2018,Georgia State,9,34,37
2018,Coastal Carolina,9,37,34
2018,Charlotte,9,20,17
2018,Southern Miss,9,17,20
2018,Kansas,9,27,26
2018,TCU,9,26,27
2018,Colorado,9,34,41
2018,Oregon State,9,41,34
2018,Penn State,9,30,24
2018,Iowa,9,24,30
2018,Houston,9,57,36
2018,South Florida,9,36,57
2018,Oklahoma,9,51,14
2018,Kansas State,9,14,51
2018,Old Dominion,9,17,51
2018,Middle Tennessee,9,51,17
2018,Maryland,9,63,33
2018,Illinois,9,33,63
2018,USC,9,35,38
2018,Arizona State,9,38,35
2018,BYU,9,6,7
2018,Northern Illinois,9,7,6
2018,SMU,9,20,26
2018,Cincinnati,9,26,20
2018,Georgia,9,36,17
2018,Florida,9,17,36
2018,Pittsburgh,9,54,45
2018,Duke,9,45,54
2018,Missouri,9,14,15
2018,Kentucky,9,15,14
2018,Utah State,9,61,19
2018,New Mexico,9,19,61
2018,North Texas,9,41,17
2018,Rice,9,17,41
2018,California,9,12,10
2018,Washington,9,10,12
2018,San José State,9,50,37
2018,UNLV,9,37,50
2018,Syracuse,9,51,41
2018,NC State,9,41,51
2018,Texas State,9,27,20
2018,New Mexico State,9,20,27
2018,Louisiana,9,47,43
2018,Arkansas State,9,43,47
2018,Stanford,9,38,41
2018,Washington State,9,41,38
2018,Mississippi State,9,28,13
2018,Texas A&M,9,13,28
2018,Tulsa,9,17,24
2018,Tulane,9,24,17
2018,Air Force,9,38,48
2018,Boise State,9,48,38
2018,Western Kentucky,9,17,38
2018,Florida International,9,38,17
2018,South Carolina,9,27,24
2018,Tennessee,9,24,27
2018,UTEP,9,0,19
2018,UAB,9,19,0
2018,Navy,9,22,44
2018,Notre Dame,9,44,22
2018,Oklahoma State,9,38,35
2018,Texas,9,35,38
2018,Fresno State,9,50,20
2018,Hawai'i,9,20,50
2018,Arizona,9,44,15
2018,Oregon,9,15,44
2018,Nevada,9,28,24
2018,San Diego State,9,24,28
2018,Bowling Green,10,28,35
2018,Kent State,10,35,28
2018,Buffalo,10,51,42
2018,Miami (OH),10,42,51
2018,Toledo,10,45,13
2018,Ball State,10,13,45
2018,Western Michigan,10,14,59
2018,Ohio,10,59,14
2018,Akron,10,26,36
2018,Northern Illinois,10,36,26
2018,UCF,10,52,40
2018,Temple,10,40,52
2018,Virginia,10,13,23
2018,Pittsburgh,10,23,13
2018,Middle Tennessee,10,29,10
2018,Western Kentucky,10,10,29
2018,Arizona,10,42,34
2018,Colorado,10,34,42
2018,Army,10,17,14
2018,Air Force,10,14,17
2018,Wake Forest,10,24,41
2018,Syracuse,10,41,24
2018,Wisconsin,10,31,17
2018,Rutgers,10,17,31
2018,Maryland,10,3,24
2018,Michigan State,10,24,3
2018,Baylor,10,35,31
2018,Oklahoma State,10,31,35
2018,Ole Miss,10,44,48
2018,South Carolina,10,48,44
2018,Clemson,10,77,16
2018,Louisville,10,16,77
2018,East Carolina,10,41,59
2018,Memphis,10,59,41
2018,Kansas,10,3,27
2018,Iowa State,10,27,3
2018,Eastern Michigan,10,17,7
2018,Central Michigan,10,7,17
2018,Auburn,10,28,24
2018,Texas A&M,10,24,28
2018,Ohio State,10,36,31
2018,Nebraska,10,31,36
2018,North Carolina,10,28,38
2018,Georgia Tech,10,38,28
2018,Wyoming,10,24,9
2018,San José State,10,9,24
2018,Georgia State,10,30,40
2018,Texas State,10,40,30
2018,UL Monroe,10,44,25
2018,Georgia Southern,10,25,44
2018,Southern Miss,10,26,24
2018,Marshall,10,24,26
2018,Arkansas State,10,38,14
2018,South Alabama,10,14,38
2018,Massachusetts,10,62,59
2018,Liberty,10,59,62
2018,Troy,10,26,16
2018,Louisiana,10,16,26
2018,South Florida,10,15,41
2018,Tulane,10,41,15
2018,Illinois,10,55,31
2018,Minnesota,10,31,55
2018,Purdue,10,38,36
2018,Iowa,10,36,38
2018,Texas,10,41,42
2018,West Virginia,10,42,41
2018,TCU,10,14,13
2018,Kansas State,10,13,14
2018,Rice,10,26,34
2018,UTEP,10,34,26
2018,NC State,10,47,28
2018,Florida State,10,28,47
2018,Cincinnati,10,42,0
2018,Navy,10,0,42
2018,Kentucky,10,17,34
2018,Georgia,10,34,17
2018,Michigan,10,42,7
2018,Penn State,10,7,42
2018,Virginia Tech,10,21,31
2018,Boston College,10,31,21
2018,New Mexico State,10,52,42
2018,Alcorn State,10,42,52
2018,Arizona State,10,38,20
2018,Utah,10,20,38
2018,Florida,10,17,38
2018,Missouri,10,38,17
2018,Tennessee,10,14,3
2018,Charlotte,10,3,14
2018,Coastal Carolina,10,7,23
2018,App State,10,23,7
2018,Tulsa,10,49,19
2018,UConn,10,19,49
2018,Miami,10,12,20
2018,Duke,10,20,12
2018,SMU,10,45,31
2018,Houston,10,31,45
2018,Northwestern,10,21,31
2018,Notre Dame,10,31,21
2018,UAB,10,52,3
2018,UTSA,10,3,52
2018,Mississippi State,10,45,3
2018,Louisiana Tech,10,3,45
2018,Florida International,10,14,49
2018,Florida Atlantic,10,49,14
2018,Oregon,10,42,21
2018,UCLA,10,21,42
2018,LSU,10,0,29
2018,Alabama,10,29,0
2018,Texas Tech,10,46,51
2018,Oklahoma,10,51,46
2018,Washington,10,27,23
2018,Stanford,10,23,27
2018,Oregon State,10,21,38
2018,USC,10,38,21
2018,Boise State,10,21,16
2018,BYU,10,16,21
2018,New Mexico,10,23,31
2018,San Diego State,10,31,23
2018,UNLV,10,3,48
2018,Fresno State,10,48,3
2018,Washington State,10,19,13
2018,California,10,13,19
2018,Hawai'i,10,17,56
2018,Utah State,10,56,17
2018,Buffalo,11,48,14
2018,Kent State,11,14,48
2018,Miami (OH),11,30,28
2018,Ohio,11,28,30
2018,Northern Illinois,11,38,15
2018,Toledo,11,15,38
2018,NC State,11,23,27
2018,Wake Forest,11,27,23
2018,Syracuse,11,54,23
2018,Louisville,11,23,54
2018,Boise State,11,24,17
2018,Fresno State,11,17,24
2018,Army,11,31,13
2018,Lafayette,11,13,31
2018,Nebraska,11,54,35
2018,Illinois,11,35,54
2018,Eastern Michigan,11,27,7
2018,Akron,11,7,27
2018,Memphis,11,47,21
2018,Tulsa,11,21,47
2018,Kansas State,11,21,17
2018,Kansas,11,17,21
2018,Florida,11,35,31
2018,South Carolina,11,31,35
2018,West Virginia,11,47,10
2018,TCU,11,10,47
2018,UConn,11,50,62
2018,SMU,11,62,50
2018,Missouri,11,33,28
2018,Vanderbilt,11,28,33
2018,Indiana,11,34,32
2018,Maryland,11,32,34
2018,Texas A&M,11,38,24
2018,Ole Miss,11,24,38
2018,Massachusetts,11,16,35
2018,BYU,11,35,16
2018,UCF,11,35,24
2018,Navy,11,24,35
2018,Penn State,11,22,10
2018,Wisconsin,11,10,22
2018,Michigan State,11,6,26
2018,Ohio State,11,26,6
2018,Duke,11,42,35
2018,North Carolina,11,35,42
2018,Georgia Southern,11,21,35
2018,Troy,11,35,21
2018,Arizona State,11,31,28
2018,UCLA,11,28,31
2018,Marshall,11,30,13
2018,Charlotte,11,13,30
2018,Virginia,11,45,24
2018,Liberty,11,24,45
2018,UTEP,11,32,48
2018,Middle Tennessee,11,48,32
2018,Central Michigan,11,13,24
2018,Bowling Green,11,24,13
2018,Colorado,11,7,31
2018,Washington State,11,31,7
2018,Iowa,11,10,14
2018,Northwestern,11,14,10
2018,Minnesota,11,41,10
2018,Purdue,11,10,41
2018,Iowa State,11,28,14
2018,Baylor,11,14,28
2018,Old Dominion,11,34,31
2018,North Texas,11,31,34
2018,Rutgers,11,7,42
2018,Michigan,11,42,7
2018,Oklahoma,11,48,47
2018,Oklahoma State,11,47,48
2018,Pittsburgh,11,52,22
2018,Virginia Tech,11,22,52
2018,Alabama,11,24,0
2018,Mississippi State,11,0,24
2018,Air Force,11,42,24
2018,New Mexico,11,24,42
2018,Tennessee,11,24,7
2018,Kentucky,11,7,24
2018,Tulane,11,24,18
2018,East Carolina,11,18,24
2018,Utah State,11,62,24
2018,San José State,11,24,62
2018,Texas State,11,7,38
2018,App State,11,38,7
2018,Louisiana,11,36,22
2018,Georgia State,11,22,36
2018,South Alabama,11,10,38
2018,UL Monroe,11,38,10
2018,Florida Atlantic,11,34,15
2018,Western Kentucky,11,15,34
2018,Coastal Carolina,11,16,44
2018,Arkansas State,11,44,16
2018,Utah,11,32,25
2018,Oregon,11,25,32
2018,Cincinnati,11,35,23
2018,South Florida,11,23,35
2018,UTSA,11,7,45
2018,Florida International,11,45,7
2018,Georgia Tech,11,27,21
2018,Miami,11,21,27
2018,Louisiana Tech,11,28,13
2018,Rice,11,13,28
2018,Houston,11,49,59
2018,Temple,11,59,49
2018,Georgia,11,27,10
2018,Auburn,11,10,27
2018,Texas Tech,11,34,41
2018,Texas,11,41,34
2018,UAB,11,26,23
2018,Southern Miss,11,23,26
2018,Notre Dame,11,42,13
2018,Florida State,11,13,42
2018,Arkansas,11,17,24
2018,LSU,11,24,17
2018,Boston College,11,7,27
2018,Clemson,11,27,7
2018,Stanford,11,48,17
2018,Oregon State,11,17,48
2018,USC,11,14,15
2018,California,11,15,14
2018,Nevada,11,49,10
2018,Colorado State,11,10,49
2018,San Diego State,11,24,27
2018,UNLV,11,27,24
2018,Ball State,12,42,41
2018,Western Michigan,12,41,42
2018,Ohio,12,52,17
2018,Buffalo,12,17,52
2018,Northern Illinois,12,7,13
2018,Miami (OH),12,13,7
2018,Kent State,12,34,56
2018,Toledo,12,56,34
2018,Houston,12,48,17
2018,Tulane,12,17,48
2018,North Texas,12,41,38
2018,Florida Atlantic,12,38,41
2018,New Mexico,12,14,45
2018,Boise State,12,45,14
2018,SMU,12,18,28
2018,Memphis,12,28,18
2018,Maryland,12,51,52
2018,Ohio State,12,52,51
2018,Nebraska,12,9,6
2018,Michigan State,12,6,9
2018,Minnesota,12,14,24
2018,Northwestern,12,24,14
2018,Wake Forest,12,13,34
2018,Pittsburgh,12,34,13
2018,Army,12,28,14
2018,Colgate,12,14,28
2018,Baylor,12,9,16
2018,TCU,12,16,9
2018,Florida,12,63,10
2018,Idaho,12,10,63
2018,Alabama,12,50,17
2018,The Citadel,12,17,50
2018,Rutgers,12,7,20
2018,Penn State,12,20,7
2018,Mississippi State,12,52,6
2018,Arkansas,12,6,52
2018,Kentucky,12,34,23
2018,Middle Tennessee,12,23,34
2018,Temple,12,27,17
2018,South Florida,12,17,27
2018,Louisville,12,10,52
2018,NC State,12,52,10
2018,Colorado,12,7,30
2018,Utah,12,30,7
2018,Charlotte,12,35,42
2018,Florida International,12,42,35
2018,Colorado State,12,24,29
2018,Utah State,12,29,24
2018,Old Dominion,12,77,14
2018,VMI,12,14,77
2018,App State,12,45,17
2018,Georgia State,12,17,45
2018,Notre Dame,12,36,3
2018,Syracuse,12,3,36
2018,Marshall,12,23,0
2018,UTSA,12,0,23
2018,Arkansas State,12,31,17
2018,UL Monroe,12,17,31
2018,North Carolina,12,49,26
2018,Western Carolina,12,26,49
2018,San José State,12,12,21
2018,Nevada,12,21,12
2018,Troy,12,12,7
2018,Texas State,12,7,12
2018,Kansas State,12,21,6
2018,Texas Tech,12,6,21
2018,Florida State,12,22,21
2018,Boston College,12,21,22
2018,Navy,12,37,29
2018,Tulsa,12,29,37
2018,Illinois,12,0,63
2018,Iowa,12,63,0
2018,Oklahoma State,12,45,41
2018,West Virginia,12,41,45
2018,UCLA,12,34,27
2018,USC,12,27,34
2018,Purdue,12,44,47
2018,Wisconsin,12,47,44
2018,Southern Miss,12,21,20
2018,Louisiana Tech,12,20,21
2018,Tennessee,12,17,50
2018,Missouri,12,50,17
2018,Georgia Tech,12,30,27
2018,Virginia,12,27,30
2018,Akron,12,6,21
2018,Bowling Green,12,21,6
2018,Virginia Tech,12,14,38
2018,Miami,12,38,14
2018,Michigan,12,31,20
2018,Indiana,12,20,31
2018,Georgia,12,66,27
2018,Massachusetts,12,27,66
2018,Auburn,12,53,0
2018,Liberty,12,0,53
2018,Wyoming,12,35,27
2018,Air Force,12,27,35
2018,Washington,12,42,23
2018,Oregon State,12,23,42
2018,Louisiana,12,48,38
2018,South Alabama,12,38,48
2018,Coastal Carolina,12,17,41
2018,Georgia Southern,12,41,17
2018,Texas A&M,12,41,20
2018,UAB,12,20,41
2018,East Carolina,12,55,21
2018,UConn,12,21,55
2018,Clemson,12,35,6
2018,Duke,12,6,35
2018,Oklahoma,12,55,40
2018,Kansas,12,40,55
2018,LSU,12,42,10
2018,Rice,12,10,42
2018,Vanderbilt,12,36,29
2018,Ole Miss,12,29,36
2018,Western Kentucky,12,40,16
2018,UTEP,12,16,40
2018,South Carolina,12,49,9
2018,Chattanooga,12,9,49
2018,Texas,12,24,10
2018,Iowa State,12,10,24
2018,UCF,12,38,13
2018,Cincinnati,12,13,38
2018,BYU,12,45,10
2018,New Mexico State,12,10,45
2018,Washington State,12,69,28
2018,Arizona,12,28,69
2018,Oregon,12,31,29
2018,Arizona State,12,29,31
2018,Fresno State,12,23,14
2018,San Diego State,12,14,23
2018,Hawai'i,12,35,28
2018,UNLV,12,28,35
2018,Miami (OH),13,42,21
2018,Ball State,13,21,42
2018,Western Michigan,13,28,21
2018,Northern Illinois,13,21,28
2018,Air Force,13,27,19
2018,Colorado State,13,19,27
2018,Ole Miss,13,3,35
2018,Mississippi State,13,35,3
2018,Bowling Green,13,14,44
2018,Buffalo,13,44,14
2018,Ohio,13,49,28
2018,Akron,13,28,49
2018,Toledo,13,51,13
2018,Central Michigan,13,13,51
2018,Kansas,13,17,24
2018,Texas,13,24,17
2018,Memphis,13,52,31
2018,Houston,13,31,52
2018,Kent State,13,20,28
2018,Eastern Michigan,13,28,20
2018,Iowa,13,31,28
2018,Nebraska,13,28,31
2018,Missouri,13,38,0
2018,Arkansas,13,0,38
2018,South Alabama,13,31,28
2018,Coastal Carolina,13,28,31
2018,Cincinnati,13,56,6
2018,East Carolina,13,6,56
2018,Virginia Tech,13,34,31
2018,Virginia,13,31,34
2018,Oregon State,13,15,55
2018,Oregon,13,55,15
2018,South Florida,13,10,38
2018,UCF,13,38,10
2018,West Virginia,13,56,59
2018,Oklahoma,13,59,56
2018,Washington State,13,15,28
2018,Washington,13,28,15
2018,Tulane,13,29,28
2018,Navy,13,28,29
2018,Florida State,13,14,41
2018,Florida,13,41,14
2018,Texas Tech,13,24,35
2018,Baylor,13,35,24
2018,Ohio State,13,62,39
2018,Michigan,13,39,62
2018,Louisiana Tech,13,15,30
2018,Western Kentucky,13,30,15
2018,Indiana,13,21,28
2018,Purdue,13,28,21
2018,Georgia,13,45,21
2018,Georgia Tech,13,21,45
2018,Florida International,13,25,28
2018,Marshall,13,28,25
2018,Boston College,13,21,42
2018,Syracuse,13,42,21
2018,North Carolina,13,28,34
2018,NC State,13,34,28
2018,Duke,13,7,59
2018,Wake Forest,13,59,7
2018,Rice,13,27,13
2018,Old Dominion,13,13,27
2018,Liberty,13,28,21
2018,New Mexico State,13,21,28
2018,Georgia State,13,14,35
2018,Georgia Southern,13,35,14
2018,New Mexico,13,3,31
2018,Wyoming,13,31,3
2018,App State,13,21,10
2018,Troy,13,10,21
2018,UL Monroe,13,28,31
2018,Louisiana,13,31,28
2018,Middle Tennessee,13,27,3
2018,UAB,13,3,27
2018,UCLA,13,42,49
2018,Stanford,13,49,42
2018,UTEP,13,7,39
2018,Southern Miss,13,39,7
2018,Wisconsin,13,15,37
2018,Minnesota,13,37,15
2018,Miami,13,24,3
2018,Pittsburgh,13,3,24
2018,Penn State,13,38,3
2018,Maryland,13,3,38
2018,Tulsa,13,27,24
2018,SMU,13,24,27
2018,UConn,13,7,57
2018,Temple,13,57,7
2018,Alabama,13,52,21
2018,Auburn,13,21,52
2018,Arizona,13,40,41
2018,Arizona State,13,41,40
2018,Northwestern,13,24,16
2018,Illinois,13,16,24
2018,Texas State,13,7,33
2018,Arkansas State,13,33,7
2018,Vanderbilt,13,38,13
2018,Tennessee,13,13,38
2018,Michigan State,13,14,10
2018,Rutgers,13,10,14
2018,Florida Atlantic,13,24,27
2018,Charlotte,13,27,24
2018,California,13,33,21
2018,Colorado,13,21,33
2018,UTSA,13,21,24
2018,North Texas,13,24,21
2018,Clemson,13,56,35
2018,South Carolina,13,35,56
2018,Iowa State,13,42,38
2018,Kansas State,13,38,42
2018,Louisville,13,10,56
2018,Kentucky,13,56,10
2018,Fresno State,13,31,13
2018,San José State,13,13,31
2018,Texas A&M,13,74,72
2018,LSU,13,72,74
2018,TCU,13,31,24
2018,Oklahoma State,13,24,31
2018,USC,13,17,24
2018,Notre Dame,13,24,17
2018,UNLV,13,34,29
2018,Nevada,13,29,34
2018,Utah,13,35,27
2018,BYU,13,27,35
2018,Boise State,13,33,24
2018,Utah State,13,24,33
2018,San Diego State,13,30,31
2018,Hawai'i,13,31,30
2018,Buffalo,14,29,30
2018,Northern Illinois,14,30,29
2018,Washington,14,10,3
2018,Utah,14,3,10
2018,NC State,14,58,3
2018,East Carolina,14,3,58
2018,Virginia Tech,14,41,20
2018,Marshall,14,20,41
2018,Oklahoma,14,39,27
2018,Texas,14,27,39
2018,Iowa State,14,27,24
2018,Drake,14,24,27
2018,App State,14,30,19
2018,Louisiana,14,19,30
2018,South Carolina,14,28,3
2018,Akron,14,3,28
2018,Middle Tennessee,14,25,27
2018,UAB,14,27,25
2018,Liberty,14,52,17
2018,Norfolk State,14,17,52
2018,California,14,13,23
2018,Stanford,14,23,13
2018,UCF,14,56,41
2018,Memphis,14,41,56
2018,Georgia,14,28,35
2018,Alabama,14,35,28
2018,Boise State,14,16,19
2018,Fresno State,14,19,16
2018,Pittsburgh,14,10,42
2018,Clemson,14,42,10
2018,Ohio State,14,45,24
2018,Northwestern,14,24,45
2018,Army,15,17,10
2018,Navy,15,10,17
2019,Florida,1,24,20
2019,Miami,1,20,24
2019,Hawai'i,1,45,38
2019,Arizona,1,38,45
2019,Buffalo,1,38,10
2019,Robert Morris,1,10,38
2019,UConn,1,24,21
2019,Wagner,1,21,24
2019,Cincinnati,1,24,14
2019,UCLA,1,14,24
2019,Bowling Green,1,46,3
2019,Morgan State,1,3,46
2019,Charlotte,1,49,28
2019,Gardner-Webb,1,28,49
2019,Western Kentucky,1,28,35
2019,Central Arkansas,1,35,28
2019,UCF,1,62,0
2019,Florida A&M,1,0,62
2019,Clemson,1,52,14
2019,Georgia Tech,1,14,52
2019,Tulane,1,42,14
2019,Florida International,1,14,42
2019,UAB,1,24,19
2019,Alabama State,1,19,24
2019,Texas A&M,1,41,7
2019,Texas State,1,7,41
2019,Central Michigan,1,38,21
2019,UAlbany,1,21,38
2019,Minnesota,1,28,21
2019,South Dakota State,1,21,28
2019,San José State,1,35,18
2019,Northern Colorado,1,18,35
2019,Arizona State,1,30,7
2019,Kent State,1,7,30
2019,BYU,1,12,30
2019,Utah,1,30,12
2019,Army,1,14,7
2019,Rice,1,7,14
2019,Michigan State,1,28,7
2019,Tulsa,1,7,28
2019,Rutgers,1,48,21
2019,Massachusetts,1,21,48
2019,South Florida,1,0,49
2019,Wisconsin,1,49,0
2019,Wake Forest,1,38,35
2019,Utah State,1,35,38
2019,Nevada,1,34,31
2019,Purdue,1,31,34
2019,Colorado,1,52,31
2019,Colorado State,1,31,52
2019,Oregon State,1,36,52
2019,Oklahoma State,1,52,36
2019,Ohio State,1,45,21
2019,Florida Atlantic,1,21,45
2019,Iowa State,1,29,26
2019,Northern Iowa,1,26,29
2019,Florida State,1,31,36
2019,Boise State,1,36,31
2019,Maryland,1,79,0
2019,Howard,1,0,79
2019,NC State,1,34,6
2019,East Carolina,1,6,34
2019,Kansas,1,24,17
2019,Indiana State,1,17,24
2019,Memphis,1,15,10
2019,Ole Miss,1,10,15
2019,Kentucky,1,38,24
2019,Toledo,1,24,38
2019,Louisiana,1,28,38
2019,Mississippi State,1,38,28
2019,Nebraska,1,35,21
2019,South Alabama,1,21,35
2019,Illinois,1,42,3
2019,Akron,1,3,42
2019,Ball State,1,24,34
2019,Indiana,1,34,24
2019,West Virginia,1,20,13
2019,James Madison,1,13,20
2019,Ohio,1,41,20
2019,Rhode Island,1,20,41
2019,Temple,1,56,12
2019,Bucknell,1,12,56
2019,Washington,1,47,14
2019,Eastern Washington,1,14,47
2019,Penn State,1,79,7
2019,Idaho,1,7,79
2019,Air Force,1,48,7
2019,Colgate,1,7,48
2019,North Carolina,1,24,20
2019,South Carolina,1,20,24
2019,Alabama,1,42,3
2019,Duke,1,3,42
2019,App State,1,42,7
2019,East Tennessee State,1,7,42
2019,Coastal Carolina,1,23,30
2019,Eastern Michigan,1,30,23
2019,Tennessee,1,30,38
2019,Georgia State,1,38,30
2019,Navy,1,45,7
2019,Holy Cross,1,7,45
2019,Stanford,1,17,7
2019,Northwestern,1,7,17
2019,Boston College,1,35,28
2019,Virginia Tech,1,28,35
2019,Texas Tech,1,45,10
2019,Montana State,1,10,45
2019,Arkansas,1,20,13
2019,Portland State,1,13,20
2019,New Mexico,1,39,31
2019,Sam Houston,1,31,39
2019,UTSA,1,35,7
2019,Incarnate Word,1,7,35
2019,Troy,1,43,14
2019,Campbell,1,14,43
2019,Liberty,1,0,24
2019,Syracuse,1,24,0
2019,Marshall,1,56,17
2019,VMI,1,17,56
2019,California,1,27,13
2019,UC Davis,1,13,27
2019,Arkansas State,1,30,37
2019,SMU,1,37,30
2019,Southern Miss,1,38,10
2019,Alcorn State,1,10,38
2019,Northern Illinois,1,24,10
2019,Illinois State,1,10,24
2019,Western Michigan,1,48,13
2019,Monmouth,1,13,48
2019,Baylor,1,56,17
2019,Stephen F. Austin,1,17,56
2019,Kansas State,1,49,14
2019,Nicholls,1,14,49
2019,Old Dominion,1,24,21
2019,Norfolk State,1,21,24
2019,Wyoming,1,37,31
2019,Missouri,1,31,37
2019,North Texas,1,51,31
2019,Abilene Christian,1,31,51
2019,Vanderbilt,1,6,30
2019,Georgia,1,30,6
2019,Pittsburgh,1,14,30
2019,Virginia,1,30,14
2019,LSU,1,55,3
2019,Georgia Southern,1,3,55
2019,Michigan,1,40,21
2019,Middle Tennessee,1,21,40
2019,Auburn,1,27,21
2019,Oregon,1,21,27
2019,Iowa,1,38,14
2019,Miami (OH),1,14,38
2019,Texas,1,45,14
2019,Louisiana Tech,1,14,45
2019,UTEP,1,36,34
2019,Houston Christian,1,34,36
2019,UL Monroe,1,31,9
2019,Grambling,1,9,31
2019,TCU,1,39,7
2019,Arkansas-Pine Bluff,1,7,39
2019,San Diego State,1,6,0
2019,Weber State,1,0,6
2019,UNLV,1,56,23
2019,Southern Utah,1,23,56
2019,Washington State,1,58,7
2019,New Mexico State,1,7,58
2019,USC,1,31,23
2019,Fresno State,1,23,31
2019,Oklahoma,1,49,31
2019,Houston,1,31,49
2019,Louisville,1,17,35
2019,Notre Dame,1,35,17
2019,Rice,2,21,41
2019,Wake Forest,2,41,21
2019,Virginia,2,52,17
2019,William & Mary,2,17,52
2019,Boise State,2,14,7
2019,Marshall,2,7,14
2019,Arizona State,2,19,7
2019,Sacramento State,2,7,19
2019,Pittsburgh,2,20,10
2019,Ohio,2,10,20
2019,Virginia Tech,2,31,17
2019,Old Dominion,2,17,31
2019,Missouri,2,38,7
2019,West Virginia,2,7,38
2019,Kent State,2,26,23
2019,Kennesaw State,2,23,26
2019,South Carolina,2,72,10
2019,Charleston Southern,2,10,72
2019,Akron,2,20,31
2019,UAB,2,31,20
2019,Memphis,2,55,24
2019,Southern,2,24,55
2019,Purdue,2,42,24
2019,Vanderbilt,2,24,42
2019,Maryland,2,63,20
2019,Syracuse,2,20,63
2019,Michigan,2,24,21
2019,Army,2,21,24
2019,Ohio State,2,42,0
2019,Cincinnati,2,0,42
2019,Iowa,2,30,0
2019,Rutgers,2,0,30
2019,Kansas State,2,52,0
2019,Bowling Green,2,0,52
2019,NC State,2,41,0
2019,Western Carolina,2,0,41
2019,Utah,2,35,17
2019,Northern Illinois,2,17,35
2019,Georgia Tech,2,14,10
2019,South Florida,2,10,14
2019,Ball State,2,57,29
2019,Fordham,2,29,57
2019,Miami (OH),2,48,17
2019,Tennessee Tech,2,17,48
2019,Indiana,2,52,0
2019,Eastern Illinois,2,0,52
2019,App State,2,56,41
2019,Charlotte,2,41,56
2019,Clemson,2,24,10
2019,Texas A&M,2,10,24
2019,Louisiana Tech,2,20,14
2019,Grambling,2,14,20
2019,Wisconsin,2,61,0
2019,Central Michigan,2,0,61
2019,Massachusetts,2,20,45
2019,Southern Illinois,2,45,20
2019,Boston College,2,45,13
2019,Richmond,2,13,45
2019,Mississippi State,2,38,15
2019,Southern Miss,2,15,38
2019,UConn,2,23,31
2019,Illinois,2,31,23
2019,Colorado,2,34,31
2019,Nebraska,2,31,34
2019,Alabama,2,62,10
2019,New Mexico State,2,10,62
2019,Colorado State,2,38,13
2019,Western Illinois,2,13,38
2019,Baylor,2,63,14
2019,UTSA,2,14,63
2019,Georgia,2,63,17
2019,Murray State,2,17,63
2019,UCLA,2,14,23
2019,San Diego State,2,23,14
2019,Washington State,2,59,17
2019,Northern Colorado,2,17,59
2019,Florida State,2,45,44
2019,UL Monroe,2,44,45
2019,Duke,2,45,13
2019,North Carolina A&T,2,13,45
2019,Georgia Southern,2,26,18
2019,Maine,2,18,26
2019,East Carolina,2,48,9
2019,Gardner-Webb,2,9,48
2019,Oklahoma State,2,56,14
2019,McNeese,2,14,56
2019,South Alabama,2,37,14
2019,Jackson State,2,14,37
2019,Tennessee,2,26,29
2019,BYU,2,29,26
2019,SMU,2,49,27
2019,North Texas,2,27,49
2019,Middle Tennessee,2,45,26
2019,Tennessee State,2,26,45
2019,Georgia State,2,48,42
2019,Furman,2,42,48
2019,Florida International,2,14,20
2019,Western Kentucky,2,20,14
2019,Florida Atlantic,2,14,48
2019,UCF,2,48,14
2019,Texas State,2,14,23
2019,Wyoming,2,23,14
2019,Louisville,2,42,0
2019,Eastern Kentucky,2,0,42
2019,Oklahoma,2,70,14
2019,South Dakota,2,14,70
2019,Kansas,2,7,12
2019,Coastal Carolina,2,12,7
2019,Michigan State,2,51,17
2019,Western Michigan,2,17,51
2019,Texas,2,38,45
2019,LSU,2,45,38
2019,Penn State,2,45,13
2019,Buffalo,2,13,45
2019,Ole Miss,2,31,17
2019,Arkansas,2,17,31
2019,Florida,2,45,0
2019,UT Martin,2,0,45
2019,Utah State,2,62,7
2019,Stony Brook,2,7,62
2019,Auburn,2,24,6
2019,Tulane,2,6,24
2019,Louisiana,2,35,14
2019,Liberty,2,14,35
2019,Oregon,2,77,6
2019,Nevada,2,6,77
2019,Kentucky,2,38,17
2019,Eastern Michigan,2,17,38
2019,North Carolina,2,28,25
2019,Miami,2,25,28
2019,Houston,2,37,17
2019,Prairie View A&M,2,17,37
2019,Texas Tech,2,38,3
2019,UTEP,2,3,38
2019,San José State,2,16,34
2019,Tulsa,2,34,16
2019,UNLV,2,17,43
2019,Arkansas State,2,43,17
2019,USC,2,45,20
2019,Stanford,2,20,45
2019,Washington,2,19,20
2019,California,2,20,19
2019,Fresno State,2,35,38
2019,Minnesota,2,38,35
2019,Arizona,2,65,41
2019,Northern Arizona,2,41,65
2019,Hawai'i,2,31,28
2019,Oregon State,2,28,31
2019,Wake Forest,3,24,18
2019,North Carolina,3,18,24
2019,Boston College,3,24,48
2019,Kansas,3,48,24
2019,Houston,3,24,31
2019,Washington State,3,31,24
2019,Mississippi State,3,24,31
2019,Kansas State,3,31,24
2019,West Virginia,3,44,27
2019,NC State,3,27,44
2019,Georgia,3,55,0
2019,Arkansas State,3,0,55
2019,Illinois,3,31,34
2019,Eastern Michigan,3,34,31
2019,Cincinnati,3,35,13
2019,Miami (OH),3,13,35
2019,Tennessee,3,45,0
2019,Chattanooga,3,0,45
2019,Penn State,3,17,10
2019,Pittsburgh,3,10,17
2019,Temple,3,20,17
2019,Maryland,3,17,20
2019,Indiana,3,10,51
2019,Ohio State,3,51,10
2019,Virginia Tech,3,24,17
2019,Furman,3,17,24
2019,Georgia Tech,3,24,27
2019,The Citadel,3,27,24
2019,Colorado,3,23,30
2019,Air Force,3,30,23
2019,Ball State,3,31,41
2019,Florida Atlantic,3,41,31
2019,Coastal Carolina,3,46,7
2019,Norfolk State,3,7,46
2019,Notre Dame,3,66,14
2019,New Mexico,3,14,66
2019,Central Michigan,3,45,24
2019,Akron,3,24,45
2019,UTSA,3,13,31
2019,Army,3,31,13
2019,South Alabama,3,6,42
2019,Memphis,3,42,6
2019,South Carolina,3,23,47
2019,Alabama,3,47,23
2019,Navy,3,42,10
2019,East Carolina,3,10,42
2019,BYU,3,30,27
2019,USC,3,27,30
2019,UCF,3,45,27
2019,Stanford,3,27,45
2019,Northwestern,3,30,14
2019,UNLV,3,14,30
2019,Tulsa,3,21,40
2019,Oklahoma State,3,40,21
2019,Minnesota,3,35,32
2019,Georgia Southern,3,32,35
2019,Michigan State,3,7,10
2019,Arizona State,3,10,7
2019,Arkansas,3,55,34
2019,Colorado State,3,34,55
2019,Ole Miss,3,40,29
2019,SE Louisiana,3,29,40
2019,Iowa State,3,17,18
2019,Iowa,3,18,17
2019,Miami,3,63,0
2019,Bethune-Cookman,3,0,63
2019,Western Kentucky,3,21,38
2019,Louisville,3,38,21
2019,Utah,3,31,0
2019,Idaho State,3,0,31
2019,Oregon State,3,45,7
2019,Cal Poly,3,7,45
2019,California,3,23,17
2019,North Texas,3,17,23
2019,Bowling Green,3,7,35
2019,Louisiana Tech,3,35,7
2019,Wyoming,3,21,16
2019,Idaho,3,16,21
2019,Charlotte,3,52,17
2019,Massachusetts,3,17,52
2019,South Florida,3,55,16
2019,South Carolina State,3,16,55
2019,Liberty,3,35,17
2019,Buffalo,3,17,35
2019,Troy,3,42,47
2019,Southern Miss,3,47,42
2019,Marshall,3,33,31
2019,Ohio,3,31,33
2019,SMU,3,47,17
2019,Texas State,3,17,47
2019,Kentucky,3,21,29
2019,Florida,3,29,21
2019,Toledo,3,45,0
2019,Murray State,3,0,45
2019,Texas A&M,3,62,3
2019,Lamar,3,3,62
2019,Florida International,3,30,17
2019,New Hampshire,3,17,30
2019,Middle Tennessee,3,18,41
2019,Duke,3,41,18
2019,Nevada,3,19,13
2019,Weber State,3,13,19
2019,Western Michigan,3,57,10
2019,Georgia State,3,10,57
2019,Auburn,3,55,16
2019,Kent State,3,16,55
2019,Syracuse,3,6,41
2019,Clemson,3,41,6
2019,Virginia,3,31,24
2019,Florida State,3,24,31
2019,Missouri,3,50,0
2019,Southeast Missouri State,3,0,50
2019,Louisiana,3,77,6
2019,Texas Southern,3,6,77
2019,LSU,3,65,14
2019,Northwestern State,3,14,65
2019,Washington,3,52,20
2019,Hawai'i,3,20,52
2019,Purdue,3,13,34
2019,TCU,3,34,13
2019,Rice,3,13,48
2019,Texas,3,48,13
2019,New Mexico State,3,10,31
2019,San Diego State,3,31,10
2019,Nebraska,3,44,8
2019,Northern Illinois,3,8,44
2019,UCLA,3,14,48
2019,Oklahoma,3,48,14
2019,Tulane,3,58,6
2019,Missouri State,3,6,58
2019,Boise State,3,45,10
2019,Portland State,3,10,45
2019,Arizona,3,28,14
2019,Texas Tech,3,14,28
2019,Oregon,3,35,3
2019,Montana,3,3,35
2019,Tulane,4,38,31
2019,Houston,4,31,38
2019,Louisiana Tech,4,43,31
2019,Florida International,4,31,43
2019,USC,4,30,23
2019,Utah,4,23,30
2019,Boise State,4,30,19
2019,Air Force,4,19,30
2019,Indiana,4,38,3
2019,UConn,4,3,38
2019,Northwestern,4,10,31
2019,Michigan State,4,31,10
2019,Iowa State,4,72,20
2019,UL Monroe,4,20,72
2019,Alabama,4,49,7
2019,Southern Miss,4,7,49
2019,Wisconsin,4,35,14
2019,Michigan,4,14,35
2019,Ole Miss,4,20,28
2019,California,4,28,20
2019,Florida,4,34,3
2019,Tennessee,4,3,34
2019,Syracuse,4,52,33
2019,Western Michigan,4,33,52
2019,Rutgers,4,16,30
2019,Boston College,4,30,16
2019,Army,4,52,21
2019,Morgan State,4,21,52
2019,Wake Forest,4,49,7
2019,Elon,4,7,49
2019,Vanderbilt,4,38,66
2019,LSU,4,66,38
2019,Massachusetts,4,28,62
2019,Coastal Carolina,4,62,28
2019,Ohio,4,25,45
2019,Louisiana,4,45,25
2019,Akron,4,7,35
2019,Troy,4,35,7
2019,Eastern Michigan,4,34,29
2019,Central Connecticut,4,29,34
2019,TCU,4,38,41
2019,SMU,4,41,38
2019,Florida State,4,35,24
2019,Louisville,4,24,35
2019,Tulsa,4,24,21
2019,Wyoming,4,21,24
2019,Pittsburgh,4,35,34
2019,UCF,4,34,35
2019,Texas A&M,4,20,28
2019,Auburn,4,28,20
2019,UAB,4,35,3
2019,South Alabama,4,3,35
2019,Buffalo,4,38,22
2019,Temple,4,22,38
2019,Kent State,4,62,20
2019,Bowling Green,4,20,62
2019,BYU,4,19,45
2019,Washington,4,45,19
2019,North Carolina,4,31,34
2019,App State,4,34,31
2019,Ohio State,4,76,5
2019,Miami (OH),4,5,76
2019,Miami,4,17,12
2019,Central Michigan,4,12,17
2019,Missouri,4,34,14
2019,South Carolina,4,14,34
2019,Mississippi State,4,28,13
2019,Kentucky,4,13,28
2019,Kansas,4,24,29
2019,West Virginia,4,29,24
2019,New Mexico,4,55,52
2019,New Mexico State,4,52,55
2019,East Carolina,4,19,7
2019,William & Mary,4,7,19
2019,Florida Atlantic,4,42,7
2019,Wagner,4,7,42
2019,Liberty,4,62,27
2019,Hampton,4,27,62
2019,Rice,4,13,21
2019,Baylor,4,21,13
2019,Stanford,4,6,21
2019,Oregon,4,21,6
2019,NC State,4,34,23
2019,Ball State,4,23,34
2019,Virginia,4,28,17
2019,Old Dominion,4,17,28
2019,Texas State,4,37,34
2019,Georgia State,4,34,37
2019,Arkansas State,4,41,28
2019,Southern Illinois,4,28,41
2019,Clemson,4,52,10
2019,Charlotte,4,10,52
2019,Arkansas,4,24,31
2019,San José State,4,31,24
2019,North Texas,4,45,3
2019,UTSA,4,3,45
2019,Texas,4,36,30
2019,Oklahoma State,4,30,36
2019,UTEP,4,21,37
2019,Nevada,4,37,21
2019,Illinois,4,38,42
2019,Nebraska,4,42,38
2019,Georgia,4,23,17
2019,Notre Dame,4,17,23
2019,Fresno State,4,34,20
2019,Sacramento State,4,20,34
2019,Arizona State,4,31,34
2019,Colorado,4,34,31
2019,Colorado State,4,35,41
2019,Toledo,4,41,35
2019,Washington State,4,63,67
2019,UCLA,4,67,63
2019,San Diego State,4,17,23
2019,Utah State,4,23,17
2019,Hawai'i,4,35,16
2019,Central Arkansas,4,16,35
2019,Memphis,5,35,23
2019,Navy,5,23,35
2019,Virginia Tech,5,10,45
2019,Duke,5,45,10
2019,Maryland,5,0,59
2019,Penn State,5,59,0
2019,Air Force,5,41,24
2019,San José State,5,24,41
2019,California,5,17,24
2019,Arizona State,5,24,17
2019,Wisconsin,5,24,15
2019,Northwestern,5,15,24
2019,Oklahoma,5,55,16
2019,Texas Tech,5,16,55
2019,Toledo,5,28,21
2019,BYU,5,21,28
2019,Arkansas,5,27,31
2019,Texas A&M,5,31,27
2019,TCU,5,51,14
2019,Kansas,5,14,51
2019,Iowa,5,48,3
2019,Middle Tennessee,5,3,48
2019,Vanderbilt,5,24,18
2019,Northern Illinois,5,18,24
2019,Western Michigan,5,31,15
2019,Central Michigan,5,15,31
2019,Michigan,5,52,0
2019,Rutgers,5,0,52
2019,Miami (OH),5,34,20
2019,Buffalo,5,20,34
2019,Syracuse,5,41,3
2019,Holy Cross,5,3,41
2019,Pittsburgh,5,17,14
2019,Delaware,5,14,17
2019,Boston College,5,24,27
2019,Wake Forest,5,27,24
2019,Purdue,5,31,38
2019,Minnesota,5,38,31
2019,App State,5,56,37
2019,Coastal Carolina,5,37,56
2019,Baylor,5,23,21
2019,Iowa State,5,21,23
2019,Michigan State,5,40,31
2019,Indiana,5,31,40
2019,Notre Dame,5,35,20
2019,Virginia,5,20,35
2019,Charlotte,5,27,45
2019,Florida Atlantic,5,45,27
2019,Washington,5,28,14
2019,USC,5,14,28
2019,Massachusetts,5,37,29
2019,Akron,5,29,37
2019,North Carolina,5,20,21
2019,Clemson,5,21,20
2019,Alabama,5,59,31
2019,Ole Miss,5,31,59
2019,Temple,5,24,2
2019,Georgia Tech,5,2,24
2019,South Florida,5,21,48
2019,SMU,5,48,21
2019,Florida,5,38,0
2019,Towson,5,0,38
2019,Marshall,5,14,52
2019,Cincinnati,5,52,14
2019,Troy,5,43,50
2019,Arkansas State,5,50,43
2019,Georgia Southern,5,24,37
2019,Louisiana,5,37,24
2019,Old Dominion,5,21,24
2019,East Carolina,5,24,21
2019,Liberty,5,17,10
2019,New Mexico,5,10,17
2019,Auburn,5,56,23
2019,Mississippi State,5,23,56
2019,Western Kentucky,5,20,13
2019,UAB,5,13,20
2019,Texas State,5,24,3
2019,Nicholls,5,3,24
2019,Oklahoma State,5,26,13
2019,Kansas State,5,13,26
2019,UCF,5,56,21
2019,UConn,5,21,56
2019,Southern Miss,5,31,13
2019,UTEP,5,13,31
2019,Rice,5,20,23
2019,Louisiana Tech,5,23,20
2019,Oregon State,5,28,31
2019,Stanford,5,31,28
2019,UL Monroe,5,30,17
2019,South Alabama,5,17,30
2019,Utah State,5,34,24
2019,Colorado State,5,24,34
2019,Florida State,5,31,13
2019,NC State,5,13,31
2019,Nebraska,5,7,48
2019,Ohio State,5,48,7
2019,South Carolina,5,24,7
2019,Kentucky,5,7,24
2019,Wyoming,5,53,17
2019,UNLV,5,17,53
2019,New Mexico State,5,17,30
2019,Fresno State,5,30,17
2019,North Texas,5,25,46
2019,Houston,5,46,25
2019,Utah,5,38,13
2019,Washington State,5,13,38
2019,Nevada,5,3,54
2019,Hawai'i,5,54,3
2019,Arizona,5,20,17
2019,UCLA,5,17,20
2019,South Alabama,6,17,20
2019,Georgia Southern,6,20,17
2019,East Carolina,6,17,27
2019,Temple,6,27,17
2019,Cincinnati,6,27,24
2019,UCF,6,24,27
2019,San José State,6,32,21
2019,New Mexico,6,21,32
2019,Michigan,6,10,3
2019,Iowa,6,3,10
2019,LSU,6,42,6
2019,Utah State,6,6,42
2019,Penn State,6,35,7
2019,Purdue,6,7,35
2019,Army,6,33,42
2019,Tulane,6,42,33
2019,Texas Tech,6,45,35
2019,Oklahoma State,6,35,45
2019,Rutgers,6,7,48
2019,Maryland,6,48,7
2019,UConn,6,22,48
2019,South Florida,6,48,22
2019,Kansas,6,20,45
2019,Oklahoma,6,45,20
2019,Wisconsin,6,48,0
2019,Kent State,6,0,48
2019,Louisville,6,41,39
2019,Boston College,6,39,41
2019,Iowa State,6,49,24
2019,TCU,6,24,49
2019,Central Michigan,6,42,16
2019,Eastern Michigan,6,16,42
2019,Buffalo,6,20,21
2019,Ohio,6,21,20
2019,West Virginia,6,31,42
2019,Texas,6,42,31
2019,Navy,6,34,25
2019,Air Force,6,25,34
2019,Florida,6,24,13
2019,Auburn,6,13,24
2019,Toledo,6,31,24
2019,Western Michigan,6,24,31
2019,Miami,6,35,42
2019,Virginia Tech,6,42,35
2019,Northern Illinois,6,20,27
2019,Ball State,6,27,20
2019,Notre Dame,6,52,0
2019,Bowling Green,6,0,52
2019,Georgia State,6,52,38
2019,Arkansas State,6,38,52
2019,Kansas State,6,12,31
2019,Baylor,6,31,12
2019,Middle Tennessee,6,24,13
2019,Marshall,6,13,24
2019,Minnesota,6,40,17
2019,Illinois,6,17,40
2019,UL Monroe,6,33,52
2019,Memphis,6,52,33
2019,Missouri,6,42,10
2019,Troy,6,10,42
2019,Nebraska,6,13,10
2019,Northwestern,6,10,13
2019,Georgia Tech,6,22,38
2019,North Carolina,6,38,22
2019,Colorado,6,30,35
2019,Arizona,6,35,30
2019,Old Dominion,6,3,20
2019,Western Kentucky,6,20,3
2019,UAB,6,35,20
2019,Rice,6,20,35
2019,Florida International,6,44,0
2019,Massachusetts,6,0,44
2019,Tennessee,6,14,43
2019,Georgia,6,43,14
2019,Ohio State,6,34,10
2019,Michigan State,6,10,34
2019,Ole Miss,6,31,6
2019,Vanderbilt,6,6,31
2019,SMU,6,43,37
2019,Tulsa,6,37,43
2019,Oregon,6,17,7
2019,California,6,7,17
2019,Duke,6,30,33
2019,Pittsburgh,6,33,30
2019,UTEP,6,16,26
2019,UTSA,6,26,16
2019,New Mexico State,6,13,20
2019,Liberty,6,20,13
2019,UCLA,6,31,48
2019,Oregon State,6,48,31
2019,Colorado State,6,10,24
2019,San Diego State,6,24,10
2019,Stanford,6,23,13
2019,Washington,6,13,23
2019,UNLV,6,13,38
2019,Boise State,6,38,13
2019,Louisiana,7,7,17
2019,App State,7,17,7
2019,NC State,7,16,10
2019,Syracuse,7,10,16
2019,Texas State,7,14,24
2019,UL Monroe,7,24,14
2019,New Mexico,7,21,35
2019,Colorado State,7,35,21
2019,Miami,7,17,9
2019,Virginia,7,9,17
2019,Oregon,7,45,3
2019,Colorado,7,3,45
2019,Illinois,7,25,42
2019,Michigan,7,42,25
2019,Georgia,7,17,20
2019,South Carolina,7,20,17
2019,Tennessee,7,20,10
2019,Mississippi State,7,10,20
2019,Western Michigan,7,38,16
2019,Miami (OH),7,16,38
2019,Indiana,7,35,0
2019,Rutgers,7,0,35
2019,Texas,7,27,34
2019,Oklahoma,7,34,27
2019,Purdue,7,40,14
2019,Maryland,7,14,40
2019,Bowling Green,7,20,7
2019,Toledo,7,7,20
2019,Temple,7,30,28
2019,Memphis,7,28,30
2019,Duke,7,41,23
2019,Georgia Tech,7,23,41
2019,Eastern Michigan,7,23,29
2019,Ball State,7,29,23
2019,Marshall,7,31,17
2019,Old Dominion,7,17,31
2019,Central Michigan,7,42,28
2019,New Mexico State,7,28,42
2019,Houston,7,23,38
2019,Cincinnati,7,38,23
2019,Akron,7,3,26
2019,Kent State,7,26,3
2019,South Florida,7,27,23
2019,BYU,7,23,27
2019,Clemson,7,45,14
2019,Florida State,7,14,45
2019,Wisconsin,7,38,0
2019,Michigan State,7,0,38
2019,Texas A&M,7,28,47
2019,Alabama,7,47,28
2019,Ohio,7,36,39
2019,Northern Illinois,7,39,36
2019,Arizona State,7,38,34
2019,Washington State,7,34,38
2019,Tulane,7,49,7
2019,UConn,7,7,49
2019,West Virginia,7,14,38
2019,Iowa State,7,38,14
2019,Nevada,7,41,38
2019,San José State,7,38,41
2019,Baylor,7,33,30
2019,Texas Tech,7,30,33
2019,Virginia Tech,7,34,17
2019,Rhode Island,7,17,34
2019,Vanderbilt,7,10,34
2019,UNLV,7,34,10
2019,Florida Atlantic,7,28,13
2019,Middle Tennessee,7,13,28
2019,Coastal Carolina,7,21,31
2019,Georgia State,7,31,21
2019,UTSA,7,14,33
2019,UAB,7,33,14
2019,Missouri,7,38,27
2019,Ole Miss,7,27,38
2019,Western Kentucky,7,17,8
2019,Army,7,8,17
2019,Air Force,7,43,24
2019,Fresno State,7,24,43
2019,Louisiana Tech,7,69,21
2019,Massachusetts,7,21,69
2019,Florida International,7,48,23
2019,Charlotte,7,23,48
2019,Southern Miss,7,45,27
2019,North Texas,7,27,45
2019,Kentucky,7,24,20
2019,Arkansas,7,20,24
2019,Notre Dame,7,30,27
2019,USC,7,27,30
2019,Iowa,7,12,17
2019,Penn State,7,17,12
2019,Tulsa,7,17,45
2019,Navy,7,45,17
2019,Wake Forest,7,59,62
2019,Louisville,7,62,59
2019,Minnesota,7,34,7
2019,Nebraska,7,7,34
2019,Oregon State,7,7,52
2019,Utah,7,52,7
2019,LSU,7,42,28
2019,Florida,7,28,42
2019,Boise State,7,59,37
2019,Hawai'i,7,37,59
2019,San Diego State,7,26,22
2019,Wyoming,7,22,26
2019,Arizona,7,27,51
2019,Washington,7,51,27
2019,Troy,8,37,13
2019,South Alabama,8,13,37
2019,Arkansas State,8,20,37
2019,Louisiana,8,37,20
2019,Stanford,8,16,34
2019,UCLA,8,34,16
2019,Florida Atlantic,8,31,36
2019,Marshall,8,36,31
2019,Syracuse,8,20,27
2019,Pittsburgh,8,27,20
2019,Northwestern,8,3,52
2019,Ohio State,8,52,3
2019,Fresno State,8,56,27
2019,UNLV,8,27,56
2019,Arkansas,8,10,51
2019,Auburn,8,51,10
2019,Texas Tech,8,24,34
2019,Iowa State,8,34,24
2019,South Carolina,8,27,38
2019,Florida,8,38,27
2019,Louisville,8,10,45
2019,Clemson,8,45,10
2019,Miami,8,21,28
2019,Georgia Tech,8,28,21
2019,Illinois,8,24,23
2019,Wisconsin,8,23,24
2019,Iowa,8,26,20
2019,Purdue,8,20,26
2019,UConn,8,17,24
2019,Houston,8,24,17
2019,Ohio,8,45,38
2019,Kent State,8,38,45
2019,Boston College,8,45,24
2019,NC State,8,24,45
2019,Oklahoma,8,52,14
2019,West Virginia,8,14,52
2019,Ball State,8,52,14
2019,Toledo,8,14,52
2019,Bowling Green,8,20,38
2019,Central Michigan,8,38,20
2019,Miami (OH),8,27,24
2019,Northern Illinois,8,24,27
2019,Kansas State,8,24,17
2019,TCU,8,17,24
2019,California,8,17,21
2019,Oregon State,8,21,17
2019,Wyoming,8,23,10
2019,New Mexico,8,10,23
2019,Georgia Southern,8,30,27
2019,Coastal Carolina,8,27,30
2019,Akron,8,0,21
2019,Buffalo,8,21,0
2019,Navy,8,35,3
2019,South Florida,8,3,35
2019,Louisiana Tech,8,45,30
2019,Southern Miss,8,30,45
2019,Cincinnati,8,24,13
2019,Tulsa,8,13,24
2019,Rutgers,8,7,42
2019,Minnesota,8,42,7
2019,App State,8,52,7
2019,UL Monroe,8,7,52
2019,Mississippi State,8,13,36
2019,LSU,8,36,13
2019,SMU,8,45,21
2019,Temple,8,21,45
2019,Maryland,8,28,34
2019,Indiana,8,34,28
2019,Washington,8,31,35
2019,Oregon,8,35,31
2019,Virginia Tech,8,43,41
2019,North Carolina,8,41,43
2019,Virginia,8,48,14
2019,Duke,8,14,48
2019,Vanderbilt,8,21,14
2019,Missouri,8,14,21
2019,UAB,8,38,14
2019,Old Dominion,8,14,38
2019,Oklahoma State,8,27,45
2019,Baylor,8,45,27
2019,Western Kentucky,8,30,14
2019,Charlotte,8,14,30
2019,North Texas,8,33,30
2019,Middle Tennessee,8,30,33
2019,Liberty,8,59,44
2019,Maine,8,44,59
2019,Georgia,8,21,0
2019,Kentucky,8,0,21
2019,UTSA,8,31,27
2019,Rice,8,27,31
2019,Utah,8,21,3
2019,Arizona State,8,3,21
2019,Texas,8,50,48
2019,Kansas,8,48,50
2019,Washington State,8,41,10
2019,Colorado,8,10,41
2019,Memphis,8,47,17
2019,Tulane,8,17,47
2019,San José State,8,17,27
2019,San Diego State,8,27,17
2019,Eastern Michigan,8,34,27
2019,Western Michigan,8,27,34
2019,Georgia State,8,28,21
2019,Army,8,21,28
2019,Florida International,8,32,17
2019,UTEP,8,17,32
2019,UCF,8,41,28
2019,East Carolina,8,28,41
2019,Ole Miss,8,17,24
2019,Texas A&M,8,24,17
2019,Penn State,8,28,21
2019,Michigan,8,21,28
2019,Wake Forest,8,22,20
2019,Florida State,8,20,22
2019,Alabama,8,35,13
2019,Tennessee,8,13,35
2019,USC,8,41,14
2019,Arizona,8,14,41
2019,Utah State,8,36,10
2019,Nevada,8,10,36
2019,BYU,8,28,25
2019,Boise State,8,25,28
2019,Hawai'i,8,26,56
2019,Air Force,8,56,26
2019,Houston,9,31,34
2019,SMU,9,34,31
2019,Colorado,9,31,35
2019,USC,9,35,31
2019,Western Michigan,9,49,10
2019,Bowling Green,9,10,49
2019,Ohio State,9,38,7
2019,Wisconsin,9,7,38
2019,Army,9,29,34
2019,San José State,9,34,29
2019,Kansas State,9,48,41
2019,Oklahoma,9,41,48
2019,South Alabama,9,3,30
2019,App State,9,30,3
2019,Rutgers,9,44,34
2019,Liberty,9,34,44
2019,Northwestern,9,0,20
2019,Iowa,9,20,0
2019,Purdue,9,6,24
2019,Illinois,9,24,6
2019,Texas A&M,9,49,30
2019,Mississippi State,9,30,49
2019,Pittsburgh,9,12,16
2019,Miami,9,16,12
2019,Rice,9,6,20
2019,Southern Miss,9,20,6
2019,Wyoming,9,31,3
2019,Nevada,9,3,31
2019,Ball State,9,21,34
2019,Ohio,9,34,21
2019,Marshall,9,26,23
2019,Western Kentucky,9,23,26
2019,Georgia Southern,9,41,7
2019,New Mexico State,9,7,41
2019,LSU,9,23,20
2019,Auburn,9,20,23
2019,Navy,9,41,38
2019,Tulane,9,38,41
2019,Old Dominion,9,3,41
2019,Florida Atlantic,9,41,3
2019,Buffalo,9,43,20
2019,Central Michigan,9,20,43
2019,Middle Tennessee,9,50,17
2019,Florida International,9,17,50
2019,Kent State,9,16,23
2019,Miami (OH),9,23,16
2019,Stanford,9,41,31
2019,Arizona,9,31,41
2019,Charlotte,9,39,38
2019,North Texas,9,38,39
2019,Minnesota,9,52,10
2019,Maryland,9,10,52
2019,Michigan State,9,7,28
2019,Penn State,9,28,7
2019,Iowa State,9,27,34
2019,Oklahoma State,9,34,27
2019,Louisville,9,28,21
2019,Virginia,9,21,28
2019,Nebraska,9,31,38
2019,Indiana,9,38,31
2019,Massachusetts,9,35,56
2019,UConn,9,56,35
2019,Florida State,9,35,17
2019,Syracuse,9,17,35
2019,Northern Illinois,9,49,0
2019,Akron,9,0,49
2019,TCU,9,37,27
2019,Texas,9,27,37
2019,Toledo,9,37,34
2019,Eastern Michigan,9,34,37
2019,East Carolina,9,20,45
2019,South Florida,9,45,20
2019,Tennessee,9,41,21
2019,South Carolina,9,21,41
2019,North Carolina,9,20,17
2019,Duke,9,17,20
2019,New Mexico,9,31,45
2019,Hawai'i,9,45,31
2019,Georgia State,9,52,33
2019,Troy,9,33,52
2019,Alabama,9,48,7
2019,Arkansas,9,7,48
2019,Temple,9,21,63
2019,UCF,9,63,21
2019,Arkansas State,9,38,14
2019,Texas State,9,14,38
2019,Kansas,9,37,34
2019,Texas Tech,9,34,37
2019,Tulsa,9,41,42
2019,Memphis,9,42,41
2019,Clemson,9,59,7
2019,Boston College,9,7,59
2019,Michigan,9,45,14
2019,Notre Dame,9,14,45
2019,Fresno State,9,31,41
2019,Colorado State,9,41,31
2019,Kentucky,9,29,7
2019,Missouri,9,7,29
2019,UCLA,9,42,32
2019,Arizona State,9,32,42
2019,UTEP,9,21,42
2019,Louisiana Tech,9,42,21
2019,Utah,9,35,0
2019,California,9,0,35
2019,Air Force,9,31,7
2019,Utah State,9,7,31
2019,Oregon,9,37,35
2019,Washington State,9,35,37
2019,UNLV,9,17,20
2019,San Diego State,9,20,17
2019,Baylor,10,17,14
2019,West Virginia,10,14,17
2019,App State,10,21,24
2019,Georgia Southern,10,24,21
2019,UConn,10,10,56
2019,Navy,10,56,10
2019,Eastern Michigan,10,14,43
2019,Buffalo,10,43,14
2019,Purdue,10,31,27
2019,Nebraska,10,27,31
2019,Syracuse,10,27,58
2019,Boston College,10,58,27
2019,Texas A&M,10,45,14
2019,UTSA,10,14,45
2019,Wake Forest,10,44,10
2019,NC State,10,10,44
2019,Central Michigan,10,48,10
2019,Northern Illinois,10,10,48
2019,Massachusetts,10,21,63
2019,Liberty,10,63,21
2019,Florida International,10,24,17
2019,Old Dominion,10,17,24
2019,UCF,10,44,29
2019,Houston,10,29,44
2019,Maryland,10,7,38
2019,Michigan,10,38,7
2019,Bowling Green,10,35,6
2019,Akron,10,6,35
2019,Notre Dame,10,21,20
2019,Virginia Tech,10,20,21
2019,Coastal Carolina,10,36,35
2019,Troy,10,35,36
2019,UL Monroe,10,41,48
2019,Arkansas State,10,48,41
2019,Colorado State,10,37,17
2019,UNLV,10,17,37
2019,Florida,10,17,24
2019,Georgia,10,24,17
2019,North Texas,10,52,26
2019,UTEP,10,26,52
2019,Rice,10,7,20
2019,Marshall,10,20,7
2019,Florida State,10,10,27
2019,Miami,10,27,10
2019,Oklahoma State,10,34,27
2019,TCU,10,27,34
2019,Kansas,10,10,38
2019,Kansas State,10,38,10
2019,Illinois,10,38,10
2019,Rutgers,10,10,38
2019,Charlotte,10,34,20
2019,Middle Tennessee,10,20,34
2019,Air Force,10,17,13
2019,Army,10,13,17
2019,Clemson,10,59,14
2019,Wofford,10,14,59
2019,Tulane,10,38,26
2019,Tulsa,10,26,38
2019,Arkansas,10,24,54
2019,Mississippi State,10,54,24
2019,Washington,10,28,33
2019,Utah,10,33,28
2019,Western Kentucky,10,24,35
2019,Florida Atlantic,10,35,24
2019,Georgia Tech,10,10,20
2019,Pittsburgh,10,20,10
2019,Arizona,10,38,56
2019,Oregon State,10,56,38
2019,Louisiana,10,31,3
2019,Texas State,10,3,31
2019,Auburn,10,20,14
2019,Ole Miss,10,14,20
2019,East Carolina,10,43,46
2019,Cincinnati,10,46,43
2019,Tennessee,10,30,7
2019,UAB,10,7,30
2019,Indiana,10,34,3
2019,Northwestern,10,3,34
2019,Memphis,10,54,48
2019,SMU,10,48,54
2019,North Carolina,10,31,38
2019,Virginia,10,38,31
2019,South Carolina,10,24,7
2019,Vanderbilt,10,7,24
2019,USC,10,24,56
2019,Oregon,10,56,24
2019,UCLA,10,31,14
2019,Colorado,10,14,31
2019,Utah State,10,14,42
2019,BYU,10,42,14
2019,Nevada,10,21,10
2019,New Mexico,10,10,21
2019,San José State,10,42,52
2019,Boise State,10,52,42
2019,Hawai'i,10,38,41
2019,Fresno State,10,41,38
2019,Toledo,11,35,33
2019,Kent State,11,33,35
2019,Western Michigan,11,35,31
2019,Ball State,11,31,35
2019,Ohio,11,21,24
2019,Miami (OH),11,24,21
2019,Coastal Carolina,11,7,48
2019,Louisiana,11,48,7
2019,South Florida,11,7,17
2019,Temple,11,17,7
2019,Tulsa,11,34,31
2019,UCF,11,31,34
2019,Oregon State,11,7,19
2019,Washington,11,19,7
2019,Arkansas,11,19,45
2019,Western Kentucky,11,45,19
2019,Northwestern,11,22,24
2019,Purdue,11,24,22
2019,Army,11,63,7
2019,Massachusetts,11,7,63
2019,Boston College,11,31,38
2019,Florida State,11,38,31
2019,Minnesota,11,31,26
2019,Penn State,11,26,31
2019,TCU,11,23,29
2019,Baylor,11,29,23
2019,Ohio State,11,73,14
2019,Maryland,11,14,73
2019,West Virginia,11,17,38
2019,Texas Tech,11,38,17
2019,Florida,11,56,0
2019,Vanderbilt,11,0,56
2019,SMU,11,59,51
2019,East Carolina,11,51,59
2019,Virginia,11,33,28
2019,Georgia Tech,11,28,33
2019,Old Dominion,11,23,24
2019,UTSA,11,24,23
2019,UTEP,11,21,28
2019,Charlotte,11,28,21
2019,Colorado,11,16,13
2019,Stanford,11,13,16
2019,Texas State,11,30,28
2019,South Alabama,11,28,30
2019,Cincinnati,11,48,3
2019,UConn,11,3,48
2019,Michigan State,11,34,37
2019,Illinois,11,37,34
2019,Texas,11,27,24
2019,Kansas State,11,24,27
2019,Miami,11,52,27
2019,Louisville,11,27,52
2019,Southern Miss,11,37,2
2019,UAB,11,2,37
2019,Arizona State,11,26,31
2019,USC,11,31,26
2019,Troy,11,49,28
2019,Georgia Southern,11,28,49
2019,Alabama,11,41,46
2019,LSU,11,46,41
2019,Virginia Tech,11,36,17
2019,Wake Forest,11,17,36
2019,Wisconsin,11,24,22
2019,Iowa,11,22,24
2019,Louisiana Tech,11,52,17
2019,North Texas,11,17,52
2019,Ole Miss,11,41,3
2019,New Mexico State,11,3,41
2019,UL Monroe,11,45,31
2019,Georgia State,11,31,45
2019,Florida Atlantic,11,37,7
2019,Florida International,11,7,37
2019,South Carolina,11,15,20
2019,App State,11,20,15
2019,Georgia,11,27,0
2019,Missouri,11,0,27
2019,Fresno State,11,35,37
2019,Utah State,11,37,35
2019,California,11,33,20
2019,Washington State,11,20,33
2019,BYU,11,31,24
2019,Liberty,11,24,31
2019,Kentucky,11,13,17
2019,Tennessee,11,17,13
2019,Duke,11,7,38
2019,Notre Dame,11,38,7
2019,NC State,11,10,55
2019,Clemson,11,55,10
2019,Oklahoma,11,42,41
2019,Iowa State,11,41,42
2019,Boise State,11,20,17
2019,Wyoming,11,17,20
2019,San Diego State,11,13,17
2019,Nevada,11,17,13
2019,Hawai'i,11,42,40
2019,San José State,11,40,42
2019,Akron,12,14,42
2019,Eastern Michigan,12,42,14
2019,Ohio,12,34,37
2019,Western Michigan,12,37,34
2019,Toledo,12,28,31
2019,Northern Illinois,12,31,28
2019,Miami (OH),12,44,3
2019,Bowling Green,12,3,44
2019,Kent State,12,30,27
2019,Buffalo,12,27,30
2019,Pittsburgh,12,34,27
2019,North Carolina,12,27,34
2019,Marshall,12,31,10
2019,Louisiana Tech,12,10,31
2019,San Diego State,12,17,7
2019,Fresno State,12,7,17
2019,Mississippi State,12,7,38
2019,Alabama,12,38,7
2019,Northwestern,12,45,6
2019,Massachusetts,12,6,45
2019,Michigan,12,44,10
2019,Michigan State,12,10,44
2019,Texas Tech,12,31,33
2019,TCU,12,33,31
2019,Temple,12,29,21
2019,Tulane,12,21,29
2019,Missouri,12,6,23
2019,Florida,12,23,6
2019,Army,12,47,6
2019,VMI,12,6,47
2019,Nebraska,12,21,37
2019,Wisconsin,12,37,21
2019,Florida State,12,49,12
2019,Alabama State,12,12,49
2019,Oklahoma State,12,31,13
2019,Kansas,12,13,31
2019,Penn State,12,34,27
2019,Indiana,12,27,34
2019,UAB,12,37,10
2019,UTEP,12,10,37
2019,Notre Dame,12,52,20
2019,Navy,12,20,52
2019,BYU,12,42,10
2019,Idaho State,12,10,42
2019,Texas State,12,27,63
2019,Troy,12,63,27
2019,Georgia Southern,12,51,29
2019,UL Monroe,12,29,51
2019,Arkansas State,12,28,27
2019,Coastal Carolina,12,27,28
2019,Vanderbilt,12,14,38
2019,Kentucky,12,38,14
2019,Auburn,12,14,21
2019,Georgia,12,21,14
2019,Ball State,12,44,45
2019,Central Michigan,12,45,44
2019,Kansas State,12,20,24
2019,West Virginia,12,24,20
2019,Georgia Tech,12,0,45
2019,Virginia Tech,12,45,0
2019,Iowa State,12,23,21
2019,Texas,12,21,23
2019,Houston,12,27,45
2019,Memphis,12,45,27
2019,Clemson,12,52,3
2019,Wake Forest,12,3,52
2019,Rutgers,12,21,56
2019,Ohio State,12,56,21
2019,UNLV,12,7,21
2019,Hawai'i,12,21,7
2019,Duke,12,6,49
2019,Syracuse,12,49,6
2019,New Mexico State,12,41,28
2019,Incarnate Word,12,28,41
2019,Utah State,12,26,21
2019,Wyoming,12,21,26
2019,Iowa,12,23,19
2019,Minnesota,12,19,23
2019,Washington State,12,49,22
2019,Stanford,12,22,49
2019,Middle Tennessee,12,28,31
2019,Rice,12,31,28
2019,South Alabama,12,27,37
2019,Louisiana,12,37,27
2019,UTSA,12,17,36
2019,Southern Miss,12,36,17
2019,Ole Miss,12,37,58
2019,LSU,12,58,37
2019,South Florida,12,17,20
2019,Cincinnati,12,20,17
2019,Colorado State,12,21,38
2019,Air Force,12,38,21
2019,Texas A&M,12,30,6
2019,South Carolina,12,6,30
2019,Baylor,12,31,34
2019,Oklahoma,12,34,31
2019,Oregon State,12,35,34
2019,Arizona State,12,34,35
2019,Georgia State,12,27,56
2019,App State,12,56,27
2019,NC State,12,20,34
2019,Louisville,12,34,20
2019,Utah,12,49,3
2019,UCLA,12,3,49
2019,Boise State,12,42,9
2019,New Mexico,12,9,42
2019,Oregon,12,34,6
2019,Arizona,12,6,34
2019,California,12,17,41
2019,USC,12,41,17
2019,Bowling Green,13,24,66
2019,Ohio,13,66,24
2019,Northern Illinois,13,17,45
2019,Eastern Michigan,13,45,17
2019,Miami (OH),13,20,17
2019,Akron,13,17,20
2019,Buffalo,13,49,30
2019,Toledo,13,30,49
2019,Georgia Tech,13,28,26
2019,NC State,13,26,28
2019,Wyoming,13,17,7
2019,Colorado State,13,7,17
2019,Iowa State,13,41,31
2019,Kansas,13,31,41
2019,West Virginia,13,13,20
2019,Oklahoma State,13,20,13
2019,Tulane,13,31,34
2019,UCF,13,34,31
2019,Northwestern,13,22,38
2019,Minnesota,13,38,22
2019,Massachusetts,13,24,56
2019,BYU,13,56,24
2019,Kent State,13,41,38
2019,Ball State,13,38,41
2019,UConn,13,24,31
2019,East Carolina,13,31,24
2019,Virginia,13,55,27
2019,Liberty,13,27,55
2019,Rutgers,13,0,27
2019,Michigan State,13,27,0
2019,Auburn,13,52,0
2019,Samford,13,0,52
2019,Alabama,13,66,3
2019,Western Carolina,13,3,66
2019,Ohio State,13,28,17
2019,Penn State,13,17,28
2019,Iowa,13,19,10
2019,Illinois,13,10,19
2019,Georgia State,13,28,15
2019,South Alabama,13,15,28
2019,New Mexico,13,22,44
2019,Air Force,13,44,22
2019,App State,13,35,13
2019,Texas State,13,13,35
2019,Notre Dame,13,40,7
2019,Boston College,13,7,40
2019,Arkansas State,13,38,33
2019,Georgia Southern,13,33,38
2019,Southern Miss,13,10,28
2019,Western Kentucky,13,28,10
2019,Indiana,13,14,39
2019,Michigan,13,39,14
2019,Georgia,13,19,13
2019,Texas A&M,13,13,19
2019,Kentucky,13,50,7
2019,UT Martin,13,7,50
2019,Virginia Tech,13,28,0
2019,Pittsburgh,13,0,28
2019,UAB,13,20,14
2019,Louisiana Tech,13,14,20
2019,Navy,13,35,28
2019,SMU,13,28,35
2019,Charlotte,13,24,13
2019,Marshall,13,13,24
2019,Rice,13,20,14
2019,North Texas,13,14,20
2019,Vanderbilt,13,38,0
2019,East Tennessee State,13,0,38
2019,North Carolina,13,56,7
2019,Mercer,13,7,56
2019,USC,13,52,35
2019,UCLA,13,35,52
2019,Baylor,13,24,10
2019,Texas,13,10,24
2019,Maryland,13,7,54
2019,Nebraska,13,54,7
2019,South Florida,13,10,49
2019,Memphis,13,49,10
2019,Louisville,13,56,34
2019,Syracuse,13,34,56
2019,New Mexico State,13,44,35
2019,UTEP,13,35,44
2019,UNLV,13,38,35
2019,San José State,13,35,38
2019,Stanford,13,20,24
2019,California,13,24,20
2019,Wisconsin,13,45,24
2019,Purdue,13,24,45
2019,Middle Tennessee,13,38,17
2019,Old Dominion,13,17,38
2019,UL Monroe,13,45,42
2019,Coastal Carolina,13,42,45
2019,Louisiana,13,53,3
2019,Troy,13,3,53
2019,UTSA,13,26,40
2019,Florida Atlantic,13,40,26
2019,LSU,13,56,20
2019,Arkansas,13,20,56
2019,Cincinnati,13,15,13
2019,Temple,13,13,15
2019,Texas Tech,13,27,30
2019,Kansas State,13,30,27
2019,Florida International,13,30,24
2019,Miami,13,24,30
2019,Wake Forest,13,39,27
2019,Duke,13,27,39
2019,Missouri,13,20,24
2019,Tennessee,13,24,20
2019,Arizona State,13,31,28
2019,Oregon,13,28,31
2019,Mississippi State,13,45,7
2019,Abilene Christian,13,7,45
2019,Tulsa,13,14,24
2019,Houston,13,24,14
2019,Oklahoma,13,28,24
2019,TCU,13,24,28
2019,Washington State,13,54,53
2019,Oregon State,13,53,54
2019,Colorado,13,20,14
2019,Washington,13,14,20
2019,Arizona,13,7,35
2019,Utah,13,35,7
2019,Utah State,13,21,56
2019,Boise State,13,56,21
2019,Fresno State,13,28,35
2019,Nevada,13,35,28
2019,Hawai'i,13,14,11
2019,San Diego State,13,11,14
2019,Akron,14,3,52
2019,Ohio,14,52,3
2019,Northern Illinois,14,17,14
2019,Western Michigan,14,14,17
2019,Mississippi State,14,21,20
2019,Ole Miss,14,20,21
2019,Central Michigan,14,49,7
2019,Toledo,14,7,49
2019,Ball State,14,41,27
2019,Miami (OH),14,27,41
2019,Virginia,14,39,30
2019,Virginia Tech,14,30,39
2019,Buffalo,14,49,7
2019,Bowling Green,14,7,49
2019,Eastern Michigan,14,26,34
2019,Kent State,14,34,26
2019,Texas,14,49,24
2019,Texas Tech,14,24,49
2019,Nebraska,14,24,27
2019,Iowa,14,27,24
2019,Arkansas,14,14,24
2019,Missouri,14,24,14
2019,Colorado State,14,24,31
2019,Boise State,14,31,24
2019,Memphis,14,34,24
2019,Cincinnati,14,24,34
2019,Washington,14,31,13
2019,Washington State,14,13,31
2019,TCU,14,17,20
2019,West Virginia,14,20,17
2019,South Alabama,14,34,30
2019,Arkansas State,14,30,34
2019,Troy,14,13,48
2019,App State,14,48,13
2019,UCF,14,34,7
2019,South Florida,14,7,34
2019,Illinois,14,10,29
2019,Northwestern,14,29,10
2019,Kentucky,14,45,13
2019,Louisville,14,13,45
2019,Georgia Tech,14,7,52
2019,Georgia,14,52,7
2019,Purdue,14,41,44
2019,Indiana,14,44,41
2019,Coastal Carolina,14,24,21
2019,Texas State,14,21,24
2019,East Carolina,14,24,49
2019,Tulsa,14,49,24
2019,South Carolina,14,3,38
2019,Clemson,14,38,3
2019,Michigan,14,27,56
2019,Ohio State,14,56,27
2019,Marshall,14,30,27
2019,Florida International,14,27,30
2019,Syracuse,14,39,30
2019,Wake Forest,14,30,39
2019,Air Force,14,20,6
2019,Wyoming,14,6,20
2019,Western Kentucky,14,31,26
2019,Middle Tennessee,14,26,31
2019,Old Dominion,14,22,38
2019,Charlotte,14,38,22
2019,Liberty,14,49,28
2019,New Mexico State,14,28,49
2019,UTEP,14,16,30
2019,Rice,14,30,16
2019,Nevada,14,30,33
2019,UNLV,14,33,30
2019,Auburn,14,48,45
2019,Alabama,14,45,48
2019,Penn State,14,27,6
2019,Rutgers,14,6,27
2019,Minnesota,14,17,38
2019,Wisconsin,14,38,17
2019,Michigan State,14,19,16
2019,Maryland,14,16,19
2019,Florida Atlantic,14,34,17
2019,Southern Miss,14,17,34
2019,Louisiana Tech,14,41,27
2019,UTSA,14,27,41
2019,Duke,14,27,17
2019,Miami,14,17,27
2019,Pittsburgh,14,19,26
2019,Boston College,14,26,19
2019,Kansas,14,6,61
2019,Baylor,14,61,6
2019,Temple,14,49,17
2019,UConn,14,17,49
2019,Tennessee,14,28,10
2019,Vanderbilt,14,10,28
2019,Stanford,14,24,45
2019,Notre Dame,14,45,24
2019,New Mexico,14,25,38
2019,Utah State,14,38,25
2019,SMU,14,37,20
2019,Tulane,14,20,37
2019,Oregon,14,24,10
2019,Oregon State,14,10,24
2019,North Texas,14,21,26
2019,UAB,14,26,21
2019,Georgia Southern,14,38,10
2019,Georgia State,14,10,38
2019,NC State,14,10,41
2019,North Carolina,14,41,10
2019,Kansas State,14,27,17
2019,Iowa State,14,17,27
2019,LSU,14,50,7
2019,Texas A&M,14,7,50
2019,Houston,14,41,56
2019,Navy,14,56,41
2019,Louisiana,14,31,30
2019,UL Monroe,14,30,31
2019,Utah,14,45,15
2019,Colorado,14,15,45
2019,Florida,14,40,17
2019,Florida State,14,17,40
2019,Oklahoma State,14,16,34
2019,Oklahoma,14,34,16
2019,San Diego State,14,13,3
2019,BYU,14,3,13
2019,Arizona State,14,24,14
2019,Arizona,14,14,24
2019,UCLA,14,18,28
2019,California,14,28,18
2019,San José State,14,17,16
2019,Fresno State,14,16,17
2019,Hawai'i,14,52,31
2019,Army,14,31,52
2019,Oregon,15,37,15
2019,Utah,15,15,37
2019,App State,15,45,38
2019,Louisiana,15,38,45
2019,Central Michigan,15,21,26
2019,Miami (OH),15,26,21
2019,Oklahoma,15,30,23
2019,Baylor,15,23,30
2019,Florida Atlantic,15,49,6
2019,UAB,15,6,49
2019,Memphis,15,29,24
2019,Cincinnati,15,24,29
2019,Boise State,15,31,10
2019,Hawai'i,15,10,31
2019,LSU,15,37,10
2019,Georgia,15,10,37
2019,Clemson,15,62,17
2019,Virginia,15,17,62
2019,Wisconsin,15,21,34
2019,Ohio State,15,34,21
2019,Navy,15,31,7
2019,Army,15,7,31
2020,UAB,1,45,35
2020,Central Arkansas,1,35,45
2020,Southern Miss,1,21,32
2020,South Alabama,1,32,21
2020,Marshall,1,59,0
2020,Eastern Kentucky,1,0,59
2020,Army,1,42,0
2020,Middle Tennessee,1,0,42
2020,Texas State,1,24,31
2020,SMU,1,31,24
2020,North Texas,1,57,31
2020,Houston Christian,1,31,57
2020,Memphis,1,37,24
2020,Arkansas State,1,24,37
2020,UTEP,1,24,14
2020,Stephen F. Austin,1,14,24
2020,Navy,1,3,55
2020,BYU,1,55,3
2020,Miami,2,31,14
2020,UAB,2,14,31
2020,West Virginia,2,56,10
2020,Eastern Kentucky,2,10,56
2020,App State,2,35,20
2020,Charlotte,2,20,35
2020,North Carolina,2,31,6
2020,Syracuse,2,6,31
2020,Kansas State,2,31,35
2020,Arkansas State,2,35,31
2020,Iowa State,2,14,31
2020,Louisiana,2,31,14
2020,Army,2,37,7
2020,UL Monroe,2,7,37
2020,Notre Dame,2,27,13
2020,Duke,2,13,27
2020,Texas State,2,48,51
2020,UTSA,2,51,48
2020,Florida State,2,13,16
2020,Georgia Tech,2,16,13
2020,Pittsburgh,2,55,0
2020,Austin Peay,2,0,55
2020,Georgia Southern,2,27,26
2020,Campbell,2,26,27
2020,South Florida,2,27,6
2020,The Citadel,2,6,27
2020,Oklahoma,2,48,0
2020,Missouri State,2,0,48
2020,South Alabama,2,24,27
2020,Tulane,2,27,24
2020,Wake Forest,2,13,37
2020,Clemson,2,37,13
2020,Louisville,2,35,21
2020,Western Kentucky,2,21,35
2020,Texas Tech,2,35,33
2020,Houston Christian,2,33,35
2020,Texas,2,59,3
2020,UTEP,2,3,59
2020,Kansas,2,23,38
2020,Coastal Carolina,2,38,23
2020,Coastal Carolina,3,43,21
2020,Campbell,3,21,43
2020,Georgia State,3,31,34
2020,Louisiana,3,34,31
2020,Cincinnati,3,55,20
2020,Austin Peay,3,20,55
2020,Tulane,3,24,27
2020,Navy,3,27,24
2020,Duke,3,6,26
2020,Boston College,3,26,6
2020,Pittsburgh,3,21,10
2020,Syracuse,3,10,21
2020,Western Kentucky,3,24,30
2020,Liberty,3,30,24
2020,Oklahoma State,3,16,7
2020,Tulsa,3,7,16
2020,Notre Dame,3,52,0
2020,South Florida,3,0,52
2020,Middle Tennessee,3,14,47
2020,Troy,3,47,14
2020,Marshall,3,17,7
2020,App State,3,7,17
2020,UTSA,3,24,10
2020,Stephen F. Austin,3,10,24
2020,Georgia Tech,3,21,49
2020,UCF,3,49,21
2020,Clemson,3,49,0
2020,The Citadel,3,0,49
2020,North Texas,3,35,65
2020,SMU,3,65,35
2020,UL Monroe,3,17,38
2020,Texas State,3,38,17
2020,Southern Miss,3,30,31
2020,Louisiana Tech,3,31,30
2020,Louisville,3,34,47
2020,Miami,3,47,34
2020,NC State,3,45,42
2020,Wake Forest,3,42,45
2020,UTEP,3,17,13
2020,Abilene Christian,3,13,17
2020,South Alabama,4,10,42
2020,UAB,4,42,10
2020,UTSA,4,37,35
2020,Middle Tennessee,4,35,37
2020,Oklahoma,4,35,38
2020,Kansas State,4,38,35
2020,Auburn,4,29,13
2020,Kentucky,4,13,29
2020,East Carolina,4,28,51
2020,UCF,4,51,28
2020,Ole Miss,4,35,51
2020,Florida,4,51,35
2020,Louisiana,4,20,18
2020,Georgia Southern,4,18,20
2020,Pittsburgh,4,23,20
2020,Louisville,4,20,23
2020,Syracuse,4,37,20
2020,Georgia Tech,4,20,37
2020,App State,4,52,21
2020,Campbell,4,21,52
2020,Liberty,4,36,34
2020,Florida International,4,34,36
2020,TCU,4,34,37
2020,Iowa State,4,37,34
2020,Cincinnati,4,24,10
2020,Army,4,10,24
2020,Texas Tech,4,56,63
2020,Texas,4,63,56
2020,Oklahoma State,4,27,13
2020,West Virginia,4,13,27
2020,UL Monroe,4,6,31
2020,UTEP,4,31,6
2020,LSU,4,34,44
2020,Mississippi State,4,44,34
2020,Arkansas,4,10,37
2020,Georgia,4,37,10
2020,Virginia,4,38,20
2020,Duke,4,20,38
2020,Boston College,4,24,21
2020,Texas State,4,21,24
2020,SMU,4,50,7
2020,Stephen F. Austin,4,7,50
2020,Southern Miss,4,24,66
2020,Tulane,4,66,24
2020,Louisiana Tech,4,66,38
2020,Houston Christian,4,38,66
2020,Missouri,4,19,38
2020,Alabama,4,38,19
2020,Baylor,4,47,14
2020,Kansas,4,14,47
2020,Texas A&M,4,17,12
2020,Vanderbilt,4,12,17
2020,Miami,4,52,10
2020,Florida State,4,10,52
2020,South Carolina,4,27,31
2020,Tennessee,4,31,27
2020,Virginia Tech,4,45,24
2020,NC State,4,24,45
2020,BYU,4,48,7
2020,Troy,4,7,48
2020,Wake Forest,5,66,14
2020,Campbell,5,14,66
2020,BYU,5,45,14
2020,Louisiana Tech,5,14,45
2020,Coastal Carolina,5,52,23
2020,Arkansas State,5,23,52
2020,Texas,5,31,33
2020,TCU,5,33,31
2020,Pittsburgh,5,29,30
2020,NC State,5,30,29
2020,Georgia State,5,49,29
2020,East Carolina,5,29,49
2020,West Virginia,5,27,21
2020,Baylor,5,21,27
2020,Tennessee,5,35,12
2020,Missouri,5,12,35
2020,Florida,5,38,24
2020,South Carolina,5,24,38
2020,UAB,5,21,13
2020,UTSA,5,13,21
2020,Liberty,5,28,7
2020,North Alabama,5,7,28
2020,Army,5,55,23
2020,Abilene Christian,5,23,55
2020,Boston College,5,22,26
2020,North Carolina,5,26,22
2020,Kansas State,5,31,21
2020,Texas Tech,5,21,31
2020,Kansas,5,7,47
2020,Oklahoma State,5,47,7
2020,Cincinnati,5,28,7
2020,South Florida,5,7,28
2020,SMU,5,30,27
2020,Memphis,5,27,30
2020,Alabama,5,52,24
2020,Texas A&M,5,24,52
2020,Florida Atlantic,5,21,17
2020,Charlotte,5,17,21
2020,Florida State,5,41,24
2020,Jacksonville State,5,24,41
2020,Duke,5,31,38
2020,Virginia Tech,5,38,31
2020,Kentucky,5,41,42
2020,Ole Miss,5,42,41
2020,Middle Tennessee,5,17,20
2020,Western Kentucky,5,20,17
2020,Air Force,5,40,7
2020,Navy,5,7,40
2020,UL Monroe,5,30,35
2020,Georgia Southern,5,35,30
2020,Mississippi State,5,14,21
2020,Arkansas,5,21,14
2020,Vanderbilt,5,7,41
2020,LSU,5,41,7
2020,North Texas,5,31,41
2020,Southern Miss,5,41,31
2020,UCF,5,26,34
2020,Tulsa,5,34,26
2020,Iowa State,5,37,30
2020,Oklahoma,5,30,37
2020,Georgia,5,27,6
2020,Auburn,5,6,27
2020,Clemson,5,41,23
2020,Virginia,5,23,41
2020,Houston,6,49,31
2020,Tulane,6,31,49
2020,Georgia Tech,6,46,27
2020,Louisville,6,27,46
2020,Virginia,6,21,38
2020,NC State,6,38,21
2020,Vanderbilt,6,7,41
2020,South Carolina,6,41,7
2020,Texas A&M,6,41,38
2020,Florida,6,38,41
2020,Oklahoma,6,53,45
2020,Texas,6,45,53
2020,LSU,6,41,45
2020,Missouri,6,45,41
2020,North Carolina,6,56,45
2020,Virginia Tech,6,45,56
2020,Liberty,6,40,7
2020,UL Monroe,6,7,40
2020,Syracuse,6,24,38
2020,Duke,6,38,24
2020,Army,6,14,9
2020,The Citadel,6,9,14
2020,Troy,6,37,17
2020,Texas State,6,17,37
2020,BYU,6,27,20
2020,UTSA,6,20,27
2020,Iowa State,6,31,15
2020,Texas Tech,6,15,31
2020,Arkansas State,6,50,27
2020,Central Arkansas,6,27,50
2020,Georgia,6,44,21
2020,Tennessee,6,21,44
2020,Florida International,6,28,31
2020,Middle Tennessee,6,31,28
2020,TCU,6,14,21
2020,Kansas State,6,21,14
2020,Boston College,6,31,30
2020,Pittsburgh,6,30,31
2020,Auburn,6,30,28
2020,Arkansas,6,28,30
2020,Navy,6,31,29
2020,Temple,6,29,31
2020,South Florida,6,24,44
2020,East Carolina,6,44,24
2020,Notre Dame,6,42,26
2020,Florida State,6,26,42
2020,Clemson,6,42,17
2020,Miami,6,17,42
2020,Louisiana Tech,6,21,17
2020,UTEP,6,17,21
2020,Ole Miss,6,48,63
2020,Alabama,6,63,48
2020,Western Kentucky,6,14,38
2020,Marshall,6,38,14
2020,Kentucky,6,24,2
2020,Mississippi State,6,2,24
2020,North Texas,6,21,49
2020,Charlotte,6,49,21
2020,Louisiana,7,27,30
2020,Coastal Carolina,7,30,27
2020,Arkansas State,7,59,52
2020,Georgia State,7,52,59
2020,Tulane,7,34,37
2020,SMU,7,37,34
2020,Houston,7,26,43
2020,BYU,7,43,26
2020,Syracuse,7,21,38
2020,Liberty,7,38,21
2020,Miami,7,31,19
2020,Pittsburgh,7,19,31
2020,South Carolina,7,30,22
2020,Auburn,7,22,30
2020,Georgia Tech,7,7,73
2020,Clemson,7,73,7
2020,South Alabama,7,30,20
2020,Texas State,7,20,30
2020,Temple,7,39,37
2020,South Florida,7,37,39
2020,West Virginia,7,38,17
2020,Kansas,7,17,38
2020,Tennessee,7,7,34
2020,Kentucky,7,34,7
2020,East Carolina,7,23,27
2020,Navy,7,27,23
2020,UTSA,7,16,28
2020,Army,7,28,16
2020,UAB,7,37,14
2020,Western Kentucky,7,14,37
2020,Notre Dame,7,12,7
2020,Louisville,7,7,12
2020,Troy,7,31,29
2020,Eastern Kentucky,7,29,31
2020,NC State,7,31,20
2020,Duke,7,20,31
2020,Memphis,7,50,49
2020,UCF,7,49,50
2020,Arkansas,7,33,21
2020,Ole Miss,7,21,33
2020,Georgia Southern,7,41,0
2020,Massachusetts,7,0,41
2020,Mississippi State,7,14,28
2020,Texas A&M,7,28,14
2020,Wake Forest,7,40,23
2020,Virginia,7,23,40
2020,Middle Tennessee,7,35,52
2020,North Texas,7,52,35
2020,Louisiana Tech,7,17,35
2020,Marshall,7,35,17
2020,Florida State,7,31,28
2020,North Carolina,7,28,31
2020,Alabama,7,41,24
2020,Georgia,7,24,41
2020,Virginia Tech,7,40,14
2020,Boston College,7,14,40
2020,App State,8,45,17
2020,Arkansas State,8,17,45
2020,Florida International,8,10,19
2020,Jacksonville State,8,19,10
2020,South Florida,8,13,42
2020,Tulsa,8,42,13
2020,UAB,8,20,24
2020,Louisiana,8,24,20
2020,Wisconsin,8,45,7
2020,Illinois,8,7,45
2020,Ohio State,8,52,17
2020,Nebraska,8,17,52
2020,Louisville,8,48,16
2020,Florida State,8,16,48
2020,Army,8,49,3
2020,Mercer,8,3,49
2020,Charlotte,8,38,28
2020,UTEP,8,28,38
2020,Clemson,8,47,21
2020,Syracuse,8,21,47
2020,Kansas State,8,55,14
2020,Kansas,8,14,55
2020,TCU,8,14,33
2020,Oklahoma,8,33,14
2020,Memphis,8,41,29
2020,Temple,8,29,41
2020,North Carolina,8,48,21
2020,NC State,8,21,48
2020,Ole Miss,8,28,35
2020,Auburn,8,35,28
2020,Coastal Carolina,8,28,14
2020,Georgia Southern,8,14,28
2020,Michigan State,8,27,38
2020,Rutgers,8,38,27
2020,Liberty,8,56,35
2020,Southern Miss,8,35,56
2020,UCF,8,51,34
2020,Tulane,8,34,51
2020,Marshall,8,20,9
2020,Florida Atlantic,8,9,20
2020,Texas,8,27,16
2020,Baylor,8,16,27
2020,Purdue,8,24,20
2020,Iowa,8,20,24
2020,Navy,8,21,37
2020,Houston,8,37,21
2020,Indiana,8,36,35
2020,Penn State,8,35,36
2020,Tennessee,8,17,48
2020,Alabama,8,48,17
2020,Oklahoma State,8,24,21
2020,Iowa State,8,21,24
2020,Wake Forest,8,23,16
2020,Virginia Tech,8,16,23
2020,Rice,8,34,40
2020,Middle Tennessee,8,40,34
2020,Pittsburgh,8,3,45
2020,Notre Dame,8,45,3
2020,Troy,8,34,36
2020,Georgia State,8,36,34
2020,Missouri,8,20,10
2020,Kentucky,8,10,20
2020,Boston College,8,48,27
2020,Georgia Tech,8,27,48
2020,Western Kentucky,8,13,10
2020,Chattanooga,8,10,13
2020,Texas Tech,8,34,27
2020,West Virginia,8,27,34
2020,LSU,8,52,24
2020,South Carolina,8,24,52
2020,Boise State,8,42,13
2020,Utah State,8,13,42
2020,South Alabama,8,38,14
2020,UL Monroe,8,14,38
2020,Nevada,8,37,34
2020,Wyoming,8,34,37
2020,Northwestern,8,43,3
2020,Maryland,8,3,43
2020,Minnesota,8,24,49
2020,Michigan,8,49,24
2020,Fresno State,8,19,34
2020,Hawai'i,8,34,19
2020,UTSA,8,27,26
2020,Louisiana Tech,8,26,27
2020,Miami,8,19,14
2020,Virginia,8,14,19
2020,SMU,8,13,42
2020,Cincinnati,8,42,13
2020,BYU,8,52,14
2020,Texas State,8,14,52
2020,San José State,8,17,6
2020,Air Force,8,6,17
2020,San Diego State,8,34,6
2020,UNLV,8,6,34
2020,Georgia Southern,9,24,17
2020,South Alabama,9,17,24
2020,Fresno State,9,38,17
2020,Colorado State,9,17,38
2020,Maryland,9,45,44
2020,Minnesota,9,44,45
2020,Tulsa,9,34,30
2020,East Carolina,9,30,34
2020,Wyoming,9,31,7
2020,Hawai'i,9,7,31
2020,West Virginia,9,37,10
2020,Kansas State,9,10,37
2020,Kansas,9,22,52
2020,Iowa State,9,52,22
2020,Cincinnati,9,49,10
2020,Memphis,9,10,49
2020,Michigan,9,24,27
2020,Michigan State,9,27,24
2020,Florida Atlantic,9,24,3
2020,UTSA,9,3,24
2020,Tulane,9,38,3
2020,Temple,9,3,38
2020,Clemson,9,34,28
2020,Boston College,9,28,34
2020,Syracuse,9,14,38
2020,Wake Forest,9,38,14
2020,Kentucky,9,3,14
2020,Georgia,9,14,3
2020,Illinois,9,24,31
2020,Purdue,9,31,24
2020,Georgia State,9,0,51
2020,Coastal Carolina,9,51,0
2020,Houston,9,21,44
2020,UCF,9,44,21
2020,Arkansas State,9,10,38
2020,Troy,9,38,10
2020,Southern Miss,9,6,30
2020,Rice,9,30,6
2020,Baylor,9,23,33
2020,TCU,9,33,23
2020,Georgia Tech,9,13,31
2020,Notre Dame,9,31,13
2020,Rutgers,9,21,37
2020,Indiana,9,37,21
2020,Iowa,9,20,21
2020,Northwestern,9,21,20
2020,Louisiana Tech,9,37,34
2020,UAB,9,34,37
2020,Auburn,9,48,11
2020,LSU,9,11,48
2020,Oklahoma State,9,34,41
2020,Texas,9,41,34
2020,Louisville,9,35,42
2020,Virginia Tech,9,42,35
2020,Vanderbilt,9,21,54
2020,Ole Miss,9,54,21
2020,UL Monroe,9,13,31
2020,App State,9,31,13
2020,Air Force,9,30,49
2020,Boise State,9,49,30
2020,Alabama,9,41,0
2020,Mississippi State,9,0,41
2020,New Mexico,9,21,38
2020,San José State,9,38,21
2020,Duke,9,53,19
2020,Charlotte,9,19,53
2020,SMU,9,51,37
2020,Navy,9,37,51
2020,Florida,9,41,17
2020,Missouri,9,17,41
2020,Penn State,9,25,38
2020,Ohio State,9,38,25
2020,Texas A&M,9,42,31
2020,Arkansas,9,31,42
2020,Texas Tech,9,28,62
2020,Oklahoma,9,62,28
2020,Virginia,9,44,41
2020,North Carolina,9,41,44
2020,Texas State,9,34,44
2020,Louisiana,9,44,34
2020,Utah State,9,7,38
2020,San Diego State,9,38,7
2020,BYU,9,41,10
2020,Western Kentucky,9,10,41
2020,UNLV,9,19,37
2020,Nevada,9,37,19
2020,Akron,10,13,58
2020,Western Michigan,10,58,13
2020,Kent State,10,27,23
2020,Eastern Michigan,10,23,27
2020,Northern Illinois,10,30,49
2020,Buffalo,10,49,30
2020,Central Michigan,10,30,27
2020,Ohio,10,27,30
2020,Miami (OH),10,38,31
2020,Ball State,10,31,38
2020,Toledo,10,38,3
2020,Bowling Green,10,3,38
2020,Nevada,10,34,9
2020,Utah State,10,9,34
2020,Colorado State,10,34,24
2020,Wyoming,10,24,34
2020,NC State,10,41,44
2020,Miami,10,44,41
2020,San Diego State,10,17,28
2020,San José State,10,28,17
2020,Boise State,10,17,51
2020,BYU,10,51,17
2020,Georgia State,10,52,34
2020,UL Monroe,10,34,52
2020,Texas,10,17,13
2020,West Virginia,10,13,17
2020,Virginia Tech,10,35,38
2020,Liberty,10,38,35
2020,Memphis,10,34,33
2020,South Florida,10,33,34
2020,Iowa,10,49,7
2020,Michigan State,10,7,49
2020,Louisiana,10,27,20
2020,Arkansas State,10,20,27
2020,Indiana,10,38,21
2020,Michigan,10,21,38
2020,Temple,10,23,47
2020,SMU,10,47,23
2020,USC,10,28,27
2020,Arizona State,10,27,28
2020,Northwestern,10,21,13
2020,Nebraska,10,13,21
2020,Duke,10,24,56
2020,North Carolina,10,56,24
2020,East Carolina,10,21,38
2020,Tulane,10,38,21
2020,Georgia Southern,10,20,13
2020,Troy,10,13,20
2020,Syracuse,10,13,16
2020,Boston College,10,16,13
2020,Marshall,10,51,10
2020,Massachusetts,10,10,51
2020,Texas State,10,17,38
2020,App State,10,38,17
2020,Southern Miss,10,24,13
2020,North Alabama,10,13,24
2020,Penn State,10,19,35
2020,Maryland,10,35,19
2020,UNLV,10,27,40
2020,Fresno State,10,40,27
2020,Mississippi State,10,24,17
2020,Vanderbilt,10,17,24
2020,Illinois,10,14,41
2020,Minnesota,10,41,14
2020,Georgia,10,28,44
2020,Florida,10,44,28
2020,Oklahoma,10,62,9
2020,Kansas,10,9,62
2020,TCU,10,34,18
2020,Texas Tech,10,18,34
2020,Cincinnati,10,38,10
2020,Houston,10,10,38
2020,Florida State,10,17,41
2020,Pittsburgh,10,41,17
2020,Kansas State,10,18,20
2020,Oklahoma State,10,20,18
2020,Florida Atlantic,10,10,6
2020,Western Kentucky,10,6,10
2020,South Carolina,10,3,48
2020,Texas A&M,10,48,3
2020,Iowa State,10,38,31
2020,Baylor,10,31,38
2020,Colorado,10,48,42
2020,UCLA,10,42,48
2020,Oregon,10,35,14
2020,Stanford,10,14,35
2020,Arkansas,10,24,13
2020,Tennessee,10,13,24
2020,Notre Dame,10,47,40
2020,Clemson,10,40,47
2020,Ohio State,10,49,27
2020,Rutgers,10,27,49
2020,Coastal Carolina,10,23,6
2020,South Alabama,10,6,23
2020,Oregon State,10,28,38
2020,Washington State,10,38,28
2020,Hawai'i,10,39,33
2020,New Mexico,10,33,39
2020,Ohio,11,24,10
2020,Akron,11,10,24
2020,Bowling Green,11,24,62
2020,Kent State,11,62,24
2020,Buffalo,11,42,10
2020,Miami (OH),11,10,42
2020,Ball State,11,38,31
2020,Eastern Michigan,11,31,38
2020,Northern Illinois,11,10,40
2020,Central Michigan,11,40,10
2020,Western Michigan,11,41,38
2020,Toledo,11,38,41
2020,Boise State,11,52,21
2020,Colorado State,11,21,52
2020,Florida International,11,19,38
2020,Florida Atlantic,11,38,19
2020,Minnesota,11,7,35
2020,Iowa,11,35,7
2020,Cincinnati,11,55,17
2020,East Carolina,11,17,55
2020,Virginia Tech,11,24,25
2020,Miami,11,25,24
2020,Liberty,11,58,14
2020,Western Carolina,11,14,58
2020,Michigan State,11,0,24
2020,Indiana,11,24,0
2020,Marshall,11,42,14
2020,Middle Tennessee,11,14,42
2020,Kentucky,11,38,35
2020,Vanderbilt,11,35,38
2020,Nebraska,11,30,23
2020,Penn State,11,23,30
2020,North Carolina,11,59,53
2020,Wake Forest,11,53,59
2020,Tulane,11,38,12
2020,Army,11,12,38
2020,West Virginia,11,24,6
2020,TCU,11,6,24
2020,Rutgers,11,20,23
2020,Illinois,11,23,20
2020,Louisiana,11,38,10
2020,South Alabama,11,10,38
2020,App State,11,17,13
2020,Georgia State,11,13,17
2020,Utah State,11,16,35
2020,Fresno State,11,35,16
2020,UTSA,11,52,21
2020,UTEP,11,21,52
2020,Georgia Southern,11,40,38
2020,Texas State,11,38,40
2020,Stanford,11,32,35
2020,Colorado,11,35,32
2020,Arizona,11,30,34
2020,USC,11,34,30
2020,Boston College,11,31,45
2020,Notre Dame,11,45,31
2020,Houston,11,56,21
2020,South Florida,11,21,56
2020,Virginia,11,31,17
2020,Louisville,11,17,31
2020,Western Kentucky,11,10,7
2020,Southern Miss,11,7,10
2020,San Diego State,11,34,10
2020,Hawai'i,11,10,34
2020,Texas Tech,11,24,23
2020,Baylor,11,23,24
2020,Purdue,11,20,27
2020,Northwestern,11,27,20
2020,New Mexico,11,20,27
2020,Nevada,11,27,20
2020,Tulsa,11,28,24
2020,SMU,11,24,28
2020,Florida,11,63,35
2020,Arkansas,11,35,63
2020,Washington State,11,29,43
2020,Oregon,11,43,29
2020,Michigan,11,11,49
2020,Wisconsin,11,49,11
2020,NC State,11,38,22
2020,Florida State,11,22,38
2020,Ole Miss,11,59,42
2020,South Carolina,11,42,59
2020,UCF,11,38,13
2020,Temple,11,13,38
2020,San José State,11,34,17
2020,UNLV,11,17,34
2020,Washington,11,27,21
2020,Oregon State,11,21,27
2020,UCLA,11,34,10
2020,California,11,10,34
2020,Bowling Green,12,17,42
2020,Buffalo,12,42,17
2020,Kent State,12,69,35
2020,Akron,12,35,69
2020,Ball State,12,31,25
2020,Northern Illinois,12,25,31
2020,Central Michigan,12,44,52
2020,Western Michigan,12,52,44
2020,Eastern Michigan,12,28,45
2020,Toledo,12,45,28
2020,Tulsa,12,30,24
2020,Tulane,12,24,30
2020,Louisville,12,30,0
2020,Syracuse,12,0,30
2020,Minnesota,12,34,31
2020,Purdue,12,31,34
2020,Florida Atlantic,12,24,2
2020,Massachusetts,12,2,24
2020,Air Force,12,28,0
2020,New Mexico,12,0,28
2020,Coastal Carolina,12,34,23
2020,App State,12,23,34
2020,Nebraska,12,23,41
2020,Illinois,12,41,23
2020,Texas State,12,47,45
2020,Arkansas State,12,45,47
2020,Vanderbilt,12,17,38
2020,Florida,12,38,17
2020,Memphis,12,56,14
2020,Stephen F. Austin,12,14,56
2020,Arkansas,12,24,27
2020,LSU,12,27,24
2020,Temple,12,3,28
2020,East Carolina,12,28,3
2020,Army,12,28,27
2020,Georgia Southern,12,27,28
2020,Ohio State,12,42,35
2020,Indiana,12,35,42
2020,North Texas,12,27,17
2020,Rice,12,17,27
2020,Western Kentucky,12,38,21
2020,Florida International,12,21,38
2020,Southern Miss,12,20,23
2020,UTSA,12,23,20
2020,BYU,12,66,14
2020,North Alabama,12,14,66
2020,Oregon State,12,31,27
2020,California,12,27,31
2020,Penn State,12,21,41
2020,Iowa,12,41,21
2020,Troy,12,17,20
2020,Middle Tennessee,12,20,17
2020,Nevada,12,26,21
2020,San Diego State,12,21,26
2020,Oregon,12,38,35
2020,UCLA,12,35,38
2020,UCF,12,33,36
2020,Cincinnati,12,36,33
2020,Northwestern,12,17,7
2020,Wisconsin,12,7,17
2020,South Alabama,12,14,31
2020,Georgia State,12,31,14
2020,Pittsburgh,12,47,14
2020,Virginia Tech,12,14,47
2020,Iowa State,12,45,0
2020,Kansas State,12,0,45
2020,Alabama,12,63,3
2020,Kentucky,12,3,63
2020,Virginia,12,55,15
2020,Abilene Christian,12,15,55
2020,Auburn,12,30,17
2020,Tennessee,12,17,30
2020,Rutgers,12,42,48
2020,Michigan,12,48,42
2020,Oklahoma,12,41,13
2020,Oklahoma State,12,13,41
2020,South Carolina,12,10,17
2020,Missouri,12,17,10
2020,NC State,12,15,14
2020,Liberty,12,14,15
2020,Georgia,12,31,24
2020,Mississippi State,12,24,31
2020,Washington,12,44,27
2020,Arizona,12,27,44
2020,Utah,12,17,33
2020,USC,12,33,17
2020,Hawai'i,12,32,40
2020,Boise State,12,40,32
2020,Utah State,13,41,27
2020,New Mexico,13,27,41
2020,Texas,13,20,23
2020,Iowa State,13,23,20
2020,Liberty,13,45,0
2020,Massachusetts,13,0,45
2020,Iowa,13,26,20
2020,Nebraska,13,20,26
2020,North Carolina,13,17,31
2020,Notre Dame,13,31,17
2020,South Florida,13,46,58
2020,UCF,13,58,46
2020,Eastern Michigan,13,23,31
2020,Central Michigan,13,31,23
2020,UNLV,13,14,45
2020,Wyoming,13,45,14
2020,California,13,23,24
2020,Stanford,13,24,23
2020,Oregon State,13,41,38
2020,Oregon,13,38,41
2020,Toledo,13,24,27
2020,Ball State,13,27,24
2020,Indiana,13,27,11
2020,Maryland,13,11,27
2020,Syracuse,13,29,36
2020,NC State,13,36,29
2020,Florida,13,34,10
2020,Kentucky,13,10,34
2020,East Carolina,13,52,38
2020,SMU,13,38,52
2020,Ohio,13,52,10
2020,Bowling Green,13,10,52
2020,Oklahoma State,13,50,44
2020,Texas Tech,13,44,50
2020,Georgia State,13,30,24
2020,Georgia Southern,13,24,30
2020,Missouri,13,41,0
2020,Vanderbilt,13,0,41
2020,Michigan,13,17,27
2020,Penn State,13,27,17
2020,Western Michigan,13,30,27
2020,Northern Illinois,13,27,30
2020,Buffalo,13,70,41
2020,Kent State,13,41,70
2020,Akron,13,7,38
2020,Miami (OH),13,38,7
2020,UL Monroe,13,20,70
2020,Louisiana,13,70,20
2020,UTSA,13,49,17
2020,North Texas,13,17,49
2020,Texas State,13,14,49
2020,Coastal Carolina,13,49,14
2020,Arkansas State,13,31,38
2020,South Alabama,13,38,31
2020,Clemson,13,52,17
2020,Pittsburgh,13,17,52
2020,App State,13,47,10
2020,Troy,13,10,47
2020,Alabama,13,42,13
2020,Auburn,13,13,42
2020,Michigan State,13,29,20
2020,Northwestern,13,20,29
2020,Boston College,13,34,27
2020,Louisville,13,27,34
2020,Ole Miss,13,31,24
2020,Mississippi State,13,24,31
2020,Purdue,13,30,37
2020,Rutgers,13,37,30
2020,Colorado,13,20,10
2020,San Diego State,13,10,20
2020,Texas A&M,13,20,7
2020,LSU,13,7,20
2020,Baylor,13,32,31
2020,Kansas State,13,31,32
2020,Georgia Tech,13,56,33
2020,Duke,13,33,56
2020,Navy,13,7,10
2020,Memphis,13,10,7
2020,Washington,13,24,21
2020,Utah,13,21,24
2020,South Carolina,13,16,45
2020,Georgia,13,45,16
2020,Kansas,13,23,59
2020,TCU,13,59,23
2020,UCLA,13,27,10
2020,Arizona,13,10,27
2020,Hawai'i,13,24,21
2020,Nevada,13,21,24
2020,North Texas,14,31,42
2020,Louisiana Tech,14,42,31
2020,Utah State,14,7,35
2020,Air Force,14,35,7
2020,App State,14,21,24
2020,Louisiana,14,24,21
2020,TCU,14,29,22
2020,Oklahoma State,14,22,29
2020,Marshall,14,0,20
2020,Rice,14,20,0
2020,Northern Illinois,14,24,41
2020,Toledo,14,41,24
2020,Michigan State,14,12,52
2020,Ohio State,14,52,12
2020,Missouri,14,50,48
2020,Arkansas,14,48,50
2020,Rutgers,14,7,23
2020,Penn State,14,23,7
2020,Kansas State,14,31,69
2020,Texas,14,69,31
2020,Texas Tech,14,16,13
2020,Kansas,14,13,16
2020,Purdue,14,27,37
2020,Nebraska,14,37,27
2020,Tulane,14,35,21
2020,Memphis,14,21,35
2020,North Carolina,14,49,9
2020,Western Carolina,14,9,49
2020,Auburn,14,20,31
2020,Texas A&M,14,31,20
2020,Western Michigan,14,42,53
2020,Eastern Michigan,14,53,42
2020,Akron,14,31,3
2020,Bowling Green,14,3,31
2020,South Alabama,14,0,29
2020,Troy,14,29,0
2020,Central Michigan,14,20,45
2020,Ball State,14,45,20
2020,Notre Dame,14,45,21
2020,Syracuse,14,21,45
2020,Arkansas State,14,48,15
2020,UL Monroe,14,15,48
2020,Tennessee,14,19,31
2020,Florida,14,31,19
2020,Navy,14,6,19
2020,Tulsa,14,19,6
2020,Illinois,14,21,35
2020,Iowa,14,35,21
2020,Virginia,14,43,32
2020,Boston College,14,32,43
2020,Wisconsin,14,6,14
2020,Indiana,14,14,6
2020,Iowa State,14,42,6
2020,West Virginia,14,6,42
2020,NC State,14,23,13
2020,Georgia Tech,14,13,23
2020,Washington,14,26,31
2020,Stanford,14,31,26
2020,Coastal Carolina,14,22,17
2020,BYU,14,17,22
2020,San José State,14,35,24
2020,Hawai'i,14,24,35
2020,Georgia Southern,14,20,3
2020,Florida Atlantic,14,3,20
2020,Arizona,14,13,24
2020,Colorado,14,24,13
2020,San Diego State,14,29,17
2020,Colorado State,14,17,29
2020,California,14,21,17
2020,Oregon,14,17,21
2020,Virginia Tech,14,10,45
2020,Clemson,14,45,10
2020,Kentucky,14,41,18
2020,South Carolina,14,18,41
2020,Duke,14,0,48
2020,Miami,14,48,0
2020,Oklahoma,14,27,14
2020,Baylor,14,14,27
2020,LSU,14,17,55
2020,Alabama,14,55,17
2020,Nevada,14,37,26
2020,Fresno State,14,26,37
2020,New Mexico,14,17,16
2020,Wyoming,14,16,17
2020,Utah,14,30,24
2020,Oregon State,14,24,30
2020,Arizona State,14,18,25
2020,UCLA,14,25,18
2020,Charlotte,14,19,37
2020,Western Kentucky,14,37,19
2020,USC,14,38,13
2020,Washington State,14,13,38
2020,Southern Miss,15,45,31
2020,Florida Atlantic,15,31,45
2020,Georgia Tech,15,20,34
2020,Pittsburgh,15,34,20
2020,UTEP,15,43,45
2020,North Texas,15,45,43
2020,Arizona,15,7,70
2020,Arizona State,15,70,7
2020,San José State,15,30,20
2020,Nevada,15,20,30
2020,Missouri,15,14,49
2020,Georgia,15,49,14
2020,Maryland,15,24,27
2020,Rutgers,15,27,24
2020,Penn State,15,39,24
2020,Michigan State,15,24,39
2020,Ball State,15,30,27
2020,Western Michigan,15,27,30
2020,Colorado,15,21,38
2020,Utah,15,38,21
2020,Nebraska,15,17,24
2020,Minnesota,15,24,17
2020,Arkansas,15,3,52
2020,Alabama,15,52,3
2020,Louisville,15,45,21
2020,Wake Forest,15,21,45
2020,Northwestern,15,28,10
2020,Illinois,15,10,28
2020,Eastern Michigan,15,41,33
2020,Northern Illinois,15,33,41
2020,Rice,15,16,21
2020,UAB,15,21,16
2020,Buffalo,15,56,7
2020,Akron,15,7,56
2020,Toledo,15,24,23
2020,Central Michigan,15,23,24
2020,Troy,15,38,42
2020,Coastal Carolina,15,42,38
2020,Army,15,15,0
2020,Navy,15,0,15
2020,Memphis,15,30,27
2020,Houston,15,27,30
2020,Baylor,15,3,42
2020,Oklahoma State,15,42,3
2020,Iowa,15,28,7
2020,Wisconsin,15,7,28
2020,Miami,15,26,62
2020,North Carolina,15,62,26
2020,Florida State,15,56,35
2020,Duke,15,35,56
2020,Vanderbilt,15,17,42
2020,Tennessee,15,42,17
2020,Wyoming,15,9,17
2020,Boise State,15,17,9
2020,Georgia Southern,15,26,34
2020,App State,15,34,26
2020,TCU,15,52,10
2020,Louisiana Tech,15,10,52
2020,Florida,15,34,37
2020,LSU,15,37,34
2020,UCLA,15,38,43
2020,USC,15,43,38
2020,Mississippi State,15,10,24
2020,Auburn,15,24,10
2020,Virginia Tech,15,33,15
2020,Virginia,15,15,33
2020,BYU,15,28,14
2020,San Diego State,15,14,28
2020,Oregon State,15,24,27
2020,Stanford,15,27,24
2020,New Mexico,15,49,39
2020,Fresno State,15,39,49
2020,Hawai'i,15,38,21
2020,UNLV,15,21,38
2020,Marshall,16,13,22
2020,UAB,16,22,13
2020,Rutgers,16,21,28
2020,Nebraska,16,28,21
2020,Buffalo,16,28,38
2020,Ball State,16,38,28
2020,USC,16,24,31
2020,Oregon,16,31,24
2020,Tennessee,16,13,34
2020,Texas A&M,16,34,13
2020,Iowa State,16,21,27
2020,Oklahoma,16,27,21
2020,Ohio State,16,22,10
2020,Northwestern,16,10,22
2020,Utah,16,45,28
2020,Washington State,16,28,45
2020,Army,16,10,7
2020,Air Force,16,7,10
2020,Mississippi State,16,51,32
2020,Missouri,16,32,51
2020,LSU,16,53,48
2020,Ole Miss,16,48,53
2020,Wisconsin,16,20,17
2020,Minnesota,16,17,20
2020,Notre Dame,16,10,34
2020,Clemson,16,34,10
2020,San José State,16,34,20
2020,Boise State,16,20,34
2020,Penn State,16,56,21
2020,Illinois,16,21,56
2020,UCLA,16,47,48
2020,Stanford,16,48,47
2020,Cincinnati,16,27,24
2020,Tulsa,16,24,27
2020,Florida,16,46,52
2020,Alabama,16,52,46
2020,Oregon State,16,33,46
2020,Arizona State,16,46,33
2021,Illinois,1,30,22
2021,Nebraska,1,22,30
2021,Fresno State,1,45,0
2021,UConn,1,0,45
2021,UCLA,1,44,10
2021,Hawai'i,1,10,44
2021,New Mexico State,1,3,30
2021,UTEP,1,30,3
2021,San José State,1,45,14
2021,Southern Utah,1,14,45
2021,Jacksonville State,1,0,31
2021,UAB,1,31,0
2021,Ball State,1,31,21
2021,Western Illinois,1,21,31
2021,UCF,1,36,31
2021,Boise State,1,31,36
2021,Coastal Carolina,1,52,14
2021,The Citadel,1,14,52
2021,Buffalo,1,69,7
2021,Wagner,1,7,69
2021,NC State,1,45,0
2021,South Florida,1,0,45
2021,Utah,1,40,17
2021,Weber State,1,17,40
2021,App State,1,33,19
2021,East Carolina,1,19,33
2021,Tulsa,1,17,19
2021,UC Davis,1,19,17
2021,Western Kentucky,1,59,21
2021,UT Martin,1,21,59
2021,Tennessee,1,38,6
2021,Bowling Green,1,6,38
2021,Minnesota,1,31,45
2021,Ohio State,1,45,31
2021,New Mexico,1,27,17
2021,Houston Christian,1,17,27
2021,Florida International,1,48,10
2021,Long Island University,1,10,48
2021,UNLV,1,33,35
2021,Eastern Washington,1,35,33
2021,Arizona State,1,41,14
2021,Southern Utah,1,14,41
2021,Virginia Tech,1,17,10
2021,North Carolina,1,10,17
2021,Wake Forest,1,42,10
2021,Old Dominion,1,10,42
2021,Charlotte,1,31,28
2021,Duke,1,28,31
2021,Eastern Michigan,1,35,15
2021,Saint Francis,1,15,35
2021,Kansas,1,17,14
2021,South Dakota,1,14,17
2021,Colorado State,1,23,42
2021,South Dakota State,1,42,23
2021,Colorado,1,35,7
2021,Northern Colorado,1,7,35
2021,Northwestern,1,21,38
2021,Michigan State,1,38,21
2021,Kentucky,1,45,10
2021,UL Monroe,1,10,45
2021,Oklahoma,1,40,35
2021,Tulane,1,35,40
2021,Rutgers,1,61,14
2021,Temple,1,14,61
2021,Michigan,1,47,14
2021,Western Michigan,1,14,47
2021,Wisconsin,1,10,16
2021,Penn State,1,16,10
2021,Kansas State,1,24,7
2021,Stanford,1,7,24
2021,Georgia State,1,10,43
2021,Army,1,43,10
2021,Boston College,1,51,0
2021,Colgate,1,0,51
2021,Nebraska,1,52,7
2021,Fordham,1,7,52
2021,UConn,1,28,38
2021,Holy Cross,1,38,28
2021,Air Force,1,35,14
2021,Lafayette,1,14,35
2021,Arkansas,1,38,17
2021,Rice,1,17,38
2021,Oregon,1,31,24
2021,Fresno State,1,24,31
2021,Cincinnati,1,49,14
2021,Miami (OH),1,14,49
2021,Navy,1,7,49
2021,Marshall,1,49,7
2021,Iowa,1,34,6
2021,Indiana,1,6,34
2021,Miami,1,13,44
2021,Alabama,1,44,13
2021,Maryland,1,30,24
2021,West Virginia,1,24,30
2021,Pittsburgh,1,51,7
2021,Massachusetts,1,7,51
2021,Missouri,1,34,24
2021,Central Michigan,1,24,34
2021,Mississippi State,1,35,34
2021,Louisiana Tech,1,34,35
2021,Wyoming,1,19,16
2021,Montana State,1,16,19
2021,Iowa State,1,16,10
2021,Northern Iowa,1,10,16
2021,Texas,1,38,18
2021,Louisiana,1,18,38
2021,USC,1,30,7
2021,San José State,1,7,30
2021,Georgia Southern,1,30,25
2021,Gardner-Webb,1,25,30
2021,Liberty,1,48,7
2021,Campbell,1,7,48
2021,Toledo,1,49,10
2021,Norfolk State,1,10,49
2021,South Carolina,1,46,0
2021,Eastern Illinois,1,0,46
2021,Arkansas State,1,40,21
2021,Central Arkansas,1,21,40
2021,SMU,1,56,9
2021,Abilene Christian,1,9,56
2021,Troy,1,55,3
2021,Southern,1,3,55
2021,Memphis,1,42,17
2021,Nicholls,1,17,42
2021,Houston,1,21,38
2021,Texas Tech,1,38,21
2021,Ohio,1,9,29
2021,Syracuse,1,29,9
2021,Middle Tennessee,1,50,15
2021,Monmouth,1,15,50
2021,Oklahoma State,1,23,16
2021,Missouri State,1,16,23
2021,Auburn,1,60,10
2021,Akron,1,10,60
2021,Purdue,1,30,21
2021,Oregon State,1,21,30
2021,Texas State,1,20,29
2021,Baylor,1,29,20
2021,Clemson,1,3,10
2021,Georgia,1,10,3
2021,Illinois,1,30,37
2021,UTSA,1,37,30
2021,Georgia Tech,1,21,22
2021,Northern Illinois,1,22,21
2021,North Texas,1,44,14
2021,Northwestern State,1,14,44
2021,Florida,1,35,14
2021,Florida Atlantic,1,14,35
2021,Virginia,1,43,0
2021,William & Mary,1,0,43
2021,TCU,1,45,3
2021,Duquesne,1,3,45
2021,South Alabama,1,31,7
2021,Southern Miss,1,7,31
2021,Washington,1,7,13
2021,Montana,1,13,7
2021,Texas A&M,1,41,10
2021,Kent State,1,10,41
2021,Vanderbilt,1,3,23
2021,East Tennessee State,1,23,3
2021,UCLA,1,38,27
2021,LSU,1,27,38
2021,UTEP,1,38,28
2021,Bethune-Cookman,1,28,38
2021,California,1,17,22
2021,Nevada,1,22,17
2021,San Diego State,1,28,10
2021,New Mexico State,1,10,28
2021,Arizona,1,16,24
2021,BYU,1,24,16
2021,Washington State,1,23,26
2021,Utah State,1,26,23
2021,Hawai'i,1,49,35
2021,Portland State,1,35,49
2021,Florida State,1,38,41
2021,Notre Dame,1,41,38
2021,Ole Miss,1,43,24
2021,Louisville,1,24,43
2021,Coastal Carolina,2,49,22
2021,Kansas,2,22,49
2021,Duke,2,45,17
2021,North Carolina A&T,2,17,45
2021,Boise State,2,54,13
2021,UTEP,2,13,54
2021,Utah State,2,48,24
2021,North Dakota,2,24,48
2021,Virginia,2,42,14
2021,Illinois,2,14,42
2021,Army,2,38,35
2021,Western Kentucky,2,35,38
2021,Kent State,2,60,10
2021,VMI,2,10,60
2021,Wake Forest,2,41,16
2021,Norfolk State,2,16,41
2021,Georgia Tech,2,45,17
2021,Kennesaw State,2,17,45
2021,Michigan State,2,42,14
2021,Youngstown State,2,14,42
2021,Northwestern,2,24,6
2021,Indiana State,2,6,24
2021,Tennessee,2,34,41
2021,Pittsburgh,2,41,34
2021,East Carolina,2,17,20
2021,South Carolina,2,20,17
2021,Ohio State,2,28,35
2021,Oregon,2,35,28
2021,Oklahoma State,2,28,23
2021,Tulsa,2,23,28
2021,Minnesota,2,31,26
2021,Miami (OH),2,26,31
2021,Auburn,2,62,0
2021,Alabama State,2,0,62
2021,South Florida,2,20,42
2021,Florida,2,42,20
2021,Tulane,2,69,20
2021,Morgan State,2,20,69
2021,Northern Illinois,2,43,50
2021,Wyoming,2,50,43
2021,Virginia Tech,2,35,14
2021,Middle Tennessee,2,14,35
2021,Ohio,2,26,28
2021,Duquesne,2,28,26
2021,Syracuse,2,7,17
2021,Rutgers,2,17,7
2021,Notre Dame,2,32,29
2021,Toledo,2,29,32
2021,UConn,2,0,49
2021,Purdue,2,49,0
2021,Central Michigan,2,45,0
2021,Robert Morris,2,0,45
2021,Navy,2,3,23
2021,Air Force,2,23,3
2021,Akron,2,24,45
2021,Temple,2,45,24
2021,Georgia,2,56,7
2021,UAB,2,7,56
2021,TCU,2,34,32
2021,California,2,32,34
2021,Colorado,2,7,10
2021,Texas A&M,2,10,7
2021,Cincinnati,2,42,7
2021,Murray State,2,7,42
2021,Florida Atlantic,2,38,6
2021,Georgia Southern,2,6,38
2021,Nebraska,2,28,3
2021,Buffalo,2,3,28
2021,Penn State,2,44,13
2021,Ball State,2,13,44
2021,Massachusetts,2,28,45
2021,Boston College,2,45,28
2021,Alabama,2,48,14
2021,Mercer,2,14,48
2021,Bowling Green,2,19,22
2021,South Alabama,2,22,19
2021,Iowa State,2,17,27
2021,Iowa,2,27,17
2021,Clemson,2,49,3
2021,South Carolina State,2,3,49
2021,West Virginia,2,66,0
2021,Long Island University,2,0,66
2021,Western Michigan,2,28,0
2021,Illinois State,2,0,28
2021,Charlotte,2,38,10
2021,Gardner-Webb,2,10,38
2021,UTSA,2,54,0
2021,Lamar,2,0,54
2021,Washington State,2,44,24
2021,Portland State,2,24,44
2021,Rice,2,7,44
2021,Houston,2,44,7
2021,UCF,2,63,14
2021,Bethune-Cookman,2,14,63
2021,Marshall,2,44,10
2021,North Carolina Central,2,10,44
2021,SMU,2,35,12
2021,North Texas,2,12,35
2021,Troy,2,13,21
2021,Liberty,2,21,13
2021,Texas Tech,2,28,22
2021,Stephen F. Austin,2,22,28
2021,Arkansas,2,40,21
2021,Texas,2,21,40
2021,Southern Miss,2,37,0
2021,Grambling,2,0,37
2021,Miami,2,25,23
2021,App State,2,23,25
2021,Louisiana Tech,2,45,42
2021,SE Louisiana,2,42,45
2021,Kansas State,2,31,23
2021,Southern Illinois,2,23,31
2021,Florida International,2,17,23
2021,Texas State,2,23,17
2021,Arkansas State,2,50,55
2021,Memphis,2,55,50
2021,Mississippi State,2,24,10
2021,NC State,2,10,24
2021,Louisiana,2,27,24
2021,Nicholls,2,24,27
2021,Old Dominion,2,47,7
2021,Hampton,2,7,47
2021,Wisconsin,2,34,7
2021,Eastern Michigan,2,7,34
2021,Louisville,2,30,3
2021,Eastern Kentucky,2,3,30
2021,Baylor,2,66,7
2021,Texas Southern,2,7,66
2021,Oklahoma,2,76,0
2021,Western Carolina,2,0,76
2021,New Mexico,2,34,25
2021,New Mexico State,2,25,34
2021,Maryland,2,62,0
2021,Howard,2,0,62
2021,Ole Miss,2,54,17
2021,Austin Peay,2,17,54
2021,Indiana,2,56,14
2021,Idaho,2,14,56
2021,Kentucky,2,35,28
2021,Missouri,2,28,35
2021,North Carolina,2,59,17
2021,Georgia State,2,17,59
2021,Michigan,2,31,10
2021,Washington,2,10,31
2021,LSU,2,34,7
2021,McNeese,2,7,34
2021,Florida State,2,17,20
2021,Jacksonville State,2,20,17
2021,Fresno State,2,63,10
2021,Cal Poly,2,10,63
2021,Colorado State,2,21,24
2021,Vanderbilt,2,24,21
2021,Arizona,2,14,38
2021,San Diego State,2,38,14
2021,BYU,2,26,17
2021,Utah,2,17,26
2021,Arizona State,2,37,10
2021,UNLV,2,10,37
2021,USC,2,28,42
2021,Stanford,2,42,28
2021,Nevada,2,49,10
2021,Idaho State,2,10,49
2021,Oregon State,2,45,27
2021,Hawai'i,2,27,45
2021,Louisiana,3,49,14
2021,Ohio,3,14,49
2021,Louisville,3,42,35
2021,UCF,3,35,42
2021,Illinois,3,17,20
2021,Maryland,3,20,17
2021,Texas A&M,3,34,0
2021,New Mexico,3,0,34
2021,Pittsburgh,3,41,44
2021,Western Michigan,3,44,41
2021,Temple,3,3,28
2021,Boston College,3,28,3
2021,West Virginia,3,27,21
2021,Virginia Tech,3,21,27
2021,Indiana,3,24,38
2021,Cincinnati,3,38,24
2021,Michigan,3,63,10
2021,Northern Illinois,3,10,63
2021,Army,3,52,21
2021,UConn,3,21,52
2021,Oklahoma,3,23,16
2021,Nebraska,3,16,23
2021,Miami,3,17,38
2021,Michigan State,3,38,17
2021,Missouri,3,59,28
2021,Southeast Missouri State,3,28,59
2021,Tennessee,3,56,0
2021,Tennessee Tech,3,0,56
2021,Buffalo,3,25,28
2021,Coastal Carolina,3,28,25
2021,Syracuse,3,62,24
2021,UAlbany,3,24,62
2021,Kentucky,3,28,23
2021,Chattanooga,3,23,28
2021,Colorado,3,0,30
2021,Minnesota,3,30,0
2021,Kansas State,3,38,17
2021,Nevada,3,17,38
2021,Notre Dame,3,27,13
2021,Purdue,3,13,27
2021,Massachusetts,3,28,42
2021,Eastern Michigan,3,42,28
2021,Wake Forest,3,35,14
2021,Florida State,3,14,35
2021,Florida,3,29,31
2021,Alabama,3,31,29
2021,Washington State,3,14,45
2021,USC,3,45,14
2021,Clemson,3,14,8
2021,Georgia Tech,3,8,14
2021,Ohio State,3,41,20
2021,Tulsa,3,20,41
2021,Iowa,3,30,7
2021,Kent State,3,7,30
2021,Kansas,3,7,45
2021,Baylor,3,45,7
2021,Louisiana Tech,3,37,39
2021,SMU,3,39,37
2021,App State,3,44,10
2021,Elon,3,10,44
2021,Oregon State,3,42,0
2021,Idaho,3,0,42
2021,Rutgers,3,45,13
2021,Delaware,3,13,45
2021,Miami (OH),3,42,7
2021,Long Island University,3,7,42
2021,Akron,3,35,14
2021,Bryant,3,14,35
2021,California,3,42,30
2021,Sacramento State,3,30,42
2021,Wyoming,3,45,12
2021,Ball State,3,12,45
2021,Arkansas,3,45,10
2021,Georgia Southern,3,10,45
2021,Duke,3,30,23
2021,Northwestern,3,23,30
2021,Memphis,3,31,29
2021,Mississippi State,3,29,31
2021,Toledo,3,6,22
2021,Colorado State,3,22,6
2021,Washington,3,52,3
2021,Arkansas State,3,3,52
2021,Bowling Green,3,27,10
2021,Murray State,3,10,27
2021,Florida Atlantic,3,45,14
2021,Fordham,3,14,45
2021,Marshall,3,38,42
2021,East Carolina,3,42,38
2021,Liberty,3,45,17
2021,Old Dominion,3,17,45
2021,UTSA,3,27,13
2021,Middle Tennessee,3,13,27
2021,Georgia State,3,20,9
2021,Charlotte,3,9,20
2021,Georgia,3,40,13
2021,South Carolina,3,13,40
2021,San Diego State,3,33,31
2021,Utah,3,31,33
2021,Southern Miss,3,9,21
2021,Troy,3,21,9
2021,South Florida,3,38,17
2021,Florida A&M,3,17,38
2021,Texas State,3,34,42
2021,Incarnate Word,3,42,34
2021,Texas Tech,3,54,21
2021,Florida International,3,21,54
2021,Houston,3,45,0
2021,Grambling,3,0,45
2021,Oregon,3,48,7
2021,Stony Brook,3,7,48
2021,LSU,3,49,21
2021,Central Michigan,3,21,49
2021,North Carolina,3,59,39
2021,Virginia,3,39,59
2021,NC State,3,45,7
2021,Furman,3,7,45
2021,Penn State,3,28,20
2021,Auburn,3,20,28
2021,North Texas,3,6,40
2021,UAB,3,40,6
2021,Air Force,3,45,49
2021,Utah State,3,49,45
2021,South Alabama,3,28,21
2021,Alcorn State,3,21,28
2021,Ole Miss,3,61,21
2021,Tulane,3,21,61
2021,Vanderbilt,3,23,41
2021,Stanford,3,41,23
2021,New Mexico State,3,43,35
2021,South Carolina State,3,35,43
2021,Texas,3,58,0
2021,Rice,3,0,58
2021,UL Monroe,3,12,7
2021,Jackson State,3,7,12
2021,Boise State,3,20,21
2021,Oklahoma State,3,21,20
2021,Arizona,3,19,21
2021,Northern Arizona,3,21,19
2021,BYU,3,27,17
2021,Arizona State,3,17,27
2021,UNLV,3,3,48
2021,Iowa State,3,48,3
2021,UCLA,3,37,40
2021,Fresno State,3,40,37
2021,Hawai'i,3,13,17
2021,San José State,3,17,13
2021,App State,4,31,30
2021,Marshall,4,30,31
2021,Charlotte,4,42,39
2021,Middle Tennessee,4,39,42
2021,Virginia,4,17,37
2021,Wake Forest,4,37,17
2021,Syracuse,4,24,21
2021,Liberty,4,21,24
2021,Fresno State,4,38,30
2021,UNLV,4,30,38
2021,Pittsburgh,4,77,7
2021,New Hampshire,4,7,77
2021,TCU,4,34,42
2021,SMU,4,42,34
2021,Northwestern,4,35,6
2021,Ohio,4,6,35
2021,Central Michigan,4,31,27
2021,Florida International,4,27,31
2021,Penn State,4,38,17
2021,Villanova,4,17,38
2021,Temple,4,41,7
2021,Wagner,4,7,41
2021,Army,4,23,10
2021,Miami (OH),4,10,23
2021,Mississippi State,4,25,28
2021,LSU,4,28,25
2021,Texas,4,70,35
2021,Texas Tech,4,35,70
2021,Virginia Tech,4,21,10
2021,Richmond,4,10,21
2021,Wisconsin,4,13,41
2021,Notre Dame,4,41,13
2021,Utah State,4,3,27
2021,Boise State,4,27,3
2021,Minnesota,4,10,14
2021,Bowling Green,4,14,10
2021,Boston College,4,41,34
2021,Missouri,4,34,41
2021,Vanderbilt,4,0,62
2021,Georgia,4,62,0
2021,Miami,4,69,0
2021,Central Connecticut,4,0,69
2021,Coastal Carolina,4,53,3
2021,Massachusetts,4,3,53
2021,Western Michigan,4,23,3
2021,San José State,4,3,23
2021,Ball State,4,12,22
2021,Toledo,4,22,12
2021,Eastern Michigan,4,59,21
2021,Texas State,4,21,59
2021,Utah,4,24,13
2021,Washington State,4,13,24
2021,Northern Illinois,4,41,14
2021,Maine,4,14,41
2021,UConn,4,22,24
2021,Wyoming,4,24,22
2021,Florida State,4,23,31
2021,Louisville,4,31,23
2021,Iowa,4,24,14
2021,Colorado State,4,14,24
2021,Maryland,4,37,16
2021,Kent State,4,16,37
2021,Purdue,4,13,9
2021,Illinois,4,9,13
2021,Michigan,4,20,13
2021,Rutgers,4,13,20
2021,Memphis,4,28,31
2021,UTSA,4,31,28
2021,Baylor,4,31,29
2021,Iowa State,4,29,31
2021,NC State,4,27,21
2021,Clemson,4,21,27
2021,San Diego State,4,48,21
2021,Towson,4,21,48
2021,Arkansas,4,20,10
2021,Texas A&M,4,10,20
2021,Auburn,4,34,24
2021,Georgia State,4,24,34
2021,Duke,4,52,33
2021,Kansas,4,33,52
2021,Tulsa,4,41,34
2021,Arkansas State,4,34,41
2021,Stanford,4,24,35
2021,UCLA,4,35,24
2021,Georgia Southern,4,20,28
2021,Louisiana,4,28,20
2021,Old Dominion,4,34,35
2021,Buffalo,4,35,34
2021,East Carolina,4,31,28
2021,Charleston Southern,4,28,31
2021,Rice,4,48,34
2021,Texas Southern,4,34,48
2021,South Carolina,4,10,16
2021,Kentucky,4,16,10
2021,Oklahoma State,4,31,20
2021,Kansas State,4,20,31
2021,Michigan State,4,23,20
2021,Nebraska,4,20,23
2021,Florida,4,38,14
2021,Tennessee,4,14,38
2021,Louisiana Tech,4,24,17
2021,North Texas,4,17,24
2021,Houston,4,28,20
2021,Navy,4,20,28
2021,Georgia Tech,4,45,22
2021,North Carolina,4,22,45
2021,Alabama,4,63,14
2021,Southern Miss,4,14,63
2021,Ohio State,4,59,7
2021,Akron,4,7,59
2021,Oklahoma,4,16,13
2021,West Virginia,4,13,16
2021,New Mexico State,4,21,41
2021,Hawai'i,4,41,21
2021,Air Force,4,31,7
2021,Florida Atlantic,4,7,31
2021,Western Kentucky,4,31,33
2021,Indiana,4,33,31
2021,UL Monroe,4,29,16
2021,Troy,4,16,29
2021,Tulane,4,21,28
2021,UAB,4,28,21
2021,UTEP,4,20,13
2021,New Mexico,4,13,20
2021,Washington,4,31,24
2021,California,4,24,31
2021,BYU,4,35,27
2021,South Florida,4,27,35
2021,USC,4,27,45
2021,Oregon State,4,45,27
2021,Oregon,4,41,19
2021,Arizona,4,19,41
2021,Arizona State,4,35,13
2021,Colorado,4,13,35
2021,Miami,5,28,30
2021,Virginia,5,30,28
2021,Tulsa,5,10,45
2021,Houston,5,45,10
2021,Maryland,5,14,51
2021,Iowa,5,51,14
2021,Utah State,5,20,34
2021,BYU,5,34,20
2021,TCU,5,27,32
2021,Texas,5,32,27
2021,Wisconsin,5,17,38
2021,Michigan,5,38,17
2021,Georgia,5,37,0
2021,Arkansas,5,0,37
2021,Missouri,5,24,62
2021,Tennessee,5,62,24
2021,North Carolina,5,38,7
2021,Duke,5,7,38
2021,Purdue,5,13,20
2021,Minnesota,5,20,13
2021,Temple,5,34,31
2021,Memphis,5,31,34
2021,Illinois,5,24,14
2021,Charlotte,5,14,24
2021,Georgia Tech,5,21,52
2021,Pittsburgh,5,52,21
2021,Massachusetts,5,7,45
2021,Toledo,5,45,7
2021,Buffalo,5,17,24
2021,Western Michigan,5,24,17
2021,Wake Forest,5,37,34
2021,Louisville,5,34,37
2021,Colorado,5,14,37
2021,USC,5,37,14
2021,Georgia State,5,16,45
2021,App State,5,45,16
2021,Coastal Carolina,5,59,6
2021,UL Monroe,5,6,59
2021,Northern Illinois,5,27,20
2021,Eastern Michigan,5,20,27
2021,Notre Dame,5,13,24
2021,Cincinnati,5,24,13
2021,Florida Atlantic,5,58,21
2021,Florida International,5,21,58
2021,Alabama,5,42,21
2021,Ole Miss,5,21,42
2021,Rutgers,5,13,52
2021,Ohio State,5,52,13
2021,West Virginia,5,20,23
2021,Texas Tech,5,23,20
2021,Miami (OH),5,28,17
2021,Central Michigan,5,17,28
2021,East Carolina,5,52,29
2021,Tulane,5,29,52
2021,South Carolina,5,23,14
2021,Troy,5,14,23
2021,Navy,5,34,30
2021,UCF,5,30,34
2021,Stanford,5,31,24
2021,Oregon,5,24,31
2021,Kent State,5,27,20
2021,Bowling Green,5,20,27
2021,Kansas State,5,31,37
2021,Oklahoma,5,37,31
2021,Florida State,5,33,30
2021,Syracuse,5,30,33
2021,Akron,5,17,34
2021,Ohio,5,34,17
2021,Boise State,5,31,41
2021,Nevada,5,41,31
2021,SMU,5,41,17
2021,South Florida,5,17,41
2021,Georgia Southern,5,59,33
2021,Arkansas State,5,33,59
2021,Ball State,5,28,16
2021,Army,5,16,28
2021,California,5,6,21
2021,Washington State,5,21,6
2021,Kentucky,5,20,13
2021,Florida,5,13,20
2021,NC State,5,34,27
2021,Louisiana Tech,5,27,34
2021,UTSA,5,24,17
2021,UNLV,5,17,24
2021,Rice,5,24,19
2021,Southern Miss,5,19,24
2021,New Mexico,5,10,38
2021,Air Force,5,38,10
2021,Texas A&M,5,22,26
2021,Mississippi State,5,26,22
2021,UAB,5,12,36
2021,Liberty,5,36,12
2021,Oklahoma State,5,24,14
2021,Baylor,5,14,24
2021,Middle Tennessee,5,34,28
2021,Marshall,5,28,34
2021,Iowa State,5,59,7
2021,Kansas,5,7,59
2021,Clemson,5,19,13
2021,Boston College,5,13,19
2021,Vanderbilt,5,30,28
2021,UConn,5,28,30
2021,Nebraska,5,56,7
2021,Northwestern,5,7,56
2021,Penn State,5,24,0
2021,Indiana,5,0,24
2021,Michigan State,5,48,31
2021,Western Kentucky,5,31,48
2021,South Alabama,5,18,20
2021,Louisiana,5,20,18
2021,LSU,5,19,24
2021,Auburn,5,24,19
2021,Oregon State,5,27,24
2021,Washington,5,24,27
2021,UTEP,5,28,21
2021,Old Dominion,5,21,28
2021,UCLA,5,23,42
2021,Arizona State,5,42,23
2021,San José State,5,37,31
2021,New Mexico State,5,31,37
2021,Hawai'i,5,27,24
2021,Fresno State,5,24,27
2021,Arkansas State,6,20,52
2021,Coastal Carolina,6,52,20
2021,Tulane,6,22,40
2021,Houston,6,40,22
2021,Florida International,6,33,45
2021,Charlotte,6,45,33
2021,Cincinnati,6,52,3
2021,Temple,6,3,52
2021,Arizona State,6,28,10
2021,Stanford,6,10,28
2021,Tennessee,6,45,20
2021,South Carolina,6,20,45
2021,Florida,6,42,0
2021,Vanderbilt,6,0,42
2021,Toledo,6,20,22
2021,Northern Illinois,6,22,20
2021,Ole Miss,6,52,51
2021,Arkansas,6,51,52
2021,Texas,6,48,55
2021,Oklahoma,6,55,48
2021,Baylor,6,45,20
2021,West Virginia,6,20,45
2021,Ohio State,6,66,17
2021,Maryland,6,17,66
2021,Rutgers,6,13,31
2021,Michigan State,6,31,13
2021,Bowling Green,6,20,35
2021,Akron,6,35,20
2021,Duke,6,27,31
2021,Georgia Tech,6,31,27
2021,Marshall,6,20,13
2021,Old Dominion,6,13,20
2021,Louisville,6,33,34
2021,Virginia,6,34,33
2021,BYU,6,17,26
2021,Boise State,6,26,17
2021,Illinois,6,0,24
2021,Wisconsin,6,24,0
2021,North Carolina,6,25,35
2021,Florida State,6,35,25
2021,Liberty,6,41,13
2021,Middle Tennessee,6,13,41
2021,Massachusetts,6,27,13
2021,UConn,6,13,27
2021,Colorado State,6,32,14
2021,San José State,6,14,32
2021,Ohio,6,27,30
2021,Central Michigan,6,30,27
2021,Eastern Michigan,6,13,12
2021,Miami (OH),6,12,13
2021,Navy,6,24,31
2021,SMU,6,31,24
2021,Auburn,6,10,34
2021,Georgia,6,34,10
2021,Western Michigan,6,20,45
2021,Ball State,6,45,20
2021,UAB,6,31,14
2021,Florida Atlantic,6,14,31
2021,Syracuse,6,37,40
2021,Wake Forest,6,40,37
2021,Iowa,6,23,20
2021,Penn State,6,20,23
2021,Missouri,6,48,35
2021,North Texas,6,35,48
2021,Washington State,6,31,24
2021,Oregon State,6,24,31
2021,UCF,6,20,16
2021,East Carolina,6,16,20
2021,Western Kentucky,6,46,52
2021,UTSA,6,52,46
2021,Southern Miss,6,13,26
2021,UTEP,6,26,13
2021,Texas Tech,6,31,52
2021,TCU,6,52,31
2021,Air Force,6,24,14
2021,Wyoming,6,14,24
2021,Kent State,6,48,38
2021,Buffalo,6,38,48
2021,Texas State,6,33,31
2021,South Alabama,6,31,33
2021,Troy,6,27,24
2021,Georgia Southern,6,24,27
2021,Virginia Tech,6,29,32
2021,Notre Dame,6,32,29
2021,Kentucky,6,42,21
2021,LSU,6,21,42
2021,Nebraska,6,29,32
2021,Michigan,6,32,29
2021,Texas A&M,6,41,38
2021,Alabama,6,38,41
2021,USC,6,26,42
2021,Utah,6,42,26
2021,UL Monroe,6,21,55
2021,Georgia State,6,55,21
2021,Tulsa,6,35,29
2021,Memphis,6,29,35
2021,San Diego State,6,31,7
2021,New Mexico,6,7,31
2021,Nevada,6,55,28
2021,New Mexico State,6,28,55
2021,Arizona,6,16,34
2021,UCLA,6,34,16
2021,Louisiana,7,41,13
2021,App State,7,13,41
2021,Memphis,7,35,17
2021,Navy,7,17,35
2021,South Alabama,7,41,14
2021,Georgia Southern,7,14,41
2021,North Texas,7,21,49
2021,Marshall,7,49,21
2021,Syracuse,7,14,17
2021,Clemson,7,17,14
2021,Oregon,7,24,17
2021,California,7,17,24
2021,San José State,7,13,19
2021,San Diego State,7,19,13
2021,Northwestern,7,21,7
2021,Rutgers,7,7,21
2021,LSU,7,49,42
2021,Florida,7,42,49
2021,Missouri,7,14,35
2021,Texas A&M,7,35,14
2021,South Florida,7,31,32
2021,Tulsa,7,32,31
2021,UConn,7,21,15
2021,Yale,7,15,21
2021,Indiana,7,15,20
2021,Michigan State,7,20,15
2021,Minnesota,7,30,23
2021,Nebraska,7,23,30
2021,Buffalo,7,27,26
2021,Ohio,7,26,27
2021,Cincinnati,7,56,21
2021,UCF,7,21,56
2021,Arkansas,7,23,38
2021,Auburn,7,38,23
2021,Texas,7,24,32
2021,Oklahoma State,7,32,24
2021,Virginia,7,48,0
2021,Duke,7,0,48
2021,Eastern Michigan,7,31,38
2021,Ball State,7,38,31
2021,Miami (OH),7,34,21
2021,Akron,7,21,34
2021,Texas State,7,28,31
2021,Troy,7,31,28
2021,Old Dominion,7,20,43
2021,Western Kentucky,7,43,20
2021,Wyoming,7,0,17
2021,Fresno State,7,17,0
2021,Western Michigan,7,64,31
2021,Kent State,7,31,64
2021,Southern Miss,7,0,34
2021,UAB,7,34,0
2021,Central Michigan,7,26,23
2021,Toledo,7,23,26
2021,Virginia Tech,7,7,28
2021,Pittsburgh,7,28,7
2021,Iowa,7,7,24
2021,Purdue,7,24,7
2021,Baylor,7,38,24
2021,BYU,7,24,38
2021,Northern Illinois,7,34,26
2021,Bowling Green,7,26,34
2021,Georgia,7,30,13
2021,Kentucky,7,13,30
2021,Colorado,7,34,0
2021,Arizona,7,0,34
2021,North Carolina,7,45,42
2021,Miami,7,42,45
2021,Kansas,7,14,41
2021,Texas Tech,7,41,14
2021,South Carolina,7,21,20
2021,Vanderbilt,7,20,21
2021,UTSA,7,45,0
2021,Rice,7,0,45
2021,UNLV,7,24,28
2021,Utah State,7,28,24
2021,New Mexico,7,7,36
2021,Colorado State,7,36,7
2021,Mississippi State,7,9,49
2021,Alabama,7,49,9
2021,UL Monroe,7,31,28
2021,Liberty,7,28,31
2021,Kansas State,7,20,33
2021,Iowa State,7,33,20
2021,Oklahoma,7,52,31
2021,TCU,7,31,52
2021,Boston College,7,7,33
2021,NC State,7,33,7
2021,Tennessee,7,26,31
2021,Ole Miss,7,31,26
2021,Washington State,7,34,31
2021,Stanford,7,31,34
2021,Wisconsin,7,20,14
2021,Army,7,14,20
2021,Washington,7,17,24
2021,UCLA,7,24,17
2021,Boise State,7,17,24
2021,Air Force,7,24,17
2021,UTEP,7,19,3
2021,Louisiana Tech,7,3,19
2021,Utah,7,35,21
2021,Arizona State,7,21,35
2021,Nevada,7,34,17
2021,Hawai'i,7,17,34
2021,App State,8,30,27
2021,Coastal Carolina,8,27,30
2021,SMU,8,55,26
2021,Tulane,8,26,55
2021,Arkansas State,8,27,28
2021,Louisiana,8,28,27
2021,Charlotte,8,9,38
2021,Florida Atlantic,8,38,9
2021,UNLV,8,20,27
2021,San José State,8,27,20
2021,UConn,8,13,44
2021,Middle Tennessee,8,44,13
2021,UCF,8,24,7
2021,Memphis,8,7,24
2021,Utah State,8,26,24
2021,Colorado State,8,24,26
2021,Arizona,8,16,21
2021,Washington,8,21,16
2021,Arkansas,8,45,3
2021,Arkansas-Pine Bluff,8,3,45
2021,Kansas,8,23,35
2021,Oklahoma,8,35,23
2021,Army,8,56,70
2021,Wake Forest,8,70,56
2021,Florida State,8,59,3
2021,Massachusetts,8,3,59
2021,Navy,8,20,27
2021,Cincinnati,8,27,20
2021,Texas Tech,8,24,25
2021,Kansas State,8,25,24
2021,Bowling Green,8,24,55
2021,Eastern Michigan,8,55,24
2021,Central Michigan,8,38,39
2021,Northern Illinois,8,39,38
2021,Michigan,8,33,7
2021,Northwestern,8,7,33
2021,Penn State,8,18,20
2021,Illinois,8,20,18
2021,Virginia Tech,8,36,41
2021,Syracuse,8,41,36
2021,Ohio,8,27,34
2021,Kent State,8,34,27
2021,Georgia State,8,28,16
2021,Texas State,8,16,28
2021,Purdue,8,13,30
2021,Wisconsin,8,30,13
2021,UCLA,8,31,34
2021,Oregon,8,34,31
2021,Ball State,8,17,24
2021,Miami (OH),8,24,17
2021,Washington State,8,19,21
2021,BYU,8,21,19
2021,Minnesota,8,34,16
2021,Maryland,8,16,34
2021,Akron,8,10,45
2021,Buffalo,8,45,10
2021,Toledo,8,34,15
2021,Western Michigan,8,15,34
2021,Ole Miss,8,31,17
2021,LSU,8,17,31
2021,California,8,26,3
2021,Colorado,8,3,26
2021,Pittsburgh,8,27,17
2021,Clemson,8,17,27
2021,UAB,8,24,30
2021,Rice,8,30,24
2021,Wyoming,8,3,14
2021,New Mexico,8,14,3
2021,Iowa State,8,24,21
2021,Oklahoma State,8,21,24
2021,North Texas,8,26,35
2021,Liberty,8,35,26
2021,Louisville,8,28,14
2021,Boston College,8,14,28
2021,Vanderbilt,8,6,45
2021,Mississippi State,8,45,6
2021,Houston,8,31,24
2021,East Carolina,8,24,31
2021,South Florida,8,34,14
2021,Temple,8,14,34
2021,Air Force,8,14,20
2021,San Diego State,8,20,14
2021,UL Monroe,8,41,31
2021,South Alabama,8,31,41
2021,Alabama,8,52,24
2021,Tennessee,8,24,52
2021,Louisiana Tech,8,16,45
2021,UTSA,8,45,16
2021,Florida International,8,19,34
2021,Western Kentucky,8,34,19
2021,Fresno State,8,34,32
2021,Nevada,8,32,34
2021,TCU,8,17,29
2021,West Virginia,8,29,17
2021,Indiana,8,7,54
2021,Ohio State,8,54,7
2021,Oregon State,8,42,34
2021,Utah,8,34,42
2021,Texas A&M,8,44,14
2021,South Carolina,8,14,44
2021,Notre Dame,8,31,16
2021,USC,8,16,31
2021,Miami,8,31,30
2021,NC State,8,30,31
2021,Virginia,8,48,40
2021,Georgia Tech,8,40,48
2021,Hawai'i,8,48,34
2021,New Mexico State,8,34,48
2021,Coastal Carolina,9,35,28
2021,Troy,9,28,35
2021,East Carolina,9,29,14
2021,South Florida,9,14,29
2021,Tulsa,9,17,20
2021,Navy,9,20,17
2021,Nevada,9,51,20
2021,UNLV,9,20,51
2021,Temple,9,7,49
2021,UCF,9,49,7
2021,Tulane,9,12,31
2021,Cincinnati,9,31,12
2021,Buffalo,9,44,56
2021,Bowling Green,9,56,44
2021,Baylor,9,31,24
2021,Texas,9,24,31
2021,Illinois,9,14,20
2021,Rutgers,9,20,14
2021,Pittsburgh,9,34,38
2021,Miami,9,38,34
2021,Georgia Tech,9,17,26
2021,Virginia Tech,9,26,17
2021,Louisiana,9,45,0
2021,Texas State,9,0,45
2021,Wisconsin,9,27,7
2021,Iowa,9,7,27
2021,Liberty,9,62,17
2021,Massachusetts,9,17,62
2021,Michigan State,9,37,33
2021,Michigan,9,33,37
2021,Maryland,9,38,35
2021,Indiana,9,35,38
2021,Rice,9,24,30
2021,North Texas,9,30,24
2021,West Virginia,9,38,31
2021,Iowa State,9,31,38
2021,Arizona State,9,21,34
2021,Washington State,9,34,21
2021,Vanderbilt,9,28,37
2021,Missouri,9,37,28
2021,Utah State,9,51,31
2021,Hawai'i,9,31,51
2021,Oregon,9,52,29
2021,Colorado,9,29,52
2021,Old Dominion,9,23,20
2021,Louisiana Tech,9,20,23
2021,Syracuse,9,21,6
2021,Boston College,9,6,21
2021,Middle Tennessee,9,35,10
2021,Southern Miss,9,10,35
2021,Marshall,9,38,0
2021,Florida International,9,0,38
2021,Kansas State,9,31,12
2021,TCU,9,12,31
2021,Northwestern,9,14,41
2021,Minnesota,9,41,14
2021,App State,9,59,28
2021,UL Monroe,9,28,59
2021,Florida,9,7,34
2021,Georgia,9,34,7
2021,Clemson,9,30,20
2021,Florida State,9,20,30
2021,Nebraska,9,23,28
2021,Purdue,9,28,23
2021,Oklahoma,9,52,21
2021,Texas Tech,9,21,52
2021,Wake Forest,9,45,7
2021,Duke,9,7,45
2021,San José State,9,27,21
2021,Wyoming,9,21,27
2021,Western Kentucky,9,45,13
2021,Charlotte,9,13,45
2021,South Alabama,9,31,13
2021,Arkansas State,9,13,31
2021,Georgia Southern,9,14,21
2021,Georgia State,9,21,14
2021,Florida Atlantic,9,28,25
2021,UTEP,9,25,28
2021,Mississippi State,9,31,17
2021,Kentucky,9,17,31
2021,Auburn,9,31,20
2021,Ole Miss,9,20,31
2021,Oklahoma State,9,55,3
2021,Kansas,9,3,55
2021,California,9,39,25
2021,Oregon State,9,25,39
2021,Colorado State,9,19,28
2021,Boise State,9,28,19
2021,USC,9,41,34
2021,Arizona,9,34,41
2021,Houston,9,44,37
2021,SMU,9,37,44
2021,NC State,9,28,13
2021,Louisville,9,13,28
2021,Ohio State,9,33,24
2021,Penn State,9,24,33
2021,Notre Dame,9,44,34
2021,North Carolina,9,34,44
2021,Utah,9,44,24
2021,UCLA,9,24,44
2021,BYU,9,66,49
2021,Virginia,9,49,66
2021,San Diego State,9,20,30
2021,Fresno State,9,30,20
2021,Stanford,9,13,20
2021,Washington,9,20,13
2021,Akron,10,25,31
2021,Ball State,10,31,25
2021,Ohio,10,35,33
2021,Miami (OH),10,33,35
2021,Toledo,10,49,52
2021,Eastern Michigan,10,52,49
2021,Western Michigan,10,30,42
2021,Central Michigan,10,42,30
2021,Kent State,10,52,47
2021,Northern Illinois,10,47,52
2021,Louisiana,10,21,17
2021,Georgia State,10,17,21
2021,Boston College,10,17,3
2021,Virginia Tech,10,3,17
2021,Stanford,10,7,52
2021,Utah,10,52,7
2021,Air Force,10,14,21
2021,Army,10,21,14
2021,Ole Miss,10,27,14
2021,Liberty,10,14,27
2021,Kansas,10,10,35
2021,Kansas State,10,35,10
2021,Minnesota,10,6,14
2021,Illinois,10,14,6
2021,North Carolina,10,58,55
2021,Wake Forest,10,55,58
2021,Nebraska,10,17,26
2021,Ohio State,10,26,17
2021,Memphis,10,28,25
2021,SMU,10,25,28
2021,UAB,10,52,38
2021,Louisiana Tech,10,38,52
2021,Duke,10,29,54
2021,Pittsburgh,10,54,29
2021,Georgia,10,43,6
2021,Missouri,10,6,43
2021,Miami,10,33,30
2021,Georgia Tech,10,30,33
2021,Arkansas State,10,14,48
2021,App State,10,48,14
2021,East Carolina,10,45,3
2021,Temple,10,3,45
2021,Texas State,10,27,19
2021,UL Monroe,10,19,27
2021,Southern Miss,10,14,38
2021,North Texas,10,38,14
2021,Arizona,10,10,3
2021,California,10,3,10
2021,Massachusetts,10,22,35
2021,Rhode Island,10,35,22
2021,BYU,10,59,14
2021,Idaho State,10,14,59
2021,Charlotte,10,31,24
2021,Rice,10,24,31
2021,Notre Dame,10,34,6
2021,Navy,10,6,34
2021,Maryland,10,14,31
2021,Penn State,10,31,14
2021,TCU,10,30,28
2021,Baylor,10,28,30
2021,Purdue,10,40,29
2021,Michigan State,10,29,40
2021,Texas A&M,10,20,3
2021,Auburn,10,3,20
2021,West Virginia,10,3,24
2021,Oklahoma State,10,24,3
2021,Western Kentucky,10,48,21
2021,Middle Tennessee,10,21,48
2021,Wyoming,10,31,17
2021,Colorado State,10,17,31
2021,Troy,10,31,24
2021,South Alabama,10,24,31
2021,Cincinnati,10,28,20
2021,Tulsa,10,20,28
2021,Rutgers,10,3,52
2021,Wisconsin,10,52,3
2021,UCF,10,14,10
2021,Tulane,10,10,14
2021,New Mexico State,10,13,35
2021,Utah State,10,35,13
2021,Arkansas,10,31,28
2021,Mississippi State,10,28,31
2021,Florida State,10,14,28
2021,NC State,10,28,14
2021,Georgia Southern,10,8,28
2021,Coastal Carolina,10,28,8
2021,Florida Atlantic,10,13,28
2021,Marshall,10,28,13
2021,Colorado,10,37,34
2021,Oregon State,10,34,37
2021,Kentucky,10,42,45
2021,Tennessee,10,45,42
2021,Fresno State,10,14,40
2021,Boise State,10,40,14
2021,New Mexico,10,17,31
2021,UNLV,10,31,17
2021,Alabama,10,20,14
2021,LSU,10,14,20
2021,Northwestern,10,12,17
2021,Iowa,10,17,12
2021,Florida International,10,24,47
2021,Old Dominion,10,47,24
2021,Louisville,10,24,30
2021,Clemson,10,30,24
2021,Iowa State,10,30,7
2021,Texas,10,7,30
2021,Michigan,10,29,7
2021,Indiana,10,7,29
2021,Washington,10,16,26
2021,Oregon,10,26,16
2021,South Carolina,10,40,17
2021,Florida,10,17,40
2021,South Florida,10,42,54
2021,Houston,10,54,42
2021,Nevada,10,27,24
2021,San José State,10,24,27
2021,UTEP,10,23,44
2021,UTSA,10,44,23
2021,Arizona State,10,31,16
2021,USC,10,16,31
2021,Hawai'i,10,10,17
2021,San Diego State,10,17,10
2021,Western Michigan,11,45,40
2021,Akron,11,40,45
2021,Miami (OH),11,45,18
2021,Buffalo,11,18,45
2021,Eastern Michigan,11,26,34
2021,Ohio,11,34,26
2021,Bowling Green,11,17,49
2021,Toledo,11,49,17
2021,Northern Illinois,11,30,29
2021,Ball State,11,29,30
2021,Central Michigan,11,54,30
2021,Kent State,11,30,54
2021,Pittsburgh,11,30,23
2021,North Carolina,11,23,30
2021,South Florida,11,28,45
2021,Cincinnati,11,45,28
2021,Boise State,11,23,13
2021,Wyoming,11,13,23
2021,Florida,11,70,52
2021,Samford,11,52,70
2021,Kansas State,11,34,17
2021,West Virginia,11,17,34
2021,Memphis,11,29,30
2021,East Carolina,11,30,29
2021,Army,11,63,10
2021,Bucknell,11,10,63
2021,Clemson,11,44,7
2021,UConn,11,7,44
2021,Louisville,11,41,3
2021,Syracuse,11,3,41
2021,Massachusetts,11,10,35
2021,Maine,11,35,10
2021,Indiana,11,3,38
2021,Rutgers,11,38,3
2021,Temple,11,8,37
2021,Houston,11,37,8
2021,Baylor,11,27,14
2021,Oklahoma,11,14,27
2021,Alabama,11,59,3
2021,New Mexico State,11,3,59
2021,Penn State,11,17,21
2021,Michigan,11,21,17
2021,Wisconsin,11,35,7
2021,Northwestern,11,7,35
2021,SMU,11,55,28
2021,UCF,11,28,55
2021,Auburn,11,34,43
2021,Mississippi State,11,43,34
2021,Coastal Carolina,11,40,42
2021,Georgia State,11,42,40
2021,Arizona,11,29,38
2021,Utah,11,38,29
2021,Rice,11,21,42
2021,Western Kentucky,11,42,21
2021,App State,11,31,7
2021,South Alabama,11,7,31
2021,Texas State,11,30,38
2021,Georgia Southern,11,38,30
2021,Troy,11,21,35
2021,Louisiana,11,35,21
2021,Texas Tech,11,41,38
2021,Iowa State,11,38,41
2021,Tennessee,11,17,41
2021,Georgia,11,41,17
2021,Iowa,11,27,22
2021,Minnesota,11,22,27
2021,Louisiana Tech,11,42,32
2021,Charlotte,11,32,42
2021,Virginia Tech,11,48,17
2021,Duke,11,17,48
2021,Florida State,11,31,28
2021,Miami,11,28,31
2021,UTSA,11,27,17
2021,Southern Miss,11,17,27
2021,Marshall,11,14,21
2021,UAB,11,21,14
2021,Middle Tennessee,11,50,10
2021,Florida International,11,10,50
2021,Old Dominion,11,30,16
2021,Florida Atlantic,11,16,30
2021,Georgia Tech,11,30,41
2021,Boston College,11,41,30
2021,Ohio State,11,59,31
2021,Purdue,11,31,59
2021,UNLV,11,27,13
2021,Hawai'i,11,13,27
2021,North Texas,11,20,17
2021,UTEP,11,17,20
2021,Missouri,11,31,28
2021,South Carolina,11,28,31
2021,Michigan State,11,40,21
2021,Maryland,11,21,40
2021,Tulane,11,13,20
2021,Tulsa,11,20,13
2021,UL Monroe,11,24,27
2021,Arkansas State,11,27,24
2021,Oregon State,11,35,14
2021,Stanford,11,14,35
2021,Vanderbilt,11,17,34
2021,Kentucky,11,34,17
2021,Ole Miss,11,29,19
2021,Texas A&M,11,19,29
2021,Washington,11,30,35
2021,Arizona State,11,35,30
2021,Fresno State,11,34,7
2021,New Mexico,11,7,34
2021,Colorado State,11,21,35
2021,Air Force,11,35,21
2021,Wake Forest,11,45,42
2021,NC State,11,42,45
2021,Virginia,11,3,28
2021,Notre Dame,11,28,3
2021,Texas,11,56,57
2021,Kansas,11,57,56
2021,LSU,11,13,16
2021,Arkansas,11,16,13
2021,Oklahoma State,11,63,17
2021,TCU,11,17,63
2021,UCLA,11,44,20
2021,Colorado,11,20,44
2021,San José State,11,17,48
2021,Utah State,11,48,17
2021,Oregon,11,38,24
2021,Washington State,11,24,38
2021,San Diego State,11,23,21
2021,Nevada,11,21,23
2021,Ohio,12,23,35
2021,Toledo,12,35,23
2021,Eastern Michigan,12,22,21
2021,Western Michigan,12,21,22
2021,Miami (OH),12,34,7
2021,Bowling Green,12,7,34
2021,Buffalo,12,27,33
2021,Northern Illinois,12,33,27
2021,Ball State,12,17,37
2021,Central Michigan,12,37,17
2021,Duke,12,22,62
2021,Louisville,12,62,22
2021,Louisiana Tech,12,19,35
2021,Southern Miss,12,35,19
2021,Washington State,12,44,18
2021,Arizona,12,18,44
2021,Nevada,12,39,41
2021,Air Force,12,41,39
2021,Houston,12,31,13
2021,Memphis,12,13,31
2021,UNLV,12,20,28
2021,San Diego State,12,28,20
2021,Georgia,12,56,7
2021,Charleston Southern,12,7,56
2021,Oklahoma,12,28,21
2021,Iowa State,12,21,28
2021,Kentucky,12,56,16
2021,New Mexico State,12,16,56
2021,West Virginia,12,31,23
2021,Texas,12,23,31
2021,Tulane,12,45,14
2021,South Florida,12,14,45
2021,Boston College,12,23,26
2021,Florida State,12,26,23
2021,Northwestern,12,14,32
2021,Purdue,12,32,14
2021,Penn State,12,28,0
2021,Rutgers,12,0,28
2021,Ohio State,12,56,7
2021,Michigan State,12,7,56
2021,Clemson,12,48,27
2021,Wake Forest,12,27,48
2021,Western Kentucky,12,52,17
2021,Florida Atlantic,12,17,52
2021,Mississippi State,12,55,10
2021,Tennessee State,12,10,55
2021,Akron,12,0,38
2021,Kent State,12,38,0
2021,North Carolina,12,34,14
2021,Wofford,12,14,34
2021,Army,12,33,17
2021,Massachusetts,12,17,33
2021,Texas A&M,12,52,3
2021,Prairie View A&M,12,3,52
2021,Coastal Carolina,12,35,21
2021,Texas State,12,21,35
2021,Georgia State,12,28,20
2021,Arkansas State,12,20,28
2021,Iowa,12,33,23
2021,Illinois,12,23,33
2021,Notre Dame,12,55,0
2021,Georgia Tech,12,0,55
2021,Colorado,12,20,17
2021,Washington,12,17,20
2021,Charlotte,12,28,49
2021,Marshall,12,49,28
2021,Pittsburgh,12,48,38
2021,Virginia,12,38,48
2021,Indiana,12,14,35
2021,Minnesota,12,35,14
2021,Alabama,12,42,35
2021,Arkansas,12,35,42
2021,Navy,12,35,38
2021,East Carolina,12,38,35
2021,Wisconsin,12,35,28
2021,Nebraska,12,28,35
2021,Cincinnati,12,48,14
2021,SMU,12,14,48
2021,Middle Tennessee,12,17,24
2021,Old Dominion,12,24,17
2021,Maryland,12,18,59
2021,Michigan,12,59,18
2021,UTSA,12,34,31
2021,UAB,12,31,34
2021,Troy,12,7,45
2021,App State,12,45,7
2021,Georgia Southern,12,17,34
2021,BYU,12,34,17
2021,Missouri,12,24,23
2021,Florida,12,23,24
2021,UCF,12,49,17
2021,UConn,12,17,49
2021,TCU,12,31,28
2021,Kansas,12,28,31
2021,Liberty,12,14,42
2021,Louisiana,12,42,14
2021,USC,12,33,62
2021,UCLA,12,62,33
2021,NC State,12,41,17
2021,Syracuse,12,17,41
2021,UTEP,12,38,28
2021,Rice,12,28,38
2021,Tulsa,12,44,10
2021,Temple,12,10,44
2021,Kansas State,12,10,20
2021,Baylor,12,20,10
2021,Florida International,12,7,49
2021,North Texas,12,49,7
2021,South Carolina,12,21,17
2021,Auburn,12,17,21
2021,Stanford,12,11,41
2021,California,12,41,11
2021,Tennessee,12,60,14
2021,South Alabama,12,14,60
2021,Miami,12,38,26
2021,Virginia Tech,12,26,38
2021,Utah,12,38,7
2021,Oregon,12,7,38
2021,Ole Miss,12,31,17
2021,Vanderbilt,12,17,31
2021,Utah State,12,17,44
2021,Wyoming,12,44,17
2021,Texas Tech,12,0,23
2021,Oklahoma State,12,23,0
2021,Boise State,12,37,0
2021,New Mexico,12,0,37
2021,LSU,12,27,14
2021,UL Monroe,12,14,27
2021,Oregon State,12,24,10
2021,Arizona State,12,10,24
2021,Hawai'i,12,50,45
2021,Colorado State,12,45,50
2021,Ball State,13,20,3
2021,Buffalo,13,3,20
2021,Northern Illinois,13,21,42
2021,Western Michigan,13,42,21
2021,San José State,13,9,40
2021,Fresno State,13,40,9
2021,Mississippi State,13,21,31
2021,Ole Miss,13,31,21
2021,Texas,13,22,17
2021,Kansas State,13,17,22
2021,Bowling Green,13,21,10
2021,Ohio,13,10,21
2021,San Diego State,13,27,16
2021,Boise State,13,16,27
2021,Central Michigan,13,31,10
2021,Eastern Michigan,13,10,31
2021,New Mexico,13,10,35
2021,Utah State,13,35,10
2021,Nebraska,13,21,28
2021,Iowa,13,28,21
2021,UAB,13,42,25
2021,UTEP,13,25,42
2021,East Carolina,13,13,35
2021,Cincinnati,13,35,13
2021,UCF,13,17,13
2021,South Florida,13,13,17
2021,Arkansas,13,34,17
2021,Missouri,13,17,34
2021,South Alabama,13,21,27
2021,Coastal Carolina,13,27,21
2021,Air Force,13,48,14
2021,UNLV,13,14,48
2021,Utah,13,28,13
2021,Colorado,13,13,28
2021,Iowa State,13,48,14
2021,TCU,13,14,48
2021,NC State,13,34,30
2021,North Carolina,13,30,34
2021,Washington,13,13,40
2021,Washington State,13,40,13
2021,UConn,13,17,45
2021,Houston,13,45,17
2021,Georgia Tech,13,0,45
2021,Georgia,13,45,0
2021,Florida,13,24,21
2021,Florida State,13,21,24
2021,Toledo,13,49,14
2021,Akron,13,14,49
2021,Rutgers,13,16,40
2021,Maryland,13,40,16
2021,Michigan,13,42,27
2021,Ohio State,13,27,42
2021,Boston College,13,10,41
2021,Wake Forest,13,41,10
2021,Baylor,13,27,24
2021,Texas Tech,13,24,27
2021,Kent State,13,48,47
2021,Miami (OH),13,47,48
2021,Liberty,13,16,31
2021,Army,13,31,16
2021,Temple,13,14,38
2021,Navy,13,38,14
2021,Duke,13,10,47
2021,Miami,13,47,10
2021,Rice,13,35,31
2021,Louisiana Tech,13,31,35
2021,North Texas,13,45,23
2021,UTSA,13,23,45
2021,Arkansas State,13,22,24
2021,Texas State,13,24,22
2021,Old Dominion,13,56,34
2021,Charlotte,13,34,56
2021,Georgia State,13,37,10
2021,Troy,13,10,37
2021,App State,13,27,3
2021,Georgia Southern,13,3,27
2021,New Mexico State,13,44,27
2021,Massachusetts,13,27,44
2021,Wyoming,13,14,38
2021,Hawai'i,13,38,14
2021,Southern Miss,13,37,17
2021,Florida International,13,17,37
2021,Marshall,13,21,53
2021,Western Kentucky,13,53,21
2021,Auburn,13,22,24
2021,Alabama,13,24,22
2021,Illinois,13,47,14
2021,Northwestern,13,14,47
2021,Purdue,13,44,7
2021,Indiana,13,7,44
2021,Oregon,13,38,29
2021,Oregon State,13,29,38
2021,Michigan State,13,30,27
2021,Penn State,13,27,30
2021,Tennessee,13,45,21
2021,Vanderbilt,13,21,45
2021,Virginia,13,24,29
2021,Virginia Tech,13,29,24
2021,Arizona State,13,38,15
2021,Arizona,13,15,38
2021,Minnesota,13,23,13
2021,Wisconsin,13,13,23
2021,Louisiana,13,21,16
2021,UL Monroe,13,16,21
2021,SMU,13,31,34
2021,Tulsa,13,34,31
2021,LSU,13,27,24
2021,Texas A&M,13,24,27
2021,Florida Atlantic,13,17,27
2021,Middle Tennessee,13,27,17
2021,Kansas,13,28,34
2021,West Virginia,13,34,28
2021,South Carolina,13,0,30
2021,Clemson,13,30,0
2021,Louisville,13,21,52
2021,Kentucky,13,52,21
2021,Oklahoma State,13,37,33
2021,Oklahoma,13,33,37
2021,Syracuse,13,14,31
2021,Pittsburgh,13,31,14
2021,Memphis,13,33,28
2021,Tulane,13,28,33
2021,Stanford,13,14,45
2021,Notre Dame,13,45,14
2021,Colorado State,13,10,52
2021,Nevada,13,52,10
2021,USC,13,31,35
2021,BYU,13,35,31
2021,UCLA,13,42,14
2021,California,13,14,42
2021,UTSA,14,49,41
2021,Western Kentucky,14,41,49
2021,Utah,14,38,10
2021,Oregon,14,10,38
2021,Oklahoma State,14,16,21
2021,Baylor,14,21,16
2021,Northern Illinois,14,41,23
2021,Kent State,14,23,41
2021,San Diego State,14,13,46
2021,Utah State,14,46,13
2021,Louisiana,14,24,16
2021,App State,14,16,24
2021,Alabama,14,41,24
2021,Georgia,14,24,41
2021,Cincinnati,14,35,20
2021,Houston,14,20,35
2021,Wake Forest,14,21,45
2021,Pittsburgh,14,45,21
2021,Iowa,14,3,42
2021,Michigan,14,42,3
2021,California,14,24,14
2021,USC,14,14,24
2021,Army,15,13,17
2021,Navy,15,17,13
2022,Western Kentucky,1,38,27
2022,Austin Peay,1,27,38
2022,Northwestern,1,31,28
2022,Nebraska,1,28,31
2022,UNLV,1,52,21
2022,Idaho State,1,21,52
2022,Utah State,1,31,20
2022,UConn,1,20,31
2022,Illinois,1,38,6
2022,Wyoming,1,6,38
2022,Florida State,1,47,7
2022,Duquesne,1,7,47
2022,Florida Atlantic,1,43,13
2022,Charlotte,1,13,43
2022,North Carolina,1,56,24
2022,Florida A&M,1,24,56
2022,UTEP,1,13,31
2022,North Texas,1,31,13
2022,New Mexico State,1,12,23
2022,Nevada,1,23,12
2022,Hawai'i,1,10,63
2022,Vanderbilt,1,63,10
2022,Akron,1,30,23
2022,Saint Francis,1,23,30
2022,Florida International,1,38,37
2022,Bryant,1,37,38
2022,Toledo,1,37,0
2022,Long Island University,1,0,37
2022,UCF,1,56,10
2022,South Carolina State,1,10,56
2022,Tennessee,1,59,10
2022,Ball State,1,10,59
2022,Pittsburgh,1,38,31
2022,West Virginia,1,31,38
2022,Oklahoma State,1,58,44
2022,Central Michigan,1,44,58
2022,Wake Forest,1,44,10
2022,VMI,1,10,44
2022,UAB,1,59,0
2022,Alabama A&M,1,0,59
2022,Missouri,1,52,24
2022,Louisiana Tech,1,24,52
2022,Purdue,1,31,35
2022,Penn State,1,35,31
2022,Northern Illinois,1,34,27
2022,Eastern Illinois,1,27,34
2022,Minnesota,1,38,0
2022,New Mexico State,1,0,38
2022,Arizona State,1,40,3
2022,Northern Arizona,1,3,40
2022,San José State,1,21,17
2022,Portland State,1,17,21
2022,Fresno State,1,35,7
2022,Cal Poly,1,7,35
2022,Old Dominion,1,20,17
2022,Virginia Tech,1,17,20
2022,Michigan State,1,35,13
2022,Western Michigan,1,13,35
2022,Charlotte,1,24,41
2022,William & Mary,1,41,24
2022,Eastern Michigan,1,42,34
2022,Eastern Kentucky,1,34,42
2022,Duke,1,30,0
2022,Temple,1,0,30
2022,Indiana,1,23,20
2022,Illinois,1,20,23
2022,Kansas,1,56,10
2022,Tennessee Tech,1,10,56
2022,Colorado,1,13,38
2022,TCU,1,38,13
2022,East Carolina,1,20,21
2022,NC State,1,21,20
2022,Boston College,1,21,22
2022,Rutgers,1,22,21
2022,Navy,1,7,14
2022,Delaware,1,14,7
2022,Texas A&M,1,31,0
2022,Sam Houston,1,0,31
2022,Maryland,1,31,10
2022,Buffalo,1,10,31
2022,App State,1,61,63
2022,North Carolina,1,63,61
2022,UConn,1,28,3
2022,Central Connecticut,1,3,28
2022,Michigan,1,51,7
2022,Colorado State,1,7,51
2022,Iowa,1,7,3
2022,South Dakota State,1,3,7
2022,Virginia,1,34,17
2022,Richmond,1,17,34
2022,Air Force,1,48,17
2022,Northern Iowa,1,17,48
2022,Iowa State,1,42,10
2022,Southeast Missouri State,1,10,42
2022,UCLA,1,45,17
2022,Bowling Green,1,17,45
2022,Miami,1,70,13
2022,Bethune-Cookman,1,13,70
2022,UTSA,1,35,37
2022,Houston,1,37,35
2022,Oklahoma,1,45,13
2022,UTEP,1,13,45
2022,Marshall,1,55,3
2022,Norfolk State,1,3,55
2022,San Diego State,1,20,38
2022,Arizona,1,38,20
2022,Georgia,1,49,3
2022,Oregon,1,3,49
2022,Arkansas,1,31,24
2022,Cincinnati,1,24,31
2022,Wyoming,1,40,37
2022,Tulsa,1,37,40
2022,Nebraska,1,38,17
2022,North Dakota,1,17,38
2022,California,1,34,13
2022,UC Davis,1,13,34
2022,South Florida,1,21,50
2022,BYU,1,50,21
2022,Ole Miss,1,28,10
2022,Troy,1,10,28
2022,South Alabama,1,48,7
2022,Nicholls,1,7,48
2022,Nevada,1,38,14
2022,Texas State,1,14,38
2022,USC,1,66,14
2022,Rice,1,14,66
2022,James Madison,1,44,7
2022,Middle Tennessee,1,7,44
2022,Ohio,1,41,38
2022,Florida Atlantic,1,38,41
2022,Georgia Southern,1,59,7
2022,Morgan State,1,7,59
2022,Kentucky,1,37,13
2022,Miami (OH),1,13,37
2022,Coastal Carolina,1,38,28
2022,Army,1,28,38
2022,Kansas State,1,34,0
2022,South Dakota,1,0,34
2022,Vanderbilt,1,42,31
2022,Elon,1,31,42
2022,Florida,1,29,26
2022,Utah,1,26,29
2022,Wisconsin,1,38,0
2022,Illinois State,1,0,38
2022,Louisiana,1,24,7
2022,SE Louisiana,1,7,24
2022,Southern Miss,1,27,29
2022,Liberty,1,29,27
2022,Auburn,1,42,16
2022,Mercer,1,16,42
2022,Baylor,1,69,10
2022,UAlbany,1,10,69
2022,Tulane,1,42,10
2022,Massachusetts,1,10,42
2022,Arkansas State,1,58,3
2022,Grambling,1,3,58
2022,Ohio State,1,21,10
2022,Notre Dame,1,10,21
2022,South Carolina,1,35,14
2022,Georgia State,1,14,35
2022,Alabama,1,55,0
2022,Utah State,1,0,55
2022,North Texas,1,10,48
2022,SMU,1,48,10
2022,Mississippi State,1,49,23
2022,Memphis,1,23,49
2022,Stanford,1,41,10
2022,Colgate,1,10,41
2022,Texas,1,52,10
2022,UL Monroe,1,10,52
2022,Texas Tech,1,63,10
2022,Murray State,1,10,63
2022,Syracuse,1,31,7
2022,Louisville,1,7,31
2022,New Mexico,1,41,0
2022,Maine,1,0,41
2022,Washington State,1,24,17
2022,Idaho,1,17,24
2022,Oregon State,1,34,17
2022,Boise State,1,17,34
2022,Washington,1,45,20
2022,Kent State,1,20,45
2022,Hawai'i,1,17,49
2022,Western Kentucky,1,49,17
2022,Florida State,1,24,23
2022,LSU,1,23,24
2022,Georgia Tech,1,10,41
2022,Clemson,1,41,10
2022,UCF,2,14,20
2022,Louisville,2,20,14
2022,New Mexico,2,14,31
2022,Boise State,2,31,14
2022,Northwestern,2,23,31
2022,Duke,2,31,23
2022,Miami,2,30,7
2022,Southern Miss,2,7,30
2022,Kansas State,2,40,12
2022,Missouri,2,12,40
2022,Texas,2,19,20
2022,Alabama,2,20,19
2022,Vanderbilt,2,25,45
2022,Wake Forest,2,45,25
2022,Minnesota,2,62,10
2022,Western Illinois,2,10,62
2022,Georgia State,2,28,35
2022,North Carolina,2,35,28
2022,Ohio State,2,45,12
2022,Arkansas State,2,12,45
2022,Arkansas,2,44,30
2022,South Carolina,2,30,44
2022,Penn State,2,46,10
2022,Ohio,2,10,46
2022,Army,2,38,41
2022,UTSA,2,41,38
2022,NC State,2,55,3
2022,Charleston Southern,2,3,55
2022,Central Michigan,2,24,38
2022,South Alabama,2,38,24
2022,Utah,2,73,7
2022,Southern Utah,2,7,73
2022,Temple,2,30,14
2022,Lafayette,2,14,30
2022,Ball State,2,30,37
2022,Western Michigan,2,37,30
2022,Notre Dame,2,21,26
2022,Marshall,2,26,21
2022,Pittsburgh,2,27,34
2022,Tennessee,2,34,27
2022,Texas A&M,2,14,17
2022,App State,2,17,14
2022,Air Force,2,41,10
2022,Colorado,2,10,41
2022,Charlotte,2,21,56
2022,Maryland,2,56,21
2022,Clemson,2,35,12
2022,Furman,2,12,35
2022,Cincinnati,2,63,10
2022,Kennesaw State,2,10,63
2022,Wisconsin,2,14,17
2022,Washington State,2,17,14
2022,Navy,2,13,37
2022,Memphis,2,37,13
2022,Illinois,2,24,3
2022,Virginia,2,3,24
2022,Michigan State,2,52,0
2022,Akron,2,0,52
2022,California,2,20,14
2022,UNLV,2,14,20
2022,Texas Tech,2,33,30
2022,Houston,2,30,33
2022,Georgia,2,33,0
2022,Samford,2,0,33
2022,Purdue,2,56,0
2022,Indiana State,2,0,56
2022,Rutgers,2,66,7
2022,Wagner,2,7,66
2022,James Madison,2,63,7
2022,Norfolk State,2,7,63
2022,Colorado State,2,19,34
2022,Middle Tennessee,2,34,19
2022,Iowa,2,7,10
2022,Iowa State,2,10,7
2022,Bowling Green,2,57,59
2022,Eastern Kentucky,2,59,57
2022,Wyoming,2,33,10
2022,Northern Colorado,2,10,33
2022,Washington,2,52,6
2022,Portland State,2,6,52
2022,UCLA,2,45,7
2022,Alabama State,2,7,45
2022,Nevada,2,41,55
2022,Incarnate Word,2,55,41
2022,Florida Atlantic,2,42,9
2022,SE Louisiana,2,9,42
2022,Coastal Carolina,2,31,27
2022,Gardner-Webb,2,27,31
2022,East Carolina,2,39,21
2022,Old Dominion,2,21,39
2022,West Virginia,2,42,55
2022,Kansas,2,55,42
2022,Buffalo,2,31,37
2022,Holy Cross,2,37,31
2022,Miami (OH),2,31,14
2022,Robert Morris,2,14,31
2022,Liberty,2,21,14
2022,UAB,2,14,21
2022,Florida,2,16,26
2022,Kentucky,2,26,16
2022,Louisiana Tech,2,52,17
2022,Stephen F. Austin,2,17,52
2022,Toledo,2,55,10
2022,Massachusetts,2,10,55
2022,UConn,2,14,48
2022,Syracuse,2,48,14
2022,Oklahoma,2,33,3
2022,Kent State,2,3,33
2022,Utah State,2,7,35
2022,Weber State,2,35,7
2022,Tulane,2,52,0
2022,Alcorn State,2,0,52
2022,SMU,2,45,16
2022,Lamar,2,16,45
2022,South Florida,2,42,20
2022,Howard,2,20,42
2022,Texas State,2,41,12
2022,Florida International,2,12,41
2022,Louisiana,2,49,21
2022,Eastern Michigan,2,21,49
2022,Ole Miss,2,59,3
2022,Central Arkansas,2,3,59
2022,Tulsa,2,38,35
2022,Northern Illinois,2,35,38
2022,Troy,2,38,17
2022,Alabama A&M,2,17,38
2022,Georgia Tech,2,35,17
2022,Western Carolina,2,17,35
2022,Oklahoma State,2,34,17
2022,Arizona State,2,17,34
2022,Auburn,2,24,16
2022,San José State,2,16,24
2022,Stanford,2,28,41
2022,USC,2,41,28
2022,Nebraska,2,42,45
2022,Georgia Southern,2,45,42
2022,LSU,2,65,17
2022,Southern,2,17,65
2022,North Texas,2,59,27
2022,Texas Southern,2,27,59
2022,Rice,2,52,10
2022,McNeese,2,10,52
2022,TCU,2,59,17
2022,Tarleton State,2,17,59
2022,Indiana,2,35,22
2022,Idaho,2,22,35
2022,Michigan,2,56,10
2022,Hawai'i,2,10,56
2022,Virginia Tech,2,27,10
2022,Boston College,2,10,27
2022,San Diego State,2,38,7
2022,Idaho State,2,7,38
2022,UL Monroe,2,35,7
2022,Nicholls,2,7,35
2022,Oregon,2,70,14
2022,Eastern Washington,2,14,70
2022,UTEP,2,20,13
2022,New Mexico State,2,13,20
2022,BYU,2,26,20
2022,Baylor,2,20,26
2022,Fresno State,2,32,35
2022,Oregon State,2,35,32
2022,Arizona,2,17,39
2022,Mississippi State,2,39,17
2022,Louisville,3,31,35
2022,Florida State,3,35,31
2022,Wyoming,3,17,14
2022,Air Force,3,14,17
2022,Virginia Tech,3,27,7
2022,Wofford,3,7,27
2022,Michigan,3,59,0
2022,UConn,3,0,59
2022,Indiana,3,33,30
2022,Western Kentucky,3,30,33
2022,Northwestern,3,24,31
2022,Southern Illinois,3,31,24
2022,Miami (OH),3,17,38
2022,Cincinnati,3,38,17
2022,Missouri,3,34,17
2022,Abilene Christian,3,17,34
2022,Army,3,49,10
2022,Villanova,3,10,49
2022,Nebraska,3,14,49
2022,Oklahoma,3,49,14
2022,South Carolina,3,7,48
2022,Georgia,3,48,7
2022,Syracuse,3,32,29
2022,Purdue,3,29,32
2022,Kentucky,3,31,0
2022,Youngstown State,3,0,31
2022,Baylor,3,42,7
2022,Texas State,3,7,42
2022,Kent State,3,63,10
2022,Long Island University,3,10,63
2022,Central Michigan,3,41,0
2022,Bucknell,3,0,41
2022,Coastal Carolina,3,38,26
2022,Buffalo,3,26,38
2022,West Virginia,3,65,7
2022,Towson,3,7,65
2022,UCLA,3,32,31
2022,South Alabama,3,31,32
2022,Iowa State,3,43,10
2022,Ohio,3,10,43
2022,Virginia,3,16,14
2022,Old Dominion,3,14,16
2022,Ball State,3,31,0
2022,Murray State,3,0,31
2022,Temple,3,14,16
2022,Rutgers,3,16,14
2022,Notre Dame,3,24,17
2022,California,3,17,24
2022,UNLV,3,58,27
2022,North Texas,3,27,58
2022,Kansas State,3,10,17
2022,Tulane,3,17,10
2022,Minnesota,3,49,7
2022,Colorado,3,7,49
2022,UAB,3,35,21
2022,Georgia Southern,3,21,35
2022,App State,3,32,28
2022,Troy,3,28,32
2022,Massachusetts,3,20,3
2022,Stony Brook,3,3,20
2022,Northern Illinois,3,28,38
2022,Vanderbilt,3,38,28
2022,Georgia Tech,3,0,42
2022,Ole Miss,3,42,0
2022,Auburn,3,12,41
2022,Penn State,3,41,12
2022,Oregon,3,41,20
2022,BYU,3,20,41
2022,Wisconsin,3,66,7
2022,New Mexico State,3,7,66
2022,Boise State,3,30,7
2022,UT Martin,3,7,30
2022,Alabama,3,63,7
2022,UL Monroe,3,7,63
2022,Houston,3,30,48
2022,Kansas,3,48,30
2022,Wake Forest,3,37,36
2022,Liberty,3,36,37
2022,Washington State,3,38,7
2022,Colorado State,3,7,38
2022,Bowling Green,3,34,31
2022,Marshall,3,31,34
2022,LSU,3,31,16
2022,Mississippi State,3,16,31
2022,Duke,3,49,20
2022,North Carolina A&T,3,20,49
2022,East Carolina,3,49,10
2022,Campbell,3,10,49
2022,Tennessee,3,63,6
2022,Akron,3,6,63
2022,NC State,3,27,14
2022,Texas Tech,3,14,27
2022,Oklahoma State,3,63,7
2022,Arkansas-Pine Bluff,3,7,63
2022,Ohio State,3,77,21
2022,Toledo,3,21,77
2022,Southern Miss,3,64,10
2022,Northwestern State,3,10,64
2022,Arkansas,3,38,27
2022,Missouri State,3,27,38
2022,Memphis,3,44,32
2022,Arkansas State,3,32,44
2022,Middle Tennessee,3,49,6
2022,Tennessee State,3,6,49
2022,Georgia State,3,41,42
2022,Charlotte,3,42,41
2022,Tulsa,3,54,17
2022,Jacksonville State,3,17,54
2022,Washington,3,39,28
2022,Michigan State,3,28,39
2022,Florida Atlantic,3,14,40
2022,UCF,3,40,14
2022,Rice,3,33,21
2022,Louisiana,3,21,33
2022,Iowa,3,27,0
2022,Nevada,3,0,27
2022,Western Michigan,3,13,34
2022,Pittsburgh,3,34,13
2022,Boston College,3,38,17
2022,Maine,3,17,38
2022,Maryland,3,34,27
2022,SMU,3,27,34
2022,Florida,3,31,28
2022,South Florida,3,28,31
2022,Clemson,3,48,20
2022,Louisiana Tech,3,20,48
2022,Oregon State,3,68,28
2022,Montana State,3,28,68
2022,New Mexico,3,27,10
2022,UTEP,3,10,27
2022,Texas,3,41,20
2022,UTSA,3,20,41
2022,Texas A&M,3,17,9
2022,Miami,3,9,17
2022,Utah,3,35,7
2022,San Diego State,3,7,35
2022,USC,3,45,17
2022,Fresno State,3,17,45
2022,Arizona,3,31,28
2022,North Dakota State,3,28,31
2022,Arizona State,3,21,30
2022,Eastern Michigan,3,30,21
2022,Hawai'i,3,24,14
2022,Duquesne,3,14,24
2022,Georgia State,4,24,41
2022,Coastal Carolina,4,41,24
2022,Virginia Tech,4,10,33
2022,West Virginia,4,33,10
2022,Illinois,4,31,0
2022,Chattanooga,4,0,31
2022,Syracuse,4,22,20
2022,Virginia,4,20,22
2022,Air Force,4,48,20
2022,Nevada,4,20,48
2022,UTEP,4,27,10
2022,Boise State,4,10,27
2022,Wake Forest,4,45,51
2022,Clemson,4,51,45
2022,Michigan,4,34,27
2022,Maryland,4,27,34
2022,Eastern Michigan,4,31,50
2022,Buffalo,4,50,31
2022,Pittsburgh,4,45,24
2022,Rhode Island,4,24,45
2022,Louisville,4,41,3
2022,South Florida,4,3,41
2022,Penn State,4,33,14
2022,Central Michigan,4,14,33
2022,Iowa State,4,24,31
2022,Baylor,4,31,24
2022,Mississippi State,4,45,14
2022,Bowling Green,4,14,45
2022,Kansas,4,35,27
2022,Duke,4,27,35
2022,Georgia,4,39,22
2022,Kent State,4,22,39
2022,Auburn,4,17,14
2022,Missouri,4,14,17
2022,SMU,4,34,42
2022,TCU,4,42,34
2022,Ohio,4,59,52
2022,Fordham,4,52,59
2022,Colorado,4,17,45
2022,UCLA,4,45,17
2022,Temple,4,28,0
2022,Massachusetts,4,0,28
2022,Memphis,4,44,34
2022,North Texas,4,34,44
2022,UTSA,4,52,24
2022,Texas Southern,4,24,52
2022,Cincinnati,4,45,24
2022,Indiana,4,24,45
2022,Texas Tech,4,37,34
2022,Texas,4,34,37
2022,App State,4,28,32
2022,James Madison,4,32,28
2022,Michigan State,4,7,34
2022,Minnesota,4,34,7
2022,North Carolina,4,32,45
2022,Notre Dame,4,45,32
2022,Miami,4,31,45
2022,Middle Tennessee,4,45,31
2022,Western Kentucky,4,73,0
2022,Florida International,4,0,73
2022,San Diego State,4,17,14
2022,Toledo,4,14,17
2022,Tennessee,4,38,33
2022,Florida,4,33,38
2022,Washington State,4,41,44
2022,Oregon,4,44,41
2022,UCF,4,27,10
2022,Georgia Tech,4,10,27
2022,Ole Miss,4,35,27
2022,Tulsa,4,27,35
2022,Colorado State,4,10,41
2022,Sacramento State,4,41,10
2022,California,4,49,31
2022,Arizona,4,31,49
2022,Houston,4,34,27
2022,Rice,4,27,34
2022,Old Dominion,4,29,26
2022,Arkansas State,4,26,29
2022,Liberty,4,21,12
2022,Akron,4,12,21
2022,East Carolina,4,20,23
2022,Navy,4,23,20
2022,Georgia Southern,4,34,23
2022,Ball State,4,23,34
2022,Kentucky,4,31,23
2022,Northern Illinois,4,23,31
2022,Texas State,4,34,0
2022,Houston Christian,4,0,34
2022,South Alabama,4,38,14
2022,Louisiana Tech,4,14,38
2022,Texas A&M,4,23,21
2022,Arkansas,4,21,23
2022,Utah State,4,24,34
2022,UNLV,4,34,24
2022,Rutgers,4,10,27
2022,Iowa,4,27,10
2022,Troy,4,16,7
2022,Marshall,4,7,16
2022,Tulane,4,24,27
2022,Southern Miss,4,27,24
2022,LSU,4,38,0
2022,New Mexico,4,0,38
2022,Purdue,4,28,26
2022,Florida Atlantic,4,26,28
2022,NC State,4,41,10
2022,UConn,4,10,41
2022,Alabama,4,55,3
2022,Vanderbilt,4,3,55
2022,South Carolina,4,56,20
2022,Charlotte,4,20,56
2022,Ohio State,4,52,21
2022,Wisconsin,4,21,52
2022,Northwestern,4,14,17
2022,Miami (OH),4,17,14
2022,New Mexico State,4,45,26
2022,Hawai'i,4,26,45
2022,Oklahoma,4,34,41
2022,Kansas State,4,41,34
2022,Florida State,4,44,14
2022,Boston College,4,14,44
2022,UL Monroe,4,21,17
2022,Louisiana,4,17,21
2022,Oregon State,4,14,17
2022,USC,4,17,14
2022,BYU,4,38,24
2022,Wyoming,4,24,38
2022,Arizona State,4,13,34
2022,Utah,4,34,13
2022,Washington,4,40,22
2022,Stanford,4,22,40
2022,San José State,4,34,6
2022,Western Michigan,4,6,34
2022,South Carolina,5,50,10
2022,South Carolina State,5,10,50
2022,BYU,5,38,26
2022,Utah State,5,26,38
2022,Houston,5,24,27
2022,Tulane,5,27,24
2022,Middle Tennessee,5,30,45
2022,UTSA,5,45,30
2022,Boise State,5,35,13
2022,San Diego State,5,13,35
2022,UCLA,5,40,32
2022,Washington,5,32,40
2022,UNLV,5,31,20
2022,New Mexico,5,20,31
2022,Wisconsin,5,10,34
2022,Illinois,5,34,10
2022,Memphis,5,24,3
2022,Temple,5,3,24
2022,Air Force,5,13,10
2022,Navy,5,10,13
2022,Boston College,5,34,33
2022,Louisville,5,33,34
2022,Army,5,14,31
2022,Georgia State,5,31,14
2022,Iowa,5,14,27
2022,Michigan,5,27,14
2022,TCU,5,55,24
2022,Oklahoma,5,24,55
2022,Ole Miss,5,22,19
2022,Kentucky,5,19,22
2022,Kansas State,5,37,28
2022,Texas Tech,5,28,37
2022,Minnesota,5,10,20
2022,Purdue,5,20,10
2022,James Madison,5,40,13
2022,Texas State,5,13,40
2022,Ball State,5,44,38
2022,Northern Illinois,5,38,44
2022,Eastern Michigan,5,20,13
2022,Massachusetts,5,13,20
2022,Utah,5,42,16
2022,Oregon State,5,16,42
2022,South Florida,5,28,48
2022,East Carolina,5,48,28
2022,Baylor,5,25,36
2022,Oklahoma State,5,36,25
2022,Arkansas,5,26,49
2022,Alabama,5,49,26
2022,Ohio State,5,49,10
2022,Rutgers,5,10,49
2022,Akron,5,28,31
2022,Bowling Green,5,31,28
2022,Kent State,5,31,24
2022,Ohio,5,24,31
2022,Penn State,5,17,7
2022,Northwestern,5,7,17
2022,Toledo,5,38,17
2022,Central Michigan,5,17,38
2022,App State,5,49,0
2022,The Citadel,5,0,49
2022,Marshall,5,28,7
2022,Gardner-Webb,5,7,28
2022,Florida State,5,21,31
2022,Wake Forest,5,31,21
2022,North Carolina,5,41,10
2022,Virginia Tech,5,10,41
2022,Kansas,5,14,11
2022,Iowa State,5,11,14
2022,Buffalo,5,24,20
2022,Miami (OH),5,20,24
2022,UConn,5,19,14
2022,Fresno State,5,14,19
2022,Maryland,5,27,13
2022,Michigan State,5,13,27
2022,Mississippi State,5,42,24
2022,Texas A&M,5,24,42
2022,North Texas,5,45,28
2022,Florida Atlantic,5,28,45
2022,Louisiana,5,17,20
2022,South Alabama,5,20,17
2022,Syracuse,5,59,0
2022,Wagner,5,0,59
2022,Washington State,5,28,9
2022,California,5,9,28
2022,Charlotte,5,35,41
2022,UTEP,5,41,35
2022,Western Michigan,5,44,7
2022,New Hampshire,5,7,44
2022,Old Dominion,5,24,38
2022,Liberty,5,38,24
2022,Auburn,5,17,21
2022,LSU,5,21,17
2022,Arkansas State,5,45,28
2022,UL Monroe,5,28,45
2022,Tulsa,5,21,31
2022,Cincinnati,5,31,21
2022,Western Kentucky,5,27,34
2022,Troy,5,34,27
2022,Coastal Carolina,5,34,30
2022,Georgia Southern,5,30,34
2022,Wyoming,5,16,33
2022,San José State,5,33,16
2022,Nebraska,5,35,21
2022,Indiana,5,21,35
2022,Rice,5,28,24
2022,UAB,5,24,28
2022,Duke,5,38,17
2022,Virginia,5,17,38
2022,Texas,5,38,20
2022,West Virginia,5,20,38
2022,Missouri,5,22,26
2022,Georgia,5,26,22
2022,Clemson,5,30,20
2022,NC State,5,20,30
2022,Pittsburgh,5,21,26
2022,Georgia Tech,5,26,21
2022,New Mexico State,5,7,21
2022,Florida International,5,21,7
2022,Arizona,5,43,20
2022,Colorado,5,20,43
2022,USC,5,42,25
2022,Arizona State,5,25,42
2022,Oregon,5,45,27
2022,Stanford,5,27,45
2022,Florida,5,52,17
2022,Eastern Washington,5,17,52
2022,UCF,6,41,19
2022,SMU,6,19,41
2022,Rutgers,6,13,14
2022,Nebraska,6,14,13
2022,Memphis,6,32,33
2022,Houston,6,33,32
2022,San José State,6,40,7
2022,UNLV,6,7,40
2022,Nevada,6,14,17
2022,Colorado State,6,17,14
2022,Indiana,6,10,31
2022,Michigan,6,31,10
2022,Florida,6,24,17
2022,Missouri,6,17,24
2022,Kansas,6,31,38
2022,TCU,6,38,31
2022,Maryland,6,29,31
2022,Purdue,6,31,29
2022,Mississippi State,6,40,17
2022,Arkansas,6,17,40
2022,Oklahoma,6,0,49
2022,Texas,6,49,0
2022,Virginia,6,17,34
2022,Louisville,6,34,17
2022,LSU,6,13,40
2022,Tennessee,6,40,13
2022,Western Michigan,6,23,45
2022,Eastern Michigan,6,45,23
2022,Bowling Green,6,7,38
2022,Buffalo,6,38,7
2022,Ohio,6,55,34
2022,Akron,6,34,55
2022,Georgia State,6,41,33
2022,Georgia Southern,6,33,41
2022,Cincinnati,6,28,24
2022,South Florida,6,24,28
2022,Navy,6,53,21
2022,Tulsa,6,21,53
2022,Pittsburgh,6,45,29
2022,Virginia Tech,6,29,45
2022,Georgia,6,42,10
2022,Auburn,6,10,42
2022,UAB,6,41,14
2022,Middle Tennessee,6,14,41
2022,Tulane,6,24,9
2022,East Carolina,6,9,24
2022,Miami (OH),6,27,24
2022,Kent State,6,24,27
2022,Central Michigan,6,16,17
2022,Ball State,6,17,16
2022,Oklahoma State,6,41,31
2022,Texas Tech,6,31,41
2022,Northern Illinois,6,32,52
2022,Toledo,6,52,32
2022,UCLA,6,42,32
2022,Utah,6,32,42
2022,Northwestern,6,7,42
2022,Wisconsin,6,42,7
2022,Massachusetts,6,24,42
2022,Liberty,6,42,24
2022,Vanderbilt,6,28,52
2022,Ole Miss,6,52,28
2022,Georgia Tech,6,23,20
2022,Duke,6,20,23
2022,Arizona State,6,45,38
2022,Washington,6,38,45
2022,Miami,6,24,27
2022,North Carolina,6,27,24
2022,Michigan State,6,20,49
2022,Ohio State,6,49,20
2022,UTSA,6,31,28
2022,Western Kentucky,6,28,31
2022,Utah State,6,34,27
2022,Air Force,6,27,34
2022,Louisiana Tech,6,41,31
2022,UTEP,6,31,41
2022,Troy,6,27,10
2022,Southern Miss,6,10,27
2022,Florida International,6,12,33
2022,UConn,6,33,12
2022,New Mexico,6,14,27
2022,Wyoming,6,27,14
2022,Arkansas State,6,20,42
2022,James Madison,6,42,20
2022,Texas State,6,36,24
2022,App State,6,24,36
2022,Boston College,6,3,31
2022,Clemson,6,31,3
2022,Kentucky,6,14,24
2022,South Carolina,6,24,14
2022,Wake Forest,6,45,10
2022,Army,6,10,45
2022,Iowa State,6,9,10
2022,Kansas State,6,10,9
2022,Illinois,6,9,6
2022,Iowa,6,6,9
2022,USC,6,30,14
2022,Washington State,6,14,30
2022,Notre Dame,6,28,20
2022,BYU,6,20,28
2022,UL Monroe,6,21,28
2022,Coastal Carolina,6,28,21
2022,NC State,6,19,17
2022,Florida State,6,17,19
2022,Alabama,6,24,20
2022,Texas A&M,6,20,24
2022,Arizona,6,22,49
2022,Oregon,6,49,22
2022,Boise State,6,40,20
2022,Fresno State,6,20,40
2022,San Diego State,6,16,14
2022,Hawai'i,6,14,16
2022,Stanford,6,27,28
2022,Oregon State,6,28,27
2022,Marshall,7,13,23
2022,Louisiana,7,23,13
2022,UCF,7,70,13
2022,Temple,7,13,70
2022,West Virginia,7,43,40
2022,Baylor,7,40,43
2022,SMU,7,40,34
2022,Navy,7,34,40
2022,Florida International,7,10,30
2022,UTSA,7,30,10
2022,Akron,7,21,28
2022,Central Michigan,7,28,21
2022,Illinois,7,26,14
2022,Minnesota,7,14,26
2022,Coastal Carolina,7,21,49
2022,Old Dominion,7,49,21
2022,Texas,7,24,21
2022,Iowa State,7,21,24
2022,Bowling Green,7,17,13
2022,Miami (OH),7,13,17
2022,Michigan,7,41,17
2022,Penn State,7,17,41
2022,Army,7,42,17
2022,Colgate,7,17,42
2022,Oklahoma,7,52,42
2022,Kansas,7,42,52
2022,Ole Miss,7,48,34
2022,Auburn,7,34,48
2022,Virginia Tech,7,14,20
2022,Miami,7,20,14
2022,Massachusetts,7,7,34
2022,Buffalo,7,34,7
2022,Colorado,7,20,13
2022,California,7,13,20
2022,Ball State,7,25,21
2022,UConn,7,21,25
2022,BYU,7,35,52
2022,Arkansas,7,52,35
2022,UAB,7,34,20
2022,Charlotte,7,20,34
2022,Georgia,7,55,0
2022,Vanderbilt,7,0,55
2022,Middle Tennessee,7,17,35
2022,Western Kentucky,7,35,17
2022,Tennessee,7,52,49
2022,Alabama,7,49,52
2022,Troy,7,17,14
2022,Texas State,7,14,17
2022,Western Michigan,7,14,33
2022,Ohio,7,33,14
2022,Toledo,7,52,31
2022,Kent State,7,31,52
2022,Eastern Michigan,7,10,39
2022,Northern Illinois,7,39,10
2022,Syracuse,7,24,9
2022,NC State,7,9,24
2022,Indiana,7,33,38
2022,Maryland,7,38,33
2022,Liberty,7,21,20
2022,Gardner-Webb,7,20,21
2022,TCU,7,43,40
2022,Oklahoma State,7,40,43
2022,North Texas,7,47,27
2022,Louisiana Tech,7,27,47
2022,Georgia Southern,7,45,38
2022,James Madison,7,38,45
2022,Michigan State,7,34,28
2022,Wisconsin,7,28,34
2022,South Florida,7,31,45
2022,Tulane,7,45,31
2022,Washington,7,49,39
2022,Arizona,7,39,49
2022,Florida Atlantic,7,17,14
2022,Rice,7,14,17
2022,Florida,7,35,45
2022,LSU,7,45,35
2022,Southern Miss,7,20,19
2022,Arkansas State,7,19,20
2022,South Alabama,7,41,34
2022,UL Monroe,7,34,41
2022,Colorado State,7,13,17
2022,Utah State,7,17,13
2022,East Carolina,7,47,45
2022,Memphis,7,45,47
2022,Purdue,7,43,37
2022,Nebraska,7,37,43
2022,Notre Dame,7,14,16
2022,Stanford,7,16,14
2022,Kentucky,7,27,17
2022,Mississippi State,7,17,27
2022,Florida State,7,28,34
2022,Clemson,7,34,28
2022,Utah,7,43,42
2022,USC,7,42,43
2022,New Mexico State,7,21,9
2022,New Mexico,7,9,21
2022,Duke,7,35,38
2022,North Carolina,7,38,35
2022,Oregon State,7,24,10
2022,Washington State,7,10,24
2022,UNLV,7,7,42
2022,Air Force,7,42,7
2022,Fresno State,7,17,10
2022,San José State,7,10,17
2022,Hawai'i,7,31,16
2022,Nevada,7,16,31
2022,App State,8,42,17
2022,Georgia State,8,17,42
2022,Georgia Tech,8,9,16
2022,Virginia,8,16,9
2022,South Alabama,8,6,10
2022,Troy,8,10,6
2022,Temple,8,16,27
2022,Tulsa,8,27,16
2022,Western Kentucky,8,20,17
2022,UAB,8,17,20
2022,Tennessee,8,65,24
2022,UT Martin,8,24,65
2022,Rutgers,8,24,17
2022,Indiana,8,17,24
2022,Army,8,48,24
2022,UL Monroe,8,24,48
2022,Kent State,8,33,27
2022,Akron,8,27,33
2022,SMU,8,27,29
2022,Cincinnati,8,29,27
2022,Baylor,8,35,23
2022,Kansas,8,23,35
2022,Ohio State,8,54,10
2022,Iowa,8,10,54
2022,Clemson,8,27,21
2022,Syracuse,8,21,27
2022,Navy,8,20,38
2022,Houston,8,38,20
2022,Miami,8,21,45
2022,Duke,8,45,21
2022,Buffalo,8,34,27
2022,Toledo,8,27,34
2022,Central Michigan,8,18,34
2022,Bowling Green,8,34,18
2022,Ohio,8,24,17
2022,Northern Illinois,8,17,24
2022,Ball State,8,16,20
2022,Eastern Michigan,8,20,16
2022,Notre Dame,8,44,21
2022,UNLV,8,21,44
2022,Louisiana Tech,8,41,42
2022,Rice,8,42,41
2022,Texas Tech,8,48,10
2022,West Virginia,8,10,48
2022,Liberty,8,41,14
2022,BYU,8,14,41
2022,Wake Forest,8,43,15
2022,Boston College,8,15,43
2022,Oklahoma State,8,41,34
2022,Texas,8,34,41
2022,Wisconsin,8,35,24
2022,Purdue,8,24,35
2022,Old Dominion,8,23,28
2022,Georgia Southern,8,28,23
2022,Maryland,8,31,24
2022,Northwestern,8,24,31
2022,Charlotte,8,15,34
2022,Florida International,8,34,15
2022,LSU,8,45,20
2022,Ole Miss,8,20,45
2022,Miami (OH),8,10,16
2022,Western Michigan,8,16,10
2022,James Madison,8,12,26
2022,Marshall,8,26,12
2022,UTSA,8,31,27
2022,North Texas,8,27,31
2022,Tulane,8,38,28
2022,Memphis,8,28,38
2022,Oregon,8,45,30
2022,UCLA,8,30,45
2022,Colorado State,8,17,13
2022,Hawai'i,8,13,17
2022,Stanford,8,15,14
2022,Arizona State,8,14,15
2022,Missouri,8,17,14
2022,Vanderbilt,8,14,17
2022,UTEP,8,24,21
2022,Florida Atlantic,8,21,24
2022,Louisiana,8,38,18
2022,Arkansas State,8,18,38
2022,Texas State,8,14,20
2022,Southern Miss,8,20,14
2022,New Mexico,8,9,41
2022,Fresno State,8,41,9
2022,Air Force,8,14,19
2022,Boise State,8,19,14
2022,Alabama,8,30,6
2022,Mississippi State,8,6,30
2022,Penn State,8,45,17
2022,Minnesota,8,17,45
2022,South Carolina,8,30,24
2022,Texas A&M,8,24,30
2022,East Carolina,8,34,13
2022,UCF,8,13,34
2022,Oregon State,8,42,9
2022,Colorado,8,9,42
2022,TCU,8,38,28
2022,Kansas State,8,28,38
2022,Louisville,8,24,10
2022,Pittsburgh,8,10,24
2022,Wyoming,8,28,14
2022,Utah State,8,14,28
2022,California,8,21,28
2022,Washington,8,28,21
2022,Nevada,8,7,23
2022,San Diego State,8,23,7
2022,NC State,9,22,21
2022,Virginia Tech,9,21,22
2022,Southern Miss,9,39,24
2022,Louisiana,9,24,39
2022,Washington State,9,17,21
2022,Utah,9,21,17
2022,Florida International,9,42,34
2022,Louisiana Tech,9,34,42
2022,BYU,9,24,27
2022,East Carolina,9,27,24
2022,Iowa State,9,13,27
2022,Oklahoma,9,27,13
2022,Auburn,9,27,41
2022,Arkansas,9,41,27
2022,West Virginia,9,31,41
2022,TCU,9,41,31
2022,UConn,9,13,3
2022,Boston College,9,3,13
2022,Syracuse,9,24,41
2022,Notre Dame,9,41,24
2022,Akron,9,9,27
2022,Miami (OH),9,27,9
2022,Eastern Michigan,9,24,27
2022,Toledo,9,27,24
2022,Houston,9,42,27
2022,South Florida,9,27,42
2022,Florida State,9,41,16
2022,Georgia Tech,9,16,41
2022,Penn State,9,31,44
2022,Ohio State,9,44,31
2022,Virginia,9,12,14
2022,Miami,9,14,12
2022,Rice,9,23,56
2022,Charlotte,9,56,23
2022,Minnesota,9,31,0
2022,Rutgers,9,0,31
2022,Georgia State,9,31,17
2022,Old Dominion,9,17,31
2022,California,9,24,42
2022,Oregon,9,42,24
2022,UCF,9,25,21
2022,Cincinnati,9,21,25
2022,Iowa,9,33,13
2022,Northwestern,9,13,33
2022,Nebraska,9,9,26
2022,Illinois,9,26,9
2022,App State,9,42,3
2022,Robert Morris,9,3,42
2022,Louisville,9,48,21
2022,Wake Forest,9,21,48
2022,Georgia,9,42,20
2022,Florida,9,20,42
2022,Tulsa,9,34,45
2022,SMU,9,45,34
2022,Kansas State,9,48,0
2022,Oklahoma State,9,0,48
2022,Navy,9,27,20
2022,Temple,9,20,27
2022,Western Kentucky,9,13,40
2022,North Texas,9,40,13
2022,Massachusetts,9,13,23
2022,New Mexico State,9,23,13
2022,Arkansas State,9,3,31
2022,South Alabama,9,31,3
2022,South Carolina,9,10,23
2022,Missouri,9,23,10
2022,Boise State,9,49,10
2022,Colorado State,9,10,49
2022,Florida Atlantic,9,24,17
2022,UAB,9,17,24
2022,Tennessee,9,44,6
2022,Kentucky,9,6,44
2022,Arizona,9,37,45
2022,USC,9,45,37
2022,Marshall,9,13,24
2022,Coastal Carolina,9,24,13
2022,Texas Tech,9,17,45
2022,Baylor,9,45,17
2022,Texas A&M,9,28,31
2022,Ole Miss,9,31,28
2022,Colorado,9,34,42
2022,Arizona State,9,42,34
2022,Michigan,9,29,7
2022,Michigan State,9,7,29
2022,North Carolina,9,42,24
2022,Pittsburgh,9,24,42
2022,UTEP,9,13,24
2022,Middle Tennessee,9,24,13
2022,Fresno State,9,32,28
2022,San Diego State,9,28,32
2022,San José State,9,35,28
2022,Nevada,9,28,35
2022,UCLA,9,38,13
2022,Stanford,9,13,38
2022,Hawai'i,9,20,27
2022,Wyoming,9,27,20
2022,Kent State,10,20,27
2022,Ball State,10,27,20
2022,Ohio,10,45,24
2022,Buffalo,10,24,45
2022,Northern Illinois,10,22,35
2022,Central Michigan,10,35,22
2022,Bowling Green,10,13,9
2022,Western Michigan,10,9,13
2022,Rice,10,37,30
2022,UTEP,10,30,37
2022,Coastal Carolina,10,35,28
2022,App State,10,28,35
2022,UConn,10,27,10
2022,Massachusetts,10,10,27
2022,Boston College,10,31,38
2022,Duke,10,38,31
2022,Washington,10,24,21
2022,Oregon State,10,21,24
2022,Army,10,7,13
2022,Air Force,10,13,7
2022,Tulsa,10,13,27
2022,Tulane,10,27,13
2022,Missouri,10,17,21
2022,Kentucky,10,21,17
2022,Texas A&M,10,24,41
2022,Florida,10,41,24
2022,Wisconsin,10,23,10
2022,Maryland,10,10,23
2022,Purdue,10,3,24
2022,Iowa,10,24,3
2022,Nebraska,10,13,20
2022,Minnesota,10,20,13
2022,TCU,10,34,24
2022,Texas Tech,10,24,34
2022,Virginia,10,28,31
2022,North Carolina,10,31,28
2022,Northwestern,10,7,21
2022,Ohio State,10,21,7
2022,Charlotte,10,7,59
2022,Western Kentucky,10,59,7
2022,Virginia Tech,10,27,28
2022,Georgia Tech,10,28,27
2022,Temple,10,54,28
2022,South Florida,10,28,54
2022,Old Dominion,10,0,12
2022,Marshall,10,12,0
2022,Southern Miss,10,14,42
2022,Georgia State,10,42,14
2022,Oklahoma,10,35,38
2022,Baylor,10,38,35
2022,Louisiana Tech,10,40,24
2022,Middle Tennessee,10,24,40
2022,Stanford,10,14,52
2022,Washington State,10,52,14
2022,Kansas,10,37,16
2022,Oklahoma State,10,16,37
2022,Iowa State,10,31,14
2022,West Virginia,10,14,31
2022,Georgia,10,27,13
2022,Tennessee,10,13,27
2022,Utah State,10,27,10
2022,New Mexico,10,10,27
2022,Memphis,10,28,35
2022,UCF,10,35,28
2022,UAB,10,38,44
2022,UTSA,10,44,38
2022,Illinois,10,15,23
2022,Michigan State,10,23,15
2022,Pittsburgh,10,19,9
2022,Syracuse,10,9,19
2022,Colorado,10,10,49
2022,Oregon,10,49,10
2022,Indiana,10,14,45
2022,Penn State,10,45,14
2022,Arkansas,10,19,21
2022,Liberty,10,21,19
2022,Cincinnati,10,20,10
2022,Navy,10,10,20
2022,North Texas,10,52,14
2022,Florida International,10,14,52
2022,Georgia Southern,10,31,38
2022,South Alabama,10,38,31
2022,Louisiana,10,17,23
2022,Troy,10,23,17
2022,UL Monroe,10,31,30
2022,Texas State,10,30,31
2022,SMU,10,77,63
2022,Houston,10,63,77
2022,Kansas State,10,27,34
2022,Texas,10,34,27
2022,LSU,10,32,31
2022,Alabama,10,31,32
2022,San Diego State,10,14,10
2022,UNLV,10,10,14
2022,Boise State,10,28,31
2022,BYU,10,31,28
2022,Mississippi State,10,39,33
2022,Auburn,10,33,39
2022,Notre Dame,10,35,14
2022,Clemson,10,14,35
2022,Rutgers,10,17,52
2022,Michigan,10,52,17
2022,Utah,10,45,20
2022,Arizona,10,20,45
2022,Vanderbilt,10,27,38
2022,South Carolina,10,38,27
2022,Louisville,10,34,10
2022,James Madison,10,10,34
2022,Miami,10,3,45
2022,Florida State,10,45,3
2022,NC State,10,30,21
2022,Wake Forest,10,21,30
2022,San José State,10,28,16
2022,Colorado State,10,16,28
2022,Fresno State,10,55,13
2022,Hawai'i,10,13,55
2022,Arizona State,10,36,50
2022,UCLA,10,50,36
2022,USC,10,41,35
2022,California,10,35,41
2022,Akron,11,28,34
2022,Eastern Michigan,11,34,28
2022,Miami (OH),11,21,37
2022,Ohio,11,37,21
2022,Toledo,11,28,21
2022,Ball State,11,21,28
2022,Western Michigan,11,21,24
2022,Northern Illinois,11,24,21
2022,Central Michigan,11,31,27
2022,Buffalo,11,27,31
2022,Bowling Green,11,6,40
2022,Kent State,11,40,6
2022,Memphis,11,26,10
2022,Tulsa,11,10,26
2022,Louisiana,11,36,17
2022,Georgia Southern,11,17,36
2022,Cincinnati,11,27,25
2022,East Carolina,11,25,27
2022,USC,11,55,17
2022,Colorado,11,17,55
2022,UNLV,11,30,37
2022,Fresno State,11,37,30
2022,Ohio State,11,56,14
2022,Indiana,11,14,56
2022,Michigan State,11,27,21
2022,Rutgers,11,21,27
2022,Navy,11,32,35
2022,Notre Dame,11,35,32
2022,Tennessee,11,66,24
2022,Missouri,11,24,66
2022,Virginia,11,7,37
2022,Pittsburgh,11,37,7
2022,Duke,11,24,7
2022,Virginia Tech,11,7,24
2022,West Virginia,11,23,20
2022,Oklahoma,11,20,23
2022,South Florida,11,23,41
2022,SMU,11,41,23
2022,Illinois,11,24,31
2022,Purdue,11,31,24
2022,UConn,11,36,33
2022,Liberty,11,33,36
2022,Arkansas,11,10,13
2022,LSU,11,13,10
2022,Kentucky,11,21,24
2022,Vanderbilt,11,24,21
2022,Old Dominion,11,3,37
2022,James Madison,11,37,3
2022,Georgia State,11,28,31
2022,UL Monroe,11,31,28
2022,Western Kentucky,11,45,10
2022,Rice,11,10,45
2022,New Mexico State,11,51,14
2022,Lamar,11,14,51
2022,Arkansas State,11,35,33
2022,Massachusetts,11,33,35
2022,Houston,11,43,36
2022,Temple,11,36,43
2022,Marshall,11,28,21
2022,App State,11,21,28
2022,Air Force,11,35,3
2022,New Mexico,11,3,35
2022,Tulane,11,31,38
2022,UCF,11,38,31
2022,Penn State,11,30,0
2022,Maryland,11,0,30
2022,Washington State,11,28,18
2022,Arizona State,11,18,28
2022,Oklahoma State,11,20,14
2022,Iowa State,11,14,20
2022,Troy,11,10,9
2022,Army,11,9,10
2022,Iowa,11,24,10
2022,Wisconsin,11,10,24
2022,Clemson,11,31,16
2022,Louisville,11,16,31
2022,Georgia Tech,11,14,35
2022,Miami,11,35,14
2022,NC State,11,20,21
2022,Boston College,11,21,20
2022,Middle Tennessee,11,24,14
2022,Charlotte,11,14,24
2022,UAB,11,41,21
2022,North Texas,11,21,41
2022,UTSA,11,51,7
2022,Louisiana Tech,11,7,51
2022,Ole Miss,11,24,30
2022,Alabama,11,30,24
2022,Minnesota,11,31,3
2022,Northwestern,11,3,31
2022,Michigan,11,34,3
2022,Nebraska,11,3,34
2022,Florida,11,38,6
2022,South Carolina,11,6,38
2022,South Alabama,11,38,21
2022,Texas State,11,21,38
2022,Colorado State,11,13,14
2022,Wyoming,11,14,13
2022,Oregon,11,34,37
2022,Washington,11,37,34
2022,Florida International,11,7,52
2022,Florida Atlantic,11,52,7
2022,Texas Tech,11,43,28
2022,Kansas,11,28,43
2022,Baylor,11,3,31
2022,Kansas State,11,31,3
2022,Mississippi State,11,19,45
2022,Georgia,11,45,19
2022,Wake Forest,11,34,36
2022,North Carolina,11,36,34
2022,Coastal Carolina,11,26,23
2022,Southern Miss,11,23,26
2022,Texas,11,10,17
2022,TCU,11,17,10
2022,Auburn,11,13,10
2022,Texas A&M,11,10,13
2022,Syracuse,11,3,38
2022,Florida State,11,38,3
2022,Oregon State,11,38,10
2022,California,11,10,38
2022,Utah,11,42,7
2022,Stanford,11,7,42
2022,San Diego State,11,43,27
2022,San José State,11,27,43
2022,UCLA,11,28,34
2022,Arizona,11,34,28
2022,Nevada,11,3,41
2022,Boise State,11,41,3
2022,Hawai'i,11,34,41
2022,Utah State,11,41,34
2022,Ball State,12,18,32
2022,Ohio,12,32,18
2022,Toledo,12,35,42
2022,Bowling Green,12,42,35
2022,Kent State,12,24,31
2022,Eastern Michigan,12,31,24
2022,Northern Illinois,12,23,29
2022,Miami (OH),12,29,23
2022,Central Michigan,12,10,12
2022,Western Michigan,12,12,10
2022,Tulane,12,59,24
2022,SMU,12,24,59
2022,Tulsa,12,48,42
2022,South Florida,12,42,48
2022,New Mexico,12,10,34
2022,San Diego State,12,34,10
2022,UCF,12,14,17
2022,Navy,12,17,14
2022,Liberty,12,22,23
2022,Virginia Tech,12,23,22
2022,Vanderbilt,12,31,24
2022,Florida,12,24,31
2022,Nebraska,12,14,15
2022,Wisconsin,12,15,14
2022,Army,12,34,17
2022,UConn,12,17,34
2022,Purdue,12,17,9
2022,Northwestern,12,9,17
2022,Florida State,12,49,17
2022,Louisiana,12,17,49
2022,Alabama,12,34,0
2022,Austin Peay,12,0,34
2022,Mississippi State,12,56,7
2022,East Tennessee State,12,7,56
2022,Michigan State,12,31,39
2022,Indiana,12,39,31
2022,Pittsburgh,12,28,26
2022,Duke,12,26,28
2022,Michigan,12,19,17
2022,Illinois,12,17,19
2022,Baylor,12,28,29
2022,TCU,12,29,28
2022,Texas A&M,12,20,3
2022,Massachusetts,12,3,20
2022,Rice,12,7,41
2022,UTSA,12,41,7
2022,Arizona,12,20,31
2022,Washington State,12,31,20
2022,West Virginia,12,31,48
2022,Kansas State,12,48,31
2022,Memphis,12,59,0
2022,North Alabama,12,0,59
2022,James Madison,12,42,40
2022,Georgia State,12,40,42
2022,East Carolina,12,3,42
2022,Houston,12,42,3
2022,Arizona State,12,7,31
2022,Oregon State,12,31,7
2022,App State,12,27,14
2022,Old Dominion,12,14,27
2022,Notre Dame,12,44,0
2022,Boston College,12,0,44
2022,Rutgers,12,10,55
2022,Penn State,12,55,10
2022,Clemson,12,40,10
2022,Miami,12,10,40
2022,Charlotte,12,26,21
2022,Louisiana Tech,12,21,26
2022,Troy,12,34,16
2022,UL Monroe,12,16,34
2022,Southern Miss,12,20,27
2022,South Alabama,12,27,20
2022,Maryland,12,30,43
2022,Ohio State,12,43,30
2022,Kentucky,12,6,16
2022,Georgia,12,16,6
2022,Kansas,12,14,55
2022,Texas,12,55,14
2022,Louisville,12,25,10
2022,NC State,12,10,25
2022,Middle Tennessee,12,49,21
2022,Florida Atlantic,12,21,49
2022,BYU,12,52,26
2022,Utah Tech,12,26,52
2022,Temple,12,3,23
2022,Cincinnati,12,23,3
2022,UTEP,12,40,6
2022,Florida International,12,6,40
2022,Minnesota,12,10,13
2022,Iowa,12,13,10
2022,Auburn,12,41,17
2022,Western Kentucky,12,17,41
2022,Texas State,12,16,13
2022,Arkansas State,12,13,16
2022,California,12,27,20
2022,Stanford,12,20,27
2022,North Carolina,12,17,21
2022,Georgia Tech,12,21,17
2022,Georgia Southern,12,10,23
2022,Marshall,12,23,10
2022,Iowa State,12,10,14
2022,Texas Tech,12,14,10
2022,South Carolina,12,63,38
2022,Tennessee,12,38,63
2022,Wyoming,12,17,20
2022,Boise State,12,20,17
2022,Arkansas,12,42,27
2022,Ole Miss,12,27,42
2022,Missouri,12,45,14
2022,New Mexico State,12,14,45
2022,Oklahoma,12,28,13
2022,Oklahoma State,12,13,28
2022,Wake Forest,12,45,35
2022,Syracuse,12,35,45
2022,UCLA,12,45,48
2022,USC,12,48,45
2022,LSU,12,41,10
2022,UAB,12,10,41
2022,Air Force,12,24,12
2022,Colorado State,12,12,24
2022,Washington,12,54,7
2022,Colorado,12,7,54
2022,Utah State,12,35,31
2022,San José State,12,31,35
2022,Oregon,12,20,17
2022,Utah,12,17,20
2022,Nevada,12,14,41
2022,Fresno State,12,41,14
2022,Hawai'i,12,31,25
2022,UNLV,12,25,31
2022,Ohio,13,38,14
2022,Bowling Green,13,14,38
2022,Miami (OH),13,18,17
2022,Ball State,13,17,18
2022,Ole Miss,13,22,24
2022,Mississippi State,13,24,22
2022,Western Michigan,13,20,14
2022,Toledo,13,14,20
2022,Boise State,13,42,23
2022,Utah State,13,23,42
2022,Cincinnati,13,24,27
2022,Tulane,13,27,24
2022,Texas,13,38,27
2022,Baylor,13,27,38
2022,Eastern Michigan,13,38,19
2022,Central Michigan,13,19,38
2022,Arizona,13,38,35
2022,Arizona State,13,35,38
2022,Missouri,13,29,27
2022,Arkansas,13,27,29
2022,Colorado State,13,17,0
2022,New Mexico,13,0,17
2022,North Carolina,13,27,30
2022,NC State,13,30,27
2022,Iowa,13,17,24
2022,Nebraska,13,24,17
2022,California,13,28,35
2022,UCLA,13,35,28
2022,Florida State,13,45,38
2022,Florida,13,38,45
2022,Fresno State,13,30,0
2022,Wyoming,13,0,30
2022,Maryland,13,37,0
2022,Rutgers,13,0,37
2022,Florida Atlantic,13,31,32
2022,Western Kentucky,13,32,31
2022,Massachusetts,13,7,44
2022,Army,13,44,7
2022,Marshall,13,28,23
2022,Georgia State,13,23,28
2022,Oklahoma State,13,19,24
2022,West Virginia,13,24,19
2022,James Madison,13,47,7
2022,Coastal Carolina,13,7,47
2022,Georgia,13,37,14
2022,Georgia Tech,13,14,37
2022,Ohio State,13,23,45
2022,Michigan,13,45,23
2022,Liberty,13,14,49
2022,New Mexico State,13,49,14
2022,South Alabama,13,27,20
2022,Old Dominion,13,20,27
2022,Clemson,13,30,31
2022,South Carolina,13,31,30
2022,Temple,13,46,49
2022,East Carolina,13,49,46
2022,Buffalo,13,27,30
2022,Kent State,13,30,27
2022,Northern Illinois,13,12,44
2022,Akron,13,44,12
2022,North Texas,13,21,17
2022,Rice,13,17,21
2022,Kentucky,13,26,13
2022,Louisville,13,13,26
2022,Arkansas State,13,19,48
2022,Troy,13,48,19
2022,Alabama,13,49,27
2022,Auburn,13,27,49
2022,Duke,13,34,31
2022,Wake Forest,13,31,34
2022,SMU,13,34,31
2022,Memphis,13,31,34
2022,Northwestern,13,3,41
2022,Illinois,13,41,3
2022,Louisiana Tech,13,27,37
2022,UAB,13,37,27
2022,Wisconsin,13,16,23
2022,Minnesota,13,23,16
2022,UTSA,13,34,31
2022,UTEP,13,31,34
2022,Indiana,13,16,30
2022,Purdue,13,30,16
2022,San José State,13,27,14
2022,Hawai'i,13,14,27
2022,Oregon State,13,38,34
2022,Oregon,13,34,38
2022,TCU,13,62,14
2022,Iowa State,13,14,62
2022,Colorado,13,21,63
2022,Utah,13,63,21
2022,Penn State,13,35,16
2022,Michigan State,13,16,35
2022,UL Monroe,13,10,20
2022,Southern Miss,13,20,10
2022,Texas State,13,13,41
2022,Louisiana,13,41,13
2022,UNLV,13,27,22
2022,Nevada,13,22,27
2022,Florida International,13,28,33
2022,Middle Tennessee,13,33,28
2022,Georgia Southern,13,51,48
2022,App State,13,48,51
2022,Texas A&M,13,38,23
2022,LSU,13,23,38
2022,South Florida,13,39,46
2022,UCF,13,46,39
2022,Boston College,13,23,32
2022,Syracuse,13,32,23
2022,USC,13,38,27
2022,Notre Dame,13,27,38
2022,Vanderbilt,13,0,56
2022,Tennessee,13,56,0
2022,Houston,13,30,37
2022,Tulsa,13,37,30
2022,Texas Tech,13,51,48
2022,Oklahoma,13,48,51
2022,Miami,13,16,42
2022,Pittsburgh,13,42,16
2022,Kansas State,13,47,27
2022,Kansas,13,27,47
2022,San Diego State,13,3,13
2022,Air Force,13,13,3
2022,Washington State,13,33,51
2022,Washington,13,51,33
2022,Stanford,13,26,35
2022,BYU,13,35,26
2022,Buffalo,14,23,22
2022,Akron,14,22,23
2022,UTSA,14,48,27
2022,North Texas,14,27,48
2022,USC,14,24,47
2022,Utah,14,47,24
2022,Ohio,14,7,17
2022,Toledo,14,17,7
2022,TCU,14,28,31
2022,Kansas State,14,31,28
2022,New Mexico State,14,65,3
2022,Valparaiso,14,3,65
2022,Troy,14,45,26
2022,Coastal Carolina,14,26,45
2022,Tulane,14,45,28
2022,UCF,14,28,45
2022,Georgia,14,50,30
2022,LSU,14,30,50
2022,Boise State,14,16,28
2022,Fresno State,14,28,16
2022,Michigan,14,43,22
2022,Purdue,14,22,43
2022,North Carolina,14,10,39
2022,Clemson,14,39,10
2022,Army,15,20,17
2022,Navy,15,17,20
2023,Notre Dame,1,42,3
2023,Navy,1,3,42
2023,Jacksonville State,1,17,14
2023,UTEP,1,14,17
2023,New Mexico State,1,30,41
2023,Massachusetts,1,41,30
2023,San Diego State,1,20,13
2023,Ohio,1,13,20
2023,Vanderbilt,1,35,28
2023,Hawai'i,1,28,35
2023,USC,1,56,28
2023,San José State,1,28,56
2023,Louisiana Tech,1,22,17
2023,Florida International,1,17,22
2023,Western Michigan,1,35,17
2023,Saint Francis,1,17,35
2023,Wake Forest,1,37,17
2023,Elon,1,17,37
2023,Georgia State,1,42,35
2023,Rhode Island,1,35,42
2023,UCF,1,56,6
2023,Kent State,1,6,56
2023,UConn,1,14,24
2023,NC State,1,24,14
2023,Missouri,1,35,10
2023,South Dakota,1,10,35
2023,Utah,1,24,11
2023,Florida,1,11,24
2023,Tulsa,1,42,7
2023,Arkansas-Pine Bluff,1,7,42
2023,Minnesota,1,13,10
2023,Nebraska,1,10,13
2023,UAB,1,35,6
2023,North Carolina A&T,1,6,35
2023,Arizona State,1,24,21
2023,Southern Utah,1,21,24
2023,Eastern Michigan,1,33,23
2023,Howard,1,23,33
2023,Michigan State,1,31,7
2023,Central Michigan,1,7,31
2023,Miami,1,38,3
2023,Miami (OH),1,3,38
2023,Georgia Tech,1,34,39
2023,Louisville,1,39,34
2023,Kansas,1,48,17
2023,Missouri State,1,17,48
2023,Hawai'i,1,24,37
2023,Stanford,1,37,24
2023,TCU,1,42,45
2023,Colorado,1,45,42
2023,Boston College,1,24,27
2023,Northern Illinois,1,27,24
2023,Purdue,1,35,39
2023,Fresno State,1,39,35
2023,Oklahoma,1,73,0
2023,Arkansas State,1,0,73
2023,Michigan,1,30,3
2023,East Carolina,1,3,30
2023,Tennessee,1,49,13
2023,Virginia,1,13,49
2023,SMU,1,38,14
2023,Louisiana Tech,1,14,38
2023,Iowa,1,24,14
2023,Utah State,1,14,24
2023,Kentucky,1,44,14
2023,Ball State,1,14,44
2023,Liberty,1,34,24
2023,Bowling Green,1,24,34
2023,Air Force,1,42,7
2023,Robert Morris,1,7,42
2023,Ole Miss,1,73,7
2023,Mercer,1,7,73
2023,Jacksonville State,1,49,3
2023,East Tennessee State,1,3,49
2023,Ohio,1,27,10
2023,Long Island University,1,10,27
2023,Temple,1,24,21
2023,Akron,1,21,24
2023,Iowa State,1,30,9
2023,Northern Iowa,1,9,30
2023,Oregon,1,81,7
2023,Portland State,1,7,81
2023,Notre Dame,1,56,3
2023,Tennessee State,1,3,56
2023,Cincinnati,1,66,13
2023,Eastern Kentucky,1,13,66
2023,Auburn,1,59,14
2023,Massachusetts,1,14,59
2023,Maryland,1,38,6
2023,Towson,1,6,38
2023,Wisconsin,1,38,17
2023,Buffalo,1,17,38
2023,Washington,1,56,19
2023,Boise State,1,19,56
2023,Western Kentucky,1,41,24
2023,South Florida,1,24,41
2023,Pittsburgh,1,45,7
2023,Wofford,1,7,45
2023,App State,1,45,24
2023,Gardner-Webb,1,24,45
2023,Indiana,1,3,23
2023,Ohio State,1,23,3
2023,Texas,1,37,10
2023,Rice,1,10,37
2023,Mississippi State,1,48,7
2023,SE Louisiana,1,7,48
2023,North Texas,1,21,58
2023,California,1,58,21
2023,UNLV,1,44,14
2023,Bryant,1,14,44
2023,Syracuse,1,65,0
2023,Colgate,1,0,65
2023,Arkansas,1,56,13
2023,Western Carolina,1,13,56
2023,Georgia Southern,1,34,0
2023,The Citadel,1,0,34
2023,Charlotte,1,24,3
2023,South Carolina State,1,3,24
2023,Georgia,1,48,7
2023,UT Martin,1,7,48
2023,Marshall,1,21,17
2023,UAlbany,1,17,21
2023,James Madison,1,38,3
2023,Bucknell,1,3,38
2023,Florida Atlantic,1,42,20
2023,Monmouth,1,20,42
2023,USC,1,66,14
2023,Nevada,1,14,66
2023,Florida International,1,14,12
2023,Maine,1,12,14
2023,Troy,1,48,30
2023,Stephen F. Austin,1,30,48
2023,Vanderbilt,1,47,13
2023,Alabama A&M,1,13,47
2023,Houston,1,17,14
2023,UTSA,1,14,17
2023,UL Monroe,1,17,13
2023,Army,1,13,17
2023,Oklahoma State,1,27,13
2023,Central Arkansas,1,13,27
2023,Kansas State,1,45,0
2023,Southeast Missouri State,1,0,45
2023,Southern Miss,1,40,14
2023,Alcorn State,1,14,40
2023,Baylor,1,31,42
2023,Texas State,1,42,31
2023,Colorado State,1,24,50
2023,Washington State,1,50,24
2023,Texas A&M,1,52,10
2023,New Mexico,1,10,52
2023,Memphis,1,56,14
2023,Bethune-Cookman,1,14,56
2023,Wyoming,1,35,33
2023,Texas Tech,1,33,35
2023,Penn State,1,38,15
2023,West Virginia,1,15,38
2023,Alabama,1,56,7
2023,Middle Tennessee,1,7,56
2023,North Carolina,1,31,17
2023,South Carolina,1,17,31
2023,Louisiana,1,38,13
2023,Northwestern State,1,13,38
2023,Illinois,1,30,28
2023,Toledo,1,28,30
2023,Virginia Tech,1,36,17
2023,Old Dominion,1,17,36
2023,Tulane,1,37,17
2023,South Alabama,1,17,37
2023,New Mexico State,1,58,21
2023,Western Illinois,1,21,58
2023,UTEP,1,28,14
2023,Incarnate Word,1,14,28
2023,Arizona,1,38,3
2023,Northern Arizona,1,3,38
2023,BYU,1,14,0
2023,Sam Houston,1,0,14
2023,UCLA,1,27,13
2023,Coastal Carolina,1,13,27
2023,San Diego State,1,36,28
2023,Idaho State,1,28,36
2023,Rutgers,1,24,7
2023,Northwestern,1,7,24
2023,San José State,1,17,42
2023,Oregon State,1,42,17
2023,Florida State,1,45,24
2023,LSU,1,24,45
2023,Duke,1,28,7
2023,Clemson,1,7,28
2023,Louisville,2,56,0
2023,Murray State,2,0,56
2023,Indiana,2,41,7
2023,Indiana State,2,7,41
2023,Kansas,2,34,23
2023,Illinois,2,23,34
2023,Wake Forest,2,36,20
2023,Vanderbilt,2,20,36
2023,NC State,2,24,45
2023,Notre Dame,2,45,24
2023,Virginia Tech,2,17,24
2023,Purdue,2,24,17
2023,Penn State,2,63,7
2023,Delaware,2,7,63
2023,Baylor,2,13,20
2023,Utah,2,20,13
2023,Ohio State,2,35,7
2023,Youngstown State,2,7,35
2023,Colorado,2,36,14
2023,Nebraska,2,14,36
2023,Georgia,2,45,3
2023,Ball State,2,3,45
2023,Boston College,2,31,28
2023,Holy Cross,2,28,31
2023,Virginia,2,35,36
2023,James Madison,2,36,35
2023,Kansas State,2,42,13
2023,Troy,2,13,42
2023,Army,2,57,0
2023,Delaware State,2,0,57
2023,Georgia Tech,2,48,13
2023,South Carolina State,2,13,48
2023,Central Michigan,2,45,42
2023,New Hampshire,2,42,45
2023,Bowling Green,2,38,15
2023,Eastern Illinois,2,15,38
2023,Clemson,2,66,17
2023,Charleston Southern,2,17,66
2023,BYU,2,41,16
2023,Southern Utah,2,16,41
2023,Kentucky,2,28,17
2023,Eastern Kentucky,2,17,28
2023,Tulane,2,20,37
2023,Ole Miss,2,37,20
2023,Miami,2,48,33
2023,Texas A&M,2,33,48
2023,Michigan State,2,45,14
2023,Richmond,2,14,45
2023,Northwestern,2,38,7
2023,UTEP,2,7,38
2023,Navy,2,24,0
2023,Wagner,2,0,24
2023,UTSA,2,20,13
2023,Texas State,2,13,20
2023,Massachusetts,2,28,41
2023,Miami (OH),2,41,28
2023,Iowa State,2,13,20
2023,Iowa,2,20,13
2023,Michigan,2,35,7
2023,UNLV,2,7,35
2023,Toledo,2,71,3
2023,Texas Southern,2,3,71
2023,Northern Illinois,2,11,14
2023,Southern Illinois,2,14,11
2023,Syracuse,2,48,7
2023,Western Michigan,2,7,48
2023,San José State,2,59,3
2023,Cal Poly,2,3,59
2023,Arkansas,2,28,6
2023,Kent State,2,6,28
2023,East Carolina,2,13,31
2023,Marshall,2,31,13
2023,Wyoming,2,31,17
2023,Portland State,2,17,31
2023,Tennessee,2,30,13
2023,Austin Peay,2,13,30
2023,South Alabama,2,35,17
2023,SE Louisiana,2,17,35
2023,Washington,2,43,10
2023,Tulsa,2,10,43
2023,North Carolina,2,40,34
2023,App State,2,34,40
2023,Duke,2,42,7
2023,Lafayette,2,7,42
2023,Buffalo,2,37,40
2023,Fordham,2,40,37
2023,Akron,2,24,21
2023,Morgan State,2,21,24
2023,Georgia Southern,2,49,35
2023,UAB,2,35,49
2023,Old Dominion,2,38,31
2023,Louisiana,2,31,38
2023,West Virginia,2,56,17
2023,Duquesne,2,17,56
2023,Liberty,2,33,17
2023,New Mexico State,2,17,33
2023,Florida Atlantic,2,10,17
2023,Ohio,2,17,10
2023,Oklahoma,2,28,11
2023,SMU,2,11,28
2023,Florida International,2,46,39
2023,North Texas,2,39,46
2023,Pittsburgh,2,21,27
2023,Cincinnati,2,27,21
2023,Nevada,2,6,33
2023,Idaho,2,33,6
2023,Arkansas State,2,3,37
2023,Memphis,2,37,3
2023,South Florida,2,38,24
2023,Florida A&M,2,24,38
2023,Texas Tech,2,30,38
2023,Oregon,2,38,30
2023,Alabama,2,24,34
2023,Texas,2,34,24
2023,Louisiana Tech,2,51,21
2023,Northwestern State,2,21,51
2023,Coastal Carolina,2,30,16
2023,Jacksonville State,2,16,30
2023,Western Kentucky,2,52,22
2023,Houston Christian,2,22,52
2023,Georgia State,2,35,14
2023,UConn,2,14,35
2023,Rice,2,43,41
2023,Houston,2,41,43
2023,Boise State,2,16,18
2023,UCF,2,18,16
2023,Missouri,2,23,19
2023,Middle Tennessee,2,19,23
2023,Washington State,2,31,22
2023,Wisconsin,2,22,31
2023,Mississippi State,2,31,24
2023,Arizona,2,24,31
2023,San Diego State,2,10,35
2023,UCLA,2,35,10
2023,LSU,2,72,10
2023,Grambling,2,10,72
2023,Minnesota,2,25,6
2023,Eastern Michigan,2,6,25
2023,South Carolina,2,47,21
2023,Furman,2,21,47
2023,Florida,2,49,7
2023,McNeese,2,7,49
2023,Rutgers,2,36,7
2023,Temple,2,7,36
2023,Maryland,2,38,20
2023,Charlotte,2,20,38
2023,TCU,2,41,6
2023,Nicholls,2,6,41
2023,UL Monroe,2,24,14
2023,Lamar,2,14,24
2023,New Mexico,2,56,10
2023,Tennessee Tech,2,10,56
2023,Utah State,2,78,28
2023,Idaho State,2,28,78
2023,Sam Houston,2,3,13
2023,Air Force,2,13,3
2023,Florida State,2,66,13
2023,Southern Miss,2,13,66
2023,Oregon State,2,55,7
2023,UC Davis,2,7,55
2023,Fresno State,2,34,31
2023,Eastern Washington,2,31,34
2023,USC,2,56,10
2023,Stanford,2,10,56
2023,California,2,10,14
2023,Auburn,2,14,10
2023,Arizona State,2,15,27
2023,Oklahoma State,2,27,15
2023,Hawai'i,2,31,20
2023,UAlbany,2,20,31
2023,Memphis,3,28,24
2023,Navy,3,24,28
2023,Miami,3,48,7
2023,Bethune-Cookman,3,7,48
2023,UTSA,3,29,37
2023,Army,3,37,29
2023,Maryland,3,42,14
2023,Virginia,3,14,42
2023,Air Force,3,39,21
2023,Utah State,3,21,39
2023,Boise State,3,42,18
2023,North Dakota,3,18,42
2023,Baylor,3,30,7
2023,Long Island University,3,7,30
2023,Illinois,3,13,30
2023,Penn State,3,30,13
2023,Old Dominion,3,24,27
2023,Wake Forest,3,27,24
2023,Kent State,3,38,10
2023,Central Connecticut,3,10,38
2023,Wisconsin,3,35,14
2023,Georgia Southern,3,14,35
2023,Boston College,3,29,31
2023,Florida State,3,31,29
2023,Missouri,3,30,27
2023,Kansas State,3,27,30
2023,Mississippi State,3,14,41
2023,LSU,3,41,14
2023,Ohio,3,10,7
2023,Iowa State,3,7,10
2023,Buffalo,3,27,55
2023,Liberty,3,55,27
2023,Indiana,3,14,21
2023,Louisville,3,21,14
2023,Temple,3,41,9
2023,Norfolk State,3,9,41
2023,Ball State,3,45,7
2023,Indiana State,3,7,45
2023,NC State,3,45,7
2023,VMI,3,7,45
2023,Eastern Michigan,3,19,17
2023,Massachusetts,3,17,19
2023,Utah,3,31,7
2023,Weber State,3,7,31
2023,Notre Dame,3,41,17
2023,Central Michigan,3,17,41
2023,Rutgers,3,35,16
2023,Virginia Tech,3,16,35
2023,Duke,3,38,14
2023,Northwestern,3,14,38
2023,App State,3,43,28
2023,East Carolina,3,28,43
2023,North Carolina,3,31,13
2023,Minnesota,3,13,31
2023,Iowa,3,41,10
2023,Western Michigan,3,10,41
2023,Georgia,3,24,14
2023,South Carolina,3,14,24
2023,Oregon State,3,26,9
2023,San Diego State,3,9,26
2023,UConn,3,17,24
2023,Florida International,3,24,17
2023,Tulsa,3,17,66
2023,Oklahoma,3,66,17
2023,South Florida,3,3,17
2023,Alabama,3,17,3
2023,California,3,31,17
2023,Idaho,3,17,31
2023,Texas A&M,3,47,3
2023,UL Monroe,3,3,47
2023,Southern Miss,3,3,21
2023,Tulane,3,21,3
2023,Ohio State,3,63,10
2023,Western Kentucky,3,10,63
2023,UCLA,3,59,7
2023,North Carolina Central,3,7,59
2023,Michigan State,3,7,41
2023,Washington,3,41,7
2023,Washington State,3,64,21
2023,Northern Colorado,3,21,64
2023,Charlotte,3,25,41
2023,Georgia State,3,41,25
2023,UCF,3,48,14
2023,Villanova,3,14,48
2023,Rice,3,59,7
2023,Texas Southern,3,7,59
2023,Louisiana Tech,3,37,40
2023,North Texas,3,40,37
2023,Florida,3,29,16
2023,Tennessee,3,16,29
2023,Arkansas State,3,31,7
2023,Stony Brook,3,7,31
2023,UAB,3,21,41
2023,Louisiana,3,41,21
2023,Toledo,3,21,17
2023,San José State,3,17,21
2023,Texas Tech,3,41,3
2023,Tarleton State,3,3,41
2023,Nebraska,3,35,11
2023,Northern Illinois,3,11,35
2023,Troy,3,14,16
2023,James Madison,3,16,14
2023,Cincinnati,3,24,31
2023,Miami (OH),3,31,24
2023,UNLV,3,40,37
2023,Vanderbilt,3,37,40
2023,SMU,3,69,0
2023,Prairie View A&M,3,0,69
2023,Middle Tennessee,3,35,14
2023,Murray State,3,14,35
2023,Oklahoma State,3,7,33
2023,South Alabama,3,33,7
2023,Auburn,3,45,13
2023,Samford,3,13,45
2023,Coastal Carolina,3,66,7
2023,Duquesne,3,7,66
2023,Arkansas,3,31,38
2023,BYU,3,38,31
2023,Michigan,3,31,6
2023,Bowling Green,3,6,31
2023,Purdue,3,20,35
2023,Syracuse,3,35,20
2023,West Virginia,3,17,6
2023,Pittsburgh,3,6,17
2023,Kentucky,3,35,3
2023,Akron,3,3,35
2023,Ole Miss,3,48,23
2023,Georgia Tech,3,23,48
2023,Stanford,3,23,30
2023,Sacramento State,3,30,23
2023,Texas,3,31,10
2023,Wyoming,3,10,31
2023,New Mexico,3,17,27
2023,New Mexico State,3,27,17
2023,Oregon,3,55,10
2023,Hawai'i,3,10,55
2023,Houston,3,13,36
2023,TCU,3,36,13
2023,Clemson,3,48,14
2023,Florida Atlantic,3,14,48
2023,Texas State,3,77,34
2023,Jackson State,3,34,77
2023,Colorado,3,43,35
2023,Colorado State,3,35,43
2023,Nevada,3,24,31
2023,Kansas,3,31,24
2023,Arizona State,3,0,29
2023,Fresno State,3,29,0
2023,Arizona,3,31,10
2023,UTEP,3,10,31
2023,Coastal Carolina,4,17,30
2023,Georgia State,4,30,17
2023,Purdue,4,17,38
2023,Wisconsin,4,38,17
2023,Virginia,4,21,24
2023,NC State,4,24,21
2023,San Diego State,4,31,34
2023,Boise State,4,34,31
2023,San José State,4,20,45
2023,Air Force,4,45,20
2023,Northern Illinois,4,14,22
2023,Tulsa,4,22,14
2023,Clemson,4,24,31
2023,Florida State,4,31,24
2023,Texas A&M,4,27,10
2023,Auburn,4,10,27
2023,Vanderbilt,4,28,45
2023,Kentucky,4,45,28
2023,Marshall,4,24,17
2023,Virginia Tech,4,17,24
2023,Syracuse,4,29,16
2023,Army,4,16,29
2023,Troy,4,27,24
2023,Western Kentucky,4,24,27
2023,Michigan,4,31,7
2023,Rutgers,4,7,31
2023,Cincinnati,4,6,20
2023,Oklahoma,4,20,6
2023,TCU,4,34,17
2023,SMU,4,17,34
2023,Toledo,4,49,31
2023,Western Michigan,4,31,49
2023,Ball State,4,3,40
2023,Georgia Southern,4,40,3
2023,Louisville,4,56,28
2023,Boston College,4,28,56
2023,Alabama,4,24,10
2023,Ole Miss,4,10,24
2023,Utah,4,14,7
2023,UCLA,4,7,14
2023,Nebraska,4,28,14
2023,Louisiana Tech,4,14,28
2023,Old Dominion,4,10,9
2023,East Texas A&M,4,9,10
2023,Temple,4,7,41
2023,Miami,4,41,7
2023,UConn,4,7,41
2023,Duke,4,41,7
2023,Oregon,4,42,6
2023,Colorado,4,6,42
2023,West Virginia,4,20,13
2023,Texas Tech,4,13,20
2023,Massachusetts,4,31,34
2023,New Mexico,4,34,31
2023,Kansas,4,38,27
2023,BYU,4,27,38
2023,Michigan State,4,9,31
2023,Maryland,4,31,9
2023,Miami (OH),4,62,20
2023,Delaware State,4,20,62
2023,Bowling Green,4,7,38
2023,Ohio,4,38,7
2023,Illinois,4,23,17
2023,Florida Atlantic,4,17,23
2023,Tennessee,4,45,14
2023,UTSA,4,14,45
2023,Iowa State,4,34,27
2023,Oklahoma State,4,27,34
2023,South Florida,4,42,29
2023,Rice,4,29,42
2023,South Alabama,4,30,34
2023,Central Michigan,4,34,30
2023,Jacksonville State,4,21,0
2023,Eastern Michigan,4,0,21
2023,East Carolina,4,44,0
2023,Gardner-Webb,4,0,44
2023,Florida International,4,6,38
2023,Liberty,4,38,6
2023,Wake Forest,4,16,30
2023,Georgia Tech,4,30,16
2023,Washington State,4,38,35
2023,Oregon State,4,35,38
2023,Tulane,4,36,7
2023,Nicholls,4,7,36
2023,Wyoming,4,22,19
2023,App State,4,19,22
2023,Middle Tennessee,4,23,31
2023,Colorado State,4,31,23
2023,Stanford,4,20,21
2023,Arizona,4,21,20
2023,Houston,4,38,7
2023,Sam Houston,4,7,38
2023,LSU,4,34,31
2023,Arkansas,4,31,34
2023,Florida,4,22,7
2023,Charlotte,4,7,22
2023,Arkansas State,4,44,37
2023,Southern Miss,4,37,44
2023,Texas State,4,35,24
2023,Nevada,4,24,35
2023,Georgia,4,49,21
2023,UAB,4,21,49
2023,Baylor,4,6,38
2023,Texas,4,38,6
2023,South Carolina,4,37,30
2023,Mississippi State,4,30,37
2023,Indiana,4,29,27
2023,Akron,4,27,29
2023,Northwestern,4,37,34
2023,Minnesota,4,34,37
2023,Missouri,4,34,27
2023,Memphis,4,27,34
2023,Louisiana,4,45,38
2023,Buffalo,4,38,45
2023,Penn State,4,31,0
2023,Iowa,4,0,31
2023,Notre Dame,4,14,17
2023,Ohio State,4,17,14
2023,Kansas State,4,44,31
2023,UCF,4,31,44
2023,Utah State,4,38,45
2023,James Madison,4,45,38
2023,Pittsburgh,4,24,41
2023,North Carolina,4,41,24
2023,UTEP,4,28,45
2023,UNLV,4,45,28
2023,Fresno State,4,53,10
2023,Kent State,4,10,53
2023,Washington,4,59,32
2023,California,4,32,59
2023,Arizona State,4,28,42
2023,USC,4,42,28
2023,Hawai'i,4,20,17
2023,New Mexico State,4,17,20
2023,Tulsa,5,48,26
2023,Temple,5,26,48
2023,Western Kentucky,5,31,10
2023,Middle Tennessee,5,10,31
2023,Sam Houston,5,28,35
2023,Jacksonville State,5,35,28
2023,NC State,5,10,13
2023,Louisville,5,13,10
2023,UTEP,5,10,24
2023,Louisiana Tech,5,24,10
2023,Oregon State,5,21,7
2023,Utah,5,7,21
2023,BYU,5,35,27
2023,Cincinnati,5,27,35
2023,Akron,5,10,13
2023,Buffalo,5,13,10
2023,Minnesota,5,35,24
2023,Louisiana,5,24,35
2023,UConn,5,33,34
2023,Utah State,5,34,33
2023,Arkansas,5,22,34
2023,Texas A&M,5,34,22
2023,Kentucky,5,33,14
2023,Florida,5,14,33
2023,Colorado,5,41,48
2023,USC,5,48,41
2023,Syracuse,5,14,31
2023,Clemson,5,31,14
2023,Northwestern,5,13,41
2023,Penn State,5,41,13
2023,Tulane,5,35,23
2023,UAB,5,23,35
2023,James Madison,5,31,23
2023,South Alabama,5,23,31
2023,Central Michigan,5,26,23
2023,Eastern Michigan,5,23,26
2023,Boston College,5,27,24
2023,Virginia,5,24,27
2023,Kent State,5,3,23
2023,Miami (OH),5,23,3
2023,California,5,24,21
2023,Arizona State,5,21,24
2023,UCF,5,35,36
2023,Baylor,5,36,35
2023,Texas Tech,5,49,28
2023,Houston,5,28,49
2023,Georgia Tech,5,27,38
2023,Bowling Green,5,38,27
2023,Texas,5,40,14
2023,Kansas,5,14,40
2023,Marshall,5,41,35
2023,Old Dominion,5,35,41
2023,Western Michigan,5,42,24
2023,Ball State,5,24,42
2023,Nebraska,5,7,45
2023,Michigan,5,45,7
2023,Toledo,5,35,33
2023,Northern Illinois,5,33,35
2023,Rutgers,5,52,3
2023,Wagner,5,3,52
2023,Maryland,5,44,17
2023,Indiana,5,17,44
2023,Purdue,5,44,19
2023,Illinois,5,19,44
2023,Massachusetts,5,28,52
2023,Arkansas State,5,52,28
2023,Navy,5,30,44
2023,South Florida,5,44,30
2023,Auburn,5,20,27
2023,Georgia,5,27,20
2023,Wyoming,5,35,26
2023,New Mexico,5,26,35
2023,Vanderbilt,5,21,38
2023,Missouri,5,38,21
2023,UNLV,5,44,20
2023,Hawai'i,5,20,44
2023,Memphis,5,35,32
2023,Boise State,5,32,35
2023,Ole Miss,5,55,49
2023,LSU,5,49,55
2023,Stanford,5,6,42
2023,Oregon,5,42,6
2023,Southern Miss,5,36,50
2023,Texas State,5,50,36
2023,Rice,5,24,17
2023,East Carolina,5,17,24
2023,Georgia State,5,7,28
2023,Troy,5,28,7
2023,Georgia Southern,5,38,28
2023,Coastal Carolina,5,28,38
2023,Colorado State,5,41,20
2023,Utah Tech,5,20,41
2023,North Texas,5,45,31
2023,Abilene Christian,5,31,45
2023,Oklahoma,5,50,20
2023,Iowa State,5,20,50
2023,Tennessee,5,41,20
2023,South Carolina,5,20,41
2023,Duke,5,14,21
2023,Notre Dame,5,21,14
2023,SMU,5,34,16
2023,Charlotte,5,16,34
2023,Iowa,5,26,16
2023,Michigan State,5,16,26
2023,TCU,5,21,24
2023,West Virginia,5,24,21
2023,UL Monroe,5,40,41
2023,App State,5,41,40
2023,Virginia Tech,5,38,21
2023,Pittsburgh,5,21,38
2023,Air Force,5,49,10
2023,San Diego State,5,10,49
2023,Mississippi State,5,17,40
2023,Alabama,5,40,17
2023,Arizona,5,24,31
2023,Washington,5,31,24
2023,Fresno State,5,27,9
2023,Nevada,5,9,27
2023,Middle Tennessee,6,30,45
2023,Jacksonville State,6,45,30
2023,New Mexico State,6,34,17
2023,Florida International,6,17,34
2023,Liberty,6,21,16
2023,Sam Houston,6,16,21
2023,Louisiana Tech,6,28,35
2023,Western Kentucky,6,35,28
2023,Oklahoma State,6,29,21
2023,Kansas State,6,21,29
2023,Illinois,6,7,20
2023,Nebraska,6,20,7
2023,Ohio State,6,37,17
2023,Maryland,6,17,37
2023,Missouri,6,39,49
2023,LSU,6,49,39
2023,Wisconsin,6,24,13
2023,Rutgers,6,13,24
2023,Virginia,6,27,13
2023,William & Mary,6,13,27
2023,Mississippi State,6,41,28
2023,Western Michigan,6,28,41
2023,Army,6,24,27
2023,Boston College,6,27,24
2023,Massachusetts,6,24,41
2023,Toledo,6,41,24
2023,Texas,6,30,34
2023,Oklahoma,6,34,30
2023,Buffalo,6,37,13
2023,Central Michigan,6,13,37
2023,Temple,6,34,49
2023,UTSA,6,49,34
2023,NC State,6,48,41
2023,Marshall,6,41,48
2023,UCLA,6,25,17
2023,Washington State,6,17,25
2023,Northwestern,6,23,20
2023,Howard,6,20,23
2023,Florida State,6,39,17
2023,Virginia Tech,6,17,39
2023,Miami (OH),6,27,0
2023,Bowling Green,6,0,27
2023,North Carolina,6,40,7
2023,Syracuse,6,7,40
2023,Louisiana,6,34,30
2023,Texas State,6,30,34
2023,Texas A&M,6,20,26
2023,Alabama,6,26,20
2023,Clemson,6,17,12
2023,Wake Forest,6,12,17
2023,Ohio,6,42,17
2023,Kent State,6,17,42
2023,Navy,6,27,24
2023,North Texas,6,24,27
2023,Eastern Michigan,6,24,10
2023,Ball State,6,10,24
2023,Akron,6,14,55
2023,Northern Illinois,6,55,14
2023,Iowa,6,20,14
2023,Purdue,6,14,20
2023,Troy,6,37,3
2023,Arkansas State,6,3,37
2023,UAB,6,56,35
2023,South Florida,6,35,56
2023,Kansas,6,51,22
2023,UCF,6,22,51
2023,Florida,6,38,14
2023,Vanderbilt,6,14,38
2023,Rice,6,31,38
2023,UConn,6,38,31
2023,Florida Atlantic,6,20,17
2023,Tulsa,6,17,20
2023,Arizona State,6,24,27
2023,Colorado,6,27,24
2023,UL Monroe,6,7,55
2023,South Alabama,6,55,7
2023,Southern Miss,6,13,17
2023,Old Dominion,6,17,13
2023,Georgia,6,51,13
2023,Kentucky,6,13,51
2023,Minnesota,6,10,52
2023,Michigan,6,52,10
2023,Ole Miss,6,27,20
2023,Arkansas,6,20,27
2023,Louisville,6,33,20
2023,Notre Dame,6,20,33
2023,Iowa State,6,27,14
2023,TCU,6,14,27
2023,Boise State,6,35,27
2023,San José State,6,27,35
2023,Wyoming,6,24,19
2023,Fresno State,6,19,24
2023,Miami,6,20,23
2023,Georgia Tech,6,23,20
2023,Utah State,6,44,24
2023,Colorado State,6,24,44
2023,Baylor,6,14,39
2023,Texas Tech,6,39,14
2023,California,6,40,52
2023,Oregon State,6,52,40
2023,USC,6,43,41
2023,Arizona,6,41,43
2023,Middle Tennessee,7,31,23
2023,Louisiana Tech,7,23,31
2023,Jacksonville State,7,13,31
2023,Liberty,7,31,13
2023,App State,7,24,27
2023,Coastal Carolina,7,27,24
2023,Florida International,7,14,27
2023,UTEP,7,27,14
2023,New Mexico State,7,27,13
2023,Sam Houston,7,13,27
2023,Houston,7,41,39
2023,West Virginia,7,39,41
2023,East Carolina,7,10,31
2023,SMU,7,31,10
2023,Memphis,7,21,31
2023,Tulane,7,31,21
2023,Utah State,7,32,37
2023,Fresno State,7,37,32
2023,Colorado,7,43,46
2023,Stanford,7,46,43
2023,Alabama,7,24,21
2023,Arkansas,7,21,24
2023,North Texas,7,45,14
2023,Temple,7,14,45
2023,Cincinnati,7,10,30
2023,Iowa State,7,30,10
2023,Purdue,7,7,41
2023,Ohio State,7,41,7
2023,Eastern Michigan,7,28,14
2023,Kent State,7,14,28
2023,James Madison,7,41,13
2023,Georgia Southern,7,13,41
2023,Michigan,7,52,7
2023,Indiana,7,7,52
2023,Rutgers,7,27,24
2023,Michigan State,7,24,27
2023,Vanderbilt,7,20,37
2023,Georgia,7,37,20
2023,Florida State,7,41,3
2023,Syracuse,7,3,41
2023,Ball State,7,6,13
2023,Toledo,7,13,6
2023,Charlotte,7,0,14
2023,Navy,7,14,0
2023,Utah,7,34,14
2023,California,7,14,34
2023,Army,7,0,19
2023,Troy,7,19,0
2023,Penn State,7,63,0
2023,Massachusetts,7,0,63
2023,Western Michigan,7,21,34
2023,Miami (OH),7,34,21
2023,South Carolina,7,39,41
2023,Florida,7,41,39
2023,Buffalo,7,14,24
2023,Bowling Green,7,24,14
2023,Central Michigan,7,17,10
2023,Akron,7,10,17
2023,South Florida,7,14,56
2023,Florida Atlantic,7,56,14
2023,Virginia Tech,7,30,13
2023,Wake Forest,7,13,30
2023,Washington,7,36,33
2023,Oregon,7,33,36
2023,Tennessee,7,20,13
2023,Texas A&M,7,13,20
2023,Oklahoma State,7,39,32
2023,Kansas,7,32,39
2023,TCU,7,44,11
2023,BYU,7,11,44
2023,Maryland,7,24,27
2023,Illinois,7,27,24
2023,Wisconsin,7,6,15
2023,Iowa,7,15,6
2023,Northern Illinois,7,23,13
2023,Ohio,7,13,23
2023,Nevada,7,27,45
2023,UNLV,7,45,27
2023,New Mexico,7,24,52
2023,San José State,7,52,24
2023,Pittsburgh,7,38,21
2023,Louisville,7,21,38
2023,LSU,7,48,18
2023,Auburn,7,18,48
2023,Texas Tech,7,21,38
2023,Kansas State,7,38,21
2023,Texas State,7,21,20
2023,UL Monroe,7,20,21
2023,Air Force,7,34,27
2023,Wyoming,7,27,34
2023,Washington State,7,6,44
2023,Arizona,7,44,6
2023,Georgia State,7,41,24
2023,Marshall,7,24,41
2023,Notre Dame,7,48,20
2023,USC,7,20,48
2023,North Carolina,7,41,31
2023,Miami,7,31,41
2023,Kentucky,7,21,38
2023,Missouri,7,38,21
2023,Oregon State,7,36,24
2023,UCLA,7,24,36
2023,UTSA,7,41,20
2023,UAB,7,20,41
2023,Duke,7,24,3
2023,NC State,7,3,24
2023,Colorado State,7,31,30
2023,Boise State,7,30,31
2023,Hawai'i,7,34,41
2023,San Diego State,7,41,34
2023,Liberty,8,42,35
2023,Middle Tennessee,8,35,42
2023,South Alabama,8,55,3
2023,Southern Miss,8,3,55
2023,Jacksonville State,8,20,17
2023,Western Kentucky,8,17,20
2023,Sam Houston,8,27,33
2023,Florida International,8,33,27
2023,UTEP,8,7,28
2023,New Mexico State,8,28,7
2023,Tulsa,8,10,42
2023,Rice,8,42,10
2023,Marshall,8,9,20
2023,James Madison,8,20,9
2023,Temple,8,0,55
2023,SMU,8,55,0
2023,Oklahoma,8,31,29
2023,UCF,8,29,31
2023,Ohio State,8,20,12
2023,Penn State,8,12,20
2023,Ohio,8,20,17
2023,Western Michigan,8,17,20
2023,UAB,8,21,45
2023,Memphis,8,45,21
2023,Arkansas,8,3,7
2023,Mississippi State,8,7,3
2023,Navy,8,6,17
2023,Air Force,8,17,6
2023,Georgia Tech,8,23,38
2023,Boston College,8,38,23
2023,Indiana,8,14,31
2023,Rutgers,8,31,14
2023,Cincinnati,8,29,32
2023,Baylor,8,32,29
2023,East Carolina,8,7,10
2023,Charlotte,8,10,7
2023,Georgia Southern,8,38,28
2023,UL Monroe,8,28,38
2023,Bowling Green,8,41,14
2023,Akron,8,14,41
2023,Northern Illinois,8,20,13
2023,Eastern Michigan,8,13,20
2023,Missouri,8,34,12
2023,South Carolina,8,12,34
2023,Alabama,8,34,20
2023,Tennessee,8,20,34
2023,UConn,8,21,24
2023,South Florida,8,24,21
2023,Wake Forest,8,21,17
2023,Pittsburgh,8,17,21
2023,Oregon,8,38,24
2023,Washington State,8,24,38
2023,Kent State,8,6,24
2023,Buffalo,8,24,6
2023,West Virginia,8,34,48
2023,Oklahoma State,8,48,34
2023,Tulane,8,35,28
2023,North Texas,8,28,35
2023,Nebraska,8,17,9
2023,Northwestern,8,9,17
2023,Illinois,8,21,25
2023,Wisconsin,8,25,21
2023,Iowa,8,10,12
2023,Minnesota,8,12,10
2023,Ball State,8,24,17
2023,Central Michigan,8,17,24
2023,Houston,8,24,31
2023,Texas,8,31,24
2023,Miami (OH),8,17,21
2023,Toledo,8,21,17
2023,New Mexico,8,42,21
2023,Hawai'i,8,21,42
2023,Florida Atlantic,8,10,36
2023,UTSA,8,36,10
2023,North Carolina,8,27,31
2023,Virginia,8,31,27
2023,Arkansas State,8,17,27
2023,Coastal Carolina,8,27,17
2023,UNLV,8,25,23
2023,Colorado State,8,23,25
2023,BYU,8,27,14
2023,Texas Tech,8,14,27
2023,San José State,8,42,21
2023,Utah State,8,21,42
2023,Kansas State,8,41,3
2023,TCU,8,3,41
2023,Auburn,8,21,28
2023,Ole Miss,8,28,21
2023,Old Dominion,8,28,21
2023,App State,8,21,28
2023,LSU,8,62,0
2023,Army,8,0,62
2023,Michigan State,8,0,49
2023,Michigan,8,49,0
2023,Florida State,8,38,20
2023,Duke,8,20,38
2023,Miami,8,28,20
2023,Clemson,8,20,28
2023,Louisiana,8,17,20
2023,Georgia State,8,20,17
2023,USC,8,32,34
2023,Utah,8,34,32
2023,San Diego State,8,0,6
2023,Nevada,8,6,0
2023,Washington,8,15,7
2023,Arizona State,8,7,15
2023,Stanford,8,7,42
2023,UCLA,8,42,7
2023,Louisiana Tech,9,24,27
2023,New Mexico State,9,27,24
2023,Western Kentucky,9,29,42
2023,Liberty,9,42,29
2023,Florida International,9,16,41
2023,Jacksonville State,9,41,16
2023,Sam Houston,9,34,37
2023,UTEP,9,37,34
2023,Georgia Southern,9,44,27
2023,Georgia State,9,27,44
2023,Virginia Tech,9,38,10
2023,Syracuse,9,10,38
2023,Charlotte,9,16,38
2023,Florida Atlantic,9,38,16
2023,Wake Forest,9,16,41
2023,Florida State,9,41,16
2023,Kansas State,9,41,0
2023,Houston,9,0,41
2023,UCF,9,28,41
2023,West Virginia,9,41,28
2023,Boston College,9,21,14
2023,UConn,9,14,21
2023,Penn State,9,33,24
2023,Indiana,9,24,33
2023,Northwestern,9,33,27
2023,Maryland,9,27,33
2023,Texas A&M,9,30,17
2023,South Carolina,9,17,30
2023,SMU,9,69,10
2023,Tulsa,9,10,69
2023,Kansas,9,38,33
2023,Oklahoma,9,33,38
2023,Army,9,14,21
2023,Massachusetts,9,21,14
2023,Eastern Michigan,9,21,45
2023,Western Michigan,9,45,21
2023,NC State,9,24,17
2023,Clemson,9,17,24
2023,North Texas,9,42,45
2023,Memphis,9,45,42
2023,Florida,9,20,43
2023,Georgia,9,43,20
2023,UTSA,9,41,27
2023,East Carolina,9,27,41
2023,Auburn,9,27,13
2023,Mississippi State,9,13,27
2023,Utah,9,6,35
2023,Oregon,9,35,6
2023,Ohio,9,16,30
2023,Miami (OH),9,30,16
2023,Baylor,9,18,30
2023,Iowa State,9,30,18
2023,Texas,9,35,6
2023,BYU,9,6,35
2023,Nebraska,9,31,14
2023,Purdue,9,14,31
2023,App State,9,48,38
2023,Southern Miss,9,38,48
2023,Miami,9,29,26
2023,Virginia,9,26,29
2023,Notre Dame,9,58,7
2023,Pittsburgh,9,7,58
2023,Minnesota,9,27,12
2023,Michigan State,9,12,27
2023,Louisville,9,23,0
2023,Duke,9,0,23
2023,California,9,49,50
2023,USC,9,50,49
2023,Rice,9,28,30
2023,Tulane,9,30,28
2023,South Alabama,9,20,33
2023,Louisiana,9,33,20
2023,UL Monroe,9,24,34
2023,Arkansas State,9,34,24
2023,Boise State,9,32,7
2023,Wyoming,9,7,32
2023,Coastal Carolina,9,34,6
2023,Marshall,9,6,34
2023,Colorado State,9,13,30
2023,Air Force,9,30,13
2023,Kentucky,9,27,33
2023,Tennessee,9,33,27
2023,Texas State,9,13,31
2023,Troy,9,31,13
2023,Stanford,9,33,42
2023,Washington,9,42,33
2023,Wisconsin,9,10,24
2023,Ohio State,9,24,10
2023,Ole Miss,9,33,7
2023,Vanderbilt,9,7,33
2023,UCLA,9,28,16
2023,Colorado,9,16,28
2023,Oklahoma State,9,45,13
2023,Cincinnati,9,13,45
2023,Arizona State,9,38,27
2023,Washington State,9,27,38
2023,Georgia Tech,9,46,42
2023,North Carolina,9,42,46
2023,James Madison,9,30,27
2023,Old Dominion,9,27,30
2023,Fresno State,9,31,24
2023,UNLV,9,24,31
2023,Arizona,9,27,24
2023,Oregon State,9,24,27
2023,Nevada,9,34,24
2023,New Mexico,9,24,34
2023,Hawai'i,9,0,35
2023,San José State,9,35,0
2023,Central Michigan,10,37,31
2023,Northern Illinois,10,31,37
2023,Toledo,10,31,13
2023,Buffalo,10,13,31
2023,Bowling Green,10,24,21
2023,Ball State,10,21,24
2023,Akron,10,31,27
2023,Kent State,10,27,31
2023,Texas Tech,10,35,28
2023,TCU,10,28,35
2023,Troy,10,28,10
2023,South Alabama,10,10,28
2023,Duke,10,24,21
2023,Wake Forest,10,21,24
2023,Syracuse,10,10,17
2023,Boston College,10,17,10
2023,Wyoming,10,24,15
2023,Colorado State,10,15,24
2023,North Carolina,10,59,7
2023,Campbell,10,7,59
2023,Clemson,10,31,23
2023,Notre Dame,10,23,31
2023,Tennessee,10,59,3
2023,UConn,10,3,59
2023,Florida,10,36,39
2023,Arkansas,10,39,36
2023,Ole Miss,10,38,35
2023,Texas A&M,10,35,38
2023,Rutgers,10,16,35
2023,Ohio State,10,35,16
2023,South Carolina,10,38,28
2023,Jacksonville State,10,28,38
2023,Texas,10,33,30
2023,Kansas State,10,30,33
2023,Michigan State,10,20,17
2023,Nebraska,10,17,20
2023,Indiana,10,20,14
2023,Wisconsin,10,14,20
2023,Sam Houston,10,24,21
2023,Kennesaw State,10,21,24
2023,Virginia,10,17,45
2023,Georgia Tech,10,45,17
2023,Temple,10,32,18
2023,Navy,10,18,32
2023,Utah,10,55,3
2023,Arizona State,10,3,55
2023,Air Force,10,3,23
2023,Army,10,23,3
2023,Arkansas State,10,37,17
2023,Louisiana,10,17,37
2023,UAB,10,45,42
2023,Florida Atlantic,10,42,45
2023,North Texas,10,29,37
2023,UTSA,10,37,29
2023,Memphis,10,59,50
2023,South Florida,10,50,59
2023,Baylor,10,24,25
2023,Houston,10,25,24
2023,Pittsburgh,10,7,24
2023,Florida State,10,24,7
2023,Louisville,10,34,3
2023,Virginia Tech,10,3,34
2023,Georgia,10,30,21
2023,Missouri,10,21,30
2023,East Carolina,10,10,13
2023,Tulane,10,13,10
2023,Cincinnati,10,26,28
2023,UCF,10,28,26
2023,Georgia State,10,14,42
2023,James Madison,10,42,14
2023,Old Dominion,10,24,28
2023,Coastal Carolina,10,28,24
2023,Minnesota,10,26,27
2023,Illinois,10,27,26
2023,Oklahoma State,10,27,24
2023,Oklahoma,10,24,27
2023,Maryland,10,15,51
2023,Penn State,10,51,15
2023,Northwestern,10,7,10
2023,Iowa,10,10,7
2023,Massachusetts,10,31,21
2023,Merrimack,10,21,31
2023,Southern Miss,10,24,7
2023,UL Monroe,10,7,24
2023,Vanderbilt,10,15,31
2023,Auburn,10,31,15
2023,Nevada,10,14,27
2023,Hawai'i,10,27,14
2023,Tulsa,10,26,33
2023,Charlotte,10,33,26
2023,Texas State,10,45,24
2023,Georgia Southern,10,24,45
2023,Oregon,10,63,19
2023,California,10,19,63
2023,New Mexico,10,14,56
2023,UNLV,10,56,14
2023,New Mexico State,10,13,7
2023,Middle Tennessee,10,7,13
2023,Liberty,10,56,30
2023,Louisiana Tech,10,30,56
2023,App State,10,31,9
2023,Marshall,10,9,31
2023,Iowa State,10,21,28
2023,Kansas,10,28,21
2023,San Diego State,10,24,32
2023,Utah State,10,32,24
2023,West Virginia,10,37,7
2023,BYU,10,7,37
2023,Mississippi State,10,3,24
2023,Kentucky,10,24,3
2023,USC,10,42,52
2023,Washington,10,52,42
2023,Michigan,10,41,13
2023,Purdue,10,13,41
2023,Rice,10,31,36
2023,SMU,10,36,31
2023,Alabama,10,42,28
2023,LSU,10,28,42
2023,NC State,10,20,6
2023,Miami,10,6,20
2023,Washington State,10,7,10
2023,Stanford,10,10,7
2023,UTEP,10,13,21
2023,Western Kentucky,10,21,13
2023,Colorado,10,19,26
2023,Oregon State,10,26,19
2023,Fresno State,10,37,30
2023,Boise State,10,30,37
2023,Arizona,10,27,10
2023,UCLA,10,10,27
2023,Northern Illinois,11,17,20
2023,Ball State,11,20,17
2023,Western Michigan,11,38,28
2023,Central Michigan,11,28,38
2023,Buffalo,11,10,20
2023,Ohio,11,20,10
2023,Kent State,11,19,49
2023,Bowling Green,11,49,19
2023,Miami (OH),11,19,0
2023,Akron,11,0,19
2023,Toledo,11,49,23
2023,Eastern Michigan,11,23,49
2023,Louisville,11,31,24
2023,Virginia,11,24,31
2023,Louisiana,11,31,34
2023,Southern Miss,11,34,31
2023,SMU,11,45,21
2023,North Texas,11,21,45
2023,UNLV,11,34,14
2023,Wyoming,11,14,34
2023,Illinois,11,48,45
2023,Indiana,11,45,48
2023,Kentucky,11,21,49
2023,Alabama,11,49,21
2023,South Florida,11,27,23
2023,Temple,11,23,27
2023,Kansas,11,13,16
2023,Texas Tech,11,16,13
2023,Nebraska,11,10,13
2023,Maryland,11,13,10
2023,Clemson,11,42,21
2023,Georgia Tech,11,21,42
2023,Boston College,11,22,48
2023,Virginia Tech,11,48,22
2023,Penn State,11,15,24
2023,Michigan,11,24,15
2023,Army,11,17,14
2023,Holy Cross,11,14,17
2023,Tulane,11,24,22
2023,Tulsa,11,22,24
2023,South Carolina,11,47,6
2023,Vanderbilt,11,6,47
2023,Liberty,11,38,10
2023,Old Dominion,11,10,38
2023,James Madison,11,44,6
2023,UConn,11,6,44
2023,Colorado,11,31,34
2023,Arizona,11,34,31
2023,Charlotte,11,38,44
2023,Memphis,11,44,38
2023,Georgia State,11,14,42
2023,App State,11,42,14
2023,Wake Forest,11,6,26
2023,NC State,11,26,6
2023,UL Monroe,11,14,45
2023,Troy,11,45,14
2023,Louisiana Tech,11,27,42
2023,Sam Houston,11,42,27
2023,Utah State,11,41,24
2023,Nevada,11,24,41
2023,Kansas State,11,59,25
2023,Baylor,11,25,59
2023,Missouri,11,36,7
2023,Tennessee,11,7,36
2023,Western Kentucky,11,29,38
2023,New Mexico State,11,38,29
2023,Syracuse,11,28,13
2023,Pittsburgh,11,13,28
2023,Middle Tennessee,11,40,6
2023,Florida International,11,6,40
2023,Purdue,11,49,30
2023,Minnesota,11,30,49
2023,Florida State,11,27,20
2023,Miami,11,20,27
2023,Iowa,11,22,0
2023,Rutgers,11,0,22
2023,Washington,11,35,28
2023,Utah,11,28,35
2023,Wisconsin,11,10,24
2023,Northwestern,11,24,10
2023,Coastal Carolina,11,31,23
2023,Texas State,11,23,31
2023,UCF,11,45,3
2023,Oklahoma State,11,3,45
2023,Navy,11,31,6
2023,UAB,11,6,31
2023,Florida Atlantic,11,7,22
2023,East Carolina,11,22,7
2023,Arkansas,11,10,48
2023,Auburn,11,48,10
2023,California,11,42,39
2023,Washington State,11,39,42
2023,South Alabama,11,21,14
2023,Arkansas State,11,14,21
2023,Oregon State,11,62,17
2023,Stanford,11,17,62
2023,Georgia,11,52,17
2023,Ole Miss,11,17,52
2023,Oklahoma,11,59,20
2023,West Virginia,11,20,59
2023,Marshall,11,38,33
2023,Georgia Southern,11,33,38
2023,Houston,11,14,24
2023,Cincinnati,11,24,14
2023,Colorado State,11,22,19
2023,San Diego State,11,19,22
2023,UTSA,11,34,14
2023,Rice,11,14,34
2023,Ohio State,11,38,3
2023,Michigan State,11,3,38
2023,Texas A&M,11,51,10
2023,Mississippi State,11,10,51
2023,TCU,11,26,29
2023,Texas,11,29,26
2023,LSU,11,52,35
2023,Florida,11,35,52
2023,North Carolina,11,47,45
2023,Duke,11,45,47
2023,UCLA,11,7,17
2023,Arizona State,11,17,7
2023,Boise State,11,42,14
2023,New Mexico,11,14,42
2023,BYU,11,13,45
2023,Iowa State,11,45,13
2023,Oregon,11,36,27
2023,USC,11,27,36
2023,San José State,11,42,18
2023,Fresno State,11,18,42
2023,Hawai'i,11,27,13
2023,Air Force,11,13,27
2023,Northern Illinois,12,24,0
2023,Western Michigan,12,0,24
2023,Eastern Michigan,12,30,27
2023,Akron,12,27,30
2023,Bowling Green,12,31,32
2023,Toledo,12,32,31
2023,Ohio,12,34,20
2023,Central Michigan,12,20,34
2023,Miami (OH),12,23,10
2023,Buffalo,12,10,23
2023,Pittsburgh,12,24,16
2023,Boston College,12,16,24
2023,UTSA,12,49,21
2023,South Florida,12,21,49
2023,Washington State,12,56,14
2023,Colorado,12,14,56
2023,Penn State,12,27,6
2023,Rutgers,12,6,27
2023,Indiana,12,21,24
2023,Michigan State,12,24,21
2023,Miami,12,31,38
2023,Louisville,12,38,31
2023,Ole Miss,12,35,3
2023,UL Monroe,12,3,35
2023,BYU,12,24,31
2023,Oklahoma,12,31,24
2023,Navy,12,10,0
2023,East Carolina,12,0,10
2023,Army,12,28,21
2023,Coastal Carolina,12,21,28
2023,Mississippi State,12,41,20
2023,Southern Miss,12,20,41
2023,Florida Atlantic,12,8,24
2023,Tulane,12,24,8
2023,Memphis,12,34,38
2023,SMU,12,38,34
2023,Alabama,12,66,10
2023,Chattanooga,12,10,66
2023,Texas A&M,12,38,10
2023,Abilene Christian,12,10,38
2023,UConn,12,31,3
2023,Sacred Heart,12,3,31
2023,Northwestern,12,23,15
2023,Purdue,12,15,23
2023,Maryland,12,24,31
2023,Michigan,12,31,24
2023,Liberty,12,49,25
2023,Massachusetts,12,25,49
2023,James Madison,12,23,26
2023,App State,12,26,23
2023,Ball State,12,34,3
2023,Kent State,12,3,34
2023,Middle Tennessee,12,34,30
2023,UTEP,12,30,34
2023,Charlotte,12,7,28
2023,Rice,12,28,7
2023,Wyoming,12,42,9
2023,Hawai'i,12,9,42
2023,Jacksonville State,12,56,17
2023,Louisiana Tech,12,17,56
2023,West Virginia,12,42,21
2023,Cincinnati,12,21,42
2023,Arizona,12,42,18
2023,Utah,12,18,42
2023,UAB,12,34,24
2023,Temple,12,24,34
2023,Virginia,12,30,27
2023,Duke,12,27,30
2023,Arkansas State,12,77,31
2023,Texas State,12,31,77
2023,Colorado State,12,30,20
2023,Nevada,12,20,30
2023,Tulsa,12,28,35
2023,North Texas,12,35,28
2023,Virginia Tech,12,28,35
2023,NC State,12,35,28
2023,Tennessee,12,10,38
2023,Georgia,12,38,10
2023,TCU,12,42,17
2023,Baylor,12,17,42
2023,Troy,12,31,24
2023,Louisiana,12,24,31
2023,Clemson,12,31,20
2023,North Carolina,12,20,31
2023,Western Kentucky,12,28,23
2023,Sam Houston,12,23,28
2023,Air Force,12,27,31
2023,UNLV,12,31,27
2023,Iowa,12,15,13
2023,Illinois,12,13,15
2023,Notre Dame,12,45,7
2023,Wake Forest,12,7,45
2023,USC,12,20,38
2023,UCLA,12,38,20
2023,Arizona State,12,13,49
2023,Oregon,12,49,13
2023,Houston,12,30,43
2023,Oklahoma State,12,43,30
2023,Auburn,12,10,31
2023,New Mexico State,12,31,10
2023,Ohio State,12,37,3
2023,Minnesota,12,3,37
2023,Texas Tech,12,24,23
2023,UCF,12,23,24
2023,South Alabama,12,28,0
2023,Marshall,12,0,28
2023,Georgia Southern,12,17,20
2023,Old Dominion,12,20,17
2023,Stanford,12,15,27
2023,California,12,27,15
2023,Florida State,12,58,13
2023,North Alabama,12,13,58
2023,Utah State,12,10,45
2023,Boise State,12,45,10
2023,Kansas,12,27,31
2023,Kansas State,12,31,27
2023,Oregon State,12,20,22
2023,Washington,12,22,20
2023,Wisconsin,12,24,17
2023,Nebraska,12,17,24
2023,Arkansas,12,44,20
2023,Florida International,12,20,44
2023,South Carolina,12,17,14
2023,Kentucky,12,14,17
2023,Missouri,12,33,31
2023,Florida,12,31,33
2023,LSU,12,56,14
2023,Georgia State,12,14,56
2023,Georgia Tech,12,31,22
2023,Syracuse,12,22,31
2023,Iowa State,12,16,26
2023,Texas,12,26,16
2023,San José State,12,24,13
2023,San Diego State,12,13,24
2023,Fresno State,12,17,25
2023,New Mexico,12,25,17
2023,Western Michigan,13,10,34
2023,Bowling Green,13,34,10
2023,Buffalo,13,11,24
2023,Eastern Michigan,13,24,11
2023,Mississippi State,13,7,17
2023,Ole Miss,13,17,7
2023,Temple,13,21,45
2023,Memphis,13,45,21
2023,Central Michigan,13,17,32
2023,Toledo,13,32,17
2023,Nebraska,13,10,13
2023,Iowa,13,13,10
2023,Akron,13,14,25
2023,Ohio,13,25,14
2023,Boston College,13,20,45
2023,Miami,13,45,20
2023,Oklahoma,13,69,45
2023,TCU,13,45,69
2023,New Mexico,13,41,44
2023,Utah State,13,44,41
2023,Tulane,13,29,16
2023,UTSA,13,16,29
2023,Arkansas,13,14,48
2023,Missouri,13,48,14
2023,Boise State,13,27,19
2023,Air Force,13,19,27
2023,Texas,13,57,7
2023,Texas Tech,13,7,57
2023,Michigan State,13,0,42
2023,Penn State,13,42,0
2023,Oregon,13,31,7
2023,Oregon State,13,7,31
2023,SMU,13,59,14
2023,Navy,13,14,59
2023,Kent State,13,27,37
2023,Northern Illinois,13,37,27
2023,Duke,13,30,19
2023,Pittsburgh,13,19,30
2023,Louisville,13,31,38
2023,Kentucky,13,38,31
2023,Southern Miss,13,17,35
2023,Troy,13,35,17
2023,Ball State,13,15,17
2023,Miami (OH),13,17,15
2023,Massachusetts,13,18,31
2023,UConn,13,31,18
2023,UCF,13,27,13
2023,Houston,13,13,27
2023,Michigan,13,30,24
2023,Ohio State,13,24,30
2023,LSU,13,42,30
2023,Texas A&M,13,30,42
2023,Sam Houston,13,23,20
2023,Middle Tennessee,13,20,23
2023,Purdue,13,35,31
2023,Indiana,13,31,35
2023,Rice,13,24,21
2023,Florida Atlantic,13,21,24
2023,East Carolina,13,27,29
2023,Tulsa,13,29,27
2023,Syracuse,13,35,31
2023,Wake Forest,13,31,35
2023,Old Dominion,13,25,24
2023,Georgia State,13,24,25
2023,North Texas,13,45,42
2023,UAB,13,42,45
2023,Utah,13,23,17
2023,Colorado,13,17,23
2023,Louisiana,13,52,21
2023,UL Monroe,13,21,52
2023,Florida International,13,28,41
2023,Western Kentucky,13,41,28
2023,UNLV,13,31,37
2023,San José State,13,37,31
2023,Minnesota,13,14,28
2023,Wisconsin,13,28,14
2023,Illinois,13,43,45
2023,Northwestern,13,45,43
2023,Auburn,13,24,27
2023,Alabama,13,27,24
2023,Rutgers,13,24,42
2023,Maryland,13,42,24
2023,UTEP,13,28,42
2023,Liberty,13,42,28
2023,Arizona State,13,23,59
2023,Arizona,13,59,23
2023,Tennessee,13,48,24
2023,Vanderbilt,13,24,48
2023,Oklahoma State,13,40,34
2023,BYU,13,34,40
2023,Virginia,13,17,55
2023,Virginia Tech,13,55,17
2023,App State,13,55,27
2023,Georgia Southern,13,27,55
2023,Coastal Carolina,13,14,56
2023,James Madison,13,56,14
2023,Marshall,13,35,21
2023,Arkansas State,13,21,35
2023,Washington,13,24,21
2023,Washington State,13,21,24
2023,New Mexico State,13,20,17
2023,Jacksonville State,13,17,20
2023,Texas State,13,52,44
2023,South Alabama,13,44,52
2023,Florida,13,15,24
2023,Florida State,13,24,15
2023,Stanford,13,23,56
2023,Notre Dame,13,56,23
2023,Baylor,13,31,34
2023,West Virginia,13,34,31
2023,South Florida,13,48,14
2023,Charlotte,13,14,48
2023,Cincinnati,13,16,49
2023,Kansas,13,49,16
2023,Georgia Tech,13,23,31
2023,Georgia,13,31,23
2023,South Carolina,13,7,16
2023,Clemson,13,16,7
2023,NC State,13,39,20
2023,North Carolina,13,20,39
2023,Kansas State,13,35,42
2023,Iowa State,13,42,35
2023,Nevada,13,6,42
2023,Wyoming,13,42,6
2023,San Diego State,13,33,18
2023,Fresno State,13,18,33
2023,UCLA,13,7,33
2023,California,13,33,7
2023,Hawai'i,13,27,24
2023,Colorado State,13,24,27
2023,Liberty,14,49,35
2023,New Mexico State,14,35,49
2023,Washington,14,34,31
2023,Oregon,14,31,34
2023,Texas,14,49,21
2023,Oklahoma State,14,21,49
2023,Toledo,14,14,23
2023,Miami (OH),14,23,14
2023,UNLV,14,20,44
2023,Boise State,14,44,20
2023,Troy,14,49,23
2023,App State,14,23,49
2023,Alabama,14,27,24
2023,Georgia,14,24,27
2023,Tulane,14,14,26
2023,SMU,14,26,14
2023,Florida State,14,16,6
2023,Louisville,14,6,16
2023,Iowa,14,0,26
2023,Michigan,14,26,0
2023,Army,15,17,11
2023,Navy,15,11,17
2024,Georgia Tech,1,24,21
2024,Florida State,1,21,24
2024,New Mexico,1,31,35
2024,Montana State,1,35,31
2024,Nevada,1,24,29
2024,SMU,1,29,24
2024,Hawai'i,1,35,14
2024,Delaware State,1,14,35
2024,Rutgers,1,44,7
2024,Howard,1,7,44
2024,Bowling Green,1,41,17
2024,Fordham,1,17,41
2024,Buffalo,1,30,13
2024,Lafayette,1,13,30
2024,NC State,1,38,21
2024,Western Carolina,1,21,38
2024,UCF,1,57,3
2024,New Hampshire,1,3,57
2024,Wake Forest,1,45,13
2024,North Carolina A&T,1,13,45
2024,Central Michigan,1,66,10
2024,Central Connecticut,1,10,66
2024,UL Monroe,1,30,14
2024,Jackson State,1,14,30
2024,Arkansas,1,70,0
2024,Arkansas-Pine Bluff,1,0,70
2024,Toledo,1,49,10
2024,Duquesne,1,10,49
2024,Tulsa,1,62,28
2024,Northwestern State,1,28,62
2024,Kansas,1,48,3
2024,Lindenwood,1,3,48
2024,Tulane,1,52,0
2024,SE Louisiana,1,0,52
2024,Missouri,1,51,0
2024,Murray State,1,0,51
2024,Jacksonville State,1,27,55
2024,Coastal Carolina,1,55,27
2024,Minnesota,1,17,19
2024,North Carolina,1,19,17
2024,UAB,1,41,3
2024,Alcorn State,1,3,41
2024,Colorado,1,31,26
2024,North Dakota State,1,26,31
2024,Illinois,1,45,0
2024,Eastern Illinois,1,0,45
2024,Utah,1,49,0
2024,Southern Utah,1,0,49
2024,San José State,1,42,24
2024,Sacramento State,1,24,42
2024,Army,1,42,7
2024,Lehigh,1,7,42
2024,Oklahoma,1,51,3
2024,Temple,1,3,51
2024,Michigan State,1,16,10
2024,Florida Atlantic,1,10,16
2024,Duke,1,26,3
2024,Elon,1,3,26
2024,Wisconsin,1,28,14
2024,Western Michigan,1,14,28
2024,Stanford,1,27,34
2024,TCU,1,34,27
2024,Utah State,1,36,14
2024,Robert Morris,1,14,36
2024,Iowa,1,40,0
2024,Illinois State,1,0,40
2024,Maryland,1,50,7
2024,UConn,1,7,50
2024,Pittsburgh,1,55,24
2024,Kent State,1,24,55
2024,Vanderbilt,1,34,27
2024,Virginia Tech,1,27,34
2024,Navy,1,49,21
2024,Bucknell,1,21,49
2024,West Virginia,1,12,34
2024,Penn State,1,34,12
2024,Georgia,1,34,3
2024,Clemson,1,3,34
2024,Purdue,1,49,0
2024,Indiana State,1,0,49
2024,Louisville,1,62,0
2024,Austin Peay,1,0,62
2024,Tennessee,1,69,3
2024,Chattanooga,1,3,69
2024,Oklahoma State,1,44,20
2024,South Dakota State,1,20,44
2024,Cincinnati,1,38,20
2024,Towson,1,20,38
2024,Washington State,1,70,30
2024,Portland State,1,30,70
2024,App State,1,38,10
2024,East Tennessee State,1,10,38
2024,Iowa State,1,21,3
2024,North Dakota,1,3,21
2024,Texas,1,52,0
2024,Colorado State,1,0,52
2024,Florida,1,17,41
2024,Miami,1,41,17
2024,Air Force,1,21,6
2024,Merrimack,1,6,21
2024,Northwestern,1,13,6
2024,Miami (OH),1,6,13
2024,Ohio State,1,52,6
2024,Akron,1,6,52
2024,Indiana,1,31,7
2024,Florida International,1,7,31
2024,Syracuse,1,38,22
2024,Ohio,1,22,38
2024,Northern Illinois,1,54,15
2024,Western Illinois,1,15,54
2024,Massachusetts,1,14,28
2024,Eastern Michigan,1,28,14
2024,Nebraska,1,40,7
2024,UTEP,1,7,40
2024,UTSA,1,28,16
2024,Kennesaw State,1,16,28
2024,Georgia Southern,1,45,56
2024,Boise State,1,56,45
2024,South Carolina,1,23,19
2024,Old Dominion,1,19,23
2024,South Alabama,1,38,52
2024,North Texas,1,52,38
2024,Marshall,1,45,3
2024,Stony Brook,1,3,45
2024,California,1,31,13
2024,UC Davis,1,13,31
2024,Virginia,1,34,13
2024,Richmond,1,13,34
2024,Mississippi State,1,56,7
2024,Eastern Kentucky,1,7,56
2024,East Carolina,1,42,3
2024,Norfolk State,1,3,42
2024,Liberty,1,41,24
2024,Campbell,1,24,41
2024,Oregon State,1,38,15
2024,Idaho State,1,15,38
2024,Rice,1,14,34
2024,Sam Houston,1,34,14
2024,Kansas State,1,41,6
2024,UT Martin,1,6,41
2024,Arkansas State,1,34,31
2024,Central Arkansas,1,31,34
2024,South Florida,1,48,3
2024,Bethune-Cookman,1,3,48
2024,Baylor,1,45,3
2024,Tarleton State,1,3,45
2024,Ole Miss,1,76,0
2024,Furman,1,0,76
2024,Memphis,1,40,0
2024,North Alabama,1,0,40
2024,Alabama,1,63,0
2024,Western Kentucky,1,0,63
2024,Troy,1,26,28
2024,Nevada,1,28,26
2024,Middle Tennessee,1,32,25
2024,Tennessee Tech,1,25,32
2024,Houston,1,7,27
2024,UNLV,1,27,7
2024,Oregon,1,24,14
2024,Idaho,1,14,24
2024,Texas A&M,1,13,23
2024,Notre Dame,1,23,13
2024,Michigan,1,30,10
2024,Fresno State,1,10,30
2024,Auburn,1,73,3
2024,Alabama A&M,1,3,73
2024,Hawai'i,1,13,16
2024,UCLA,1,16,13
2024,Texas Tech,1,52,51
2024,Abilene Christian,1,51,52
2024,Kentucky,1,31,0
2024,Southern Miss,1,0,31
2024,Louisiana Tech,1,25,17
2024,Nicholls,1,17,25
2024,Georgia Tech,1,35,12
2024,Georgia State,1,12,35
2024,Texas State,1,34,27
2024,Lamar,1,27,34
2024,San Diego State,1,45,14
2024,East Texas A&M,1,14,45
2024,Charlotte,1,7,30
2024,James Madison,1,30,7
2024,BYU,1,41,13
2024,Southern Illinois,1,13,41
2024,SMU,1,59,7
2024,Houston Christian,1,7,59
2024,Louisiana,1,40,10
2024,Grambling,1,10,40
2024,New Mexico State,1,23,16
2024,Southeast Missouri State,1,16,23
2024,Arizona State,1,48,7
2024,Wyoming,1,7,48
2024,Arizona,1,61,39
2024,New Mexico,1,39,61
2024,Washington,1,35,3
2024,Weber State,1,3,35
2024,LSU,1,20,27
2024,USC,1,27,20
2024,Florida State,1,13,28
2024,Boston College,1,28,13
2024,SMU,2,15,18
2024,BYU,2,18,15
2024,Indiana,2,77,3
2024,Western Illinois,2,3,77
2024,Northwestern,2,20,26
2024,Duke,2,26,20
2024,Florida Atlantic,2,7,24
2024,Army,2,24,7
2024,Michigan,2,12,31
2024,Texas,2,31,12
2024,Syracuse,2,31,28
2024,Georgia Tech,2,28,31
2024,Cincinnati,2,27,28
2024,Pittsburgh,2,28,27
2024,UConn,2,63,17
2024,Merrimack,2,17,63
2024,Penn State,2,34,27
2024,Bowling Green,2,27,34
2024,Memphis,2,38,17
2024,Troy,2,17,38
2024,Tulane,2,27,34
2024,Kansas State,2,34,27
2024,Minnesota,2,48,0
2024,Rhode Island,2,0,48
2024,Oklahoma State,2,39,31
2024,Arkansas,2,31,39
2024,Rutgers,2,49,17
2024,Akron,2,17,49
2024,Texas A&M,2,52,10
2024,McNeese,2,10,52
2024,Georgia,2,48,3
2024,Tennessee Tech,2,3,48
2024,Ball State,2,42,34
2024,Missouri State,2,34,42
2024,Kent State,2,17,23
2024,Saint Francis,2,23,17
2024,UNLV,2,72,14
2024,Utah Tech,2,14,72
2024,Washington,2,30,9
2024,Eastern Michigan,2,9,30
2024,Maryland,2,24,27
2024,Michigan State,2,27,24
2024,North Carolina,2,38,20
2024,Charlotte,2,20,38
2024,Navy,2,38,11
2024,Temple,2,11,38
2024,Wyoming,2,13,17
2024,Idaho,2,17,13
2024,Auburn,2,14,21
2024,California,2,21,14
2024,Utah,2,23,12
2024,Baylor,2,12,23
2024,Louisville,2,49,14
2024,Jacksonville State,2,14,49
2024,Kentucky,2,6,31
2024,South Carolina,2,31,6
2024,Wisconsin,2,27,13
2024,South Dakota,2,13,27
2024,Boston College,2,56,0
2024,Duquesne,2,0,56
2024,Notre Dame,2,14,16
2024,Northern Illinois,2,16,14
2024,Iowa,2,19,20
2024,Iowa State,2,20,19
2024,Toledo,2,38,23
2024,Massachusetts,2,23,38
2024,Texas State,2,49,10
2024,UTSA,2,10,49
2024,Ole Miss,2,52,3
2024,Middle Tennessee,2,3,52
2024,Virginia Tech,2,31,14
2024,Marshall,2,14,31
2024,West Virginia,2,49,14
2024,UAlbany,2,14,49
2024,Miami,2,56,9
2024,Florida A&M,2,9,56
2024,James Madison,2,13,6
2024,Gardner-Webb,2,6,13
2024,Ohio,2,27,20
2024,South Alabama,2,20,27
2024,Florida International,2,52,16
2024,Central Michigan,2,16,52
2024,Old Dominion,2,14,20
2024,East Carolina,2,20,14
2024,UCF,2,45,14
2024,Sam Houston,2,14,45
2024,UL Monroe,2,32,6
2024,UAB,2,6,32
2024,Wake Forest,2,30,31
2024,Virginia,2,31,30
2024,Stanford,2,41,7
2024,Cal Poly,2,7,41
2024,Western Kentucky,2,31,0
2024,Eastern Kentucky,2,0,31
2024,Georgia State,2,24,21
2024,Chattanooga,2,21,24
2024,Florida,2,45,7
2024,Samford,2,7,45
2024,Colorado State,2,38,17
2024,Northern Colorado,2,17,38
2024,Southern Miss,2,35,10
2024,SE Louisiana,2,10,35
2024,Alabama,2,42,16
2024,South Florida,2,16,42
2024,Rice,2,69,7
2024,Texas Southern,2,7,69
2024,Illinois,2,23,17
2024,Kansas,2,17,23
2024,Kennesaw State,2,10,34
2024,Louisiana,2,34,10
2024,Nevada,2,17,20
2024,Georgia Southern,2,20,17
2024,Coastal Carolina,2,40,21
2024,William & Mary,2,21,40
2024,Missouri,2,38,0
2024,Buffalo,2,0,38
2024,Air Force,2,7,17
2024,San José State,2,17,7
2024,Arkansas State,2,28,24
2024,Tulsa,2,24,28
2024,Ohio State,2,56,0
2024,Western Michigan,2,0,56
2024,NC State,2,10,51
2024,Tennessee,2,51,10
2024,Vanderbilt,2,55,0
2024,Alcorn State,2,0,55
2024,Nebraska,2,28,10
2024,Colorado,2,10,28
2024,North Texas,2,35,20
2024,Stephen F. Austin,2,20,35
2024,LSU,2,44,21
2024,Nicholls,2,21,44
2024,Oklahoma,2,16,12
2024,Houston,2,12,16
2024,TCU,2,45,0
2024,Long Island University,2,0,45
2024,Clemson,2,66,20
2024,App State,2,20,66
2024,UTEP,2,24,27
2024,Southern Utah,2,27,24
2024,Oregon,2,37,34
2024,Boise State,2,34,37
2024,Arizona,2,22,10
2024,Northern Arizona,2,10,22
2024,Fresno State,2,46,30
2024,Sacramento State,2,30,46
2024,Washington State,2,37,16
2024,Texas Tech,2,16,37
2024,New Mexico State,2,24,30
2024,Liberty,2,30,24
2024,San Diego State,2,0,21
2024,Oregon State,2,21,0
2024,Arizona State,2,30,23
2024,Mississippi State,2,23,30
2024,USC,2,48,0
2024,Utah State,2,0,48
2024,Texas State,3,28,31
2024,Arizona State,3,31,28
2024,South Alabama,3,87,10
2024,Northwestern State,3,10,87
2024,Kansas,3,20,23
2024,UNLV,3,23,20
2024,Kansas State,3,31,7
2024,Arizona,3,7,31
2024,Tulsa,3,10,45
2024,Oklahoma State,3,45,10
2024,Miami (OH),3,16,27
2024,Cincinnati,3,27,16
2024,Texas Tech,3,66,21
2024,North Texas,3,21,66
2024,South Carolina,3,33,36
2024,LSU,3,36,33
2024,Illinois,3,30,9
2024,Central Michigan,3,9,30
2024,Wisconsin,3,10,42
2024,Alabama,3,42,10
2024,NC State,3,30,20
2024,Louisiana Tech,3,20,30
2024,Florida State,3,12,20
2024,Memphis,3,20,12
2024,Michigan,3,28,18
2024,Arkansas State,3,18,28
2024,Missouri,3,27,21
2024,Boston College,3,21,27
2024,Buffalo,3,34,3
2024,Massachusetts,3,3,34
2024,Temple,3,20,28
2024,Coastal Carolina,3,28,20
2024,Ohio,3,21,6
2024,Morgan State,3,6,21
2024,Oregon State,3,14,49
2024,Oregon,3,49,14
2024,Minnesota,3,27,0
2024,Nevada,3,0,27
2024,Purdue,3,7,66
2024,Notre Dame,3,66,7
2024,Michigan State,3,40,0
2024,Prairie View A&M,3,0,40
2024,Miami,3,62,0
2024,Ball State,3,0,62
2024,Florida,3,20,33
2024,Texas A&M,3,33,20
2024,Pittsburgh,3,38,34
2024,West Virginia,3,34,38
2024,Oklahoma,3,34,19
2024,Tulane,3,19,34
2024,Georgia Tech,3,59,7
2024,VMI,3,7,59
2024,Washington,3,19,24
2024,Washington State,3,24,19
2024,Iowa,3,38,21
2024,Troy,3,21,38
2024,East Carolina,3,19,21
2024,App State,3,21,19
2024,Arkansas,3,37,27
2024,UAB,3,27,37
2024,Utah State,3,21,38
2024,Utah,3,38,21
2024,Charlotte,3,27,26
2024,Gardner-Webb,3,26,27
2024,North Carolina,3,45,10
2024,North Carolina Central,3,10,45
2024,Duke,3,26,21
2024,UConn,3,21,26
2024,Akron,3,31,20
2024,Colgate,3,20,31
2024,Florida Atlantic,3,38,20
2024,Florida International,3,20,38
2024,Liberty,3,28,10
2024,UTEP,3,10,28
2024,Old Dominion,3,17,37
2024,Virginia Tech,3,37,17
2024,Georgia Southern,3,42,14
2024,South Carolina State,3,14,42
2024,Wake Forest,3,6,40
2024,Ole Miss,3,40,6
2024,Western Michigan,3,59,31
2024,Bethune-Cookman,3,31,59
2024,Texas,3,56,7
2024,UTSA,3,7,56
2024,Sam Houston,3,31,13
2024,Hawai'i,3,13,31
2024,Eastern Michigan,3,37,34
2024,Jacksonville State,3,34,37
2024,Southern Miss,3,24,49
2024,South Florida,3,49,24
2024,Middle Tennessee,3,21,49
2024,Western Kentucky,3,49,21
2024,San José State,3,31,10
2024,Kennesaw State,3,10,31
2024,Georgia State,3,36,32
2024,Vanderbilt,3,32,36
2024,Colorado State,3,9,28
2024,Colorado,3,28,9
2024,Nebraska,3,34,3
2024,Northern Iowa,3,3,34
2024,UCLA,3,13,42
2024,Indiana,3,42,13
2024,Baylor,3,31,3
2024,Air Force,3,3,31
2024,TCU,3,34,35
2024,UCF,3,35,34
2024,Mississippi State,3,17,41
2024,Toledo,3,41,17
2024,Northwestern,3,31,7
2024,Eastern Illinois,3,7,31
2024,Auburn,3,45,19
2024,New Mexico,3,19,45
2024,Kentucky,3,12,13
2024,Georgia,3,13,12
2024,Tennessee,3,71,0
2024,Kent State,3,0,71
2024,Houston,3,33,7
2024,Rice,3,7,33
2024,Virginia,3,13,27
2024,Maryland,3,27,13
2024,Wyoming,3,14,34
2024,BYU,3,34,14
2024,California,3,31,10
2024,San Diego State,3,10,31
2024,Fresno State,3,48,0
2024,New Mexico State,3,0,48
2024,App State,4,14,48
2024,South Alabama,4,48,14
2024,Syracuse,4,24,26
2024,Stanford,4,26,24
2024,Nebraska,4,24,31
2024,Illinois,4,31,24
2024,Washington State,4,54,52
2024,San José State,4,52,54
2024,Ohio State,4,49,14
2024,Marshall,4,14,49
2024,Clemson,4,59,35
2024,NC State,4,35,59
2024,West Virginia,4,32,28
2024,Kansas,4,28,32
2024,Cincinnati,4,34,0
2024,Houston,4,0,34
2024,Louisiana,4,33,41
2024,Tulane,4,41,33
2024,Maryland,4,38,20
2024,Villanova,4,20,38
2024,Army,4,37,14
2024,Rice,4,14,37
2024,North Carolina,4,50,70
2024,James Madison,4,70,50
2024,Mississippi State,4,28,45
2024,Florida,4,45,28
2024,Indiana,4,52,14
2024,Charlotte,4,14,52
2024,Kentucky,4,41,6
2024,Ohio,4,6,41
2024,Central Michigan,4,37,34
2024,Ball State,4,34,37
2024,Iowa State,4,52,7
2024,Arkansas State,4,7,52
2024,Eastern Michigan,4,36,0
2024,Saint Francis,4,0,36
2024,Coastal Carolina,4,24,43
2024,Virginia,4,43,24
2024,Temple,4,45,29
2024,Utah State,4,29,45
2024,Jacksonville State,4,44,7
2024,Southern Miss,4,7,44
2024,Nevada,4,49,16
2024,Eastern Washington,4,16,49
2024,Auburn,4,14,24
2024,Arkansas,4,24,14
2024,Penn State,4,56,0
2024,Kent State,4,0,56
2024,LSU,4,34,17
2024,UCLA,4,17,34
2024,Texas Tech,4,30,22
2024,Arizona State,4,22,30
2024,Pittsburgh,4,73,17
2024,Youngstown State,4,17,73
2024,Louisville,4,31,19
2024,Georgia Tech,4,19,31
2024,Michigan,4,27,24
2024,USC,4,24,27
2024,Notre Dame,4,28,3
2024,Miami (OH),4,3,28
2024,Navy,4,56,44
2024,Memphis,4,44,56
2024,Northern Illinois,4,20,23
2024,Buffalo,4,23,20
2024,UTSA,4,45,7
2024,Houston Christian,4,7,45
2024,Virginia Tech,4,23,26
2024,Rutgers,4,26,23
2024,Massachusetts,4,35,31
2024,Central Connecticut,4,31,35
2024,Oklahoma State,4,19,22
2024,Utah,4,22,19
2024,Middle Tennessee,4,17,45
2024,Duke,4,45,17
2024,Missouri,4,30,27
2024,Vanderbilt,4,27,30
2024,SMU,4,66,42
2024,TCU,4,42,66
2024,Colorado State,4,27,17
2024,UTEP,4,17,27
2024,Liberty,4,35,24
2024,East Carolina,4,24,35
2024,Florida International,4,42,45
2024,Monmouth,4,45,42
2024,Washington,4,24,5
2024,Northwestern,4,5,24
2024,Troy,4,34,12
2024,Florida A&M,4,12,34
2024,Florida State,4,14,9
2024,California,4,9,14
2024,UConn,4,48,14
2024,Florida Atlantic,4,14,48
2024,South Florida,4,15,50
2024,Miami,4,50,15
2024,Louisiana Tech,4,20,23
2024,Tulsa,4,23,20
2024,Western Kentucky,4,26,21
2024,Toledo,4,21,26
2024,North Texas,4,44,17
2024,Wyoming,4,17,44
2024,Sam Houston,4,31,11
2024,New Mexico State,4,11,31
2024,Oklahoma,4,15,25
2024,Tennessee,4,25,15
2024,South Carolina,4,50,7
2024,Akron,4,7,50
2024,Texas A&M,4,26,20
2024,Bowling Green,4,20,26
2024,Minnesota,4,14,31
2024,Iowa,4,31,14
2024,Ole Miss,4,52,13
2024,Georgia Southern,4,13,52
2024,Boston College,4,23,19
2024,Michigan State,4,19,23
2024,Texas,4,51,3
2024,UL Monroe,4,3,51
2024,Colorado,4,38,31
2024,Baylor,4,31,38
2024,Oregon State,4,38,21
2024,Purdue,4,21,38
2024,New Mexico,4,21,38
2024,Fresno State,4,38,21
2024,Boise State,4,56,14
2024,Portland State,4,14,56
2024,BYU,4,38,9
2024,Kansas State,4,9,38
2024,Hawai'i,4,36,7
2024,Northern Iowa,4,7,36
2024,Temple,5,14,42
2024,Army,5,42,14
2024,Miami,5,38,34
2024,Virginia Tech,5,34,38
2024,Rutgers,5,21,18
2024,Washington,5,18,21
2024,Syracuse,5,42,14
2024,Holy Cross,5,14,42
2024,Purdue,5,10,28
2024,Nebraska,5,28,10
2024,UConn,5,47,3
2024,Buffalo,5,3,47
2024,Tulane,5,45,10
2024,South Florida,5,10,45
2024,UAB,5,18,41
2024,Navy,5,41,18
2024,Ole Miss,5,17,20
2024,Kentucky,5,20,17
2024,Boston College,5,21,20
2024,Western Kentucky,5,20,21
2024,Michigan,5,27,24
2024,Minnesota,5,24,27
2024,Indiana,5,42,28
2024,Maryland,5,28,42
2024,Baylor,5,28,34
2024,BYU,5,34,28
2024,NC State,5,24,17
2024,Northern Illinois,5,17,24
2024,Kansas State,5,42,20
2024,Oklahoma State,5,20,42
2024,James Madison,5,63,7
2024,Ball State,5,7,63
2024,Sam Houston,5,40,39
2024,Texas State,5,39,40
2024,Ohio,5,30,10
2024,Akron,5,10,30
2024,Marshall,5,27,20
2024,Western Michigan,5,20,27
2024,Georgia State,5,21,38
2024,Georgia Southern,5,38,21
2024,Central Michigan,5,22,21
2024,San Diego State,5,21,22
2024,Miami (OH),5,23,20
2024,Massachusetts,5,20,23
2024,Auburn,5,21,27
2024,Oklahoma,5,27,21
2024,Texas A&M,5,21,17
2024,Arkansas,5,17,21
2024,UNLV,5,59,14
2024,Fresno State,5,14,59
2024,USC,5,38,21
2024,Wisconsin,5,21,38
2024,Kent State,5,33,52
2024,Eastern Michigan,5,52,33
2024,UCF,5,21,48
2024,Colorado,5,48,21
2024,Wake Forest,5,38,41
2024,Louisiana,5,41,38
2024,Notre Dame,5,31,24
2024,Louisville,5,24,31
2024,Kansas,5,27,38
2024,TCU,5,38,27
2024,East Carolina,5,30,20
2024,UTSA,5,20,30
2024,Duke,5,21,20
2024,North Carolina,5,20,21
2024,Texas,5,35,13
2024,Mississippi State,5,13,35
2024,Bowling Green,5,27,30
2024,Old Dominion,5,30,27
2024,Florida Atlantic,5,41,10
2024,Wagner,5,10,41
2024,Kennesaw State,5,13,24
2024,UT Martin,5,24,13
2024,Florida International,5,17,10
2024,Louisiana Tech,5,10,17
2024,Houston,5,0,20
2024,Iowa State,5,20,0
2024,Troy,5,9,13
2024,UL Monroe,5,13,9
2024,North Texas,5,52,20
2024,Tulsa,5,20,52
2024,Clemson,5,40,14
2024,Stanford,5,14,40
2024,Rice,5,20,21
2024,Charlotte,5,21,20
2024,Memphis,5,24,7
2024,Middle Tennessee,5,7,24
2024,Penn State,5,21,7
2024,Illinois,5,7,21
2024,Alabama,5,41,34
2024,Georgia,5,34,41
2024,Michigan State,5,7,38
2024,Ohio State,5,38,7
2024,LSU,5,42,10
2024,South Alabama,5,10,42
2024,Wyoming,5,31,19
2024,Air Force,5,19,31
2024,New Mexico State,5,40,50
2024,New Mexico,5,50,40
2024,SMU,5,42,16
2024,Florida State,5,16,42
2024,Texas Tech,5,44,41
2024,Cincinnati,5,41,44
2024,Boise State,5,45,24
2024,Washington State,5,24,45
2024,Utah,5,10,23
2024,Arizona,5,23,10
2024,UCLA,5,13,34
2024,Oregon,5,34,13
2024,Troy,6,17,38
2024,Texas State,6,38,17
2024,UTEP,6,21,41
2024,Sam Houston,6,41,21
2024,Kennesaw State,6,24,63
2024,Jacksonville State,6,63,24
2024,TCU,6,19,30
2024,Houston,6,30,19
2024,UNLV,6,41,44
2024,Syracuse,6,44,41
2024,Oregon,6,31,10
2024,Michigan State,6,10,31
2024,Texas A&M,6,41,10
2024,Missouri,6,10,41
2024,Tulsa,6,7,49
2024,Army,6,49,7
2024,Wisconsin,6,52,6
2024,Purdue,6,6,52
2024,Penn State,6,27,11
2024,UCLA,6,11,27
2024,Northern Illinois,6,34,20
2024,Massachusetts,6,20,34
2024,NC State,6,30,34
2024,Wake Forest,6,34,30
2024,North Carolina,6,24,34
2024,Pittsburgh,6,34,24
2024,Louisville,6,27,34
2024,SMU,6,34,27
2024,Air Force,6,7,34
2024,Navy,6,34,7
2024,Virginia,6,24,14
2024,Boston College,6,14,24
2024,UAB,6,20,71
2024,Tulane,6,71,20
2024,Ball State,6,42,45
2024,Western Michigan,6,45,42
2024,Charlotte,6,55,24
2024,East Carolina,6,24,55
2024,Akron,6,20,27
2024,Bowling Green,6,27,20
2024,UConn,6,29,20
2024,Temple,6,20,29
2024,Toledo,6,30,20
2024,Miami (OH),6,20,30
2024,Stanford,6,7,31
2024,Virginia Tech,6,31,7
2024,Marshall,6,52,37
2024,App State,6,37,52
2024,Georgia,6,31,13
2024,Auburn,6,13,31
2024,South Carolina,6,3,27
2024,Ole Miss,6,27,3
2024,Northwestern,6,24,41
2024,Indiana,6,41,24
2024,Ohio State,6,35,7
2024,Iowa,6,7,35
2024,Oklahoma State,6,14,38
2024,West Virginia,6,38,14
2024,Nebraska,6,14,7
2024,Rutgers,6,7,14
2024,Vanderbilt,6,40,35
2024,Alabama,6,35,40
2024,Oregon State,6,39,31
2024,Colorado State,6,31,39
2024,Arkansas State,6,18,16
2024,South Alabama,6,16,18
2024,Florida State,6,13,29
2024,Clemson,6,29,13
2024,UL Monroe,6,21,19
2024,James Madison,6,19,21
2024,Coastal Carolina,6,45,37
2024,Old Dominion,6,37,45
2024,Southern Miss,6,13,23
2024,Louisiana,6,23,13
2024,Boise State,6,62,30
2024,Utah State,6,30,62
2024,San José State,6,35,31
2024,Nevada,6,31,35
2024,Iowa State,6,43,21
2024,Baylor,6,21,43
2024,Washington,6,27,17
2024,Michigan,6,17,27
2024,Arkansas,6,19,14
2024,Tennessee,6,14,19
2024,Minnesota,6,24,17
2024,USC,6,17,24
2024,Florida,6,24,13
2024,UCF,6,13,24
2024,Arizona State,6,35,31
2024,Kansas,6,31,35
2024,Georgia Tech,6,24,14
2024,Duke,6,14,24
2024,San Diego State,6,27,24
2024,Hawai'i,6,24,27
2024,California,6,38,39
2024,Miami,6,39,38
2024,Arizona,6,22,28
2024,Texas Tech,6,28,22
2024,Liberty,7,31,24
2024,Florida International,7,24,31
2024,Jacksonville State,7,54,13
2024,New Mexico State,7,13,54
2024,James Madison,7,39,7
2024,Coastal Carolina,7,7,39
2024,Western Kentucky,7,44,17
2024,UTEP,7,17,44
2024,Louisiana Tech,7,48,21
2024,Middle Tennessee,7,21,48
2024,Maryland,7,10,37
2024,Northwestern,7,37,10
2024,Utah State,7,34,50
2024,UNLV,7,50,34
2024,Arizona State,7,27,19
2024,Utah,7,19,27
2024,Iowa,7,40,16
2024,Washington,7,16,40
2024,Wake Forest,7,14,49
2024,Clemson,7,49,14
2024,North Carolina,7,34,41
2024,Georgia Tech,7,41,34
2024,Rutgers,7,7,42
2024,Wisconsin,7,42,7
2024,Buffalo,7,30,15
2024,Toledo,7,15,30
2024,Alabama,7,27,25
2024,South Carolina,7,25,27
2024,Massachusetts,7,3,45
2024,Missouri,7,45,3
2024,Kent State,7,35,37
2024,Ball State,7,37,35
2024,Army,7,44,10
2024,UAB,7,10,44
2024,Eastern Michigan,7,14,38
2024,Miami (OH),7,38,14
2024,Notre Dame,7,49,7
2024,Stanford,7,7,49
2024,South Florida,7,3,21
2024,Memphis,7,21,3
2024,Western Michigan,7,34,24
2024,Akron,7,24,34
2024,Bowling Green,7,7,17
2024,Northern Illinois,7,17,7
2024,Oklahoma,7,3,34
2024,Texas,7,34,3
2024,Colorado State,7,31,24
2024,San José State,7,24,31
2024,Wyoming,7,24,27
2024,San Diego State,7,27,24
2024,Pittsburgh,7,17,15
2024,California,7,15,17
2024,UCF,7,13,19
2024,Cincinnati,7,19,13
2024,USC,7,30,33
2024,Penn State,7,33,30
2024,Illinois,7,50,49
2024,Purdue,7,49,50
2024,Georgia State,7,14,21
2024,Old Dominion,7,21,14
2024,Virginia,7,20,24
2024,Louisville,7,24,20
2024,BYU,7,41,19
2024,Arizona,7,19,41
2024,Central Michigan,7,25,27
2024,Ohio,7,27,25
2024,Georgia,7,41,31
2024,Mississippi State,7,31,41
2024,UL Monroe,7,38,21
2024,Southern Miss,7,21,38
2024,New Mexico,7,52,37
2024,Air Force,7,37,52
2024,Tennessee,7,23,17
2024,Florida,7,17,23
2024,Rice,7,29,27
2024,UTSA,7,27,29
2024,Texas State,7,41,9
2024,Arkansas State,7,9,41
2024,Fresno State,7,17,25
2024,Washington State,7,25,17
2024,Florida Atlantic,7,37,41
2024,North Texas,7,41,37
2024,LSU,7,29,26
2024,Ole Miss,7,26,29
2024,Oregon,7,32,31
2024,Ohio State,7,31,32
2024,Nevada,7,42,37
2024,Oregon State,7,37,42
2024,Louisiana,7,34,24
2024,App State,7,24,34
2024,Kentucky,7,13,20
2024,Vanderbilt,7,20,13
2024,NC State,7,17,24
2024,Syracuse,7,24,17
2024,West Virginia,7,16,28
2024,Iowa State,7,28,16
2024,Georgia Southern,7,24,23
2024,Marshall,7,23,24
2024,UCLA,7,17,21
2024,Minnesota,7,21,17
2024,Colorado,7,28,31
2024,Kansas State,7,31,28
2024,Hawai'i,7,7,28
2024,Boise State,7,28,7
2024,South Alabama,8,25,9
2024,Troy,8,9,25
2024,Middle Tennessee,8,14,5
2024,Kennesaw State,8,5,14
2024,New Mexico State,8,33,30
2024,Louisiana Tech,8,30,33
2024,Sam Houston,8,14,31
2024,Western Kentucky,8,31,14
2024,UTEP,8,30,21
2024,Florida International,8,21,30
2024,Marshall,8,35,20
2024,Georgia State,8,20,35
2024,Virginia Tech,8,42,21
2024,Boston College,8,21,42
2024,Duke,8,23,16
2024,Florida State,8,16,23
2024,Purdue,8,0,35
2024,Oregon,8,35,0
2024,BYU,8,38,35
2024,Oklahoma State,8,35,38
2024,Nevada,8,21,24
2024,Fresno State,8,24,21
2024,Rutgers,8,32,35
2024,UCLA,8,35,32
2024,Louisville,8,45,52
2024,Miami,8,52,45
2024,Northwestern,8,3,23
2024,Wisconsin,8,23,3
2024,Missouri,8,21,17
2024,Auburn,8,17,21
2024,Army,8,45,28
2024,East Carolina,8,28,45
2024,Clemson,8,48,31
2024,Virginia,8,31,48
2024,Indiana,8,56,7
2024,Nebraska,8,7,56
2024,Cincinnati,8,24,14
2024,Arizona State,8,14,24
2024,Coastal Carolina,8,24,34
2024,Louisiana,8,34,24
2024,UConn,8,20,23
2024,Wake Forest,8,23,20
2024,Oklahoma,8,9,35
2024,South Carolina,8,35,9
2024,Temple,8,20,10
2024,Tulsa,8,10,20
2024,Eastern Michigan,8,38,34
2024,Central Michigan,8,34,38
2024,Old Dominion,8,24,14
2024,Texas State,8,14,24
2024,Northern Illinois,8,6,13
2024,Toledo,8,13,6
2024,Miami (OH),8,30,20
2024,Ohio,8,20,30
2024,UTSA,8,38,24
2024,Florida Atlantic,8,24,38
2024,California,8,23,24
2024,NC State,8,24,23
2024,Tulane,8,24,10
2024,Rice,8,10,24
2024,Buffalo,8,41,48
2024,Western Michigan,8,48,41
2024,Washington State,8,42,10
2024,Hawai'i,8,10,42
2024,Navy,8,51,17
2024,Charlotte,8,17,51
2024,South Florida,8,35,25
2024,UAB,8,25,35
2024,Tennessee,8,24,17
2024,Alabama,8,17,24
2024,Georgia Tech,8,13,31
2024,Notre Dame,8,31,13
2024,Bowling Green,8,27,6
2024,Kent State,8,6,27
2024,Illinois,8,21,7
2024,Michigan,8,7,21
2024,Kansas,8,42,14
2024,Houston,8,14,42
2024,Utah State,8,45,50
2024,New Mexico,8,50,45
2024,Texas Tech,8,35,59
2024,Baylor,8,59,35
2024,Georgia Southern,8,28,14
2024,James Madison,8,14,28
2024,San José State,8,24,14
2024,Wyoming,8,14,24
2024,Arizona,8,7,34
2024,Colorado,8,34,7
2024,Maryland,8,29,28
2024,USC,8,28,29
2024,Mississippi State,8,24,34
2024,Texas A&M,8,34,24
2024,Arkansas,8,10,34
2024,LSU,8,34,10
2024,Southern Miss,8,28,44
2024,Arkansas State,8,44,28
2024,Vanderbilt,8,24,14
2024,Ball State,8,14,24
2024,West Virginia,8,18,45
2024,Kansas State,8,45,18
2024,Texas,8,15,30
2024,Georgia,8,30,15
2024,Michigan State,8,32,20
2024,Iowa,8,20,32
2024,Iowa State,8,38,35
2024,UCF,8,35,38
2024,Memphis,8,52,44
2024,North Texas,8,44,52
2024,Florida,8,48,20
2024,Kentucky,8,20,48
2024,Air Force,8,13,21
2024,Colorado State,8,21,13
2024,Stanford,8,10,40
2024,SMU,8,40,10
2024,Oregon State,8,25,33
2024,UNLV,8,33,25
2024,Utah,8,7,13
2024,TCU,8,13,7
2024,Florida International,9,7,10
2024,Sam Houston,9,10,7
2024,Louisiana Tech,9,14,10
2024,UTEP,9,10,14
2024,Kennesaw State,9,27,24
2024,Liberty,9,24,27
2024,Jacksonville State,9,42,20
2024,Middle Tennessee,9,20,42
2024,Old Dominion,9,47,19
2024,Georgia Southern,9,19,47
2024,Pittsburgh,9,41,13
2024,Syracuse,9,13,41
2024,Boston College,9,27,31
2024,Louisville,9,31,27
2024,UNLV,9,24,29
2024,Boise State,9,29,24
2024,USC,9,42,20
2024,Rutgers,9,20,42
2024,Virginia Tech,9,21,6
2024,Georgia Tech,9,6,21
2024,Ole Miss,9,26,14
2024,Oklahoma,9,14,26
2024,Ohio,9,47,16
2024,Buffalo,9,16,47
2024,Memphis,9,33,28
2024,Charlotte,9,28,33
2024,North Texas,9,37,45
2024,Tulane,9,45,37
2024,Virginia,9,14,41
2024,North Carolina,9,41,14
2024,Indiana,9,31,17
2024,Washington,9,17,31
2024,Ohio State,9,21,17
2024,Nebraska,9,17,21
2024,Navy,9,14,51
2024,Notre Dame,9,51,14
2024,Mississippi State,9,25,58
2024,Arkansas,9,58,25
2024,App State,9,33,26
2024,Georgia State,9,26,33
2024,Miami (OH),9,46,7
2024,Central Michigan,9,7,46
2024,East Carolina,9,56,34
2024,Temple,9,34,56
2024,Minnesota,9,48,23
2024,Maryland,9,23,48
2024,Iowa,9,40,14
2024,Northwestern,9,14,40
2024,UConn,9,17,10
2024,Rice,9,10,17
2024,Stanford,9,24,27
2024,Wake Forest,9,27,24
2024,Massachusetts,9,35,7
2024,Wagner,9,7,35
2024,Western Michigan,9,52,21
2024,Kent State,9,21,52
2024,TCU,9,35,34
2024,Texas Tech,9,34,35
2024,UCF,9,24,37
2024,BYU,9,37,24
2024,Baylor,9,38,28
2024,Oklahoma State,9,28,38
2024,Oregon,9,38,9
2024,Illinois,9,9,38
2024,Alabama,9,34,0
2024,Missouri,9,0,34
2024,Toledo,9,26,41
2024,Bowling Green,9,41,26
2024,Ball State,9,25,23
2024,Northern Illinois,9,23,25
2024,Akron,9,25,21
2024,Eastern Michigan,9,21,25
2024,Tulsa,9,46,45
2024,UTSA,9,45,46
2024,James Madison,9,32,15
2024,Southern Miss,9,15,32
2024,California,9,44,7
2024,Oregon State,9,7,44
2024,Vanderbilt,9,24,27
2024,Texas,9,27,24
2024,Colorado State,9,17,6
2024,New Mexico,9,6,17
2024,South Alabama,9,46,17
2024,UL Monroe,9,17,46
2024,Arizona,9,26,31
2024,West Virginia,9,31,26
2024,Arkansas State,9,34,31
2024,Troy,9,31,34
2024,Wyoming,9,25,27
2024,Utah State,9,27,25
2024,Houston,9,17,14
2024,Utah,9,14,17
2024,Miami,9,36,14
2024,Florida State,9,14,36
2024,Wisconsin,9,13,28
2024,Penn State,9,28,13
2024,Michigan,9,24,17
2024,Michigan State,9,17,24
2024,Texas A&M,9,38,23
2024,LSU,9,23,38
2024,Kentucky,9,10,24
2024,Auburn,9,24,10
2024,Duke,9,27,28
2024,SMU,9,28,27
2024,Kansas State,9,29,27
2024,Kansas,9,27,29
2024,Fresno State,9,33,10
2024,San José State,9,10,33
2024,Colorado,9,34,23
2024,Cincinnati,9,23,34
2024,San Diego State,9,26,29
2024,Washington State,9,29,26
2024,Hawai'i,9,34,13
2024,Nevada,9,13,34
2024,Florida International,10,34,13
2024,New Mexico State,10,13,34
2024,Texas State,10,17,23
2024,Louisiana,10,23,17
2024,Sam Houston,10,9,3
2024,Louisiana Tech,10,3,9
2024,Liberty,10,21,31
2024,Jacksonville State,10,31,21
2024,Western Kentucky,10,31,14
2024,Kennesaw State,10,14,31
2024,Charlotte,10,3,34
2024,Tulane,10,34,3
2024,UConn,10,34,27
2024,Georgia State,10,27,34
2024,Florida Atlantic,10,21,44
2024,South Florida,10,44,21
2024,Boise State,10,56,24
2024,San Diego State,10,24,56
2024,Syracuse,10,38,31
2024,Virginia Tech,10,31,38
2024,Oklahoma,10,59,14
2024,Maine,10,14,59
2024,Eastern Michigan,10,28,29
2024,Toledo,10,29,28
2024,Army,10,20,3
2024,Air Force,10,3,20
2024,Illinois,10,17,25
2024,Minnesota,10,25,17
2024,Purdue,10,20,26
2024,Northwestern,10,26,20
2024,Penn State,10,13,20
2024,Ohio State,10,20,13
2024,NC State,10,59,28
2024,Stanford,10,28,59
2024,Miami,10,53,31
2024,Duke,10,31,53
2024,UTSA,10,44,36
2024,Memphis,10,36,44
2024,Arkansas,10,31,63
2024,Ole Miss,10,63,31
2024,Akron,10,30,41
2024,Buffalo,10,41,30
2024,Auburn,10,7,17
2024,Vanderbilt,10,17,7
2024,App State,10,28,20
2024,Old Dominion,10,20,28
2024,UAB,10,59,21
2024,Tulsa,10,21,59
2024,Oklahoma State,10,21,42
2024,Arizona State,10,42,21
2024,Michigan State,10,10,47
2024,Indiana,10,47,10
2024,UCF,10,56,12
2024,Arizona,10,12,56
2024,Nebraska,10,20,27
2024,UCLA,10,27,20
2024,Michigan,10,17,38
2024,Oregon,10,38,17
2024,Marshall,10,28,23
2024,UL Monroe,10,23,28
2024,Florida State,10,11,35
2024,North Carolina,10,35,11
2024,Georgia,10,34,20
2024,Florida,10,20,34
2024,Iowa State,10,22,23
2024,Texas Tech,10,23,22
2024,Houston,10,24,19
2024,Kansas State,10,19,24
2024,UTEP,10,13,20
2024,Middle Tennessee,10,20,13
2024,Rice,10,24,10
2024,Navy,10,10,24
2024,New Mexico,10,45,49
2024,Wyoming,10,49,45
2024,Troy,10,38,24
2024,Coastal Carolina,10,24,38
2024,Mississippi State,10,45,20
2024,Massachusetts,10,20,45
2024,Fresno State,10,20,21
2024,Hawai'i,10,21,20
2024,Iowa,10,42,10
2024,Wisconsin,10,10,42
2024,South Alabama,10,30,34
2024,Georgia Southern,10,34,30
2024,South Carolina,10,44,20
2024,Texas A&M,10,20,44
2024,Washington,10,26,21
2024,USC,10,21,26
2024,Clemson,10,21,33
2024,Louisville,10,33,21
2024,Tennessee,10,28,18
2024,Kentucky,10,18,28
2024,Baylor,10,37,34
2024,TCU,10,34,37
2024,Nevada,10,21,38
2024,Colorado State,10,38,21
2024,SMU,10,48,25
2024,Pittsburgh,10,25,48
2024,Central Michigan,11,13,23
2024,Bowling Green,11,23,13
2024,Ball State,11,21,27
2024,Miami (OH),11,27,21
2024,Kent State,11,0,41
2024,Ohio,11,41,0
2024,Western Michigan,11,28,42
2024,Northern Illinois,11,42,28
2024,East Carolina,11,49,14
2024,Florida Atlantic,11,14,49
2024,Coastal Carolina,11,38,24
2024,App State,11,24,38
2024,Wake Forest,11,36,46
2024,California,11,46,36
2024,UCLA,11,20,17
2024,Iowa,11,17,20
2024,Memphis,11,27,20
2024,Rice,11,20,27
2024,San Diego State,11,16,21
2024,New Mexico,11,21,16
2024,Rutgers,11,26,19
2024,Minnesota,11,19,26
2024,Ohio State,11,45,0
2024,Purdue,11,0,45
2024,Georgia Tech,11,28,23
2024,Miami,11,23,28
2024,Boston College,11,37,31
2024,Syracuse,11,31,37
2024,Cincinnati,11,24,31
2024,West Virginia,11,31,24
2024,South Florida,11,7,28
2024,Navy,11,28,7
2024,UL Monroe,11,17,38
2024,Texas State,11,38,17
2024,Texas,11,49,17
2024,Florida,11,17,49
2024,Middle Tennessee,11,17,37
2024,Liberty,11,37,17
2024,UAB,11,23,31
2024,UConn,11,31,23
2024,Southern Miss,11,3,37
2024,Marshall,11,37,3
2024,Oregon State,11,13,24
2024,San José State,11,24,13
2024,Kansas,11,45,36
2024,Iowa State,11,36,45
2024,James Madison,11,38,7
2024,Georgia State,11,7,38
2024,NC State,11,19,29
2024,Duke,11,29,19
2024,Virginia Tech,11,14,24
2024,Clemson,11,24,14
2024,Indiana,11,20,15
2024,Michigan,11,15,20
2024,Ole Miss,11,28,10
2024,Georgia,11,10,28
2024,North Texas,11,3,14
2024,Army,11,14,3
2024,Texas Tech,11,27,41
2024,Colorado,11,41,27
2024,Tulane,11,52,6
2024,Temple,11,6,52
2024,UTEP,11,43,35
2024,Kennesaw State,11,35,43
2024,Vanderbilt,11,7,28
2024,South Carolina,11,28,7
2024,Louisiana Tech,11,37,44
2024,Jacksonville State,11,44,37
2024,Louisiana,11,55,19
2024,Arkansas State,11,19,55
2024,New Mexico State,11,28,41
2024,Western Kentucky,11,41,28
2024,TCU,11,38,13
2024,Oklahoma State,11,13,38
2024,Tennessee,11,33,14
2024,Mississippi State,11,14,33
2024,Oregon,11,39,18
2024,Maryland,11,18,39
2024,Arizona State,11,35,31
2024,UCF,11,31,35
2024,LSU,11,13,42
2024,Alabama,11,42,13
2024,Notre Dame,11,52,3
2024,Florida State,11,3,52
2024,Missouri,11,30,23
2024,Oklahoma,11,23,30
2024,Boise State,11,28,21
2024,Nevada,11,21,28
2024,Pittsburgh,11,19,24
2024,Virginia,11,24,19
2024,Penn State,11,35,6
2024,Washington,11,6,35
2024,Hawai'i,11,27,29
2024,UNLV,11,29,27
2024,Air Force,11,36,28
2024,Fresno State,11,28,36
2024,Utah,11,21,22
2024,BYU,11,22,21
2024,Washington State,11,49,28
2024,Utah State,11,28,49
2024,Bowling Green,12,31,13
2024,Western Michigan,12,13,31
2024,Buffalo,12,51,48
2024,Ball State,12,48,51
2024,Toledo,12,37,10
2024,Central Michigan,12,10,37
2024,Ohio,12,35,10
2024,Eastern Michigan,12,10,35
2024,Northern Illinois,12,29,16
2024,Akron,12,16,29
2024,Miami (OH),12,34,7
2024,Kent State,12,7,34
2024,Tulsa,12,31,38
2024,East Carolina,12,38,31
2024,Colorado State,12,24,10
2024,Wyoming,12,10,24
2024,UTSA,12,48,27
2024,North Texas,12,27,48
2024,Washington,12,31,19
2024,UCLA,12,19,31
2024,Arizona,12,27,3
2024,Houston,12,3,27
2024,Colorado,12,49,24
2024,Utah,12,24,49
2024,Arkansas,12,10,20
2024,Texas,12,20,10
2024,Massachusetts,12,34,35
2024,Liberty,12,35,34
2024,Northwestern,12,7,31
2024,Ohio State,12,31,7
2024,Navy,12,0,35
2024,Tulane,12,35,0
2024,Pittsburgh,12,20,24
2024,Clemson,12,24,20
2024,Western Kentucky,12,7,12
2024,Louisiana Tech,12,12,7
2024,Auburn,12,48,14
2024,UL Monroe,12,14,48
2024,Marshall,12,31,19
2024,Coastal Carolina,12,19,31
2024,Kentucky,12,48,6
2024,Murray State,12,6,48
2024,Jacksonville State,12,34,31
2024,Florida International,12,31,34
2024,Temple,12,18,15
2024,Florida Atlantic,12,15,18
2024,Alabama,12,52,7
2024,Mercer,12,7,52
2024,Illinois,12,38,16
2024,Michigan State,12,16,38
2024,California,12,25,33
2024,Syracuse,12,33,25
2024,Utah State,12,55,10
2024,Hawai'i,12,10,55
2024,Kennesaw State,12,17,23
2024,Sam Houston,12,23,17
2024,Florida,12,27,16
2024,LSU,12,16,27
2024,Notre Dame,12,35,14
2024,Virginia,12,14,35
2024,Stanford,12,38,35
2024,Louisville,12,35,38
2024,Air Force,12,28,0
2024,Oregon State,12,0,28
2024,Charlotte,12,24,59
2024,South Florida,12,59,24
2024,SMU,12,38,28
2024,Boston College,12,28,38
2024,Purdue,12,10,49
2024,Penn State,12,49,10
2024,Georgia Southern,12,20,28
2024,Troy,12,28,20
2024,Old Dominion,12,32,35
2024,James Madison,12,35,32
2024,USC,12,28,20
2024,Nebraska,12,20,28
2024,West Virginia,12,35,49
2024,Baylor,12,49,35
2024,South Carolina,12,34,30
2024,Missouri,12,30,34
2024,Georgia State,12,20,27
2024,Arkansas State,12,27,20
2024,Maryland,12,17,31
2024,Rutgers,12,31,17
2024,Kansas State,12,14,24
2024,Arizona State,12,24,14
2024,Texas State,12,58,3
2024,Southern Miss,12,3,58
2024,Louisiana,12,22,24
2024,South Alabama,12,24,22
2024,San José State,12,21,42
2024,Boise State,12,42,21
2024,Georgia,12,31,17
2024,Tennessee,12,17,31
2024,Wisconsin,12,13,16
2024,Oregon,12,16,13
2024,Texas A&M,12,38,3
2024,New Mexico State,12,3,38
2024,Iowa State,12,34,17
2024,Cincinnati,12,17,34
2024,North Carolina,12,31,24
2024,Wake Forest,12,24,31
2024,Memphis,12,53,18
2024,UAB,12,18,53
2024,New Mexico,12,38,35
2024,Washington State,12,35,38
2024,BYU,12,13,17
2024,Kansas,12,17,13
2024,UNLV,12,41,20
2024,San Diego State,12,20,41
2024,Kent State,13,17,38
2024,Akron,13,38,17
2024,Central Michigan,13,16,14
2024,Western Michigan,13,14,16
2024,Miami (OH),13,20,9
2024,Northern Illinois,13,9,20
2024,Eastern Michigan,13,20,37
2024,Buffalo,13,37,20
2024,Toledo,13,7,24
2024,Ohio,13,24,7
2024,Georgia Tech,13,30,29
2024,NC State,13,29,30
2024,UTSA,13,51,27
2024,Temple,13,27,51
2024,Michigan State,13,24,17
2024,Purdue,13,17,24
2024,San José State,13,16,27
2024,UNLV,13,27,16
2024,Miami,13,42,14
2024,Wake Forest,13,14,42
2024,Boston College,13,41,21
2024,North Carolina,13,21,41
2024,Florida,13,24,17
2024,Ole Miss,13,17,24
2024,Rutgers,13,31,38
2024,Illinois,13,38,31
2024,Ohio State,13,38,15
2024,Indiana,13,15,38
2024,Syracuse,13,31,24
2024,UConn,13,24,31
2024,Virginia,13,7,33
2024,SMU,13,33,7
2024,Jacksonville State,13,21,11
2024,Sam Houston,13,11,21
2024,Maryland,13,13,29
2024,Iowa,13,29,13
2024,Georgia,13,59,21
2024,Massachusetts,13,21,59
2024,Liberty,13,38,21
2024,Western Kentucky,13,21,38
2024,Tennessee,13,56,0
2024,UTEP,13,0,56
2024,Florida State,13,41,7
2024,Charleston Southern,13,7,41
2024,UAB,13,40,14
2024,Rice,13,14,40
2024,Ball State,13,13,38
2024,Bowling Green,13,38,13
2024,App State,13,34,20
2024,James Madison,13,20,34
2024,Middle Tennessee,13,21,36
2024,New Mexico State,13,36,21
2024,TCU,13,49,28
2024,Arizona,13,28,49
2024,Arkansas State,13,28,21
2024,UL Monroe,13,21,28
2024,Kennesaw State,13,27,26
2024,Florida International,13,26,27
2024,Florida Atlantic,13,27,39
2024,Charlotte,13,39,27
2024,Southern Miss,13,14,35
2024,South Alabama,13,35,14
2024,Texas,13,31,14
2024,Kentucky,13,14,31
2024,Utah State,13,41,20
2024,San Diego State,13,20,41
2024,North Texas,13,28,40
2024,East Carolina,13,40,28
2024,South Florida,13,63,30
2024,Tulsa,13,30,63
2024,Coastal Carolina,13,6,26
2024,Georgia Southern,13,26,6
2024,Kansas,13,37,21
2024,Colorado,13,21,37
2024,Arizona State,13,28,23
2024,BYU,13,23,28
2024,Clemson,13,51,14
2024,The Citadel,13,14,51
2024,California,13,24,21
2024,Stanford,13,21,24
2024,Nebraska,13,44,25
2024,Wisconsin,13,25,44
2024,West Virginia,13,31,21
2024,UCF,13,21,31
2024,Oklahoma State,13,48,56
2024,Texas Tech,13,56,48
2024,Michigan,13,50,6
2024,Northwestern,13,6,50
2024,Minnesota,13,25,26
2024,Penn State,13,26,25
2024,Louisville,13,37,9
2024,Pittsburgh,13,9,37
2024,South Carolina,13,56,12
2024,Wofford,13,12,56
2024,Arkansas,13,35,14
2024,Louisiana Tech,13,14,35
2024,Mississippi State,13,20,39
2024,Missouri,13,39,20
2024,Louisiana,13,51,30
2024,Troy,13,30,51
2024,Oregon State,13,41,38
2024,Washington State,13,38,41
2024,Wyoming,13,13,17
2024,Boise State,13,17,13
2024,Notre Dame,13,49,14
2024,Army,13,14,49
2024,Texas State,13,44,52
2024,Georgia State,13,52,44
2024,Houston,13,10,20
2024,Baylor,13,20,10
2024,Utah,13,28,31
2024,Iowa State,13,31,28
2024,Old Dominion,13,35,42
2024,Marshall,13,42,35
2024,Auburn,13,43,41
2024,Texas A&M,13,41,43
2024,Oklahoma,13,24,3
2024,Alabama,13,3,24
2024,LSU,13,24,17
2024,Vanderbilt,13,17,24
2024,Duke,13,31,28
2024,Virginia Tech,13,28,31
2024,Kansas State,13,41,15
2024,Cincinnati,13,15,41
2024,Nevada,13,19,22
2024,Air Force,13,22,19
2024,Fresno State,13,28,22
2024,Colorado State,13,22,28
2024,UCLA,13,13,19
2024,USC,13,19,13
2024,Buffalo,14,43,7
2024,Kent State,14,7,43
2024,Akron,14,21,14
2024,Toledo,14,14,21
2024,Tulane,14,24,34
2024,Memphis,14,34,24
2024,Bowling Green,14,12,28
2024,Miami (OH),14,28,12
2024,Ohio,14,42,21
2024,Ball State,14,21,42
2024,Boise State,14,34,18
2024,Oregon State,14,18,34
2024,Colorado,14,52,0
2024,Oklahoma State,14,0,52
2024,Wisconsin,14,7,24
2024,Minnesota,14,24,7
2024,East Carolina,14,20,34
2024,Navy,14,34,20
2024,Colorado State,14,42,37
2024,Utah State,14,37,42
2024,Ole Miss,14,26,14
2024,Mississippi State,14,14,26
2024,Sam Houston,14,20,18
2024,Liberty,14,18,20
2024,South Alabama,14,38,45
2024,Texas State,14,45,38
2024,San José State,14,34,31
2024,Stanford,14,31,34
2024,Iowa,14,13,10
2024,Nebraska,14,10,13
2024,Georgia,14,44,42
2024,Georgia Tech,14,42,44
2024,UCF,14,14,28
2024,Utah,14,28,14
2024,Clemson,14,14,17
2024,South Carolina,14,17,14
2024,Texas Tech,14,52,15
2024,West Virginia,14,15,52
2024,Baylor,14,45,17
2024,Kansas,14,17,45
2024,UL Monroe,14,23,37
2024,Louisiana,14,37,23
2024,Army,14,29,24
2024,UTSA,14,24,29
2024,Kentucky,14,14,41
2024,Louisville,14,41,14
2024,Ohio State,14,10,13
2024,Michigan,14,13,10
2024,Wake Forest,14,17,23
2024,Duke,14,23,17
2024,Temple,14,17,24
2024,North Texas,14,24,17
2024,Northwestern,14,28,38
2024,Illinois,14,38,28
2024,Vanderbilt,14,23,36
2024,Tennessee,14,36,23
2024,Massachusetts,14,42,47
2024,UConn,14,47,42
2024,Western Michigan,14,26,18
2024,Eastern Michigan,14,18,26
2024,Rice,14,35,28
2024,South Florida,14,28,35
2024,Troy,14,52,20
2024,Southern Miss,14,20,52
2024,Georgia State,14,27,48
2024,Coastal Carolina,14,48,27
2024,Florida International,14,35,24
2024,Middle Tennessee,14,24,35
2024,Arkansas State,14,32,40
2024,Old Dominion,14,40,32
2024,Boston College,14,34,23
2024,Pittsburgh,14,23,34
2024,Northern Illinois,14,24,16
2024,Central Michigan,14,16,24
2024,Syracuse,14,42,38
2024,Miami,14,38,42
2024,SMU,14,38,6
2024,California,14,6,38
2024,USC,14,35,49
2024,Notre Dame,14,49,35
2024,Charlotte,14,29,27
2024,UAB,14,27,29
2024,UCLA,14,20,13
2024,Fresno State,14,13,20
2024,Penn State,14,44,7
2024,Maryland,14,7,44
2024,Missouri,14,28,21
2024,Arkansas,14,21,28
2024,Alabama,14,28,14
2024,Auburn,14,14,28
2024,Tulsa,14,16,63
2024,Florida Atlantic,14,63,16
2024,Michigan State,14,14,41
2024,Rutgers,14,41,14
2024,Arizona,14,7,49
2024,Arizona State,14,49,7
2024,North Carolina,14,30,35
2024,NC State,14,35,30
2024,Louisiana Tech,14,33,0
2024,Kennesaw State,14,0,33
2024,New Mexico State,14,35,42
2024,UTEP,14,42,35
2024,Western Kentucky,14,19,17
2024,Jacksonville State,14,17,19
2024,Georgia Southern,14,29,20
2024,App State,14,20,29
2024,Cincinnati,14,13,20
2024,TCU,14,20,13
2024,Washington State,14,14,15
2024,Wyoming,14,15,14
2024,Florida State,14,11,31
2024,Florida,14,31,11
2024,LSU,14,37,17
2024,Oklahoma,14,17,37
2024,Indiana,14,66,0
2024,Purdue,14,0,66
2024,Texas A&M,14,7,17
2024,Texas,14,17,7
2024,Iowa State,14,29,21
2024,Kansas State,14,21,29
2024,Oregon,14,49,21
2024,Washington,14,21,49
2024,James Madison,14,33,35
2024,Marshall,14,35,33
2024,UNLV,14,38,14
2024,Nevada,14,14,38
2024,Virginia Tech,14,37,17
2024,Virginia,14,17,37
2024,BYU,14,30,18
2024,Houston,14,18,30
2024,San Diego State,14,20,31
2024,Air Force,14,31,20
2024,Hawai'i,14,38,30
2024,New Mexico,14,30,38
2024,Jacksonville State,15,52,12
2024,Western Kentucky,15,12,52
2024,Army,15,35,14
2024,Tulane,15,14,35
2024,Boise State,15,21,7
2024,UNLV,15,7,21
2024,Miami (OH),15,3,38
2024,Ohio,15,38,3
2024,Arizona State,15,45,19
2024,Iowa State,15,19,45
2024,Texas,15,19,22
2024,Georgia,15,22,19
2024,Louisiana,15,3,31
2024,Marshall,15,31,3
2024,Oregon,15,45,37
2024,Penn State,15,37,45
2024,SMU,15,31,34
2024,Clemson,15,34,31
2024,Army,16,13,31
2024,Navy,16,31,13
2025,Kansas State,1,21,24
2025,Iowa State,1,24,21
2025,UNLV,1,38,31
2025,Idaho State,1,31,38
2025,Kansas,1,31,7
2025,Fresno State,1,7,31
2025,Western Kentucky,1,41,24
2025,Sam Houston,1,24,41
2025,Hawai'i,1,23,20
2025,Stanford,1,20,23
2025,South Florida,1,34,7
2025,Boise State,1,7,34
2025,Rutgers,1,34,31
2025,Ohio,1,31,34
2025,Bowling Green,1,26,7
2025,Lafayette,1,7,26
2025,NC State,1,24,17
2025,East Carolina,1,17,24
2025,Delaware,1,35,17
2025,Delaware State,1,17,35
2025,UCF,1,17,10
2025,Jacksonville State,1,10,17
2025,UL Monroe,1,29,0
2025,Saint Francis,1,0,29
2025,Akron,1,0,10
2025,Wyoming,1,10,0
2025,Missouri,1,61,6
2025,Central Arkansas,1,6,61
2025,Oklahoma State,1,27,7
2025,UT Martin,1,7,27
2025,Duke,1,45,17
2025,Elon,1,17,45
2025,Houston,1,27,0
2025,Stephen F. Austin,1,0,27
2025,Minnesota,1,23,10
2025,Buffalo,1,10,23
2025,UAB,1,52,42
2025,Alabama State,1,42,52
2025,Wisconsin,1,17,0
2025,Miami (OH),1,0,17
2025,Cincinnati,1,17,20
2025,Nebraska,1,20,17
2025,San Diego State,1,42,0
2025,Stony Brook,1,0,42
2025,Army,1,27,30
2025,Tarleton State,1,30,27
2025,Florida International,1,42,9
2025,Bethune-Cookman,1,9,42
2025,Wake Forest,1,10,9
2025,Kennesaw State,1,9,10
2025,Michigan State,1,23,6
2025,Western Michigan,1,6,23
2025,Charlotte,1,11,34
2025,App State,1,34,11
2025,Illinois,1,52,3
2025,Western Illinois,1,3,52
2025,Kansas,1,46,7
2025,Wagner,1,7,46
2025,Colorado,1,20,27
2025,Georgia Tech,1,27,20
2025,Baylor,1,24,38
2025,Auburn,1,38,24
2025,Sam Houston,1,21,38
2025,UNLV,1,38,21
2025,San José State,1,14,16
2025,Central Michigan,1,16,14
2025,Tulane,1,23,3
2025,Northwestern,1,3,23
2025,Pittsburgh,1,61,9
2025,Duquesne,1,9,61
2025,Kent State,1,21,17
2025,Merrimack,1,17,21
2025,Ohio State,1,14,7
2025,Texas,1,7,14
2025,Maryland,1,39,7
2025,Florida Atlantic,1,7,39
2025,Tennessee,1,45,26
2025,Syracuse,1,26,45
2025,Navy,1,52,7
2025,VMI,1,7,52
2025,Purdue,1,31,0
2025,Ball State,1,0,31
2025,Southern Miss,1,17,34
2025,Mississippi State,1,34,17
2025,Kentucky,1,24,16
2025,Toledo,1,16,24
2025,Boston College,1,66,10
2025,Fordham,1,10,66
2025,West Virginia,1,45,3
2025,Robert Morris,1,3,45
2025,UConn,1,59,13
2025,Central Connecticut,1,13,59
2025,Indiana,1,27,14
2025,Old Dominion,1,14,27
2025,Louisville,1,51,17
2025,Eastern Kentucky,1,17,51
2025,Northern Illinois,1,19,17
2025,Holy Cross,1,17,19
2025,Air Force,1,49,13
2025,Bucknell,1,13,49
2025,Florida State,1,31,17
2025,Alabama,1,17,31
2025,Massachusetts,1,10,42
2025,Temple,1,42,10
2025,Penn State,1,46,11
2025,Nevada,1,11,46
2025,Iowa State,1,55,7
2025,South Dakota,1,7,55
2025,Georgia,1,45,7
2025,Marshall,1,7,45
2025,Oregon,1,59,13
2025,Montana State,1,13,59
2025,Liberty,1,28,7
2025,Maine,1,7,28
2025,Arkansas,1,52,7
2025,Alabama A&M,1,7,52
2025,Memphis,1,45,10
2025,Chattanooga,1,10,45
2025,Iowa,1,34,7
2025,UAlbany,1,7,34
2025,Virginia,1,48,7
2025,Coastal Carolina,1,7,48
2025,James Madison,1,45,10
2025,Weber State,1,10,45
2025,Oklahoma,1,35,3
2025,Illinois State,1,3,35
2025,Florida,1,55,0
2025,Long Island University,1,0,55
2025,Kansas State,1,38,35
2025,North Dakota,1,35,38
2025,Troy,1,38,20
2025,Nicholls,1,20,38
2025,South Alabama,1,38,21
2025,Morgan State,1,21,38
2025,Texas A&M,1,42,24
2025,UTSA,1,24,42
2025,Western Kentucky,1,55,6
2025,North Alabama,1,6,55
2025,Middle Tennessee,1,14,34
2025,Austin Peay,1,34,14
2025,Arkansas State,1,42,24
2025,Southeast Missouri State,1,24,42
2025,Vanderbilt,1,45,3
2025,Charleston Southern,1,3,45
2025,Clemson,1,10,17
2025,LSU,1,17,10
2025,Louisiana Tech,1,24,0
2025,SE Louisiana,1,0,24
2025,Texas Tech,1,67,7
2025,Arkansas-Pine Bluff,1,7,67
2025,USC,1,73,13
2025,Missouri State,1,13,73
2025,Michigan,1,34,17
2025,New Mexico,1,17,34
2025,Utah State,1,28,16
2025,UTEP,1,16,28
2025,Ole Miss,1,63,7
2025,Georgia State,1,7,63
2025,BYU,1,69,0
2025,Portland State,1,0,69
2025,North Texas,1,51,0
2025,Lamar,1,0,51
2025,Texas State,1,52,27
2025,Eastern Michigan,1,27,52
2025,Tulsa,1,35,7
2025,Abilene Christian,1,7,35
2025,Louisiana,1,12,14
2025,Rice,1,14,12
2025,SMU,1,42,13
2025,East Texas A&M,1,13,42
2025,New Mexico State,1,19,3
2025,Bryant,1,3,19
2025,Fresno State,1,42,14
2025,Georgia Southern,1,14,42
2025,Washington State,1,13,10
2025,Idaho,1,10,13
2025,Arizona State,1,38,19
2025,Northern Arizona,1,19,38
2025,Oregon State,1,15,34
2025,California,1,34,15
2025,Arizona,1,40,6
2025,Hawai'i,1,6,40
2025,Washington,1,38,21
2025,Colorado State,1,21,38
2025,UCLA,1,10,43
2025,Utah,1,43,10
2025,South Carolina,1,24,11
2025,Virginia Tech,1,11,24
2025,Miami,1,27,24
2025,Notre Dame,1,24,27
2025,North Carolina,1,14,48
2025,TCU,1,48,14
2025,Louisville,2,28,14
2025,James Madison,2,14,28
2025,Northwestern,2,42,7
2025,Western Illinois,2,7,42
2025,Maryland,2,20,9
2025,Northern Illinois,2,9,20
2025,Boise State,2,51,14
2025,Eastern Washington,2,14,51
2025,Syracuse,2,27,20
2025,UConn,2,20,27
2025,Duke,2,19,45
2025,Illinois,2,45,19
2025,NC State,2,35,31
2025,Virginia,2,31,35
2025,Jacksonville State,2,34,24
2025,Liberty,2,24,34
2025,Florida State,2,77,3
2025,East Texas A&M,2,3,77
2025,Minnesota,2,66,0
2025,Northwestern State,2,0,66
2025,Iowa State,2,16,13
2025,Iowa,2,13,16
2025,Texas,2,38,7
2025,San José State,2,7,38
2025,Pittsburgh,2,45,17
2025,Central Michigan,2,17,45
2025,Penn State,2,34,0
2025,Florida International,2,0,34
2025,Texas Tech,2,62,14
2025,Kent State,2,14,62
2025,Indiana,2,56,9
2025,Kennesaw State,2,9,56
2025,SMU,2,45,48
2025,Baylor,2,48,45
2025,Texas A&M,2,44,22
2025,Utah State,2,22,44
2025,Temple,2,55,7
2025,Howard,2,7,55
2025,Wake Forest,2,42,10
2025,Western Carolina,2,10,42
2025,New Mexico,2,32,22
2025,Idaho State,2,22,32
2025,Oregon,2,69,3
2025,Oklahoma State,2,3,69
2025,Western Michigan,2,30,33
2025,North Texas,2,33,30
2025,Oregon State,2,27,36
2025,Fresno State,2,36,27
2025,Kentucky,2,23,30
2025,Ole Miss,2,30,23
2025,Clemson,2,27,16
2025,Troy,2,16,27
2025,Rutgers,2,45,17
2025,Miami (OH),2,17,45
2025,App State,2,20,13
2025,Lindenwood,2,13,20
2025,Ohio State,2,70,0
2025,Grambling,2,0,70
2025,Cincinnati,2,34,20
2025,Bowling Green,2,20,34
2025,Massachusetts,2,26,27
2025,Bryant,2,27,26
2025,Colorado,2,31,7
2025,Delaware,2,7,31
2025,Buffalo,2,45,6
2025,Saint Francis,2,6,45
2025,Georgia Tech,2,59,12
2025,Gardner-Webb,2,12,59
2025,Georgia,2,28,6
2025,Austin Peay,2,6,28
2025,Navy,2,38,24
2025,UAB,2,24,38
2025,UTSA,2,36,43
2025,Texas State,2,43,36
2025,Missouri,2,42,31
2025,Kansas,2,31,42
2025,Tennessee,2,72,17
2025,East Tennessee State,2,17,72
2025,Wyoming,2,31,7
2025,Northern Iowa,2,7,31
2025,Wisconsin,2,42,10
2025,Middle Tennessee,2,10,42
2025,Ohio,2,17,10
2025,West Virginia,2,10,17
2025,Florida,2,16,18
2025,South Florida,2,18,16
2025,Nevada,2,20,17
2025,Sacramento State,2,17,20
2025,Arkansas,2,56,14
2025,Arkansas State,2,14,56
2025,Southern Miss,2,38,20
2025,Jackson State,2,20,38
2025,Utah,2,63,9
2025,Cal Poly,2,9,63
2025,Florida Atlantic,2,56,14
2025,Florida A&M,2,14,56
2025,East Carolina,2,56,3
2025,Campbell,2,3,56
2025,Marshall,2,20,21
2025,Missouri State,2,21,20
2025,Old Dominion,2,54,6
2025,North Carolina Central,2,6,54
2025,California,2,35,3
2025,Texas Southern,2,3,35
2025,UCF,2,68,7
2025,North Carolina A&T,2,7,68
2025,Kansas State,2,21,24
2025,Army,2,24,21
2025,South Alabama,2,31,33
2025,Tulane,2,33,31
2025,Miami,2,45,3
2025,Bethune-Cookman,2,3,45
2025,Georgia State,2,16,38
2025,Memphis,2,38,16
2025,Toledo,2,45,21
2025,Western Kentucky,2,21,45
2025,Eastern Michigan,2,23,28
2025,Long Island University,2,28,23
2025,Colorado State,2,21,17
2025,Northern Colorado,2,17,21
2025,Charlotte,2,3,20
2025,North Carolina,2,20,3
2025,South Carolina,2,38,10
2025,South Carolina State,2,10,38
2025,Rice,2,9,35
2025,Houston,2,35,9
2025,Nebraska,2,68,0
2025,Akron,2,0,68
2025,Oklahoma,2,24,13
2025,Michigan,2,13,24
2025,Auburn,2,42,3
2025,Ball State,2,3,42
2025,LSU,2,23,7
2025,Louisiana Tech,2,7,23
2025,USC,2,59,20
2025,Georgia Southern,2,20,59
2025,Michigan State,2,42,40
2025,Boston College,2,40,42
2025,Mississippi State,2,24,20
2025,Arizona State,2,20,24
2025,Purdue,2,34,17
2025,Southern Illinois,2,17,34
2025,Coastal Carolina,2,13,0
2025,Charleston Southern,2,0,13
2025,Virginia Tech,2,20,44
2025,Vanderbilt,2,44,20
2025,Alabama,2,73,0
2025,UL Monroe,2,0,73
2025,UNLV,2,30,23
2025,UCLA,2,23,30
2025,Louisiana,2,34,10
2025,McNeese,2,10,34
2025,UTEP,2,42,17
2025,UT Martin,2,17,42
2025,New Mexico State,2,21,14
2025,Tulsa,2,14,21
2025,Arizona,2,48,3
2025,Weber State,2,3,48
2025,Washington State,2,36,13
2025,San Diego State,2,13,36
2025,BYU,2,27,3
2025,Stanford,2,3,27
2025,Washington,2,70,10
2025,UC Davis,2,10,70
2025,Hawai'i,2,37,20
2025,Sam Houston,2,20,37
2025,Wake Forest,3,24,34
2025,NC State,3,34,24
2025,Indiana,3,73,0
2025,Indiana State,3,0,73
2025,Syracuse,3,66,24
2025,Colgate,3,24,66
2025,Houston,3,36,20
2025,Colorado,3,20,36
2025,Arizona,3,23,17
2025,Kansas State,3,17,23
2025,UCLA,3,10,35
2025,New Mexico,3,35,10
2025,Troy,3,7,28
2025,Memphis,3,28,7
2025,Alabama,3,38,14
2025,Wisconsin,3,14,38
2025,Georgia Tech,3,24,21
2025,Clemson,3,21,24
2025,Baylor,3,42,7
2025,Samford,3,7,42
2025,Northwestern,3,14,34
2025,Oregon,3,34,14
2025,Nebraska,3,59,7
2025,Houston Christian,3,7,59
2025,Temple,3,3,42
2025,Oklahoma,3,42,3
2025,Michigan,3,63,3
2025,Central Michigan,3,3,63
2025,Maryland,3,44,17
2025,Towson,3,17,44
2025,Virginia,3,55,16
2025,William & Mary,3,16,55
2025,Kent State,3,28,31
2025,Buffalo,3,31,28
2025,Auburn,3,31,15
2025,South Alabama,3,15,31
2025,Missouri,3,52,10
2025,Louisiana,3,10,52
2025,Ball State,3,34,29
2025,New Hampshire,3,29,34
2025,Delaware,3,44,41
2025,UConn,3,41,44
2025,Purdue,3,17,33
2025,USC,3,33,17
2025,North Carolina,3,41,6
2025,Richmond,3,6,41
2025,Penn State,3,52,6
2025,Villanova,3,6,52
2025,Texas Tech,3,45,14
2025,Oregon State,3,14,45
2025,Michigan State,3,41,24
2025,Youngstown State,3,24,41
2025,West Virginia,3,31,24
2025,Pittsburgh,3,24,31
2025,Rutgers,3,60,10
2025,Norfolk State,3,10,60
2025,Missouri State,3,10,28
2025,SMU,3,28,10
2025,Tennessee,3,41,44
2025,Georgia,3,44,41
2025,Toledo,3,60,0
2025,Morgan State,3,0,60
2025,North Texas,3,59,10
2025,Washington State,3,10,59
2025,UTSA,3,48,20
2025,Incarnate Word,3,20,48
2025,Cincinnati,3,70,0
2025,Northwestern State,3,0,70
2025,Arkansas State,3,16,24
2025,Iowa State,3,24,16
2025,Texas,3,27,10
2025,UTEP,3,10,27
2025,Miami,3,49,12
2025,South Florida,3,12,49
2025,Nevada,3,13,14
2025,Middle Tennessee,3,14,13
2025,Bowling Green,3,23,13
2025,Liberty,3,13,23
2025,Charlotte,3,42,35
2025,Monmouth,3,35,42
2025,Marshall,3,38,7
2025,Eastern Kentucky,3,7,38
2025,Florida International,3,38,28
2025,Florida Atlantic,3,28,38
2025,Kennesaw State,3,27,13
2025,Merrimack,3,13,27
2025,Mississippi State,3,63,0
2025,Alcorn State,3,0,63
2025,Georgia State,3,37,21
2025,Murray State,3,21,37
2025,Rice,3,38,17
2025,Prairie View A&M,3,17,38
2025,Southern Miss,3,38,22
2025,App State,3,22,38
2025,Ole Miss,3,41,35
2025,Arkansas,3,35,41
2025,Georgia Southern,3,41,34
2025,Jacksonville State,3,34,41
2025,Virginia Tech,3,26,45
2025,Old Dominion,3,45,26
2025,Illinois,3,38,0
2025,Western Michigan,3,0,38
2025,Ohio State,3,37,9
2025,Ohio,3,9,37
2025,Coastal Carolina,3,0,38
2025,East Carolina,3,38,0
2025,Notre Dame,3,40,41
2025,Texas A&M,3,41,40
2025,Louisiana Tech,3,49,14
2025,New Mexico State,3,14,49
2025,Kentucky,3,48,23
2025,Eastern Michigan,3,23,48
2025,Iowa,3,47,7
2025,Massachusetts,3,7,47
2025,LSU,3,20,10
2025,Florida,3,10,20
2025,South Carolina,3,7,31
2025,Vanderbilt,3,31,7
2025,Tulane,3,34,27
2025,Duke,3,27,34
2025,TCU,3,42,21
2025,Abilene Christian,3,21,42
2025,Tulsa,3,23,42
2025,Navy,3,42,23
2025,Wyoming,3,6,31
2025,Utah,3,31,6
2025,UAB,3,31,28
2025,Akron,3,28,31
2025,Utah State,3,49,30
2025,Air Force,3,30,49
2025,Fresno State,3,56,7
2025,Southern,3,7,56
2025,California,3,27,14
2025,Minnesota,3,14,27
2025,Arizona State,3,34,15
2025,Texas State,3,15,34
2025,Stanford,3,30,20
2025,Boston College,3,20,30
2025,Hawai'i,3,23,3
2025,Portland State,3,3,23
2025,Charlotte,4,17,28
2025,Rice,4,28,17
2025,Oklahoma State,4,12,19
2025,Tulsa,4,19,12
2025,Rutgers,4,28,38
2025,Iowa,4,38,28
2025,Clemson,4,21,34
2025,Syracuse,4,34,21
2025,South Florida,4,63,14
2025,South Carolina State,4,14,63
2025,Wisconsin,4,10,27
2025,Maryland,4,27,10
2025,Miami (OH),4,38,41
2025,UNLV,4,41,38
2025,Army,4,38,45
2025,North Texas,4,45,38
2025,Louisville,4,40,17
2025,Bowling Green,4,17,40
2025,Utah,4,10,34
2025,Texas Tech,4,34,10
2025,TCU,4,35,24
2025,SMU,4,24,35
2025,Virginia Tech,4,38,6
2025,Wofford,4,6,38
2025,Memphis,4,32,31
2025,Arkansas,4,31,32
2025,Tennessee,4,56,24
2025,UAB,4,24,56
2025,Central Michigan,4,49,10
2025,Wagner,4,10,49
2025,Oregon,4,41,7
2025,Oregon State,4,7,41
2025,Buffalo,4,17,21
2025,Troy,4,21,17
2025,Oklahoma,4,24,17
2025,Auburn,4,17,24
2025,Eastern Michigan,4,34,31
2025,Louisiana,4,31,34
2025,Ohio,4,52,35
2025,Gardner-Webb,4,35,52
2025,Notre Dame,4,56,30
2025,Purdue,4,30,56
2025,Ole Miss,4,45,10
2025,Tulane,4,10,45
2025,Western Michigan,4,14,13
2025,Toledo,4,13,14
2025,Nebraska,4,27,30
2025,Michigan,4,30,27
2025,UConn,4,31,25
2025,Ball State,4,25,31
2025,UCF,4,34,9
2025,North Carolina,4,9,34
2025,Liberty,4,13,31
2025,James Madison,4,31,13
2025,Florida State,4,66,10
2025,Kent State,4,10,66
2025,Duke,4,45,33
2025,NC State,4,33,45
2025,Mississippi State,4,38,10
2025,Northern Illinois,4,10,38
2025,Georgia Tech,4,45,24
2025,Temple,4,24,45
2025,San José State,4,31,28
2025,Idaho,4,28,31
2025,Kennesaw State,4,28,21
2025,Arkansas State,4,21,28
2025,Kansas,4,41,10
2025,West Virginia,4,10,41
2025,Florida International,4,16,38
2025,Delaware,4,38,16
2025,Akron,4,51,7
2025,Duquesne,4,7,51
2025,Missouri,4,29,20
2025,South Carolina,4,20,29
2025,Jacksonville State,4,45,10
2025,Murray State,4,10,45
2025,Middle Tennessee,4,28,42
2025,Marshall,4,42,28
2025,Western Kentucky,4,31,16
2025,Nevada,4,16,31
2025,Missouri State,4,42,10
2025,UT Martin,4,10,42
2025,Air Force,4,37,49
2025,Boise State,4,49,37
2025,South Alabama,4,20,38
2025,Coastal Carolina,4,38,20
2025,Georgia Southern,4,45,17
2025,Maine,4,17,45
2025,Virginia,4,48,20
2025,Stanford,4,20,48
2025,Baylor,4,24,27
2025,Arizona State,4,27,24
2025,Indiana,4,63,10
2025,Illinois,4,10,63
2025,Vanderbilt,4,70,21
2025,Georgia State,4,21,70
2025,East Carolina,4,13,34
2025,BYU,4,34,13
2025,Louisiana Tech,4,30,20
2025,Southern Miss,4,20,30
2025,Washington State,4,24,59
2025,Washington,4,59,24
2025,Miami,4,26,7
2025,Florida,4,7,26
2025,LSU,4,56,10
2025,SE Louisiana,4,10,56
2025,Utah State,4,48,7
2025,McNeese,4,7,48
2025,Texas,4,55,0
2025,Sam Houston,4,0,55
2025,Texas State,4,35,3
2025,Nicholls,4,3,35
2025,UTEP,4,25,31
2025,UL Monroe,4,31,25
2025,Colorado State,4,16,17
2025,UTSA,4,17,16
2025,Colorado,4,37,20
2025,Wyoming,4,20,37
2025,San Diego State,4,34,0
2025,California,4,0,34
2025,USC,4,45,31
2025,Michigan State,4,31,45
2025,Hawai'i,4,21,23
2025,Fresno State,4,23,21
2025,East Carolina,5,28,6
2025,Army,5,6,28
2025,Virginia,5,46,38
2025,Florida State,5,38,46
2025,Arizona State,5,27,24
2025,TCU,5,24,27
2025,Oregon State,5,24,27
2025,Houston,5,27,24
2025,Arkansas,5,13,56
2025,Notre Dame,5,56,13
2025,Kansas State,5,34,20
2025,UCF,5,20,34
2025,Syracuse,5,3,38
2025,Duke,5,38,3
2025,Minnesota,5,31,28
2025,Rutgers,5,28,31
2025,Kansas,5,34,37
2025,Cincinnati,5,37,34
2025,Ohio,5,35,20
2025,Bowling Green,5,20,35
2025,Illinois,5,34,32
2025,USC,5,32,34
2025,North Texas,5,36,22
2025,South Alabama,5,22,36
2025,Wake Forest,5,29,30
2025,Georgia Tech,5,30,29
2025,Pittsburgh,5,27,34
2025,Louisville,5,34,27
2025,Vanderbilt,5,55,35
2025,Utah State,5,35,55
2025,Central Michigan,5,24,13
2025,Eastern Michigan,5,13,24
2025,James Madison,5,35,10
2025,Georgia Southern,5,10,35
2025,UL Monroe,5,28,16
2025,Arkansas State,5,16,28
2025,Buffalo,5,17,20
2025,UConn,5,20,17
2025,Oklahoma State,5,27,45
2025,Baylor,5,45,27
2025,Ole Miss,5,24,19
2025,LSU,5,19,24
2025,Miami (OH),5,38,0
2025,Lindenwood,5,0,38
2025,Navy,5,21,13
2025,Rice,5,13,21
2025,Toledo,5,45,3
2025,Akron,5,3,45
2025,West Virginia,5,14,48
2025,Utah,5,48,14
2025,Washington,5,6,24
2025,Ohio State,5,24,6
2025,Northern Illinois,5,3,6
2025,San Diego State,5,6,3
2025,Texas A&M,5,16,10
2025,Auburn,5,10,16
2025,Boston College,5,24,28
2025,California,5,28,24
2025,Iowa,5,15,20
2025,Indiana,5,20,15
2025,Northwestern,5,17,14
2025,UCLA,5,14,17
2025,Air Force,5,35,44
2025,Hawai'i,5,44,35
2025,New Mexico,5,38,20
2025,New Mexico State,5,20,38
2025,Tulsa,5,14,31
2025,Tulane,5,31,14
2025,Mississippi State,5,34,41
2025,Tennessee,5,41,34
2025,Old Dominion,5,21,7
2025,Liberty,5,7,21
2025,Kennesaw State,5,24,16
2025,Middle Tennessee,5,16,24
2025,Western Michigan,5,47,14
2025,Rhode Island,5,14,47
2025,NC State,5,21,23
2025,Virginia Tech,5,23,21
2025,Iowa State,5,39,14
2025,Arizona,5,14,39
2025,Florida Atlantic,5,26,55
2025,Memphis,5,55,26
2025,Missouri State,5,22,27
2025,Western Kentucky,5,27,22
2025,Southern Miss,5,42,25
2025,Jacksonville State,5,25,42
2025,Penn State,5,24,30
2025,Oregon,5,30,24
2025,Stanford,5,30,29
2025,San José State,5,29,30
2025,Georgia,5,21,24
2025,Alabama,5,24,21
2025,Missouri,5,42,6
2025,Massachusetts,5,6,42
2025,Colorado State,5,3,20
2025,Washington State,5,20,3
2025,Boise State,5,47,14
2025,App State,5,14,47
2025,South Carolina,5,35,13
2025,Kentucky,5,13,35
2025,Louisiana,5,54,51
2025,Marshall,5,51,54
2025,UTEP,5,11,30
2025,Louisiana Tech,5,30,11
2025,Colorado,5,21,24
2025,BYU,5,24,21
2025,New Mexico State,6,37,10
2025,Sam Houston,6,10,37
2025,Delaware,6,24,27
2025,Western Kentucky,6,27,24
2025,South Florida,6,54,26
2025,Charlotte,6,26,54
2025,San José State,6,35,28
2025,New Mexico,6,28,35
2025,BYU,6,38,24
2025,West Virginia,6,24,38
2025,San Diego State,6,45,24
2025,Colorado State,6,24,45
2025,Ball State,6,20,14
2025,Ohio,6,14,20
2025,UAB,6,13,31
2025,Army,6,31,13
2025,Navy,6,34,31
2025,Air Force,6,31,34
2025,Michigan,6,24,10
2025,Wisconsin,6,10,24
2025,Cincinnati,6,38,30
2025,Iowa State,6,30,38
2025,North Carolina,6,10,38
2025,Clemson,6,38,10
2025,Baylor,6,35,34
2025,Kansas State,6,34,35
2025,Pittsburgh,6,48,7
2025,Boston College,6,7,48
2025,Georgia,6,35,14
2025,Kentucky,6,14,35
2025,Purdue,6,27,43
2025,Illinois,6,43,27
2025,Virginia Tech,6,23,30
2025,Wake Forest,6,30,23
2025,Temple,6,27,21
2025,UTSA,6,21,27
2025,NC State,6,56,10
2025,Campbell,6,10,56
2025,Massachusetts,6,3,21
2025,Western Michigan,6,21,3
2025,Arizona,6,41,13
2025,Oklahoma State,6,13,41
2025,Northern Illinois,6,14,25
2025,Miami (OH),6,25,14
2025,UCLA,6,42,37
2025,Penn State,6,37,42
2025,Notre Dame,6,28,7
2025,Boise State,6,7,28
2025,UConn,6,51,10
2025,Florida International,6,10,51
2025,Louisville,6,27,30
2025,Virginia,6,30,27
2025,Akron,6,28,22
2025,Central Michigan,6,22,28
2025,Georgia State,6,7,14
2025,James Madison,6,14,7
2025,App State,6,27,23
2025,Oregon State,6,23,27
2025,Florida,6,29,21
2025,Texas,6,21,29
2025,Alabama,6,30,14
2025,Vanderbilt,6,14,30
2025,SMU,6,31,18
2025,Syracuse,6,18,31
2025,Northwestern,6,42,7
2025,UL Monroe,6,7,42
2025,Maryland,6,20,24
2025,Washington,6,24,20
2025,Buffalo,6,31,30
2025,Eastern Michigan,6,30,31
2025,Nebraska,6,38,27
2025,Michigan State,6,27,38
2025,Oklahoma,6,44,0
2025,Kent State,6,0,44
2025,Arkansas State,6,31,30
2025,Texas State,6,30,31
2025,Old Dominion,6,47,7
2025,Coastal Carolina,6,7,47
2025,Troy,6,31,24
2025,South Alabama,6,24,31
2025,Rice,6,21,27
2025,Florida Atlantic,6,27,21
2025,Houston,6,11,35
2025,Texas Tech,6,35,11
2025,Wyoming,6,17,31
2025,UNLV,6,31,17
2025,UCF,6,20,27
2025,Kansas,6,27,20
2025,Texas A&M,6,31,9
2025,Mississippi State,6,9,31
2025,TCU,6,35,21
2025,Colorado,6,21,35
2025,Ohio State,6,42,3
2025,Minnesota,6,3,42
2025,Florida State,6,22,28
2025,Miami,6,28,22
2025,Memphis,6,45,7
2025,Tulsa,6,7,45
2025,California,6,21,45
2025,Duke,6,45,21
2025,Fresno State,6,20,17
2025,Nevada,6,17,20
2025,Middle Tennessee,7,20,22
2025,Missouri State,7,22,20
2025,UTEP,7,8,19
2025,Liberty,7,19,8
2025,Kennesaw State,7,35,7
2025,Louisiana Tech,7,7,35
2025,Tulane,7,26,19
2025,East Carolina,7,19,26
2025,Georgia Southern,7,35,38
2025,Southern Miss,7,38,35
2025,Sam Houston,7,27,29
2025,Jacksonville State,7,29,27
2025,North Texas,7,36,63
2025,South Florida,7,63,36
2025,Washington,7,38,19
2025,Rutgers,7,19,38
2025,Colorado State,7,49,21
2025,Fresno State,7,21,49
2025,Army,7,24,7
2025,Charlotte,7,7,24
2025,Cincinnati,7,20,11
2025,UCF,7,11,20
2025,Michigan State,7,13,38
2025,UCLA,7,38,13
2025,Illinois,7,16,34
2025,Ohio State,7,34,16
2025,Florida State,7,31,34
2025,Pittsburgh,7,34,31
2025,Oklahoma State,7,17,39
2025,Houston,7,39,17
2025,James Madison,7,24,14
2025,Louisiana,7,14,24
2025,Bowling Green,7,28,23
2025,Toledo,7,23,28
2025,Akron,7,7,20
2025,Miami (OH),7,20,7
2025,Missouri,7,24,27
2025,Alabama,7,27,24
2025,SMU,7,34,10
2025,Stanford,7,10,34
2025,Ole Miss,7,24,21
2025,Washington State,7,21,24
2025,Eastern Michigan,7,16,10
2025,Northern Illinois,7,10,16
2025,Kent State,7,42,6
2025,Massachusetts,7,6,42
2025,Maryland,7,31,34
2025,Nebraska,7,34,31
2025,Penn State,7,21,22
2025,Northwestern,7,22,21
2025,Oregon,7,20,30
2025,Indiana,7,30,20
2025,Oregon State,7,14,39
2025,Wake Forest,7,39,14
2025,Texas,7,23,6
2025,Oklahoma,7,6,23
2025,Kansas State,7,41,28
2025,TCU,7,28,41
2025,Georgia Tech,7,35,20
2025,Virginia Tech,7,20,35
2025,Notre Dame,7,36,7
2025,NC State,7,7,36
2025,Colorado,7,24,17
2025,Iowa State,7,17,24
2025,Marshall,7,48,24
2025,Old Dominion,7,24,48
2025,Georgia State,7,20,41
2025,App State,7,41,20
2025,UNLV,7,51,48
2025,Air Force,7,48,51
2025,Western Michigan,7,42,0
2025,Ball State,7,0,42
2025,Temple,7,31,32
2025,Navy,7,32,31
2025,Tennessee,7,34,31
2025,Arkansas,7,31,34
2025,Florida Atlantic,7,53,33
2025,UAB,7,33,53
2025,Wisconsin,7,0,37
2025,Iowa,7,37,0
2025,Texas A&M,7,34,17
2025,Florida,7,17,34
2025,Wyoming,7,35,28
2025,San José State,7,28,35
2025,Coastal Carolina,7,23,8
2025,UL Monroe,7,8,23
2025,Auburn,7,10,20
2025,Georgia,7,20,10
2025,USC,7,31,13
2025,Michigan,7,13,31
2025,Minnesota,7,27,20
2025,Purdue,7,20,27
2025,Texas Tech,7,42,17
2025,Kansas,7,17,42
2025,Boston College,7,10,41
2025,Clemson,7,41,10
2025,UTSA,7,61,13
2025,Rice,7,13,61
2025,LSU,7,20,10
2025,South Carolina,7,10,20
2025,Arizona,7,27,33
2025,BYU,7,33,27
2025,Texas State,7,41,48
2025,Troy,7,48,41
2025,Boise State,7,41,25
2025,New Mexico,7,25,41
2025,Utah,7,42,10
2025,Arizona State,7,10,42
2025,Nevada,7,10,44
2025,San Diego State,7,44,10
2025,Hawai'i,7,44,26
2025,Utah State,7,26,44
2025,Liberty,8,30,27
2025,New Mexico State,8,27,30
2025,South Alabama,8,14,15
2025,Arkansas State,8,15,14
2025,Western Kentucky,8,6,25
2025,Florida International,8,25,6
2025,Jacksonville State,8,38,25
2025,Delaware,8,25,38
2025,Sam Houston,8,17,35
2025,UTEP,8,35,17
2025,East Carolina,8,41,27
2025,Tulsa,8,27,41
2025,Miami,8,21,24
2025,Louisville,8,24,21
2025,Minnesota,8,24,6
2025,Nebraska,8,6,24
2025,Utah State,8,30,25
2025,San José State,8,25,30
2025,California,8,21,18
2025,North Carolina,8,18,21
2025,Houston,8,31,28
2025,Arizona,8,28,31
2025,Michigan,8,24,7
2025,Washington,8,7,24
2025,Vanderbilt,8,31,24
2025,LSU,8,24,31
2025,Duke,8,18,27
2025,Georgia Tech,8,27,18
2025,Miami (OH),8,44,30
2025,Eastern Michigan,8,30,44
2025,Tulane,8,24,17
2025,Army,8,17,24
2025,Boston College,8,23,38
2025,UConn,8,38,23
2025,TCU,8,42,36
2025,Baylor,8,36,42
2025,Bowling Green,8,6,27
2025,Central Michigan,8,27,6
2025,South Carolina,8,7,26
2025,Oklahoma,8,26,7
2025,UCF,8,45,13
2025,West Virginia,8,13,45
2025,Toledo,8,45,10
2025,Kent State,8,10,45
2025,Massachusetts,8,21,28
2025,Buffalo,8,28,21
2025,UL Monroe,8,14,37
2025,Troy,8,37,14
2025,Northwestern,8,19,0
2025,Purdue,8,0,19
2025,Marshall,8,40,37
2025,Texas State,8,37,40
2025,Wisconsin,8,0,34
2025,Ohio State,8,34,0
2025,Arkansas,8,42,45
2025,Texas A&M,8,45,42
2025,Georgia,8,43,35
2025,Ole Miss,8,35,43
2025,Air Force,8,24,21
2025,Wyoming,8,21,24
2025,Clemson,8,24,35
2025,SMU,8,35,24
2025,Ohio,8,48,21
2025,Northern Illinois,8,21,48
2025,Indiana,8,38,13
2025,Michigan State,8,13,38
2025,App State,8,37,45
2025,Coastal Carolina,8,45,37
2025,James Madison,8,63,27
2025,Old Dominion,8,27,63
2025,Charlotte,8,14,49
2025,Temple,8,49,14
2025,North Texas,8,55,17
2025,UTSA,8,17,55
2025,Ball State,8,42,28
2025,Akron,8,28,42
2025,Boise State,8,56,31
2025,UNLV,8,31,56
2025,Arizona State,8,26,22
2025,Texas Tech,8,22,26
2025,UAB,8,31,24
2025,Memphis,8,24,31
2025,Florida,8,23,21
2025,Mississippi State,8,21,23
2025,Louisiana,8,10,22
2025,Southern Miss,8,22,10
2025,Rutgers,8,10,56
2025,Oregon,8,56,10
2025,Virginia,8,22,20
2025,Washington State,8,20,22
2025,Iowa,8,25,24
2025,Penn State,8,24,25
2025,Colorado State,8,19,31
2025,Hawai'i,8,31,19
2025,UCLA,8,20,17
2025,Maryland,8,17,20
2025,Georgia Southern,8,41,24
2025,Georgia State,8,24,41
2025,Kentucky,8,13,16
2025,Texas,8,16,13
2025,Notre Dame,8,34,24
2025,USC,8,24,34
2025,Syracuse,8,13,30
2025,Pittsburgh,8,30,13
2025,South Florida,8,48,13
2025,Florida Atlantic,8,13,48
2025,Alabama,8,37,20
2025,Tennessee,8,20,37
2025,Auburn,8,17,23
2025,Missouri,8,23,17
2025,Oklahoma State,8,17,49
2025,Cincinnati,8,49,17
2025,BYU,8,24,21
2025,Utah,8,21,24
2025,New Mexico,8,24,22
2025,Nevada,8,22,24
2025,Oregon State,8,45,13
2025,Lafayette,8,13,45
2025,Stanford,8,20,13
2025,Florida State,8,13,20
2025,Florida International,9,26,45
2025,Kennesaw State,9,45,26
2025,Louisiana Tech,9,27,28
2025,Western Kentucky,9,28,27
2025,Delaware,9,31,28
2025,Middle Tennessee,9,28,31
2025,New Mexico State,9,17,24
2025,Missouri State,9,24,17
2025,Georgia State,9,31,38
2025,South Alabama,9,38,31
2025,Charlotte,9,20,54
2025,North Texas,9,54,20
2025,Virginia Tech,9,42,34
2025,California,9,34,42
2025,Nevada,9,3,24
2025,Boise State,9,24,3
2025,Georgia Tech,9,41,16
2025,Syracuse,9,16,41
2025,Oklahoma,9,26,34
2025,Ole Miss,9,34,26
2025,Old Dominion,9,24,21
2025,App State,9,21,24
2025,Memphis,9,34,31
2025,South Florida,9,31,34
2025,Purdue,9,24,27
2025,Rutgers,9,27,24
2025,Kent State,9,24,21
2025,Bowling Green,9,21,24
2025,North Carolina,9,16,17
2025,Virginia,9,17,16
2025,Eastern Michigan,9,21,28
2025,Ohio,9,28,21
2025,Kansas,9,17,42
2025,Kansas State,9,42,17
2025,Wake Forest,9,13,12
2025,SMU,9,12,13
2025,Nebraska,9,28,21
2025,Northwestern,9,21,28
2025,Indiana,9,56,6
2025,UCLA,9,6,56
2025,Arkansas,9,24,33
2025,Auburn,9,33,24
2025,Buffalo,9,16,24
2025,Akron,9,24,16
2025,Rice,9,37,34
2025,UConn,9,34,37
2025,New Mexico,9,33,14
2025,Utah State,9,14,33
2025,Central Michigan,9,38,13
2025,Massachusetts,9,13,38
2025,Fresno State,9,0,23
2025,San Diego State,9,23,0
2025,Iowa State,9,27,41
2025,BYU,9,41,27
2025,Tulsa,9,37,38
2025,Temple,9,38,37
2025,Northern Illinois,9,21,7
2025,Ball State,9,7,21
2025,Navy,9,42,32
2025,Florida Atlantic,9,32,42
2025,Vanderbilt,9,17,10
2025,Missouri,9,10,17
2025,Washington,9,42,25
2025,Illinois,9,25,42
2025,Southern Miss,9,49,21
2025,UL Monroe,9,21,49
2025,Washington State,9,28,7
2025,Toledo,9,7,28
2025,Iowa,9,41,3
2025,Minnesota,9,3,41
2025,South Carolina,9,22,29
2025,Alabama,9,29,22
2025,Pittsburgh,9,53,34
2025,NC State,9,34,53
2025,Miami (OH),9,26,17
2025,Western Michigan,9,17,26
2025,Texas Tech,9,42,0
2025,Oklahoma State,9,0,42
2025,Cincinnati,9,41,20
2025,Baylor,9,20,41
2025,Mississippi State,9,38,45
2025,Texas,9,45,38
2025,West Virginia,9,17,23
2025,TCU,9,23,17
2025,Oregon,9,21,7
2025,Wisconsin,9,7,21
2025,Troy,9,35,23
2025,Louisiana,9,23,35
2025,Arkansas State,9,34,24
2025,Georgia Southern,9,24,34
2025,Miami,9,42,7
2025,Stanford,9,7,42
2025,Michigan State,9,20,31
2025,Michigan,9,31,20
2025,Louisville,9,38,24
2025,Boston College,9,24,38
2025,LSU,9,25,49
2025,Texas A&M,9,49,25
2025,Wyoming,9,28,0
2025,Colorado State,9,0,28
2025,Kentucky,9,34,56
2025,Tennessee,9,56,34
2025,Arizona State,9,16,24
2025,Houston,9,24,16
2025,Utah,9,53,7
2025,Colorado,9,7,53
2025,Texas State,10,20,52
2025,James Madison,10,52,20
2025,Kennesaw State,10,33,20
2025,UTEP,10,20,33
2025,Middle Tennessee,10,21,24
2025,Jacksonville State,10,24,21
2025,Missouri State,10,28,21
2025,Florida International,10,21,28
2025,Coastal Carolina,10,44,27
2025,Marshall,10,27,44
2025,UTSA,10,48,26
2025,Tulane,10,26,48
2025,Rice,10,14,38
2025,Memphis,10,38,14
2025,Syracuse,10,10,27
2025,North Carolina,10,27,10
2025,Louisiana Tech,10,55,14
2025,Sam Houston,10,14,55
2025,Bowling Green,10,3,28
2025,Buffalo,10,28,3
2025,North Texas,10,31,17
2025,Navy,10,17,31
2025,Ohio State,10,38,14
2025,Penn State,10,14,38
2025,UConn,10,38,19
2025,UAB,10,19,38
2025,SMU,10,26,20
2025,Miami,10,20,26
2025,Texas,10,34,31
2025,Vanderbilt,10,31,34
2025,Air Force,10,17,20
2025,Army,10,20,17
2025,Houston,10,35,45
2025,West Virginia,10,45,35
2025,Baylor,10,30,3
2025,UCF,10,3,30
2025,Clemson,10,45,46
2025,Duke,10,46,45
2025,Illinois,10,35,13
2025,Rutgers,10,13,35
2025,Iowa State,10,19,24
2025,Arizona State,10,24,19
2025,Temple,10,14,45
2025,East Carolina,10,45,14
2025,UNLV,10,35,40
2025,New Mexico,10,40,35
2025,Virginia Tech,10,16,28
2025,Louisville,10,28,16
2025,Stanford,10,20,35
2025,Pittsburgh,10,35,20
2025,Boston College,10,10,25
2025,Notre Dame,10,25,10
2025,Kansas State,10,20,43
2025,Texas Tech,10,43,20
2025,Western Kentucky,10,35,16
2025,New Mexico State,10,16,35
2025,Boise State,10,7,30
2025,Fresno State,10,30,7
2025,UL Monroe,10,6,31
2025,Old Dominion,10,31,6
2025,South Alabama,10,22,31
2025,Louisiana,10,31,22
2025,Liberty,10,59,30
2025,Delaware,10,30,59
2025,Florida,10,20,24
2025,Georgia,10,24,20
2025,Minnesota,10,23,20
2025,Michigan State,10,20,23
2025,Maryland,10,10,55
2025,Indiana,10,55,10
2025,California,10,21,31
2025,Virginia,10,31,21
2025,Western Michigan,10,24,21
2025,Central Michigan,10,21,24
2025,Arkansas,10,35,38
2025,Mississippi State,10,38,35
2025,Kansas,10,38,21
2025,Oklahoma State,10,21,38
2025,San Diego State,10,24,7
2025,Wyoming,10,7,24
2025,Colorado,10,17,52
2025,Arizona,10,52,17
2025,Ole Miss,10,30,14
2025,South Carolina,10,14,30
2025,Michigan,10,21,16
2025,Purdue,10,16,21
2025,Tennessee,10,27,33
2025,Oklahoma,10,33,27
2025,Oregon State,10,10,7
2025,Washington State,10,7,10
2025,NC State,10,48,36
2025,Georgia Tech,10,36,48
2025,Florida State,10,42,7
2025,Wake Forest,10,7,42
2025,Auburn,10,3,10
2025,Kentucky,10,10,3
2025,Nebraska,10,17,21
2025,USC,10,21,17
2025,Troy,10,10,23
2025,Arkansas State,10,23,10
2025,Utah,10,45,14
2025,Cincinnati,10,14,45
2025,San José State,10,45,38
2025,Hawai'i,10,38,45
2025,Ohio,11,24,20
2025,Miami (OH),11,20,24
2025,Akron,11,44,10
2025,Massachusetts,11,10,44
2025,Ball State,11,17,13
2025,Kent State,11,13,17
2025,Toledo,11,42,3
2025,Northern Illinois,11,3,42
2025,South Florida,11,55,23
2025,UTSA,11,23,55
2025,App State,11,23,25
2025,Georgia Southern,11,25,23
2025,UCF,11,27,30
2025,Houston,11,30,27
2025,USC,11,38,17
2025,Northwestern,11,17,38
2025,Memphis,11,32,38
2025,Tulane,11,38,32
2025,Penn State,11,24,27
2025,Indiana,11,27,24
2025,Mississippi State,11,21,41
2025,Georgia,11,41,21
2025,West Virginia,11,29,22
2025,Colorado,11,22,29
2025,Texas Tech,11,29,7
2025,BYU,11,7,29
2025,Arkansas State,11,21,27
2025,Southern Miss,11,27,21
2025,Marshall,11,23,35
2025,James Madison,11,35,23
2025,Army,11,14,13
2025,Temple,11,13,14
2025,Boston College,11,13,45
2025,SMU,11,45,13
2025,Ole Miss,11,49,0
2025,The Citadel,11,0,49
2025,Liberty,11,17,21
2025,Missouri State,11,21,17
2025,Purdue,11,10,34
2025,Ohio State,11,34,10
2025,Eastern Michigan,11,27,21
2025,Bowling Green,11,21,27
2025,Rice,11,24,17
2025,UAB,11,17,24
2025,Rutgers,11,35,20
2025,Maryland,11,20,35
2025,Delaware,11,25,24
2025,Louisiana Tech,11,24,25
2025,East Carolina,11,48,22
2025,Charlotte,11,22,48
2025,UTEP,11,27,30
2025,Jacksonville State,11,30,27
2025,Middle Tennessee,11,30,56
2025,Florida International,11,56,30
2025,Florida Atlantic,11,40,21
2025,Tulsa,11,21,40
2025,Missouri,11,17,38
2025,Texas A&M,11,38,17
2025,UConn,11,37,34
2025,Duke,11,34,37
2025,Arizona,11,24,20
2025,Kansas,11,20,24
2025,Miami,11,38,10
2025,Syracuse,11,10,38
2025,TCU,11,17,20
2025,Iowa State,11,20,17
2025,Iowa,11,16,18
2025,Oregon,11,18,16
2025,Coastal Carolina,11,40,27
2025,Georgia State,11,27,40
2025,Vanderbilt,11,45,38
2025,Auburn,11,38,45
2025,New Mexico State,11,21,24
2025,Kennesaw State,11,24,21
2025,Wisconsin,11,13,10
2025,Washington,11,10,13
2025,North Carolina,11,20,15
2025,Stanford,11,15,20
2025,Louisiana,11,42,39
2025,Texas State,11,39,42
2025,San José State,11,16,26
2025,Air Force,11,26,16
2025,Virginia,11,9,16
2025,Wake Forest,11,16,9
2025,Louisville,11,26,29
2025,California,11,29,26
2025,Clemson,11,24,10
2025,Florida State,11,10,24
2025,Alabama,11,20,9
2025,LSU,11,9,20
2025,Kentucky,11,38,7
2025,Florida,11,7,38
2025,Utah State,11,51,14
2025,Nevada,11,14,51
2025,Notre Dame,11,49,10
2025,Navy,11,10,49
2025,UCLA,11,21,28
2025,Nebraska,11,28,21
2025,Colorado State,11,10,42
2025,UNLV,11,42,10
2025,Oregon State,11,17,21
2025,Sam Houston,11,21,17
2025,Hawai'i,11,38,6
2025,San Diego State,11,6,38
2025,Akron,12,35,42
2025,Kent State,12,42,35
2025,Western Michigan,12,17,13
2025,Ohio,12,13,17
2025,Central Michigan,12,38,19
2025,Buffalo,12,19,38
2025,Miami (OH),12,3,24
2025,Toledo,12,24,3
2025,Massachusetts,12,3,45
2025,Northern Illinois,12,45,3
2025,Old Dominion,12,33,0
2025,Troy,12,0,33
2025,Louisville,12,19,20
2025,Clemson,12,20,19
2025,Oregon,12,42,13
2025,Minnesota,12,13,42
2025,Navy,12,41,38
2025,South Florida,12,38,41
2025,UConn,12,26,16
2025,Air Force,12,16,26
2025,Northwestern,12,22,24
2025,Michigan,12,24,22
2025,Charlotte,12,7,28
2025,UTSA,12,28,7
2025,Texas A&M,12,31,30
2025,South Carolina,12,30,31
2025,Oklahoma State,12,6,14
2025,Kansas State,12,14,6
2025,Pittsburgh,12,15,37
2025,Notre Dame,12,37,15
2025,Cincinnati,12,24,30
2025,Arizona,12,30,24
2025,Ball State,12,9,24
2025,Eastern Michigan,12,24,9
2025,Indiana,12,31,7
2025,Wisconsin,12,7,31
2025,LSU,12,23,22
2025,Arkansas,12,22,23
2025,Arizona State,12,25,23
2025,West Virginia,12,23,25
2025,Tulsa,12,31,14
2025,Oregon State,12,14,31
2025,Kentucky,12,42,10
2025,Tennessee Tech,12,10,42
2025,UAB,12,24,53
2025,North Texas,12,53,24
2025,Georgia State,12,18,30
2025,Marshall,12,30,18
2025,Missouri State,12,38,24
2025,UTEP,12,24,38
2025,New Mexico,12,20,17
2025,Colorado State,12,17,20
2025,Western Kentucky,12,42,26
2025,Middle Tennessee,12,26,42
2025,Texas Tech,12,48,9
2025,UCF,12,9,48
2025,Miami,12,41,7
2025,NC State,12,7,41
2025,Duke,12,17,34
2025,Virginia,12,34,17
2025,Boston College,12,34,36
2025,Georgia Tech,12,36,34
2025,James Madison,12,58,10
2025,App State,12,10,58
2025,USC,12,26,21
2025,Iowa,12,21,26
2025,Illinois,12,24,6
2025,Maryland,12,6,24
2025,Michigan State,12,10,28
2025,Penn State,12,28,10
2025,Southern Miss,12,14,41
2025,Texas State,12,41,14
2025,UL Monroe,12,14,26
2025,South Alabama,12,26,14
2025,Alabama,12,21,23
2025,Oklahoma,12,23,21
2025,Nevada,12,55,10
2025,San José State,12,10,55
2025,Tulane,12,35,24
2025,Florida Atlantic,12,24,35
2025,East Carolina,12,31,27
2025,Memphis,12,27,31
2025,Tennessee,12,42,9
2025,New Mexico State,12,9,42
2025,Wake Forest,12,28,12
2025,North Carolina,12,12,28
2025,Florida International,12,34,27
2025,Liberty,12,27,34
2025,Georgia Southern,12,45,40
2025,Coastal Carolina,12,40,45
2025,Ole Miss,12,34,24
2025,Florida,12,24,34
2025,Sam Houston,12,26,23
2025,Delaware,12,23,26
2025,UNLV,12,29,26
2025,Utah State,12,26,29
2025,Washington,12,49,13
2025,Purdue,12,13,49
2025,Baylor,12,28,55
2025,Utah,12,55,28
2025,Florida State,12,34,14
2025,Virginia Tech,12,14,34
2025,Ohio State,12,48,10
2025,UCLA,12,10,48
2025,Georgia,12,35,10
2025,Texas,12,10,35
2025,Missouri,12,49,27
2025,Mississippi State,12,27,49
2025,Jacksonville State,12,35,26
2025,Kennesaw State,12,26,35
2025,Washington State,12,28,3
2025,Louisiana Tech,12,3,28
2025,BYU,12,44,13
2025,TCU,12,13,44
2025,Fresno State,12,24,3
2025,Wyoming,12,3,24
2025,San Diego State,12,17,7
2025,Boise State,12,7,17
2025,Northern Illinois,13,19,35
2025,Western Michigan,13,35,19
2025,Bowling Green,13,16,19
2025,Akron,13,19,16
2025,Ohio,13,42,14
2025,Massachusetts,13,14,42
2025,Buffalo,13,20,37
2025,Miami (OH),13,37,20
2025,Kent State,13,16,28
2025,Central Michigan,13,28,16
2025,Arkansas State,13,30,34
2025,Louisiana,13,34,30
2025,NC State,13,21,11
2025,Florida State,13,11,21
2025,UNLV,13,38,10
2025,Hawai'i,13,10,38
2025,SMU,13,38,6
2025,Louisville,13,6,38
2025,Virginia Tech,13,17,34
2025,Miami,13,34,17
2025,Oklahoma,13,17,6
2025,Missouri,13,6,17
2025,Wake Forest,13,52,14
2025,Delaware,13,14,52
2025,Ohio State,13,42,9
2025,Rutgers,13,9,42
2025,Iowa State,13,38,14
2025,Kansas,13,14,38
2025,Northwestern,13,38,35
2025,Minnesota,13,35,38
2025,Texas A&M,13,48,0
2025,Samford,13,0,48
2025,Army,13,25,26
2025,Tulsa,13,26,25
2025,Georgia,13,35,3
2025,Charlotte,13,3,35
2025,Arizona,13,41,17
2025,Baylor,13,17,41
2025,Georgia Southern,13,10,45
2025,Old Dominion,13,45,10
2025,James Madison,13,24,20
2025,Washington State,13,20,24
2025,Toledo,13,38,9
2025,Ball State,13,9,38
2025,Alabama,13,56,0
2025,Eastern Illinois,13,0,56
2025,Kennesaw State,13,41,34
2025,Missouri State,13,34,41
2025,Wyoming,13,7,13
2025,Nevada,13,13,7
2025,Auburn,13,62,17
2025,Mercer,13,17,62
2025,App State,13,26,24
2025,Marshall,13,24,26
2025,UAB,13,18,48
2025,South Florida,13,48,18
2025,Middle Tennessee,13,31,17
2025,Sam Houston,13,17,31
2025,UTEP,13,31,34
2025,New Mexico State,13,34,31
2025,Florida Atlantic,13,45,48
2025,UConn,13,48,45
2025,Louisiana Tech,13,34,28
2025,Liberty,13,28,34
2025,Vanderbilt,13,45,17
2025,Kentucky,13,17,45
2025,South Alabama,13,42,35
2025,Southern Miss,13,35,42
2025,Notre Dame,13,70,7
2025,Syracuse,13,7,70
2025,Texas,13,52,37
2025,Arkansas,13,37,52
2025,Florida International,13,27,21
2025,Jacksonville State,13,21,27
2025,Oregon,13,42,27
2025,USC,13,27,42
2025,UTSA,13,58,24
2025,East Carolina,13,24,58
2025,North Carolina,13,25,32
2025,Duke,13,32,25
2025,Iowa,13,20,17
2025,Michigan State,13,17,20
2025,Temple,13,13,37
2025,Tulane,13,37,13
2025,Houston,13,14,17
2025,TCU,13,17,14
2025,Maryland,13,20,45
2025,Michigan,13,45,20
2025,UCF,13,17,14
2025,Oklahoma State,13,14,17
2025,Troy,13,31,19
2025,Georgia State,13,19,31
2025,Utah,13,51,47
2025,Kansas State,13,47,51
2025,South Carolina,13,51,7
2025,Coastal Carolina,13,7,51
2025,Clemson,13,45,10
2025,Furman,13,10,45
2025,Texas State,13,31,14
2025,UL Monroe,13,14,31
2025,Penn State,13,37,10
2025,Nebraska,13,10,37
2025,Boise State,13,49,21
2025,Colorado State,13,21,49
2025,Georgia Tech,13,28,42
2025,Pittsburgh,13,42,28
2025,Air Force,13,3,20
2025,New Mexico,13,20,3
2025,Florida,13,11,31
2025,Tennessee,13,31,11
2025,Wisconsin,13,27,10
2025,Illinois,13,10,27
2025,Stanford,13,31,10
2025,California,13,10,31
2025,Rice,13,24,56
2025,North Texas,13,56,24
2025,LSU,13,13,10
2025,Western Kentucky,13,10,13
2025,Cincinnati,13,14,26
2025,BYU,13,26,14
2025,Colorado,13,17,42
2025,Arizona State,13,42,17
2025,Fresno State,13,17,28
2025,Utah State,13,28,17
2025,UCLA,13,14,48
2025,Washington,13,48,14
2025,San Diego State,13,25,3
2025,San José State,13,3,25
2025,Massachusetts,14,14,45
2025,Bowling Green,14,45,14
2025,Eastern Michigan,14,21,31
2025,Western Michigan,14,31,21
2025,Memphis,14,17,28
2025,Navy,14,28,17
2025,Northern Illinois,14,31,35
2025,Kent State,14,35,31
2025,Buffalo,14,26,31
2025,Ohio,14,31,26
2025,Kansas,14,21,31
2025,Utah,14,31,21
2025,Nebraska,14,16,40
2025,Iowa,14,40,16
2025,Mississippi State,14,19,38
2025,Ole Miss,14,38,19
2025,Colorado State,14,21,42
2025,Air Force,14,42,21
2025,North Texas,14,52,25
2025,Temple,14,25,52
2025,Georgia Tech,14,9,16
2025,Georgia,14,16,9
2025,New Mexico,14,23,17
2025,San Diego State,14,17,23
2025,Utah State,14,24,25
2025,Boise State,14,25,24
2025,Texas,14,27,17
2025,Texas A&M,14,17,27
2025,Purdue,14,3,56
2025,Indiana,14,56,3
2025,Arizona State,14,7,23
2025,Arizona,14,23,7
2025,West Virginia,14,0,49
2025,Texas Tech,14,49,0
2025,Louisville,14,41,0
2025,Kentucky,14,0,41
2025,South Carolina,14,14,28
2025,Clemson,14,28,14
2025,Kansas State,14,24,14
2025,Colorado,14,14,24
2025,Central Michigan,14,3,21
2025,Toledo,14,21,3
2025,Florida Atlantic,14,3,42
2025,East Carolina,14,42,3
2025,Pittsburgh,14,7,38
2025,Miami,14,38,7
2025,Michigan,14,9,27
2025,Ohio State,14,27,9
2025,Baylor,14,24,31
2025,Houston,14,31,24
2025,Oklahoma State,14,13,20
2025,Iowa State,14,20,13
2025,Miami (OH),14,45,24
2025,Ball State,14,24,45
2025,BYU,14,41,21
2025,UCF,14,21,41
2025,Delaware,14,61,31
2025,UTEP,14,31,61
2025,Sam Houston,14,16,56
2025,Florida International,14,56,16
2025,Marshall,14,19,24
2025,Georgia Southern,14,24,19
2025,Missouri State,14,30,42
2025,Louisiana Tech,14,42,30
2025,Old Dominion,14,27,10
2025,Georgia State,14,10,27
2025,Jacksonville State,14,37,34
2025,Western Kentucky,14,34,37
2025,App State,14,29,30
2025,Arkansas State,14,30,29
2025,Tulsa,14,24,31
2025,UAB,14,31,24
2025,Texas State,14,49,26
2025,South Alabama,14,26,49
2025,Louisiana,14,30,27
2025,UL Monroe,14,27,30
2025,Syracuse,14,12,34
2025,Boston College,14,34,12
2025,New Mexico State,14,24,31
2025,Middle Tennessee,14,31,24
2025,TCU,14,45,23
2025,Cincinnati,14,23,45
2025,Tennessee,14,24,45
2025,Vanderbilt,14,45,24
2025,Rutgers,14,36,40
2025,Penn State,14,40,36
2025,Minnesota,14,17,7
2025,Wisconsin,14,7,17
2025,Oklahoma,14,17,13
2025,LSU,14,13,17
2025,Liberty,14,42,48
2025,Kennesaw State,14,48,42
2025,Washington,14,14,26
2025,Oregon,14,26,14
2025,Southern Miss,14,18,28
2025,Troy,14,28,18
2025,Arkansas,14,17,31
2025,Missouri,14,31,17
2025,UTSA,14,24,27
2025,Army,14,27,24
2025,Duke,14,49,32
2025,Wake Forest,14,32,49
2025,Coastal Carolina,14,10,59
2025,James Madison,14,59,10
2025,Florida,14,40,21
2025,Florida State,14,21,40
2025,Washington State,14,32,8
2025,Oregon State,14,8,32
2025,Virginia,14,27,7
2025,Virginia Tech,14,7,27
2025,Michigan State,14,38,28
2025,Maryland,14,28,38
2025,South Florida,14,52,3
2025,Rice,14,3,52
2025,Tulane,14,27,0
2025,Charlotte,14,0,27
2025,USC,14,29,10
2025,UCLA,14,10,29
2025,Auburn,14,20,27
2025,Alabama,14,27,20
2025,Illinois,14,20,13
2025,Northwestern,14,13,20
2025,NC State,14,42,19
2025,North Carolina,14,19,42
2025,California,14,38,35
2025,SMU,14,35,38
2025,Nevada,14,17,42
2025,UNLV,14,42,17
2025,Stanford,14,20,49
2025,Notre Dame,14,49,20
2025,San José State,14,14,41
2025,Fresno State,14,41,14
2025,Hawai'i,14,27,7
2025,Wyoming,14,7,27
2025,Jacksonville State,15,15,19
2025,Kennesaw State,15,19,15
2025,James Madison,15,31,14
2025,Troy,15,14,31
2025,Boise State,15,38,21
2025,UNLV,15,21,38
2025,Tulane,15,34,21
2025,North Texas,15,21,34
2025,Western Michigan,15,23,13
2025,Miami (OH),15,13,23
2025,Texas Tech,15,34,7
2025,BYU,15,7,34
2025,Alabama,15,7,28
2025,Georgia,15,28,7
2025,Ohio State,15,10,13
2025,Indiana,15,13,10
2025,Virginia,15,20,27
2025,Duke,15,27,20
2025,Navy,16,17,16
2025,Army,16,16,17
